{"type":"FeatureCollection","name":"37_ninh_binh_communes_attributes","metadata":{"province_code":"37","province_name":"Ninh Bình","feature_count":129,"geometry":null,"join_key":"commune_code"},"features":[{"type":"Feature","id":"13285","properties":{"commune_code":"13285","commune_name":"Phủ Lý","commune_name_en":"Phu Ly","commune_full_name":"Phường Phủ Lý","commune_full_name_en":"Phu Ly Ward","commune_slug":"phu_ly","unit_type":"Phường","unit_type_en":"Ward","admin_level":2,"province_code":"37","province_name":"Ninh Bình","province_full_name":"Tỉnh Ninh Bình","province_slug":"ninh_binh","join_key":"13285","status":"active","dataset_effective_date":"2026-04-30","catalog_version":"2026-07-12","geometry_status":"not_embedded_boundary_available_by_url","boundary_source_url":"https://raw.githubusercontent.com/thanglequoc/vietnamese-provinces-database/master/json/geojson/37_ninh_binh/wards/13285_phu_ly.geojson","boundary_source_page":"https://github.com/thanglequoc/vietnamese-provinces-database/blob/master/json/geojson/37_ninh_binh/wards/13285_phu_ly.geojson","source_catalog":"https://github.com/thanglequoc/vietnamese-provinces-database"},"geometry":null},{"type":"Feature","id":"13291","properties":{"commune_code":"13291","commune_name":"Phù Vân","commune_name_en":"Phu Van","commune_full_name":"Phường Phù Vân","commune_full_name_en":"Phu Van Ward","commune_slug":"phu_van","unit_type":"Phường","unit_type_en":"Ward","admin_level":2,"province_code":"37","province_name":"Ninh Bình","province_full_name":"Tỉnh Ninh Bình","province_slug":"ninh_binh","join_key":"13291","status":"active","dataset_effective_date":"2026-04-30","catalog_version":"2026-07-12","geometry_status":"not_embedded_boundary_available_by_url","boundary_source_url":"https://raw.githubusercontent.com/thanglequoc/vietnamese-provinces-database/master/json/geojson/37_ninh_binh/wards/13291_phu_van.geojson","boundary_source_page":"https://github.com/thanglequoc/vietnamese-provinces-database/blob/master/json/geojson/37_ninh_binh/wards/13291_phu_van.geojson","source_catalog":"https://github.com/thanglequoc/vietnamese-provinces-database"},"geometry":null},{"type":"Feature","id":"13318","properties":{"commune_code":"13318","commune_name":"Châu Sơn","commune_name_en":"Chau Son","commune_full_name":"Phường Châu Sơn","commune_full_name_en":"Chau Son Ward","commune_slug":"chau_son","unit_type":"Phường","unit_type_en":"Ward","admin_level":2,"province_code":"37","province_name":"Ninh Bình","province_full_name":"Tỉnh Ninh Bình","province_slug":"ninh_binh","join_key":"13318","status":"active","dataset_effective_date":"2026-04-30","catalog_version":"2026-07-12","geometry_status":"not_embedded_boundary_available_by_url","boundary_source_url":"https://raw.githubusercontent.com/thanglequoc/vietnamese-provinces-database/master/json/geojson/37_ninh_binh/wards/13318_chau_son.geojson","boundary_source_page":"https://github.com/thanglequoc/vietnamese-provinces-database/blob/master/json/geojson/37_ninh_binh/wards/13318_chau_son.geojson","source_catalog":"https://github.com/thanglequoc/vietnamese-provinces-database"},"geometry":null},{"type":"Feature","id":"13324","properties":{"commune_code":"13324","commune_name":"Duy Tiên","commune_name_en":"Duy Tien","commune_full_name":"Phường Duy Tiên","commune_full_name_en":"Duy Tien Ward","commune_slug":"duy_tien","unit_type":"Phường","unit_type_en":"Ward","admin_level":2,"province_code":"37","province_name":"Ninh Bình","province_full_name":"Tỉnh Ninh Bình","province_slug":"ninh_binh","join_key":"13324","status":"active","dataset_effective_date":"2026-04-30","catalog_version":"2026-07-12","geometry_status":"not_embedded_boundary_available_by_url","boundary_source_url":"https://raw.githubusercontent.com/thanglequoc/vietnamese-provinces-database/master/json/geojson/37_ninh_binh/wards/13324_duy_tien.geojson","boundary_source_page":"https://github.com/thanglequoc/vietnamese-provinces-database/blob/master/json/geojson/37_ninh_binh/wards/13324_duy_tien.geojson","source_catalog":"https://github.com/thanglequoc/vietnamese-provinces-database"},"geometry":null},{"type":"Feature","id":"13330","properties":{"commune_code":"13330","commune_name":"Duy Tân","commune_name_en":"Duy Tan","commune_full_name":"Phường Duy Tân","commune_full_name_en":"Duy Tan Ward","commune_slug":"duy_tan","unit_type":"Phường","unit_type_en":"Ward","admin_level":2,"province_code":"37","province_name":"Ninh Bình","province_full_name":"Tỉnh Ninh Bình","province_slug":"ninh_binh","join_key":"13330","status":"active","dataset_effective_date":"2026-04-30","catalog_version":"2026-07-12","geometry_status":"not_embedded_boundary_available_by_url","boundary_source_url":"https://raw.githubusercontent.com/thanglequoc/vietnamese-provinces-database/master/json/geojson/37_ninh_binh/wards/13330_duy_tan.geojson","boundary_source_page":"https://github.com/thanglequoc/vietnamese-provinces-database/blob/master/json/geojson/37_ninh_binh/wards/13330_duy_tan.geojson","source_catalog":"https://github.com/thanglequoc/vietnamese-provinces-database"},"geometry":null},{"type":"Feature","id":"13336","properties":{"commune_code":"13336","commune_name":"Duy Hà","commune_name_en":"Duy Ha","commune_full_name":"Phường Duy Hà","commune_full_name_en":"Duy Ha Ward","commune_slug":"duy_ha","unit_type":"Phường","unit_type_en":"Ward","admin_level":2,"province_code":"37","province_name":"Ninh Bình","province_full_name":"Tỉnh Ninh Bình","province_slug":"ninh_binh","join_key":"13336","status":"active","dataset_effective_date":"2026-04-30","catalog_version":"2026-07-12","geometry_status":"not_embedded_boundary_available_by_url","boundary_source_url":"https://raw.githubusercontent.com/thanglequoc/vietnamese-provinces-database/master/json/geojson/37_ninh_binh/wards/13336_duy_ha.geojson","boundary_source_page":"https://github.com/thanglequoc/vietnamese-provinces-database/blob/master/json/geojson/37_ninh_binh/wards/13336_duy_ha.geojson","source_catalog":"https://github.com/thanglequoc/vietnamese-provinces-database"},"geometry":null},{"type":"Feature","id":"13348","properties":{"commune_code":"13348","commune_name":"Đồng Văn","commune_name_en":"Dong Van","commune_full_name":"Phường Đồng Văn","commune_full_name_en":"Dong Van Ward","commune_slug":"dong_van","unit_type":"Phường","unit_type_en":"Ward","admin_level":2,"province_code":"37","province_name":"Ninh Bình","province_full_name":"Tỉnh Ninh Bình","province_slug":"ninh_binh","join_key":"13348","status":"active","dataset_effective_date":"2026-04-30","catalog_version":"2026-07-12","geometry_status":"not_embedded_boundary_available_by_url","boundary_source_url":"https://raw.githubusercontent.com/thanglequoc/vietnamese-provinces-database/master/json/geojson/37_ninh_binh/wards/13348_dong_van.geojson","boundary_source_page":"https://github.com/thanglequoc/vietnamese-provinces-database/blob/master/json/geojson/37_ninh_binh/wards/13348_dong_van.geojson","source_catalog":"https://github.com/thanglequoc/vietnamese-provinces-database"},"geometry":null},{"type":"Feature","id":"13363","properties":{"commune_code":"13363","commune_name":"Tiên Sơn","commune_name_en":"Tien Son","commune_full_name":"Phường Tiên Sơn","commune_full_name_en":"Tien Son Ward","commune_slug":"tien_son","unit_type":"Phường","unit_type_en":"Ward","admin_level":2,"province_code":"37","province_name":"Ninh Bình","province_full_name":"Tỉnh Ninh Bình","province_slug":"ninh_binh","join_key":"13363","status":"active","dataset_effective_date":"2026-04-30","catalog_version":"2026-07-12","geometry_status":"not_embedded_boundary_available_by_url","boundary_source_url":"https://raw.githubusercontent.com/thanglequoc/vietnamese-provinces-database/master/json/geojson/37_ninh_binh/wards/13363_tien_son.geojson","boundary_source_page":"https://github.com/thanglequoc/vietnamese-provinces-database/blob/master/json/geojson/37_ninh_binh/wards/13363_tien_son.geojson","source_catalog":"https://github.com/thanglequoc/vietnamese-provinces-database"},"geometry":null},{"type":"Feature","id":"13366","properties":{"commune_code":"13366","commune_name":"Hà Nam","commune_name_en":"Ha Nam","commune_full_name":"Phường Hà Nam","commune_full_name_en":"Ha Nam Ward","commune_slug":"ha_nam","unit_type":"Phường","unit_type_en":"Ward","admin_level":2,"province_code":"37","province_name":"Ninh Bình","province_full_name":"Tỉnh Ninh Bình","province_slug":"ninh_binh","join_key":"13366","status":"active","dataset_effective_date":"2026-04-30","catalog_version":"2026-07-12","geometry_status":"not_embedded_boundary_available_by_url","boundary_source_url":"https://raw.githubusercontent.com/thanglequoc/vietnamese-provinces-database/master/json/geojson/37_ninh_binh/wards/13366_ha_nam.geojson","boundary_source_page":"https://github.com/thanglequoc/vietnamese-provinces-database/blob/master/json/geojson/37_ninh_binh/wards/13366_ha_nam.geojson","source_catalog":"https://github.com/thanglequoc/vietnamese-provinces-database"},"geometry":null},{"type":"Feature","id":"13384","properties":{"commune_code":"13384","commune_name":"Kim Bảng","commune_name_en":"Kim Bang","commune_full_name":"Phường Kim Bảng","commune_full_name_en":"Kim Bang Ward","commune_slug":"kim_bang","unit_type":"Phường","unit_type_en":"Ward","admin_level":2,"province_code":"37","province_name":"Ninh Bình","province_full_name":"Tỉnh Ninh Bình","province_slug":"ninh_binh","join_key":"13384","status":"active","dataset_effective_date":"2026-04-30","catalog_version":"2026-07-12","geometry_status":"not_embedded_boundary_available_by_url","boundary_source_url":"https://raw.githubusercontent.com/thanglequoc/vietnamese-provinces-database/master/json/geojson/37_ninh_binh/wards/13384_kim_bang.geojson","boundary_source_page":"https://github.com/thanglequoc/vietnamese-provinces-database/blob/master/json/geojson/37_ninh_binh/wards/13384_kim_bang.geojson","source_catalog":"https://github.com/thanglequoc/vietnamese-provinces-database"},"geometry":null},{"type":"Feature","id":"13393","properties":{"commune_code":"13393","commune_name":"Lê Hồ","commune_name_en":"Le Ho","commune_full_name":"Phường Lê Hồ","commune_full_name_en":"Le Ho Ward","commune_slug":"le_ho","unit_type":"Phường","unit_type_en":"Ward","admin_level":2,"province_code":"37","province_name":"Ninh Bình","province_full_name":"Tỉnh Ninh Bình","province_slug":"ninh_binh","join_key":"13393","status":"active","dataset_effective_date":"2026-04-30","catalog_version":"2026-07-12","geometry_status":"not_embedded_boundary_available_by_url","boundary_source_url":"https://raw.githubusercontent.com/thanglequoc/vietnamese-provinces-database/master/json/geojson/37_ninh_binh/wards/13393_le_ho.geojson","boundary_source_page":"https://github.com/thanglequoc/vietnamese-provinces-database/blob/master/json/geojson/37_ninh_binh/wards/13393_le_ho.geojson","source_catalog":"https://github.com/thanglequoc/vietnamese-provinces-database"},"geometry":null},{"type":"Feature","id":"13396","properties":{"commune_code":"13396","commune_name":"Nguyễn Úy","commune_name_en":"Nguyen Uy","commune_full_name":"Phường Nguyễn Úy","commune_full_name_en":"Nguyen Uy Ward","commune_slug":"nguyen_uy","unit_type":"Phường","unit_type_en":"Ward","admin_level":2,"province_code":"37","province_name":"Ninh Bình","province_full_name":"Tỉnh Ninh Bình","province_slug":"ninh_binh","join_key":"13396","status":"active","dataset_effective_date":"2026-04-30","catalog_version":"2026-07-12","geometry_status":"not_embedded_boundary_available_by_url","boundary_source_url":"https://raw.githubusercontent.com/thanglequoc/vietnamese-provinces-database/master/json/geojson/37_ninh_binh/wards/13396_nguyen_uy.geojson","boundary_source_page":"https://github.com/thanglequoc/vietnamese-provinces-database/blob/master/json/geojson/37_ninh_binh/wards/13396_nguyen_uy.geojson","source_catalog":"https://github.com/thanglequoc/vietnamese-provinces-database"},"geometry":null},{"type":"Feature","id":"13402","properties":{"commune_code":"13402","commune_name":"Kim Thanh","commune_name_en":"Kim Thanh","commune_full_name":"Phường Kim Thanh","commune_full_name_en":"Kim Thanh Ward","commune_slug":"kim_thanh","unit_type":"Phường","unit_type_en":"Ward","admin_level":2,"province_code":"37","province_name":"Ninh Bình","province_full_name":"Tỉnh Ninh Bình","province_slug":"ninh_binh","join_key":"13402","status":"active","dataset_effective_date":"2026-04-30","catalog_version":"2026-07-12","geometry_status":"not_embedded_boundary_available_by_url","boundary_source_url":"https://raw.githubusercontent.com/thanglequoc/vietnamese-provinces-database/master/json/geojson/37_ninh_binh/wards/13402_kim_thanh.geojson","boundary_source_page":"https://github.com/thanglequoc/vietnamese-provinces-database/blob/master/json/geojson/37_ninh_binh/wards/13402_kim_thanh.geojson","source_catalog":"https://github.com/thanglequoc/vietnamese-provinces-database"},"geometry":null},{"type":"Feature","id":"13420","properties":{"commune_code":"13420","commune_name":"Tam Chúc","commune_name_en":"Tam Chuc","commune_full_name":"Phường Tam Chúc","commune_full_name_en":"Tam Chuc Ward","commune_slug":"tam_chuc","unit_type":"Phường","unit_type_en":"Ward","admin_level":2,"province_code":"37","province_name":"Ninh Bình","province_full_name":"Tỉnh Ninh Bình","province_slug":"ninh_binh","join_key":"13420","status":"active","dataset_effective_date":"2026-04-30","catalog_version":"2026-07-12","geometry_status":"not_embedded_boundary_available_by_url","boundary_source_url":"https://raw.githubusercontent.com/thanglequoc/vietnamese-provinces-database/master/json/geojson/37_ninh_binh/wards/13420_tam_chuc.geojson","boundary_source_page":"https://github.com/thanglequoc/vietnamese-provinces-database/blob/master/json/geojson/37_ninh_binh/wards/13420_tam_chuc.geojson","source_catalog":"https://github.com/thanglequoc/vietnamese-provinces-database"},"geometry":null},{"type":"Feature","id":"13435","properties":{"commune_code":"13435","commune_name":"Lý Thường Kiệt","commune_name_en":"Ly Thuong Kiet","commune_full_name":"Phường Lý Thường Kiệt","commune_full_name_en":"Ly Thuong Kiet Ward","commune_slug":"ly_thuong_kiet","unit_type":"Phường","unit_type_en":"Ward","admin_level":2,"province_code":"37","province_name":"Ninh Bình","province_full_name":"Tỉnh Ninh Bình","province_slug":"ninh_binh","join_key":"13435","status":"active","dataset_effective_date":"2026-04-30","catalog_version":"2026-07-12","geometry_status":"not_embedded_boundary_available_by_url","boundary_source_url":"https://raw.githubusercontent.com/thanglequoc/vietnamese-provinces-database/master/json/geojson/37_ninh_binh/wards/13435_ly_thuong_kiet.geojson","boundary_source_page":"https://github.com/thanglequoc/vietnamese-provinces-database/blob/master/json/geojson/37_ninh_binh/wards/13435_ly_thuong_kiet.geojson","source_catalog":"https://github.com/thanglequoc/vietnamese-provinces-database"},"geometry":null},{"type":"Feature","id":"13444","properties":{"commune_code":"13444","commune_name":"Liêm Tuyền","commune_name_en":"Liem Tuyen","commune_full_name":"Phường Liêm Tuyền","commune_full_name_en":"Liem Tuyen Ward","commune_slug":"liem_tuyen","unit_type":"Phường","unit_type_en":"Ward","admin_level":2,"province_code":"37","province_name":"Ninh Bình","province_full_name":"Tỉnh Ninh Bình","province_slug":"ninh_binh","join_key":"13444","status":"active","dataset_effective_date":"2026-04-30","catalog_version":"2026-07-12","geometry_status":"not_embedded_boundary_available_by_url","boundary_source_url":"https://raw.githubusercontent.com/thanglequoc/vietnamese-provinces-database/master/json/geojson/37_ninh_binh/wards/13444_liem_tuyen.geojson","boundary_source_page":"https://github.com/thanglequoc/vietnamese-provinces-database/blob/master/json/geojson/37_ninh_binh/wards/13444_liem_tuyen.geojson","source_catalog":"https://github.com/thanglequoc/vietnamese-provinces-database"},"geometry":null},{"type":"Feature","id":"13456","properties":{"commune_code":"13456","commune_name":"Liêm Hà","commune_name_en":"Liem Ha","commune_full_name":"Xã Liêm Hà","commune_full_name_en":"Liem Ha Commune","commune_slug":"liem_ha","unit_type":"Xã","unit_type_en":"Commune","admin_level":2,"province_code":"37","province_name":"Ninh Bình","province_full_name":"Tỉnh Ninh Bình","province_slug":"ninh_binh","join_key":"13456","status":"active","dataset_effective_date":"2026-04-30","catalog_version":"2026-07-12","geometry_status":"not_embedded_boundary_available_by_url","boundary_source_url":"https://raw.githubusercontent.com/thanglequoc/vietnamese-provinces-database/master/json/geojson/37_ninh_binh/wards/13456_liem_ha.geojson","boundary_source_page":"https://github.com/thanglequoc/vietnamese-provinces-database/blob/master/json/geojson/37_ninh_binh/wards/13456_liem_ha.geojson","source_catalog":"https://github.com/thanglequoc/vietnamese-provinces-database"},"geometry":null},{"type":"Feature","id":"13474","properties":{"commune_code":"13474","commune_name":"Tân Thanh","commune_name_en":"Tan Thanh","commune_full_name":"Xã Tân Thanh","commune_full_name_en":"Tan Thanh Commune","commune_slug":"tan_thanh","unit_type":"Xã","unit_type_en":"Commune","admin_level":2,"province_code":"37","province_name":"Ninh Bình","province_full_name":"Tỉnh Ninh Bình","province_slug":"ninh_binh","join_key":"13474","status":"active","dataset_effective_date":"2026-04-30","catalog_version":"2026-07-12","geometry_status":"not_embedded_boundary_available_by_url","boundary_source_url":"https://raw.githubusercontent.com/thanglequoc/vietnamese-provinces-database/master/json/geojson/37_ninh_binh/wards/13474_tan_thanh.geojson","boundary_source_page":"https://github.com/thanglequoc/vietnamese-provinces-database/blob/master/json/geojson/37_ninh_binh/wards/13474_tan_thanh.geojson","source_catalog":"https://github.com/thanglequoc/vietnamese-provinces-database"},"geometry":null},{"type":"Feature","id":"13483","properties":{"commune_code":"13483","commune_name":"Thanh Bình","commune_name_en":"Thanh Binh","commune_full_name":"Xã Thanh Bình","commune_full_name_en":"Thanh Binh Commune","commune_slug":"thanh_binh","unit_type":"Xã","unit_type_en":"Commune","admin_level":2,"province_code":"37","province_name":"Ninh Bình","province_full_name":"Tỉnh Ninh Bình","province_slug":"ninh_binh","join_key":"13483","status":"active","dataset_effective_date":"2026-04-30","catalog_version":"2026-07-12","geometry_status":"not_embedded_boundary_available_by_url","boundary_source_url":"https://raw.githubusercontent.com/thanglequoc/vietnamese-provinces-database/master/json/geojson/37_ninh_binh/wards/13483_thanh_binh.geojson","boundary_source_page":"https://github.com/thanglequoc/vietnamese-provinces-database/blob/master/json/geojson/37_ninh_binh/wards/13483_thanh_binh.geojson","source_catalog":"https://github.com/thanglequoc/vietnamese-provinces-database"},"geometry":null},{"type":"Feature","id":"13489","properties":{"commune_code":"13489","commune_name":"Thanh Lâm","commune_name_en":"Thanh Lam","commune_full_name":"Xã Thanh Lâm","commune_full_name_en":"Thanh Lam Commune","commune_slug":"thanh_lam","unit_type":"Xã","unit_type_en":"Commune","admin_level":2,"province_code":"37","province_name":"Ninh Bình","province_full_name":"Tỉnh Ninh Bình","province_slug":"ninh_binh","join_key":"13489","status":"active","dataset_effective_date":"2026-04-30","catalog_version":"2026-07-12","geometry_status":"not_embedded_boundary_available_by_url","boundary_source_url":"https://raw.githubusercontent.com/thanglequoc/vietnamese-provinces-database/master/json/geojson/37_ninh_binh/wards/13489_thanh_lam.geojson","boundary_source_page":"https://github.com/thanglequoc/vietnamese-provinces-database/blob/master/json/geojson/37_ninh_binh/wards/13489_thanh_lam.geojson","source_catalog":"https://github.com/thanglequoc/vietnamese-provinces-database"},"geometry":null},{"type":"Feature","id":"13495","properties":{"commune_code":"13495","commune_name":"Thanh Liêm","commune_name_en":"Thanh Liem","commune_full_name":"Xã Thanh Liêm","commune_full_name_en":"Thanh Liem Commune","commune_slug":"thanh_liem","unit_type":"Xã","unit_type_en":"Commune","admin_level":2,"province_code":"37","province_name":"Ninh Bình","province_full_name":"Tỉnh Ninh Bình","province_slug":"ninh_binh","join_key":"13495","status":"active","dataset_effective_date":"2026-04-30","catalog_version":"2026-07-12","geometry_status":"not_embedded_boundary_available_by_url","boundary_source_url":"https://raw.githubusercontent.com/thanglequoc/vietnamese-provinces-database/master/json/geojson/37_ninh_binh/wards/13495_thanh_liem.geojson","boundary_source_page":"https://github.com/thanglequoc/vietnamese-provinces-database/blob/master/json/geojson/37_ninh_binh/wards/13495_thanh_liem.geojson","source_catalog":"https://github.com/thanglequoc/vietnamese-provinces-database"},"geometry":null},{"type":"Feature","id":"13501","properties":{"commune_code":"13501","commune_name":"Bình Mỹ","commune_name_en":"Binh My","commune_full_name":"Xã Bình Mỹ","commune_full_name_en":"Binh My Commune","commune_slug":"binh_my","unit_type":"Xã","unit_type_en":"Commune","admin_level":2,"province_code":"37","province_name":"Ninh Bình","province_full_name":"Tỉnh Ninh Bình","province_slug":"ninh_binh","join_key":"13501","status":"active","dataset_effective_date":"2026-04-30","catalog_version":"2026-07-12","geometry_status":"not_embedded_boundary_available_by_url","boundary_source_url":"https://raw.githubusercontent.com/thanglequoc/vietnamese-provinces-database/master/json/geojson/37_ninh_binh/wards/13501_binh_my.geojson","boundary_source_page":"https://github.com/thanglequoc/vietnamese-provinces-database/blob/master/json/geojson/37_ninh_binh/wards/13501_binh_my.geojson","source_catalog":"https://github.com/thanglequoc/vietnamese-provinces-database"},"geometry":null},{"type":"Feature","id":"13504","properties":{"commune_code":"13504","commune_name":"Bình Lục","commune_name_en":"Binh Luc","commune_full_name":"Xã Bình Lục","commune_full_name_en":"Binh Luc Commune","commune_slug":"binh_luc","unit_type":"Xã","unit_type_en":"Commune","admin_level":2,"province_code":"37","province_name":"Ninh Bình","province_full_name":"Tỉnh Ninh Bình","province_slug":"ninh_binh","join_key":"13504","status":"active","dataset_effective_date":"2026-04-30","catalog_version":"2026-07-12","geometry_status":"not_embedded_boundary_available_by_url","boundary_source_url":"https://raw.githubusercontent.com/thanglequoc/vietnamese-provinces-database/master/json/geojson/37_ninh_binh/wards/13504_binh_luc.geojson","boundary_source_page":"https://github.com/thanglequoc/vietnamese-provinces-database/blob/master/json/geojson/37_ninh_binh/wards/13504_binh_luc.geojson","source_catalog":"https://github.com/thanglequoc/vietnamese-provinces-database"},"geometry":null},{"type":"Feature","id":"13531","properties":{"commune_code":"13531","commune_name":"Bình Giang","commune_name_en":"Binh Giang","commune_full_name":"Xã Bình Giang","commune_full_name_en":"Binh Giang Commune","commune_slug":"binh_giang","unit_type":"Xã","unit_type_en":"Commune","admin_level":2,"province_code":"37","province_name":"Ninh Bình","province_full_name":"Tỉnh Ninh Bình","province_slug":"ninh_binh","join_key":"13531","status":"active","dataset_effective_date":"2026-04-30","catalog_version":"2026-07-12","geometry_status":"not_embedded_boundary_available_by_url","boundary_source_url":"https://raw.githubusercontent.com/thanglequoc/vietnamese-provinces-database/master/json/geojson/37_ninh_binh/wards/13531_binh_giang.geojson","boundary_source_page":"https://github.com/thanglequoc/vietnamese-provinces-database/blob/master/json/geojson/37_ninh_binh/wards/13531_binh_giang.geojson","source_catalog":"https://github.com/thanglequoc/vietnamese-provinces-database"},"geometry":null},{"type":"Feature","id":"13540","properties":{"commune_code":"13540","commune_name":"Bình An","commune_name_en":"Binh An","commune_full_name":"Xã Bình An","commune_full_name_en":"Binh An Commune","commune_slug":"binh_an","unit_type":"Xã","unit_type_en":"Commune","admin_level":2,"province_code":"37","province_name":"Ninh Bình","province_full_name":"Tỉnh Ninh Bình","province_slug":"ninh_binh","join_key":"13540","status":"active","dataset_effective_date":"2026-04-30","catalog_version":"2026-07-12","geometry_status":"not_embedded_boundary_available_by_url","boundary_source_url":"https://raw.githubusercontent.com/thanglequoc/vietnamese-provinces-database/master/json/geojson/37_ninh_binh/wards/13540_binh_an.geojson","boundary_source_page":"https://github.com/thanglequoc/vietnamese-provinces-database/blob/master/json/geojson/37_ninh_binh/wards/13540_binh_an.geojson","source_catalog":"https://github.com/thanglequoc/vietnamese-provinces-database"},"geometry":null},{"type":"Feature","id":"13558","properties":{"commune_code":"13558","commune_name":"Bình Sơn","commune_name_en":"Binh Son","commune_full_name":"Xã Bình Sơn","commune_full_name_en":"Binh Son Commune","commune_slug":"binh_son","unit_type":"Xã","unit_type_en":"Commune","admin_level":2,"province_code":"37","province_name":"Ninh Bình","province_full_name":"Tỉnh Ninh Bình","province_slug":"ninh_binh","join_key":"13558","status":"active","dataset_effective_date":"2026-04-30","catalog_version":"2026-07-12","geometry_status":"not_embedded_boundary_available_by_url","boundary_source_url":"https://raw.githubusercontent.com/thanglequoc/vietnamese-provinces-database/master/json/geojson/37_ninh_binh/wards/13558_binh_son.geojson","boundary_source_page":"https://github.com/thanglequoc/vietnamese-provinces-database/blob/master/json/geojson/37_ninh_binh/wards/13558_binh_son.geojson","source_catalog":"https://github.com/thanglequoc/vietnamese-provinces-database"},"geometry":null},{"type":"Feature","id":"13573","properties":{"commune_code":"13573","commune_name":"Lý Nhân","commune_name_en":"Ly Nhan","commune_full_name":"Xã Lý Nhân","commune_full_name_en":"Ly Nhan Commune","commune_slug":"ly_nhan","unit_type":"Xã","unit_type_en":"Commune","admin_level":2,"province_code":"37","province_name":"Ninh Bình","province_full_name":"Tỉnh Ninh Bình","province_slug":"ninh_binh","join_key":"13573","status":"active","dataset_effective_date":"2026-04-30","catalog_version":"2026-07-12","geometry_status":"not_embedded_boundary_available_by_url","boundary_source_url":"https://raw.githubusercontent.com/thanglequoc/vietnamese-provinces-database/master/json/geojson/37_ninh_binh/wards/13573_ly_nhan.geojson","boundary_source_page":"https://github.com/thanglequoc/vietnamese-provinces-database/blob/master/json/geojson/37_ninh_binh/wards/13573_ly_nhan.geojson","source_catalog":"https://github.com/thanglequoc/vietnamese-provinces-database"},"geometry":null},{"type":"Feature","id":"13579","properties":{"commune_code":"13579","commune_name":"Bắc Lý","commune_name_en":"Bac Ly","commune_full_name":"Xã Bắc Lý","commune_full_name_en":"Bac Ly Commune","commune_slug":"bac_ly","unit_type":"Xã","unit_type_en":"Commune","admin_level":2,"province_code":"37","province_name":"Ninh Bình","province_full_name":"Tỉnh Ninh Bình","province_slug":"ninh_binh","join_key":"13579","status":"active","dataset_effective_date":"2026-04-30","catalog_version":"2026-07-12","geometry_status":"not_embedded_boundary_available_by_url","boundary_source_url":"https://raw.githubusercontent.com/thanglequoc/vietnamese-provinces-database/master/json/geojson/37_ninh_binh/wards/13579_bac_ly.geojson","boundary_source_page":"https://github.com/thanglequoc/vietnamese-provinces-database/blob/master/json/geojson/37_ninh_binh/wards/13579_bac_ly.geojson","source_catalog":"https://github.com/thanglequoc/vietnamese-provinces-database"},"geometry":null},{"type":"Feature","id":"13591","properties":{"commune_code":"13591","commune_name":"Nam Xang","commune_name_en":"Nam Xang","commune_full_name":"Xã Nam Xang","commune_full_name_en":"Nam Xang Commune","commune_slug":"nam_xang","unit_type":"Xã","unit_type_en":"Commune","admin_level":2,"province_code":"37","province_name":"Ninh Bình","province_full_name":"Tỉnh Ninh Bình","province_slug":"ninh_binh","join_key":"13591","status":"active","dataset_effective_date":"2026-04-30","catalog_version":"2026-07-12","geometry_status":"not_embedded_boundary_available_by_url","boundary_source_url":"https://raw.githubusercontent.com/thanglequoc/vietnamese-provinces-database/master/json/geojson/37_ninh_binh/wards/13591_nam_xang.geojson","boundary_source_page":"https://github.com/thanglequoc/vietnamese-provinces-database/blob/master/json/geojson/37_ninh_binh/wards/13591_nam_xang.geojson","source_catalog":"https://github.com/thanglequoc/vietnamese-provinces-database"},"geometry":null},{"type":"Feature","id":"13594","properties":{"commune_code":"13594","commune_name":"Trần Thương","commune_name_en":"Tran Thuong","commune_full_name":"Xã Trần Thương","commune_full_name_en":"Tran Thuong Commune","commune_slug":"tran_thuong","unit_type":"Xã","unit_type_en":"Commune","admin_level":2,"province_code":"37","province_name":"Ninh Bình","province_full_name":"Tỉnh Ninh Bình","province_slug":"ninh_binh","join_key":"13594","status":"active","dataset_effective_date":"2026-04-30","catalog_version":"2026-07-12","geometry_status":"not_embedded_boundary_available_by_url","boundary_source_url":"https://raw.githubusercontent.com/thanglequoc/vietnamese-provinces-database/master/json/geojson/37_ninh_binh/wards/13594_tran_thuong.geojson","boundary_source_page":"https://github.com/thanglequoc/vietnamese-provinces-database/blob/master/json/geojson/37_ninh_binh/wards/13594_tran_thuong.geojson","source_catalog":"https://github.com/thanglequoc/vietnamese-provinces-database"},"geometry":null},{"type":"Feature","id":"13597","properties":{"commune_code":"13597","commune_name":"Vĩnh Trụ","commune_name_en":"Vinh Tru","commune_full_name":"Xã Vĩnh Trụ","commune_full_name_en":"Vinh Tru Commune","commune_slug":"vinh_tru","unit_type":"Xã","unit_type_en":"Commune","admin_level":2,"province_code":"37","province_name":"Ninh Bình","province_full_name":"Tỉnh Ninh Bình","province_slug":"ninh_binh","join_key":"13597","status":"active","dataset_effective_date":"2026-04-30","catalog_version":"2026-07-12","geometry_status":"not_embedded_boundary_available_by_url","boundary_source_url":"https://raw.githubusercontent.com/thanglequoc/vietnamese-provinces-database/master/json/geojson/37_ninh_binh/wards/13597_vinh_tru.geojson","boundary_source_page":"https://github.com/thanglequoc/vietnamese-provinces-database/blob/master/json/geojson/37_ninh_binh/wards/13597_vinh_tru.geojson","source_catalog":"https://github.com/thanglequoc/vietnamese-provinces-database"},"geometry":null},{"type":"Feature","id":"13609","properties":{"commune_code":"13609","commune_name":"Nhân Hà","commune_name_en":"Nhan Ha","commune_full_name":"Xã Nhân Hà","commune_full_name_en":"Nhan Ha Commune","commune_slug":"nhan_ha","unit_type":"Xã","unit_type_en":"Commune","admin_level":2,"province_code":"37","province_name":"Ninh Bình","province_full_name":"Tỉnh Ninh Bình","province_slug":"ninh_binh","join_key":"13609","status":"active","dataset_effective_date":"2026-04-30","catalog_version":"2026-07-12","geometry_status":"not_embedded_boundary_available_by_url","boundary_source_url":"https://raw.githubusercontent.com/thanglequoc/vietnamese-provinces-database/master/json/geojson/37_ninh_binh/wards/13609_nhan_ha.geojson","boundary_source_page":"https://github.com/thanglequoc/vietnamese-provinces-database/blob/master/json/geojson/37_ninh_binh/wards/13609_nhan_ha.geojson","source_catalog":"https://github.com/thanglequoc/vietnamese-provinces-database"},"geometry":null},{"type":"Feature","id":"13627","properties":{"commune_code":"13627","commune_name":"Nam Lý","commune_name_en":"Nam Ly","commune_full_name":"Xã Nam Lý","commune_full_name_en":"Nam Ly Commune","commune_slug":"nam_ly","unit_type":"Xã","unit_type_en":"Commune","admin_level":2,"province_code":"37","province_name":"Ninh Bình","province_full_name":"Tỉnh Ninh Bình","province_slug":"ninh_binh","join_key":"13627","status":"active","dataset_effective_date":"2026-04-30","catalog_version":"2026-07-12","geometry_status":"not_embedded_boundary_available_by_url","boundary_source_url":"https://raw.githubusercontent.com/thanglequoc/vietnamese-provinces-database/master/json/geojson/37_ninh_binh/wards/13627_nam_ly.geojson","boundary_source_page":"https://github.com/thanglequoc/vietnamese-provinces-database/blob/master/json/geojson/37_ninh_binh/wards/13627_nam_ly.geojson","source_catalog":"https://github.com/thanglequoc/vietnamese-provinces-database"},"geometry":null},{"type":"Feature","id":"13669","properties":{"commune_code":"13669","commune_name":"Nam Định","commune_name_en":"Nam Dinh","commune_full_name":"Phường Nam Định","commune_full_name_en":"Nam Dinh Ward","commune_slug":"nam_dinh","unit_type":"Phường","unit_type_en":"Ward","admin_level":2,"province_code":"37","province_name":"Ninh Bình","province_full_name":"Tỉnh Ninh Bình","province_slug":"ninh_binh","join_key":"13669","status":"active","dataset_effective_date":"2026-04-30","catalog_version":"2026-07-12","geometry_status":"not_embedded_boundary_available_by_url","boundary_source_url":"https://raw.githubusercontent.com/thanglequoc/vietnamese-provinces-database/master/json/geojson/37_ninh_binh/wards/13669_nam_dinh.geojson","boundary_source_page":"https://github.com/thanglequoc/vietnamese-provinces-database/blob/master/json/geojson/37_ninh_binh/wards/13669_nam_dinh.geojson","source_catalog":"https://github.com/thanglequoc/vietnamese-provinces-database"},"geometry":null},{"type":"Feature","id":"13684","properties":{"commune_code":"13684","commune_name":"Thiên Trường","commune_name_en":"Thien Truong","commune_full_name":"Phường Thiên Trường","commune_full_name_en":"Thien Truong Ward","commune_slug":"thien_truong","unit_type":"Phường","unit_type_en":"Ward","admin_level":2,"province_code":"37","province_name":"Ninh Bình","province_full_name":"Tỉnh Ninh Bình","province_slug":"ninh_binh","join_key":"13684","status":"active","dataset_effective_date":"2026-04-30","catalog_version":"2026-07-12","geometry_status":"not_embedded_boundary_available_by_url","boundary_source_url":"https://raw.githubusercontent.com/thanglequoc/vietnamese-provinces-database/master/json/geojson/37_ninh_binh/wards/13684_thien_truong.geojson","boundary_source_page":"https://github.com/thanglequoc/vietnamese-provinces-database/blob/master/json/geojson/37_ninh_binh/wards/13684_thien_truong.geojson","source_catalog":"https://github.com/thanglequoc/vietnamese-provinces-database"},"geometry":null},{"type":"Feature","id":"13693","properties":{"commune_code":"13693","commune_name":"Đông A","commune_name_en":"Dong A","commune_full_name":"Phường Đông A","commune_full_name_en":"Dong A Ward","commune_slug":"dong_a","unit_type":"Phường","unit_type_en":"Ward","admin_level":2,"province_code":"37","province_name":"Ninh Bình","province_full_name":"Tỉnh Ninh Bình","province_slug":"ninh_binh","join_key":"13693","status":"active","dataset_effective_date":"2026-04-30","catalog_version":"2026-07-12","geometry_status":"not_embedded_boundary_available_by_url","boundary_source_url":"https://raw.githubusercontent.com/thanglequoc/vietnamese-provinces-database/master/json/geojson/37_ninh_binh/wards/13693_dong_a.geojson","boundary_source_page":"https://github.com/thanglequoc/vietnamese-provinces-database/blob/master/json/geojson/37_ninh_binh/wards/13693_dong_a.geojson","source_catalog":"https://github.com/thanglequoc/vietnamese-provinces-database"},"geometry":null},{"type":"Feature","id":"13699","properties":{"commune_code":"13699","commune_name":"Thành Nam","commune_name_en":"Thanh Nam","commune_full_name":"Phường Thành Nam","commune_full_name_en":"Thanh Nam Ward","commune_slug":"thanh_nam","unit_type":"Phường","unit_type_en":"Ward","admin_level":2,"province_code":"37","province_name":"Ninh Bình","province_full_name":"Tỉnh Ninh Bình","province_slug":"ninh_binh","join_key":"13699","status":"active","dataset_effective_date":"2026-04-30","catalog_version":"2026-07-12","geometry_status":"not_embedded_boundary_available_by_url","boundary_source_url":"https://raw.githubusercontent.com/thanglequoc/vietnamese-provinces-database/master/json/geojson/37_ninh_binh/wards/13699_thanh_nam.geojson","boundary_source_page":"https://github.com/thanglequoc/vietnamese-provinces-database/blob/master/json/geojson/37_ninh_binh/wards/13699_thanh_nam.geojson","source_catalog":"https://github.com/thanglequoc/vietnamese-provinces-database"},"geometry":null},{"type":"Feature","id":"13708","properties":{"commune_code":"13708","commune_name":"Mỹ Lộc","commune_name_en":"My Loc","commune_full_name":"Phường Mỹ Lộc","commune_full_name_en":"My Loc Ward","commune_slug":"my_loc","unit_type":"Phường","unit_type_en":"Ward","admin_level":2,"province_code":"37","province_name":"Ninh Bình","province_full_name":"Tỉnh Ninh Bình","province_slug":"ninh_binh","join_key":"13708","status":"active","dataset_effective_date":"2026-04-30","catalog_version":"2026-07-12","geometry_status":"not_embedded_boundary_available_by_url","boundary_source_url":"https://raw.githubusercontent.com/thanglequoc/vietnamese-provinces-database/master/json/geojson/37_ninh_binh/wards/13708_my_loc.geojson","boundary_source_page":"https://github.com/thanglequoc/vietnamese-provinces-database/blob/master/json/geojson/37_ninh_binh/wards/13708_my_loc.geojson","source_catalog":"https://github.com/thanglequoc/vietnamese-provinces-database"},"geometry":null},{"type":"Feature","id":"13741","properties":{"commune_code":"13741","commune_name":"Vụ Bản","commune_name_en":"Vu Ban","commune_full_name":"Xã Vụ Bản","commune_full_name_en":"Vu Ban Commune","commune_slug":"vu_ban","unit_type":"Xã","unit_type_en":"Commune","admin_level":2,"province_code":"37","province_name":"Ninh Bình","province_full_name":"Tỉnh Ninh Bình","province_slug":"ninh_binh","join_key":"13741","status":"active","dataset_effective_date":"2026-04-30","catalog_version":"2026-07-12","geometry_status":"not_embedded_boundary_available_by_url","boundary_source_url":"https://raw.githubusercontent.com/thanglequoc/vietnamese-provinces-database/master/json/geojson/37_ninh_binh/wards/13741_vu_ban.geojson","boundary_source_page":"https://github.com/thanglequoc/vietnamese-provinces-database/blob/master/json/geojson/37_ninh_binh/wards/13741_vu_ban.geojson","source_catalog":"https://github.com/thanglequoc/vietnamese-provinces-database"},"geometry":null},{"type":"Feature","id":"13750","properties":{"commune_code":"13750","commune_name":"Minh Tân","commune_name_en":"Minh Tan","commune_full_name":"Xã Minh Tân","commune_full_name_en":"Minh Tan Commune","commune_slug":"minh_tan","unit_type":"Xã","unit_type_en":"Commune","admin_level":2,"province_code":"37","province_name":"Ninh Bình","province_full_name":"Tỉnh Ninh Bình","province_slug":"ninh_binh","join_key":"13750","status":"active","dataset_effective_date":"2026-04-30","catalog_version":"2026-07-12","geometry_status":"not_embedded_boundary_available_by_url","boundary_source_url":"https://raw.githubusercontent.com/thanglequoc/vietnamese-provinces-database/master/json/geojson/37_ninh_binh/wards/13750_minh_tan.geojson","boundary_source_page":"https://github.com/thanglequoc/vietnamese-provinces-database/blob/master/json/geojson/37_ninh_binh/wards/13750_minh_tan.geojson","source_catalog":"https://github.com/thanglequoc/vietnamese-provinces-database"},"geometry":null},{"type":"Feature","id":"13753","properties":{"commune_code":"13753","commune_name":"Hiển Khánh","commune_name_en":"Hien Khanh","commune_full_name":"Xã Hiển Khánh","commune_full_name_en":"Hien Khanh Commune","commune_slug":"hien_khanh","unit_type":"Xã","unit_type_en":"Commune","admin_level":2,"province_code":"37","province_name":"Ninh Bình","province_full_name":"Tỉnh Ninh Bình","province_slug":"ninh_binh","join_key":"13753","status":"active","dataset_effective_date":"2026-04-30","catalog_version":"2026-07-12","geometry_status":"not_embedded_boundary_available_by_url","boundary_source_url":"https://raw.githubusercontent.com/thanglequoc/vietnamese-provinces-database/master/json/geojson/37_ninh_binh/wards/13753_hien_khanh.geojson","boundary_source_page":"https://github.com/thanglequoc/vietnamese-provinces-database/blob/master/json/geojson/37_ninh_binh/wards/13753_hien_khanh.geojson","source_catalog":"https://github.com/thanglequoc/vietnamese-provinces-database"},"geometry":null},{"type":"Feature","id":"13777","properties":{"commune_code":"13777","commune_name":"Trường Thi","commune_name_en":"Truong Thi","commune_full_name":"Phường Trường Thi","commune_full_name_en":"Truong Thi Ward","commune_slug":"truong_thi","unit_type":"Phường","unit_type_en":"Ward","admin_level":2,"province_code":"37","province_name":"Ninh Bình","province_full_name":"Tỉnh Ninh Bình","province_slug":"ninh_binh","join_key":"13777","status":"active","dataset_effective_date":"2026-04-30","catalog_version":"2026-07-12","geometry_status":"not_embedded_boundary_available_by_url","boundary_source_url":"https://raw.githubusercontent.com/thanglequoc/vietnamese-provinces-database/master/json/geojson/37_ninh_binh/wards/13777_truong_thi.geojson","boundary_source_page":"https://github.com/thanglequoc/vietnamese-provinces-database/blob/master/json/geojson/37_ninh_binh/wards/13777_truong_thi.geojson","source_catalog":"https://github.com/thanglequoc/vietnamese-provinces-database"},"geometry":null},{"type":"Feature","id":"13786","properties":{"commune_code":"13786","commune_name":"Liên Minh","commune_name_en":"Lien Minh","commune_full_name":"Xã Liên Minh","commune_full_name_en":"Lien Minh Commune","commune_slug":"lien_minh","unit_type":"Xã","unit_type_en":"Commune","admin_level":2,"province_code":"37","province_name":"Ninh Bình","province_full_name":"Tỉnh Ninh Bình","province_slug":"ninh_binh","join_key":"13786","status":"active","dataset_effective_date":"2026-04-30","catalog_version":"2026-07-12","geometry_status":"not_embedded_boundary_available_by_url","boundary_source_url":"https://raw.githubusercontent.com/thanglequoc/vietnamese-provinces-database/master/json/geojson/37_ninh_binh/wards/13786_lien_minh.geojson","boundary_source_page":"https://github.com/thanglequoc/vietnamese-provinces-database/blob/master/json/geojson/37_ninh_binh/wards/13786_lien_minh.geojson","source_catalog":"https://github.com/thanglequoc/vietnamese-provinces-database"},"geometry":null},{"type":"Feature","id":"13795","properties":{"commune_code":"13795","commune_name":"Ý Yên","commune_name_en":"Y Yen","commune_full_name":"Xã Ý Yên","commune_full_name_en":"Y Yen Commune","commune_slug":"y_yen","unit_type":"Xã","unit_type_en":"Commune","admin_level":2,"province_code":"37","province_name":"Ninh Bình","province_full_name":"Tỉnh Ninh Bình","province_slug":"ninh_binh","join_key":"13795","status":"active","dataset_effective_date":"2026-04-30","catalog_version":"2026-07-12","geometry_status":"not_embedded_boundary_available_by_url","boundary_source_url":"https://raw.githubusercontent.com/thanglequoc/vietnamese-provinces-database/master/json/geojson/37_ninh_binh/wards/13795_y_yen.geojson","boundary_source_page":"https://github.com/thanglequoc/vietnamese-provinces-database/blob/master/json/geojson/37_ninh_binh/wards/13795_y_yen.geojson","source_catalog":"https://github.com/thanglequoc/vietnamese-provinces-database"},"geometry":null},{"type":"Feature","id":"13807","properties":{"commune_code":"13807","commune_name":"Tân Minh","commune_name_en":"Tan Minh","commune_full_name":"Xã Tân Minh","commune_full_name_en":"Tan Minh Commune","commune_slug":"tan_minh","unit_type":"Xã","unit_type_en":"Commune","admin_level":2,"province_code":"37","province_name":"Ninh Bình","province_full_name":"Tỉnh Ninh Bình","province_slug":"ninh_binh","join_key":"13807","status":"active","dataset_effective_date":"2026-04-30","catalog_version":"2026-07-12","geometry_status":"not_embedded_boundary_available_by_url","boundary_source_url":"https://raw.githubusercontent.com/thanglequoc/vietnamese-provinces-database/master/json/geojson/37_ninh_binh/wards/13807_tan_minh.geojson","boundary_source_page":"https://github.com/thanglequoc/vietnamese-provinces-database/blob/master/json/geojson/37_ninh_binh/wards/13807_tan_minh.geojson","source_catalog":"https://github.com/thanglequoc/vietnamese-provinces-database"},"geometry":null},{"type":"Feature","id":"13822","properties":{"commune_code":"13822","commune_name":"Phong Doanh","commune_name_en":"Phong Doanh","commune_full_name":"Xã Phong Doanh","commune_full_name_en":"Phong Doanh Commune","commune_slug":"phong_doanh","unit_type":"Xã","unit_type_en":"Commune","admin_level":2,"province_code":"37","province_name":"Ninh Bình","province_full_name":"Tỉnh Ninh Bình","province_slug":"ninh_binh","join_key":"13822","status":"active","dataset_effective_date":"2026-04-30","catalog_version":"2026-07-12","geometry_status":"not_embedded_boundary_available_by_url","boundary_source_url":"https://raw.githubusercontent.com/thanglequoc/vietnamese-provinces-database/master/json/geojson/37_ninh_binh/wards/13822_phong_doanh.geojson","boundary_source_page":"https://github.com/thanglequoc/vietnamese-provinces-database/blob/master/json/geojson/37_ninh_binh/wards/13822_phong_doanh.geojson","source_catalog":"https://github.com/thanglequoc/vietnamese-provinces-database"},"geometry":null},{"type":"Feature","id":"13834","properties":{"commune_code":"13834","commune_name":"Vũ Dương","commune_name_en":"Vu Duong","commune_full_name":"Xã Vũ Dương","commune_full_name_en":"Vu Duong Commune","commune_slug":"vu_duong","unit_type":"Xã","unit_type_en":"Commune","admin_level":2,"province_code":"37","province_name":"Ninh Bình","province_full_name":"Tỉnh Ninh Bình","province_slug":"ninh_binh","join_key":"13834","status":"active","dataset_effective_date":"2026-04-30","catalog_version":"2026-07-12","geometry_status":"not_embedded_boundary_available_by_url","boundary_source_url":"https://raw.githubusercontent.com/thanglequoc/vietnamese-provinces-database/master/json/geojson/37_ninh_binh/wards/13834_vu_duong.geojson","boundary_source_page":"https://github.com/thanglequoc/vietnamese-provinces-database/blob/master/json/geojson/37_ninh_binh/wards/13834_vu_duong.geojson","source_catalog":"https://github.com/thanglequoc/vietnamese-provinces-database"},"geometry":null},{"type":"Feature","id":"13864","properties":{"commune_code":"13864","commune_name":"Vạn Thắng","commune_name_en":"Van Thang","commune_full_name":"Xã Vạn Thắng","commune_full_name_en":"Van Thang Commune","commune_slug":"van_thang","unit_type":"Xã","unit_type_en":"Commune","admin_level":2,"province_code":"37","province_name":"Ninh Bình","province_full_name":"Tỉnh Ninh Bình","province_slug":"ninh_binh","join_key":"13864","status":"active","dataset_effective_date":"2026-04-30","catalog_version":"2026-07-12","geometry_status":"not_embedded_boundary_available_by_url","boundary_source_url":"https://raw.githubusercontent.com/thanglequoc/vietnamese-provinces-database/master/json/geojson/37_ninh_binh/wards/13864_van_thang.geojson","boundary_source_page":"https://github.com/thanglequoc/vietnamese-provinces-database/blob/master/json/geojson/37_ninh_binh/wards/13864_van_thang.geojson","source_catalog":"https://github.com/thanglequoc/vietnamese-provinces-database"},"geometry":null},{"type":"Feature","id":"13870","properties":{"commune_code":"13870","commune_name":"Yên Cường","commune_name_en":"Yen Cuong","commune_full_name":"Xã Yên Cường","commune_full_name_en":"Yen Cuong Commune","commune_slug":"yen_cuong","unit_type":"Xã","unit_type_en":"Commune","admin_level":2,"province_code":"37","province_name":"Ninh Bình","province_full_name":"Tỉnh Ninh Bình","province_slug":"ninh_binh","join_key":"13870","status":"active","dataset_effective_date":"2026-04-30","catalog_version":"2026-07-12","geometry_status":"not_embedded_boundary_available_by_url","boundary_source_url":"https://raw.githubusercontent.com/thanglequoc/vietnamese-provinces-database/master/json/geojson/37_ninh_binh/wards/13870_yen_cuong.geojson","boundary_source_page":"https://github.com/thanglequoc/vietnamese-provinces-database/blob/master/json/geojson/37_ninh_binh/wards/13870_yen_cuong.geojson","source_catalog":"https://github.com/thanglequoc/vietnamese-provinces-database"},"geometry":null},{"type":"Feature","id":"13879","properties":{"commune_code":"13879","commune_name":"Yên Đồng","commune_name_en":"Yen Dong","commune_full_name":"Xã Yên Đồng","commune_full_name_en":"Yen Dong Commune","commune_slug":"yen_dong","unit_type":"Xã","unit_type_en":"Commune","admin_level":2,"province_code":"37","province_name":"Ninh Bình","province_full_name":"Tỉnh Ninh Bình","province_slug":"ninh_binh","join_key":"13879","status":"active","dataset_effective_date":"2026-04-30","catalog_version":"2026-07-12","geometry_status":"not_embedded_boundary_available_by_url","boundary_source_url":"https://raw.githubusercontent.com/thanglequoc/vietnamese-provinces-database/master/json/geojson/37_ninh_binh/wards/13879_yen_dong.geojson","boundary_source_page":"https://github.com/thanglequoc/vietnamese-provinces-database/blob/master/json/geojson/37_ninh_binh/wards/13879_yen_dong.geojson","source_catalog":"https://github.com/thanglequoc/vietnamese-provinces-database"},"geometry":null},{"type":"Feature","id":"13891","properties":{"commune_code":"13891","commune_name":"Nghĩa Hưng","commune_name_en":"Nghia Hung","commune_full_name":"Xã Nghĩa Hưng","commune_full_name_en":"Nghia Hung Commune","commune_slug":"nghia_hung","unit_type":"Xã","unit_type_en":"Commune","admin_level":2,"province_code":"37","province_name":"Ninh Bình","province_full_name":"Tỉnh Ninh Bình","province_slug":"ninh_binh","join_key":"13891","status":"active","dataset_effective_date":"2026-04-30","catalog_version":"2026-07-12","geometry_status":"not_embedded_boundary_available_by_url","boundary_source_url":"https://raw.githubusercontent.com/thanglequoc/vietnamese-provinces-database/master/json/geojson/37_ninh_binh/wards/13891_nghia_hung.geojson","boundary_source_page":"https://github.com/thanglequoc/vietnamese-provinces-database/blob/master/json/geojson/37_ninh_binh/wards/13891_nghia_hung.geojson","source_catalog":"https://github.com/thanglequoc/vietnamese-provinces-database"},"geometry":null},{"type":"Feature","id":"13894","properties":{"commune_code":"13894","commune_name":"Rạng Đông","commune_name_en":"Rang Dong","commune_full_name":"Xã Rạng Đông","commune_full_name_en":"Rang Dong Commune","commune_slug":"rang_dong","unit_type":"Xã","unit_type_en":"Commune","admin_level":2,"province_code":"37","province_name":"Ninh Bình","province_full_name":"Tỉnh Ninh Bình","province_slug":"ninh_binh","join_key":"13894","status":"active","dataset_effective_date":"2026-04-30","catalog_version":"2026-07-12","geometry_status":"not_embedded_boundary_available_by_url","boundary_source_url":"https://raw.githubusercontent.com/thanglequoc/vietnamese-provinces-database/master/json/geojson/37_ninh_binh/wards/13894_rang_dong.geojson","boundary_source_page":"https://github.com/thanglequoc/vietnamese-provinces-database/blob/master/json/geojson/37_ninh_binh/wards/13894_rang_dong.geojson","source_catalog":"https://github.com/thanglequoc/vietnamese-provinces-database"},"geometry":null},{"type":"Feature","id":"13900","properties":{"commune_code":"13900","commune_name":"Đồng Thịnh","commune_name_en":"Dong Thinh","commune_full_name":"Xã Đồng Thịnh","commune_full_name_en":"Dong Thinh Commune","commune_slug":"dong_thinh","unit_type":"Xã","unit_type_en":"Commune","admin_level":2,"province_code":"37","province_name":"Ninh Bình","province_full_name":"Tỉnh Ninh Bình","province_slug":"ninh_binh","join_key":"13900","status":"active","dataset_effective_date":"2026-04-30","catalog_version":"2026-07-12","geometry_status":"not_embedded_boundary_available_by_url","boundary_source_url":"https://raw.githubusercontent.com/thanglequoc/vietnamese-provinces-database/master/json/geojson/37_ninh_binh/wards/13900_dong_thinh.geojson","boundary_source_page":"https://github.com/thanglequoc/vietnamese-provinces-database/blob/master/json/geojson/37_ninh_binh/wards/13900_dong_thinh.geojson","source_catalog":"https://github.com/thanglequoc/vietnamese-provinces-database"},"geometry":null},{"type":"Feature","id":"13918","properties":{"commune_code":"13918","commune_name":"Nghĩa Sơn","commune_name_en":"Nghia Son","commune_full_name":"Xã Nghĩa Sơn","commune_full_name_en":"Nghia Son Commune","commune_slug":"nghia_son","unit_type":"Xã","unit_type_en":"Commune","admin_level":2,"province_code":"37","province_name":"Ninh Bình","province_full_name":"Tỉnh Ninh Bình","province_slug":"ninh_binh","join_key":"13918","status":"active","dataset_effective_date":"2026-04-30","catalog_version":"2026-07-12","geometry_status":"not_embedded_boundary_available_by_url","boundary_source_url":"https://raw.githubusercontent.com/thanglequoc/vietnamese-provinces-database/master/json/geojson/37_ninh_binh/wards/13918_nghia_son.geojson","boundary_source_page":"https://github.com/thanglequoc/vietnamese-provinces-database/blob/master/json/geojson/37_ninh_binh/wards/13918_nghia_son.geojson","source_catalog":"https://github.com/thanglequoc/vietnamese-provinces-database"},"geometry":null},{"type":"Feature","id":"13927","properties":{"commune_code":"13927","commune_name":"Hồng Phong","commune_name_en":"Hong Phong","commune_full_name":"Xã Hồng Phong","commune_full_name_en":"Hong Phong Commune","commune_slug":"hong_phong","unit_type":"Xã","unit_type_en":"Commune","admin_level":2,"province_code":"37","province_name":"Ninh Bình","province_full_name":"Tỉnh Ninh Bình","province_slug":"ninh_binh","join_key":"13927","status":"active","dataset_effective_date":"2026-04-30","catalog_version":"2026-07-12","geometry_status":"not_embedded_boundary_available_by_url","boundary_source_url":"https://raw.githubusercontent.com/thanglequoc/vietnamese-provinces-database/master/json/geojson/37_ninh_binh/wards/13927_hong_phong.geojson","boundary_source_page":"https://github.com/thanglequoc/vietnamese-provinces-database/blob/master/json/geojson/37_ninh_binh/wards/13927_hong_phong.geojson","source_catalog":"https://github.com/thanglequoc/vietnamese-provinces-database"},"geometry":null},{"type":"Feature","id":"13939","properties":{"commune_code":"13939","commune_name":"Quỹ Nhất","commune_name_en":"Quy Nhat","commune_full_name":"Xã Quỹ Nhất","commune_full_name_en":"Quy Nhat Commune","commune_slug":"quy_nhat","unit_type":"Xã","unit_type_en":"Commune","admin_level":2,"province_code":"37","province_name":"Ninh Bình","province_full_name":"Tỉnh Ninh Bình","province_slug":"ninh_binh","join_key":"13939","status":"active","dataset_effective_date":"2026-04-30","catalog_version":"2026-07-12","geometry_status":"not_embedded_boundary_available_by_url","boundary_source_url":"https://raw.githubusercontent.com/thanglequoc/vietnamese-provinces-database/master/json/geojson/37_ninh_binh/wards/13939_quy_nhat.geojson","boundary_source_page":"https://github.com/thanglequoc/vietnamese-provinces-database/blob/master/json/geojson/37_ninh_binh/wards/13939_quy_nhat.geojson","source_catalog":"https://github.com/thanglequoc/vietnamese-provinces-database"},"geometry":null},{"type":"Feature","id":"13957","properties":{"commune_code":"13957","commune_name":"Nghĩa Lâm","commune_name_en":"Nghia Lam","commune_full_name":"Xã Nghĩa Lâm","commune_full_name_en":"Nghia Lam Commune","commune_slug":"nghia_lam","unit_type":"Xã","unit_type_en":"Commune","admin_level":2,"province_code":"37","province_name":"Ninh Bình","province_full_name":"Tỉnh Ninh Bình","province_slug":"ninh_binh","join_key":"13957","status":"active","dataset_effective_date":"2026-04-30","catalog_version":"2026-07-12","geometry_status":"not_embedded_boundary_available_by_url","boundary_source_url":"https://raw.githubusercontent.com/thanglequoc/vietnamese-provinces-database/master/json/geojson/37_ninh_binh/wards/13957_nghia_lam.geojson","boundary_source_page":"https://github.com/thanglequoc/vietnamese-provinces-database/blob/master/json/geojson/37_ninh_binh/wards/13957_nghia_lam.geojson","source_catalog":"https://github.com/thanglequoc/vietnamese-provinces-database"},"geometry":null},{"type":"Feature","id":"13966","properties":{"commune_code":"13966","commune_name":"Nam Trực","commune_name_en":"Nam Truc","commune_full_name":"Xã Nam Trực","commune_full_name_en":"Nam Truc Commune","commune_slug":"nam_truc","unit_type":"Xã","unit_type_en":"Commune","admin_level":2,"province_code":"37","province_name":"Ninh Bình","province_full_name":"Tỉnh Ninh Bình","province_slug":"ninh_binh","join_key":"13966","status":"active","dataset_effective_date":"2026-04-30","catalog_version":"2026-07-12","geometry_status":"not_embedded_boundary_available_by_url","boundary_source_url":"https://raw.githubusercontent.com/thanglequoc/vietnamese-provinces-database/master/json/geojson/37_ninh_binh/wards/13966_nam_truc.geojson","boundary_source_page":"https://github.com/thanglequoc/vietnamese-provinces-database/blob/master/json/geojson/37_ninh_binh/wards/13966_nam_truc.geojson","source_catalog":"https://github.com/thanglequoc/vietnamese-provinces-database"},"geometry":null},{"type":"Feature","id":"13972","properties":{"commune_code":"13972","commune_name":"Vị Khê","commune_name_en":"Vi Khe","commune_full_name":"Phường Vị Khê","commune_full_name_en":"Vi Khe Ward","commune_slug":"vi_khe","unit_type":"Phường","unit_type_en":"Ward","admin_level":2,"province_code":"37","province_name":"Ninh Bình","province_full_name":"Tỉnh Ninh Bình","province_slug":"ninh_binh","join_key":"13972","status":"active","dataset_effective_date":"2026-04-30","catalog_version":"2026-07-12","geometry_status":"not_embedded_boundary_available_by_url","boundary_source_url":"https://raw.githubusercontent.com/thanglequoc/vietnamese-provinces-database/master/json/geojson/37_ninh_binh/wards/13972_vi_khe.geojson","boundary_source_page":"https://github.com/thanglequoc/vietnamese-provinces-database/blob/master/json/geojson/37_ninh_binh/wards/13972_vi_khe.geojson","source_catalog":"https://github.com/thanglequoc/vietnamese-provinces-database"},"geometry":null},{"type":"Feature","id":"13984","properties":{"commune_code":"13984","commune_name":"Hồng Quang","commune_name_en":"Hong Quang","commune_full_name":"Phường Hồng Quang","commune_full_name_en":"Hong Quang Ward","commune_slug":"hong_quang","unit_type":"Phường","unit_type_en":"Ward","admin_level":2,"province_code":"37","province_name":"Ninh Bình","province_full_name":"Tỉnh Ninh Bình","province_slug":"ninh_binh","join_key":"13984","status":"active","dataset_effective_date":"2026-04-30","catalog_version":"2026-07-12","geometry_status":"not_embedded_boundary_available_by_url","boundary_source_url":"https://raw.githubusercontent.com/thanglequoc/vietnamese-provinces-database/master/json/geojson/37_ninh_binh/wards/13984_hong_quang.geojson","boundary_source_page":"https://github.com/thanglequoc/vietnamese-provinces-database/blob/master/json/geojson/37_ninh_binh/wards/13984_hong_quang.geojson","source_catalog":"https://github.com/thanglequoc/vietnamese-provinces-database"},"geometry":null},{"type":"Feature","id":"13987","properties":{"commune_code":"13987","commune_name":"Nam Hồng","commune_name_en":"Nam Hong","commune_full_name":"Xã Nam Hồng","commune_full_name_en":"Nam Hong Commune","commune_slug":"nam_hong","unit_type":"Xã","unit_type_en":"Commune","admin_level":2,"province_code":"37","province_name":"Ninh Bình","province_full_name":"Tỉnh Ninh Bình","province_slug":"ninh_binh","join_key":"13987","status":"active","dataset_effective_date":"2026-04-30","catalog_version":"2026-07-12","geometry_status":"not_embedded_boundary_available_by_url","boundary_source_url":"https://raw.githubusercontent.com/thanglequoc/vietnamese-provinces-database/master/json/geojson/37_ninh_binh/wards/13987_nam_hong.geojson","boundary_source_page":"https://github.com/thanglequoc/vietnamese-provinces-database/blob/master/json/geojson/37_ninh_binh/wards/13987_nam_hong.geojson","source_catalog":"https://github.com/thanglequoc/vietnamese-provinces-database"},"geometry":null},{"type":"Feature","id":"14005","properties":{"commune_code":"14005","commune_name":"Nam Ninh","commune_name_en":"Nam Ninh","commune_full_name":"Xã Nam Ninh","commune_full_name_en":"Nam Ninh Commune","commune_slug":"nam_ninh","unit_type":"Xã","unit_type_en":"Commune","admin_level":2,"province_code":"37","province_name":"Ninh Bình","province_full_name":"Tỉnh Ninh Bình","province_slug":"ninh_binh","join_key":"14005","status":"active","dataset_effective_date":"2026-04-30","catalog_version":"2026-07-12","geometry_status":"not_embedded_boundary_available_by_url","boundary_source_url":"https://raw.githubusercontent.com/thanglequoc/vietnamese-provinces-database/master/json/geojson/37_ninh_binh/wards/14005_nam_ninh.geojson","boundary_source_page":"https://github.com/thanglequoc/vietnamese-provinces-database/blob/master/json/geojson/37_ninh_binh/wards/14005_nam_ninh.geojson","source_catalog":"https://github.com/thanglequoc/vietnamese-provinces-database"},"geometry":null},{"type":"Feature","id":"14011","properties":{"commune_code":"14011","commune_name":"Nam Minh","commune_name_en":"Nam Minh","commune_full_name":"Xã Nam Minh","commune_full_name_en":"Nam Minh Commune","commune_slug":"nam_minh","unit_type":"Xã","unit_type_en":"Commune","admin_level":2,"province_code":"37","province_name":"Ninh Bình","province_full_name":"Tỉnh Ninh Bình","province_slug":"ninh_binh","join_key":"14011","status":"active","dataset_effective_date":"2026-04-30","catalog_version":"2026-07-12","geometry_status":"not_embedded_boundary_available_by_url","boundary_source_url":"https://raw.githubusercontent.com/thanglequoc/vietnamese-provinces-database/master/json/geojson/37_ninh_binh/wards/14011_nam_minh.geojson","boundary_source_page":"https://github.com/thanglequoc/vietnamese-provinces-database/blob/master/json/geojson/37_ninh_binh/wards/14011_nam_minh.geojson","source_catalog":"https://github.com/thanglequoc/vietnamese-provinces-database"},"geometry":null},{"type":"Feature","id":"14014","properties":{"commune_code":"14014","commune_name":"Nam Đồng","commune_name_en":"Nam Dong","commune_full_name":"Xã Nam Đồng","commune_full_name_en":"Nam Dong Commune","commune_slug":"nam_dong","unit_type":"Xã","unit_type_en":"Commune","admin_level":2,"province_code":"37","province_name":"Ninh Bình","province_full_name":"Tỉnh Ninh Bình","province_slug":"ninh_binh","join_key":"14014","status":"active","dataset_effective_date":"2026-04-30","catalog_version":"2026-07-12","geometry_status":"not_embedded_boundary_available_by_url","boundary_source_url":"https://raw.githubusercontent.com/thanglequoc/vietnamese-provinces-database/master/json/geojson/37_ninh_binh/wards/14014_nam_dong.geojson","boundary_source_page":"https://github.com/thanglequoc/vietnamese-provinces-database/blob/master/json/geojson/37_ninh_binh/wards/14014_nam_dong.geojson","source_catalog":"https://github.com/thanglequoc/vietnamese-provinces-database"},"geometry":null},{"type":"Feature","id":"14026","properties":{"commune_code":"14026","commune_name":"Cổ Lễ","commune_name_en":"Co Le","commune_full_name":"Xã Cổ Lễ","commune_full_name_en":"Co Le Commune","commune_slug":"co_le","unit_type":"Xã","unit_type_en":"Commune","admin_level":2,"province_code":"37","province_name":"Ninh Bình","province_full_name":"Tỉnh Ninh Bình","province_slug":"ninh_binh","join_key":"14026","status":"active","dataset_effective_date":"2026-04-30","catalog_version":"2026-07-12","geometry_status":"not_embedded_boundary_available_by_url","boundary_source_url":"https://raw.githubusercontent.com/thanglequoc/vietnamese-provinces-database/master/json/geojson/37_ninh_binh/wards/14026_co_le.geojson","boundary_source_page":"https://github.com/thanglequoc/vietnamese-provinces-database/blob/master/json/geojson/37_ninh_binh/wards/14026_co_le.geojson","source_catalog":"https://github.com/thanglequoc/vietnamese-provinces-database"},"geometry":null},{"type":"Feature","id":"14038","properties":{"commune_code":"14038","commune_name":"Ninh Giang","commune_name_en":"Ninh Giang","commune_full_name":"Xã Ninh Giang","commune_full_name_en":"Ninh Giang Commune","commune_slug":"ninh_giang","unit_type":"Xã","unit_type_en":"Commune","admin_level":2,"province_code":"37","province_name":"Ninh Bình","province_full_name":"Tỉnh Ninh Bình","province_slug":"ninh_binh","join_key":"14038","status":"active","dataset_effective_date":"2026-04-30","catalog_version":"2026-07-12","geometry_status":"not_embedded_boundary_available_by_url","boundary_source_url":"https://raw.githubusercontent.com/thanglequoc/vietnamese-provinces-database/master/json/geojson/37_ninh_binh/wards/14038_ninh_giang.geojson","boundary_source_page":"https://github.com/thanglequoc/vietnamese-provinces-database/blob/master/json/geojson/37_ninh_binh/wards/14038_ninh_giang.geojson","source_catalog":"https://github.com/thanglequoc/vietnamese-provinces-database"},"geometry":null},{"type":"Feature","id":"14053","properties":{"commune_code":"14053","commune_name":"Trực Ninh","commune_name_en":"Truc Ninh","commune_full_name":"Xã Trực Ninh","commune_full_name_en":"Truc Ninh Commune","commune_slug":"truc_ninh","unit_type":"Xã","unit_type_en":"Commune","admin_level":2,"province_code":"37","province_name":"Ninh Bình","province_full_name":"Tỉnh Ninh Bình","province_slug":"ninh_binh","join_key":"14053","status":"active","dataset_effective_date":"2026-04-30","catalog_version":"2026-07-12","geometry_status":"not_embedded_boundary_available_by_url","boundary_source_url":"https://raw.githubusercontent.com/thanglequoc/vietnamese-provinces-database/master/json/geojson/37_ninh_binh/wards/14053_truc_ninh.geojson","boundary_source_page":"https://github.com/thanglequoc/vietnamese-provinces-database/blob/master/json/geojson/37_ninh_binh/wards/14053_truc_ninh.geojson","source_catalog":"https://github.com/thanglequoc/vietnamese-provinces-database"},"geometry":null},{"type":"Feature","id":"14056","properties":{"commune_code":"14056","commune_name":"Cát Thành","commune_name_en":"Cat Thanh","commune_full_name":"Xã Cát Thành","commune_full_name_en":"Cat Thanh Commune","commune_slug":"cat_thanh","unit_type":"Xã","unit_type_en":"Commune","admin_level":2,"province_code":"37","province_name":"Ninh Bình","province_full_name":"Tỉnh Ninh Bình","province_slug":"ninh_binh","join_key":"14056","status":"active","dataset_effective_date":"2026-04-30","catalog_version":"2026-07-12","geometry_status":"not_embedded_boundary_available_by_url","boundary_source_url":"https://raw.githubusercontent.com/thanglequoc/vietnamese-provinces-database/master/json/geojson/37_ninh_binh/wards/14056_cat_thanh.geojson","boundary_source_page":"https://github.com/thanglequoc/vietnamese-provinces-database/blob/master/json/geojson/37_ninh_binh/wards/14056_cat_thanh.geojson","source_catalog":"https://github.com/thanglequoc/vietnamese-provinces-database"},"geometry":null},{"type":"Feature","id":"14062","properties":{"commune_code":"14062","commune_name":"Quang Hưng","commune_name_en":"Quang Hung","commune_full_name":"Xã Quang Hưng","commune_full_name_en":"Quang Hung Commune","commune_slug":"quang_hung","unit_type":"Xã","unit_type_en":"Commune","admin_level":2,"province_code":"37","province_name":"Ninh Bình","province_full_name":"Tỉnh Ninh Bình","province_slug":"ninh_binh","join_key":"14062","status":"active","dataset_effective_date":"2026-04-30","catalog_version":"2026-07-12","geometry_status":"not_embedded_boundary_available_by_url","boundary_source_url":"https://raw.githubusercontent.com/thanglequoc/vietnamese-provinces-database/master/json/geojson/37_ninh_binh/wards/14062_quang_hung.geojson","boundary_source_page":"https://github.com/thanglequoc/vietnamese-provinces-database/blob/master/json/geojson/37_ninh_binh/wards/14062_quang_hung.geojson","source_catalog":"https://github.com/thanglequoc/vietnamese-provinces-database"},"geometry":null},{"type":"Feature","id":"14071","properties":{"commune_code":"14071","commune_name":"Minh Thái","commune_name_en":"Minh Thai","commune_full_name":"Xã Minh Thái","commune_full_name_en":"Minh Thai Commune","commune_slug":"minh_thai","unit_type":"Xã","unit_type_en":"Commune","admin_level":2,"province_code":"37","province_name":"Ninh Bình","province_full_name":"Tỉnh Ninh Bình","province_slug":"ninh_binh","join_key":"14071","status":"active","dataset_effective_date":"2026-04-30","catalog_version":"2026-07-12","geometry_status":"not_embedded_boundary_available_by_url","boundary_source_url":"https://raw.githubusercontent.com/thanglequoc/vietnamese-provinces-database/master/json/geojson/37_ninh_binh/wards/14071_minh_thai.geojson","boundary_source_page":"https://github.com/thanglequoc/vietnamese-provinces-database/blob/master/json/geojson/37_ninh_binh/wards/14071_minh_thai.geojson","source_catalog":"https://github.com/thanglequoc/vietnamese-provinces-database"},"geometry":null},{"type":"Feature","id":"14077","properties":{"commune_code":"14077","commune_name":"Ninh Cường","commune_name_en":"Ninh Cuong","commune_full_name":"Xã Ninh Cường","commune_full_name_en":"Ninh Cuong Commune","commune_slug":"ninh_cuong","unit_type":"Xã","unit_type_en":"Commune","admin_level":2,"province_code":"37","province_name":"Ninh Bình","province_full_name":"Tỉnh Ninh Bình","province_slug":"ninh_binh","join_key":"14077","status":"active","dataset_effective_date":"2026-04-30","catalog_version":"2026-07-12","geometry_status":"not_embedded_boundary_available_by_url","boundary_source_url":"https://raw.githubusercontent.com/thanglequoc/vietnamese-provinces-database/master/json/geojson/37_ninh_binh/wards/14077_ninh_cuong.geojson","boundary_source_page":"https://github.com/thanglequoc/vietnamese-provinces-database/blob/master/json/geojson/37_ninh_binh/wards/14077_ninh_cuong.geojson","source_catalog":"https://github.com/thanglequoc/vietnamese-provinces-database"},"geometry":null},{"type":"Feature","id":"14089","properties":{"commune_code":"14089","commune_name":"Xuân Trường","commune_name_en":"Xuan Truong","commune_full_name":"Xã Xuân Trường","commune_full_name_en":"Xuan Truong Commune","commune_slug":"xuan_truong","unit_type":"Xã","unit_type_en":"Commune","admin_level":2,"province_code":"37","province_name":"Ninh Bình","province_full_name":"Tỉnh Ninh Bình","province_slug":"ninh_binh","join_key":"14089","status":"active","dataset_effective_date":"2026-04-30","catalog_version":"2026-07-12","geometry_status":"not_embedded_boundary_available_by_url","boundary_source_url":"https://raw.githubusercontent.com/thanglequoc/vietnamese-provinces-database/master/json/geojson/37_ninh_binh/wards/14089_xuan_truong.geojson","boundary_source_page":"https://github.com/thanglequoc/vietnamese-provinces-database/blob/master/json/geojson/37_ninh_binh/wards/14089_xuan_truong.geojson","source_catalog":"https://github.com/thanglequoc/vietnamese-provinces-database"},"geometry":null},{"type":"Feature","id":"14095","properties":{"commune_code":"14095","commune_name":"Xuân Hồng","commune_name_en":"Xuan Hong","commune_full_name":"Xã Xuân Hồng","commune_full_name_en":"Xuan Hong Commune","commune_slug":"xuan_hong","unit_type":"Xã","unit_type_en":"Commune","admin_level":2,"province_code":"37","province_name":"Ninh Bình","province_full_name":"Tỉnh Ninh Bình","province_slug":"ninh_binh","join_key":"14095","status":"active","dataset_effective_date":"2026-04-30","catalog_version":"2026-07-12","geometry_status":"not_embedded_boundary_available_by_url","boundary_source_url":"https://raw.githubusercontent.com/thanglequoc/vietnamese-provinces-database/master/json/geojson/37_ninh_binh/wards/14095_xuan_hong.geojson","boundary_source_page":"https://github.com/thanglequoc/vietnamese-provinces-database/blob/master/json/geojson/37_ninh_binh/wards/14095_xuan_hong.geojson","source_catalog":"https://github.com/thanglequoc/vietnamese-provinces-database"},"geometry":null},{"type":"Feature","id":"14104","properties":{"commune_code":"14104","commune_name":"Xuân Giang","commune_name_en":"Xuan Giang","commune_full_name":"Xã Xuân Giang","commune_full_name_en":"Xuan Giang Commune","commune_slug":"xuan_giang","unit_type":"Xã","unit_type_en":"Commune","admin_level":2,"province_code":"37","province_name":"Ninh Bình","province_full_name":"Tỉnh Ninh Bình","province_slug":"ninh_binh","join_key":"14104","status":"active","dataset_effective_date":"2026-04-30","catalog_version":"2026-07-12","geometry_status":"not_embedded_boundary_available_by_url","boundary_source_url":"https://raw.githubusercontent.com/thanglequoc/vietnamese-provinces-database/master/json/geojson/37_ninh_binh/wards/14104_xuan_giang.geojson","boundary_source_page":"https://github.com/thanglequoc/vietnamese-provinces-database/blob/master/json/geojson/37_ninh_binh/wards/14104_xuan_giang.geojson","source_catalog":"https://github.com/thanglequoc/vietnamese-provinces-database"},"geometry":null},{"type":"Feature","id":"14122","properties":{"commune_code":"14122","commune_name":"Xuân Hưng","commune_name_en":"Xuan Hung","commune_full_name":"Xã Xuân Hưng","commune_full_name_en":"Xuan Hung Commune","commune_slug":"xuan_hung","unit_type":"Xã","unit_type_en":"Commune","admin_level":2,"province_code":"37","province_name":"Ninh Bình","province_full_name":"Tỉnh Ninh Bình","province_slug":"ninh_binh","join_key":"14122","status":"active","dataset_effective_date":"2026-04-30","catalog_version":"2026-07-12","geometry_status":"not_embedded_boundary_available_by_url","boundary_source_url":"https://raw.githubusercontent.com/thanglequoc/vietnamese-provinces-database/master/json/geojson/37_ninh_binh/wards/14122_xuan_hung.geojson","boundary_source_page":"https://github.com/thanglequoc/vietnamese-provinces-database/blob/master/json/geojson/37_ninh_binh/wards/14122_xuan_hung.geojson","source_catalog":"https://github.com/thanglequoc/vietnamese-provinces-database"},"geometry":null},{"type":"Feature","id":"14161","properties":{"commune_code":"14161","commune_name":"Giao Minh","commune_name_en":"Giao Minh","commune_full_name":"Xã Giao Minh","commune_full_name_en":"Giao Minh Commune","commune_slug":"giao_minh","unit_type":"Xã","unit_type_en":"Commune","admin_level":2,"province_code":"37","province_name":"Ninh Bình","province_full_name":"Tỉnh Ninh Bình","province_slug":"ninh_binh","join_key":"14161","status":"active","dataset_effective_date":"2026-04-30","catalog_version":"2026-07-12","geometry_status":"not_embedded_boundary_available_by_url","boundary_source_url":"https://raw.githubusercontent.com/thanglequoc/vietnamese-provinces-database/master/json/geojson/37_ninh_binh/wards/14161_giao_minh.geojson","boundary_source_page":"https://github.com/thanglequoc/vietnamese-provinces-database/blob/master/json/geojson/37_ninh_binh/wards/14161_giao_minh.geojson","source_catalog":"https://github.com/thanglequoc/vietnamese-provinces-database"},"geometry":null},{"type":"Feature","id":"14167","properties":{"commune_code":"14167","commune_name":"Giao Thuỷ","commune_name_en":"Giao Thuy","commune_full_name":"Xã Giao Thuỷ","commune_full_name_en":"Giao Thuy Commune","commune_slug":"giao_thuy","unit_type":"Xã","unit_type_en":"Commune","admin_level":2,"province_code":"37","province_name":"Ninh Bình","province_full_name":"Tỉnh Ninh Bình","province_slug":"ninh_binh","join_key":"14167","status":"active","dataset_effective_date":"2026-04-30","catalog_version":"2026-07-12","geometry_status":"not_embedded_boundary_available_by_url","boundary_source_url":"https://raw.githubusercontent.com/thanglequoc/vietnamese-provinces-database/master/json/geojson/37_ninh_binh/wards/14167_giao_thuy.geojson","boundary_source_page":"https://github.com/thanglequoc/vietnamese-provinces-database/blob/master/json/geojson/37_ninh_binh/wards/14167_giao_thuy.geojson","source_catalog":"https://github.com/thanglequoc/vietnamese-provinces-database"},"geometry":null},{"type":"Feature","id":"14179","properties":{"commune_code":"14179","commune_name":"Giao Hưng","commune_name_en":"Giao Hung","commune_full_name":"Xã Giao Hưng","commune_full_name_en":"Giao Hung Commune","commune_slug":"giao_hung","unit_type":"Xã","unit_type_en":"Commune","admin_level":2,"province_code":"37","province_name":"Ninh Bình","province_full_name":"Tỉnh Ninh Bình","province_slug":"ninh_binh","join_key":"14179","status":"active","dataset_effective_date":"2026-04-30","catalog_version":"2026-07-12","geometry_status":"not_embedded_boundary_available_by_url","boundary_source_url":"https://raw.githubusercontent.com/thanglequoc/vietnamese-provinces-database/master/json/geojson/37_ninh_binh/wards/14179_giao_hung.geojson","boundary_source_page":"https://github.com/thanglequoc/vietnamese-provinces-database/blob/master/json/geojson/37_ninh_binh/wards/14179_giao_hung.geojson","source_catalog":"https://github.com/thanglequoc/vietnamese-provinces-database"},"geometry":null},{"type":"Feature","id":"14182","properties":{"commune_code":"14182","commune_name":"Giao Hoà","commune_name_en":"Giao Hoa","commune_full_name":"Xã Giao Hoà","commune_full_name_en":"Giao Hoa Commune","commune_slug":"giao_hoa","unit_type":"Xã","unit_type_en":"Commune","admin_level":2,"province_code":"37","province_name":"Ninh Bình","province_full_name":"Tỉnh Ninh Bình","province_slug":"ninh_binh","join_key":"14182","status":"active","dataset_effective_date":"2026-04-30","catalog_version":"2026-07-12","geometry_status":"not_embedded_boundary_available_by_url","boundary_source_url":"https://raw.githubusercontent.com/thanglequoc/vietnamese-provinces-database/master/json/geojson/37_ninh_binh/wards/14182_giao_hoa.geojson","boundary_source_page":"https://github.com/thanglequoc/vietnamese-provinces-database/blob/master/json/geojson/37_ninh_binh/wards/14182_giao_hoa.geojson","source_catalog":"https://github.com/thanglequoc/vietnamese-provinces-database"},"geometry":null},{"type":"Feature","id":"14194","properties":{"commune_code":"14194","commune_name":"Giao Bình","commune_name_en":"Giao Binh","commune_full_name":"Xã Giao Bình","commune_full_name_en":"Giao Binh Commune","commune_slug":"giao_binh","unit_type":"Xã","unit_type_en":"Commune","admin_level":2,"province_code":"37","province_name":"Ninh Bình","province_full_name":"Tỉnh Ninh Bình","province_slug":"ninh_binh","join_key":"14194","status":"active","dataset_effective_date":"2026-04-30","catalog_version":"2026-07-12","geometry_status":"not_embedded_boundary_available_by_url","boundary_source_url":"https://raw.githubusercontent.com/thanglequoc/vietnamese-provinces-database/master/json/geojson/37_ninh_binh/wards/14194_giao_binh.geojson","boundary_source_page":"https://github.com/thanglequoc/vietnamese-provinces-database/blob/master/json/geojson/37_ninh_binh/wards/14194_giao_binh.geojson","source_catalog":"https://github.com/thanglequoc/vietnamese-provinces-database"},"geometry":null},{"type":"Feature","id":"14203","properties":{"commune_code":"14203","commune_name":"Giao Phúc","commune_name_en":"Giao Phuc","commune_full_name":"Xã Giao Phúc","commune_full_name_en":"Giao Phuc Commune","commune_slug":"giao_phuc","unit_type":"Xã","unit_type_en":"Commune","admin_level":2,"province_code":"37","province_name":"Ninh Bình","province_full_name":"Tỉnh Ninh Bình","province_slug":"ninh_binh","join_key":"14203","status":"active","dataset_effective_date":"2026-04-30","catalog_version":"2026-07-12","geometry_status":"not_embedded_boundary_available_by_url","boundary_source_url":"https://raw.githubusercontent.com/thanglequoc/vietnamese-provinces-database/master/json/geojson/37_ninh_binh/wards/14203_giao_phuc.geojson","boundary_source_page":"https://github.com/thanglequoc/vietnamese-provinces-database/blob/master/json/geojson/37_ninh_binh/wards/14203_giao_phuc.geojson","source_catalog":"https://github.com/thanglequoc/vietnamese-provinces-database"},"geometry":null},{"type":"Feature","id":"14212","properties":{"commune_code":"14212","commune_name":"Giao Ninh","commune_name_en":"Giao Ninh","commune_full_name":"Xã Giao Ninh","commune_full_name_en":"Giao Ninh Commune","commune_slug":"giao_ninh","unit_type":"Xã","unit_type_en":"Commune","admin_level":2,"province_code":"37","province_name":"Ninh Bình","province_full_name":"Tỉnh Ninh Bình","province_slug":"ninh_binh","join_key":"14212","status":"active","dataset_effective_date":"2026-04-30","catalog_version":"2026-07-12","geometry_status":"not_embedded_boundary_available_by_url","boundary_source_url":"https://raw.githubusercontent.com/thanglequoc/vietnamese-provinces-database/master/json/geojson/37_ninh_binh/wards/14212_giao_ninh.geojson","boundary_source_page":"https://github.com/thanglequoc/vietnamese-provinces-database/blob/master/json/geojson/37_ninh_binh/wards/14212_giao_ninh.geojson","source_catalog":"https://github.com/thanglequoc/vietnamese-provinces-database"},"geometry":null},{"type":"Feature","id":"14215","properties":{"commune_code":"14215","commune_name":"Hải Hậu","commune_name_en":"Hai Hau","commune_full_name":"Xã Hải Hậu","commune_full_name_en":"Hai Hau Commune","commune_slug":"hai_hau","unit_type":"Xã","unit_type_en":"Commune","admin_level":2,"province_code":"37","province_name":"Ninh Bình","province_full_name":"Tỉnh Ninh Bình","province_slug":"ninh_binh","join_key":"14215","status":"active","dataset_effective_date":"2026-04-30","catalog_version":"2026-07-12","geometry_status":"not_embedded_boundary_available_by_url","boundary_source_url":"https://raw.githubusercontent.com/thanglequoc/vietnamese-provinces-database/master/json/geojson/37_ninh_binh/wards/14215_hai_hau.geojson","boundary_source_page":"https://github.com/thanglequoc/vietnamese-provinces-database/blob/master/json/geojson/37_ninh_binh/wards/14215_hai_hau.geojson","source_catalog":"https://github.com/thanglequoc/vietnamese-provinces-database"},"geometry":null},{"type":"Feature","id":"14218","properties":{"commune_code":"14218","commune_name":"Hải Tiến","commune_name_en":"Hai Tien","commune_full_name":"Xã Hải Tiến","commune_full_name_en":"Hai Tien Commune","commune_slug":"hai_tien","unit_type":"Xã","unit_type_en":"Commune","admin_level":2,"province_code":"37","province_name":"Ninh Bình","province_full_name":"Tỉnh Ninh Bình","province_slug":"ninh_binh","join_key":"14218","status":"active","dataset_effective_date":"2026-04-30","catalog_version":"2026-07-12","geometry_status":"not_embedded_boundary_available_by_url","boundary_source_url":"https://raw.githubusercontent.com/thanglequoc/vietnamese-provinces-database/master/json/geojson/37_ninh_binh/wards/14218_hai_tien.geojson","boundary_source_page":"https://github.com/thanglequoc/vietnamese-provinces-database/blob/master/json/geojson/37_ninh_binh/wards/14218_hai_tien.geojson","source_catalog":"https://github.com/thanglequoc/vietnamese-provinces-database"},"geometry":null},{"type":"Feature","id":"14221","properties":{"commune_code":"14221","commune_name":"Hải Thịnh","commune_name_en":"Hai Thinh","commune_full_name":"Xã Hải Thịnh","commune_full_name_en":"Hai Thinh Commune","commune_slug":"hai_thinh","unit_type":"Xã","unit_type_en":"Commune","admin_level":2,"province_code":"37","province_name":"Ninh Bình","province_full_name":"Tỉnh Ninh Bình","province_slug":"ninh_binh","join_key":"14221","status":"active","dataset_effective_date":"2026-04-30","catalog_version":"2026-07-12","geometry_status":"not_embedded_boundary_available_by_url","boundary_source_url":"https://raw.githubusercontent.com/thanglequoc/vietnamese-provinces-database/master/json/geojson/37_ninh_binh/wards/14221_hai_thinh.geojson","boundary_source_page":"https://github.com/thanglequoc/vietnamese-provinces-database/blob/master/json/geojson/37_ninh_binh/wards/14221_hai_thinh.geojson","source_catalog":"https://github.com/thanglequoc/vietnamese-provinces-database"},"geometry":null},{"type":"Feature","id":"14236","properties":{"commune_code":"14236","commune_name":"Hải Anh","commune_name_en":"Hai Anh","commune_full_name":"Xã Hải Anh","commune_full_name_en":"Hai Anh Commune","commune_slug":"hai_anh","unit_type":"Xã","unit_type_en":"Commune","admin_level":2,"province_code":"37","province_name":"Ninh Bình","province_full_name":"Tỉnh Ninh Bình","province_slug":"ninh_binh","join_key":"14236","status":"active","dataset_effective_date":"2026-04-30","catalog_version":"2026-07-12","geometry_status":"not_embedded_boundary_available_by_url","boundary_source_url":"https://raw.githubusercontent.com/thanglequoc/vietnamese-provinces-database/master/json/geojson/37_ninh_binh/wards/14236_hai_anh.geojson","boundary_source_page":"https://github.com/thanglequoc/vietnamese-provinces-database/blob/master/json/geojson/37_ninh_binh/wards/14236_hai_anh.geojson","source_catalog":"https://github.com/thanglequoc/vietnamese-provinces-database"},"geometry":null},{"type":"Feature","id":"14248","properties":{"commune_code":"14248","commune_name":"Hải Hưng","commune_name_en":"Hai Hung","commune_full_name":"Xã Hải Hưng","commune_full_name_en":"Hai Hung Commune","commune_slug":"hai_hung","unit_type":"Xã","unit_type_en":"Commune","admin_level":2,"province_code":"37","province_name":"Ninh Bình","province_full_name":"Tỉnh Ninh Bình","province_slug":"ninh_binh","join_key":"14248","status":"active","dataset_effective_date":"2026-04-30","catalog_version":"2026-07-12","geometry_status":"not_embedded_boundary_available_by_url","boundary_source_url":"https://raw.githubusercontent.com/thanglequoc/vietnamese-provinces-database/master/json/geojson/37_ninh_binh/wards/14248_hai_hung.geojson","boundary_source_page":"https://github.com/thanglequoc/vietnamese-provinces-database/blob/master/json/geojson/37_ninh_binh/wards/14248_hai_hung.geojson","source_catalog":"https://github.com/thanglequoc/vietnamese-provinces-database"},"geometry":null},{"type":"Feature","id":"14281","properties":{"commune_code":"14281","commune_name":"Hải An","commune_name_en":"Hai An","commune_full_name":"Xã Hải An","commune_full_name_en":"Hai An Commune","commune_slug":"hai_an","unit_type":"Xã","unit_type_en":"Commune","admin_level":2,"province_code":"37","province_name":"Ninh Bình","province_full_name":"Tỉnh Ninh Bình","province_slug":"ninh_binh","join_key":"14281","status":"active","dataset_effective_date":"2026-04-30","catalog_version":"2026-07-12","geometry_status":"not_embedded_boundary_available_by_url","boundary_source_url":"https://raw.githubusercontent.com/thanglequoc/vietnamese-provinces-database/master/json/geojson/37_ninh_binh/wards/14281_hai_an.geojson","boundary_source_page":"https://github.com/thanglequoc/vietnamese-provinces-database/blob/master/json/geojson/37_ninh_binh/wards/14281_hai_an.geojson","source_catalog":"https://github.com/thanglequoc/vietnamese-provinces-database"},"geometry":null},{"type":"Feature","id":"14287","properties":{"commune_code":"14287","commune_name":"Hải Quang","commune_name_en":"Hai Quang","commune_full_name":"Xã Hải Quang","commune_full_name_en":"Hai Quang Commune","commune_slug":"hai_quang","unit_type":"Xã","unit_type_en":"Commune","admin_level":2,"province_code":"37","province_name":"Ninh Bình","province_full_name":"Tỉnh Ninh Bình","province_slug":"ninh_binh","join_key":"14287","status":"active","dataset_effective_date":"2026-04-30","catalog_version":"2026-07-12","geometry_status":"not_embedded_boundary_available_by_url","boundary_source_url":"https://raw.githubusercontent.com/thanglequoc/vietnamese-provinces-database/master/json/geojson/37_ninh_binh/wards/14287_hai_quang.geojson","boundary_source_page":"https://github.com/thanglequoc/vietnamese-provinces-database/blob/master/json/geojson/37_ninh_binh/wards/14287_hai_quang.geojson","source_catalog":"https://github.com/thanglequoc/vietnamese-provinces-database"},"geometry":null},{"type":"Feature","id":"14308","properties":{"commune_code":"14308","commune_name":"Hải Xuân","commune_name_en":"Hai Xuan","commune_full_name":"Xã Hải Xuân","commune_full_name_en":"Hai Xuan Commune","commune_slug":"hai_xuan","unit_type":"Xã","unit_type_en":"Commune","admin_level":2,"province_code":"37","province_name":"Ninh Bình","province_full_name":"Tỉnh Ninh Bình","province_slug":"ninh_binh","join_key":"14308","status":"active","dataset_effective_date":"2026-04-30","catalog_version":"2026-07-12","geometry_status":"not_embedded_boundary_available_by_url","boundary_source_url":"https://raw.githubusercontent.com/thanglequoc/vietnamese-provinces-database/master/json/geojson/37_ninh_binh/wards/14308_hai_xuan.geojson","boundary_source_page":"https://github.com/thanglequoc/vietnamese-provinces-database/blob/master/json/geojson/37_ninh_binh/wards/14308_hai_xuan.geojson","source_catalog":"https://github.com/thanglequoc/vietnamese-provinces-database"},"geometry":null},{"type":"Feature","id":"14329","properties":{"commune_code":"14329","commune_name":"Hoa Lư","commune_name_en":"Hoa Lu","commune_full_name":"Phường Hoa Lư","commune_full_name_en":"Hoa Lu Ward","commune_slug":"hoa_lu","unit_type":"Phường","unit_type_en":"Ward","admin_level":2,"province_code":"37","province_name":"Ninh Bình","province_full_name":"Tỉnh Ninh Bình","province_slug":"ninh_binh","join_key":"14329","status":"active","dataset_effective_date":"2026-04-30","catalog_version":"2026-07-12","geometry_status":"not_embedded_boundary_available_by_url","boundary_source_url":"https://raw.githubusercontent.com/thanglequoc/vietnamese-provinces-database/master/json/geojson/37_ninh_binh/wards/14329_hoa_lu.geojson","boundary_source_page":"https://github.com/thanglequoc/vietnamese-provinces-database/blob/master/json/geojson/37_ninh_binh/wards/14329_hoa_lu.geojson","source_catalog":"https://github.com/thanglequoc/vietnamese-provinces-database"},"geometry":null},{"type":"Feature","id":"14359","properties":{"commune_code":"14359","commune_name":"Nam Hoa Lư","commune_name_en":"Nam Hoa Lu","commune_full_name":"Phường Nam Hoa Lư","commune_full_name_en":"Nam Hoa Lu Ward","commune_slug":"nam_hoa_lu","unit_type":"Phường","unit_type_en":"Ward","admin_level":2,"province_code":"37","province_name":"Ninh Bình","province_full_name":"Tỉnh Ninh Bình","province_slug":"ninh_binh","join_key":"14359","status":"active","dataset_effective_date":"2026-04-30","catalog_version":"2026-07-12","geometry_status":"not_embedded_boundary_available_by_url","boundary_source_url":"https://raw.githubusercontent.com/thanglequoc/vietnamese-provinces-database/master/json/geojson/37_ninh_binh/wards/14359_nam_hoa_lu.geojson","boundary_source_page":"https://github.com/thanglequoc/vietnamese-provinces-database/blob/master/json/geojson/37_ninh_binh/wards/14359_nam_hoa_lu.geojson","source_catalog":"https://github.com/thanglequoc/vietnamese-provinces-database"},"geometry":null},{"type":"Feature","id":"14362","properties":{"commune_code":"14362","commune_name":"Tam Điệp","commune_name_en":"Tam Diep","commune_full_name":"Phường Tam Điệp","commune_full_name_en":"Tam Diep Ward","commune_slug":"tam_diep","unit_type":"Phường","unit_type_en":"Ward","admin_level":2,"province_code":"37","province_name":"Ninh Bình","province_full_name":"Tỉnh Ninh Bình","province_slug":"ninh_binh","join_key":"14362","status":"active","dataset_effective_date":"2026-04-30","catalog_version":"2026-07-12","geometry_status":"not_embedded_boundary_available_by_url","boundary_source_url":"https://raw.githubusercontent.com/thanglequoc/vietnamese-provinces-database/master/json/geojson/37_ninh_binh/wards/14362_tam_diep.geojson","boundary_source_page":"https://github.com/thanglequoc/vietnamese-provinces-database/blob/master/json/geojson/37_ninh_binh/wards/14362_tam_diep.geojson","source_catalog":"https://github.com/thanglequoc/vietnamese-provinces-database"},"geometry":null},{"type":"Feature","id":"14365","properties":{"commune_code":"14365","commune_name":"Trung Sơn","commune_name_en":"Trung Son","commune_full_name":"Phường Trung Sơn","commune_full_name_en":"Trung Son Ward","commune_slug":"trung_son","unit_type":"Phường","unit_type_en":"Ward","admin_level":2,"province_code":"37","province_name":"Ninh Bình","province_full_name":"Tỉnh Ninh Bình","province_slug":"ninh_binh","join_key":"14365","status":"active","dataset_effective_date":"2026-04-30","catalog_version":"2026-07-12","geometry_status":"not_embedded_boundary_available_by_url","boundary_source_url":"https://raw.githubusercontent.com/thanglequoc/vietnamese-provinces-database/master/json/geojson/37_ninh_binh/wards/14365_trung_son.geojson","boundary_source_page":"https://github.com/thanglequoc/vietnamese-provinces-database/blob/master/json/geojson/37_ninh_binh/wards/14365_trung_son.geojson","source_catalog":"https://github.com/thanglequoc/vietnamese-provinces-database"},"geometry":null},{"type":"Feature","id":"14371","properties":{"commune_code":"14371","commune_name":"Yên Sơn","commune_name_en":"Yen Son","commune_full_name":"Phường Yên Sơn","commune_full_name_en":"Yen Son Ward","commune_slug":"yen_son","unit_type":"Phường","unit_type_en":"Ward","admin_level":2,"province_code":"37","province_name":"Ninh Bình","province_full_name":"Tỉnh Ninh Bình","province_slug":"ninh_binh","join_key":"14371","status":"active","dataset_effective_date":"2026-04-30","catalog_version":"2026-07-12","geometry_status":"not_embedded_boundary_available_by_url","boundary_source_url":"https://raw.githubusercontent.com/thanglequoc/vietnamese-provinces-database/master/json/geojson/37_ninh_binh/wards/14371_yen_son.geojson","boundary_source_page":"https://github.com/thanglequoc/vietnamese-provinces-database/blob/master/json/geojson/37_ninh_binh/wards/14371_yen_son.geojson","source_catalog":"https://github.com/thanglequoc/vietnamese-provinces-database"},"geometry":null},{"type":"Feature","id":"14389","properties":{"commune_code":"14389","commune_name":"Gia Lâm","commune_name_en":"Gia Lam","commune_full_name":"Xã Gia Lâm","commune_full_name_en":"Gia Lam Commune","commune_slug":"gia_lam","unit_type":"Xã","unit_type_en":"Commune","admin_level":2,"province_code":"37","province_name":"Ninh Bình","province_full_name":"Tỉnh Ninh Bình","province_slug":"ninh_binh","join_key":"14389","status":"active","dataset_effective_date":"2026-04-30","catalog_version":"2026-07-12","geometry_status":"not_embedded_boundary_available_by_url","boundary_source_url":"https://raw.githubusercontent.com/thanglequoc/vietnamese-provinces-database/master/json/geojson/37_ninh_binh/wards/14389_gia_lam.geojson","boundary_source_page":"https://github.com/thanglequoc/vietnamese-provinces-database/blob/master/json/geojson/37_ninh_binh/wards/14389_gia_lam.geojson","source_catalog":"https://github.com/thanglequoc/vietnamese-provinces-database"},"geometry":null},{"type":"Feature","id":"14401","properties":{"commune_code":"14401","commune_name":"Gia Tường","commune_name_en":"Gia Tuong","commune_full_name":"Xã Gia Tường","commune_full_name_en":"Gia Tuong Commune","commune_slug":"gia_tuong","unit_type":"Xã","unit_type_en":"Commune","admin_level":2,"province_code":"37","province_name":"Ninh Bình","province_full_name":"Tỉnh Ninh Bình","province_slug":"ninh_binh","join_key":"14401","status":"active","dataset_effective_date":"2026-04-30","catalog_version":"2026-07-12","geometry_status":"not_embedded_boundary_available_by_url","boundary_source_url":"https://raw.githubusercontent.com/thanglequoc/vietnamese-provinces-database/master/json/geojson/37_ninh_binh/wards/14401_gia_tuong.geojson","boundary_source_page":"https://github.com/thanglequoc/vietnamese-provinces-database/blob/master/json/geojson/37_ninh_binh/wards/14401_gia_tuong.geojson","source_catalog":"https://github.com/thanglequoc/vietnamese-provinces-database"},"geometry":null},{"type":"Feature","id":"14404","properties":{"commune_code":"14404","commune_name":"Cúc Phương","commune_name_en":"Cuc Phuong","commune_full_name":"Xã Cúc Phương","commune_full_name_en":"Cuc Phuong Commune","commune_slug":"cuc_phuong","unit_type":"Xã","unit_type_en":"Commune","admin_level":2,"province_code":"37","province_name":"Ninh Bình","province_full_name":"Tỉnh Ninh Bình","province_slug":"ninh_binh","join_key":"14404","status":"active","dataset_effective_date":"2026-04-30","catalog_version":"2026-07-12","geometry_status":"not_embedded_boundary_available_by_url","boundary_source_url":"https://raw.githubusercontent.com/thanglequoc/vietnamese-provinces-database/master/json/geojson/37_ninh_binh/wards/14404_cuc_phuong.geojson","boundary_source_page":"https://github.com/thanglequoc/vietnamese-provinces-database/blob/master/json/geojson/37_ninh_binh/wards/14404_cuc_phuong.geojson","source_catalog":"https://github.com/thanglequoc/vietnamese-provinces-database"},"geometry":null},{"type":"Feature","id":"14407","properties":{"commune_code":"14407","commune_name":"Phú Sơn","commune_name_en":"Phu Son","commune_full_name":"Xã Phú Sơn","commune_full_name_en":"Phu Son Commune","commune_slug":"phu_son","unit_type":"Xã","unit_type_en":"Commune","admin_level":2,"province_code":"37","province_name":"Ninh Bình","province_full_name":"Tỉnh Ninh Bình","province_slug":"ninh_binh","join_key":"14407","status":"active","dataset_effective_date":"2026-04-30","catalog_version":"2026-07-12","geometry_status":"not_embedded_boundary_available_by_url","boundary_source_url":"https://raw.githubusercontent.com/thanglequoc/vietnamese-provinces-database/master/json/geojson/37_ninh_binh/wards/14407_phu_son.geojson","boundary_source_page":"https://github.com/thanglequoc/vietnamese-provinces-database/blob/master/json/geojson/37_ninh_binh/wards/14407_phu_son.geojson","source_catalog":"https://github.com/thanglequoc/vietnamese-provinces-database"},"geometry":null},{"type":"Feature","id":"14428","properties":{"commune_code":"14428","commune_name":"Nho Quan","commune_name_en":"Nho Quan","commune_full_name":"Xã Nho Quan","commune_full_name_en":"Nho Quan Commune","commune_slug":"nho_quan","unit_type":"Xã","unit_type_en":"Commune","admin_level":2,"province_code":"37","province_name":"Ninh Bình","province_full_name":"Tỉnh Ninh Bình","province_slug":"ninh_binh","join_key":"14428","status":"active","dataset_effective_date":"2026-04-30","catalog_version":"2026-07-12","geometry_status":"not_embedded_boundary_available_by_url","boundary_source_url":"https://raw.githubusercontent.com/thanglequoc/vietnamese-provinces-database/master/json/geojson/37_ninh_binh/wards/14428_nho_quan.geojson","boundary_source_page":"https://github.com/thanglequoc/vietnamese-provinces-database/blob/master/json/geojson/37_ninh_binh/wards/14428_nho_quan.geojson","source_catalog":"https://github.com/thanglequoc/vietnamese-provinces-database"},"geometry":null},{"type":"Feature","id":"14434","properties":{"commune_code":"14434","commune_name":"Thanh Sơn","commune_name_en":"Thanh Son","commune_full_name":"Xã Thanh Sơn","commune_full_name_en":"Thanh Son Commune","commune_slug":"thanh_son","unit_type":"Xã","unit_type_en":"Commune","admin_level":2,"province_code":"37","province_name":"Ninh Bình","province_full_name":"Tỉnh Ninh Bình","province_slug":"ninh_binh","join_key":"14434","status":"active","dataset_effective_date":"2026-04-30","catalog_version":"2026-07-12","geometry_status":"not_embedded_boundary_available_by_url","boundary_source_url":"https://raw.githubusercontent.com/thanglequoc/vietnamese-provinces-database/master/json/geojson/37_ninh_binh/wards/14434_thanh_son.geojson","boundary_source_page":"https://github.com/thanglequoc/vietnamese-provinces-database/blob/master/json/geojson/37_ninh_binh/wards/14434_thanh_son.geojson","source_catalog":"https://github.com/thanglequoc/vietnamese-provinces-database"},"geometry":null},{"type":"Feature","id":"14452","properties":{"commune_code":"14452","commune_name":"Quỳnh Lưu","commune_name_en":"Quynh Luu","commune_full_name":"Xã Quỳnh Lưu","commune_full_name_en":"Quynh Luu Commune","commune_slug":"quynh_luu","unit_type":"Xã","unit_type_en":"Commune","admin_level":2,"province_code":"37","province_name":"Ninh Bình","province_full_name":"Tỉnh Ninh Bình","province_slug":"ninh_binh","join_key":"14452","status":"active","dataset_effective_date":"2026-04-30","catalog_version":"2026-07-12","geometry_status":"not_embedded_boundary_available_by_url","boundary_source_url":"https://raw.githubusercontent.com/thanglequoc/vietnamese-provinces-database/master/json/geojson/37_ninh_binh/wards/14452_quynh_luu.geojson","boundary_source_page":"https://github.com/thanglequoc/vietnamese-provinces-database/blob/master/json/geojson/37_ninh_binh/wards/14452_quynh_luu.geojson","source_catalog":"https://github.com/thanglequoc/vietnamese-provinces-database"},"geometry":null},{"type":"Feature","id":"14458","properties":{"commune_code":"14458","commune_name":"Phú Long","commune_name_en":"Phu Long","commune_full_name":"Xã Phú Long","commune_full_name_en":"Phu Long Commune","commune_slug":"phu_long","unit_type":"Xã","unit_type_en":"Commune","admin_level":2,"province_code":"37","province_name":"Ninh Bình","province_full_name":"Tỉnh Ninh Bình","province_slug":"ninh_binh","join_key":"14458","status":"active","dataset_effective_date":"2026-04-30","catalog_version":"2026-07-12","geometry_status":"not_embedded_boundary_available_by_url","boundary_source_url":"https://raw.githubusercontent.com/thanglequoc/vietnamese-provinces-database/master/json/geojson/37_ninh_binh/wards/14458_phu_long.geojson","boundary_source_page":"https://github.com/thanglequoc/vietnamese-provinces-database/blob/master/json/geojson/37_ninh_binh/wards/14458_phu_long.geojson","source_catalog":"https://github.com/thanglequoc/vietnamese-provinces-database"},"geometry":null},{"type":"Feature","id":"14464","properties":{"commune_code":"14464","commune_name":"Gia Viễn","commune_name_en":"Gia Vien","commune_full_name":"Xã Gia Viễn","commune_full_name_en":"Gia Vien Commune","commune_slug":"gia_vien","unit_type":"Xã","unit_type_en":"Commune","admin_level":2,"province_code":"37","province_name":"Ninh Bình","province_full_name":"Tỉnh Ninh Bình","province_slug":"ninh_binh","join_key":"14464","status":"active","dataset_effective_date":"2026-04-30","catalog_version":"2026-07-12","geometry_status":"not_embedded_boundary_available_by_url","boundary_source_url":"https://raw.githubusercontent.com/thanglequoc/vietnamese-provinces-database/master/json/geojson/37_ninh_binh/wards/14464_gia_vien.geojson","boundary_source_page":"https://github.com/thanglequoc/vietnamese-provinces-database/blob/master/json/geojson/37_ninh_binh/wards/14464_gia_vien.geojson","source_catalog":"https://github.com/thanglequoc/vietnamese-provinces-database"},"geometry":null},{"type":"Feature","id":"14482","properties":{"commune_code":"14482","commune_name":"Gia Hưng","commune_name_en":"Gia Hung","commune_full_name":"Xã Gia Hưng","commune_full_name_en":"Gia Hung Commune","commune_slug":"gia_hung","unit_type":"Xã","unit_type_en":"Commune","admin_level":2,"province_code":"37","province_name":"Ninh Bình","province_full_name":"Tỉnh Ninh Bình","province_slug":"ninh_binh","join_key":"14482","status":"active","dataset_effective_date":"2026-04-30","catalog_version":"2026-07-12","geometry_status":"not_embedded_boundary_available_by_url","boundary_source_url":"https://raw.githubusercontent.com/thanglequoc/vietnamese-provinces-database/master/json/geojson/37_ninh_binh/wards/14482_gia_hung.geojson","boundary_source_page":"https://github.com/thanglequoc/vietnamese-provinces-database/blob/master/json/geojson/37_ninh_binh/wards/14482_gia_hung.geojson","source_catalog":"https://github.com/thanglequoc/vietnamese-provinces-database"},"geometry":null},{"type":"Feature","id":"14488","properties":{"commune_code":"14488","commune_name":"Gia Vân","commune_name_en":"Gia Van","commune_full_name":"Xã Gia Vân","commune_full_name_en":"Gia Van Commune","commune_slug":"gia_van","unit_type":"Xã","unit_type_en":"Commune","admin_level":2,"province_code":"37","province_name":"Ninh Bình","province_full_name":"Tỉnh Ninh Bình","province_slug":"ninh_binh","join_key":"14488","status":"active","dataset_effective_date":"2026-04-30","catalog_version":"2026-07-12","geometry_status":"not_embedded_boundary_available_by_url","boundary_source_url":"https://raw.githubusercontent.com/thanglequoc/vietnamese-provinces-database/master/json/geojson/37_ninh_binh/wards/14488_gia_van.geojson","boundary_source_page":"https://github.com/thanglequoc/vietnamese-provinces-database/blob/master/json/geojson/37_ninh_binh/wards/14488_gia_van.geojson","source_catalog":"https://github.com/thanglequoc/vietnamese-provinces-database"},"geometry":null},{"type":"Feature","id":"14494","properties":{"commune_code":"14494","commune_name":"Gia Trấn","commune_name_en":"Gia Tran","commune_full_name":"Xã Gia Trấn","commune_full_name_en":"Gia Tran Commune","commune_slug":"gia_tran","unit_type":"Xã","unit_type_en":"Commune","admin_level":2,"province_code":"37","province_name":"Ninh Bình","province_full_name":"Tỉnh Ninh Bình","province_slug":"ninh_binh","join_key":"14494","status":"active","dataset_effective_date":"2026-04-30","catalog_version":"2026-07-12","geometry_status":"not_embedded_boundary_available_by_url","boundary_source_url":"https://raw.githubusercontent.com/thanglequoc/vietnamese-provinces-database/master/json/geojson/37_ninh_binh/wards/14494_gia_tran.geojson","boundary_source_page":"https://github.com/thanglequoc/vietnamese-provinces-database/blob/master/json/geojson/37_ninh_binh/wards/14494_gia_tran.geojson","source_catalog":"https://github.com/thanglequoc/vietnamese-provinces-database"},"geometry":null},{"type":"Feature","id":"14500","properties":{"commune_code":"14500","commune_name":"Đại Hoàng","commune_name_en":"Dai Hoang","commune_full_name":"Xã Đại Hoàng","commune_full_name_en":"Dai Hoang Commune","commune_slug":"dai_hoang","unit_type":"Xã","unit_type_en":"Commune","admin_level":2,"province_code":"37","province_name":"Ninh Bình","province_full_name":"Tỉnh Ninh Bình","province_slug":"ninh_binh","join_key":"14500","status":"active","dataset_effective_date":"2026-04-30","catalog_version":"2026-07-12","geometry_status":"not_embedded_boundary_available_by_url","boundary_source_url":"https://raw.githubusercontent.com/thanglequoc/vietnamese-provinces-database/master/json/geojson/37_ninh_binh/wards/14500_dai_hoang.geojson","boundary_source_page":"https://github.com/thanglequoc/vietnamese-provinces-database/blob/master/json/geojson/37_ninh_binh/wards/14500_dai_hoang.geojson","source_catalog":"https://github.com/thanglequoc/vietnamese-provinces-database"},"geometry":null},{"type":"Feature","id":"14524","properties":{"commune_code":"14524","commune_name":"Gia Phong","commune_name_en":"Gia Phong","commune_full_name":"Xã Gia Phong","commune_full_name_en":"Gia Phong Commune","commune_slug":"gia_phong","unit_type":"Xã","unit_type_en":"Commune","admin_level":2,"province_code":"37","province_name":"Ninh Bình","province_full_name":"Tỉnh Ninh Bình","province_slug":"ninh_binh","join_key":"14524","status":"active","dataset_effective_date":"2026-04-30","catalog_version":"2026-07-12","geometry_status":"not_embedded_boundary_available_by_url","boundary_source_url":"https://raw.githubusercontent.com/thanglequoc/vietnamese-provinces-database/master/json/geojson/37_ninh_binh/wards/14524_gia_phong.geojson","boundary_source_page":"https://github.com/thanglequoc/vietnamese-provinces-database/blob/master/json/geojson/37_ninh_binh/wards/14524_gia_phong.geojson","source_catalog":"https://github.com/thanglequoc/vietnamese-provinces-database"},"geometry":null},{"type":"Feature","id":"14533","properties":{"commune_code":"14533","commune_name":"Tây Hoa Lư","commune_name_en":"Tay Hoa Lu","commune_full_name":"Phường Tây Hoa Lư","commune_full_name_en":"Tay Hoa Lu Ward","commune_slug":"tay_hoa_lu","unit_type":"Phường","unit_type_en":"Ward","admin_level":2,"province_code":"37","province_name":"Ninh Bình","province_full_name":"Tỉnh Ninh Bình","province_slug":"ninh_binh","join_key":"14533","status":"active","dataset_effective_date":"2026-04-30","catalog_version":"2026-07-12","geometry_status":"not_embedded_boundary_available_by_url","boundary_source_url":"https://raw.githubusercontent.com/thanglequoc/vietnamese-provinces-database/master/json/geojson/37_ninh_binh/wards/14533_tay_hoa_lu.geojson","boundary_source_page":"https://github.com/thanglequoc/vietnamese-provinces-database/blob/master/json/geojson/37_ninh_binh/wards/14533_tay_hoa_lu.geojson","source_catalog":"https://github.com/thanglequoc/vietnamese-provinces-database"},"geometry":null},{"type":"Feature","id":"14560","properties":{"commune_code":"14560","commune_name":"Yên Khánh","commune_name_en":"Yen Khanh","commune_full_name":"Xã Yên Khánh","commune_full_name_en":"Yen Khanh Commune","commune_slug":"yen_khanh","unit_type":"Xã","unit_type_en":"Commune","admin_level":2,"province_code":"37","province_name":"Ninh Bình","province_full_name":"Tỉnh Ninh Bình","province_slug":"ninh_binh","join_key":"14560","status":"active","dataset_effective_date":"2026-04-30","catalog_version":"2026-07-12","geometry_status":"not_embedded_boundary_available_by_url","boundary_source_url":"https://raw.githubusercontent.com/thanglequoc/vietnamese-provinces-database/master/json/geojson/37_ninh_binh/wards/14560_yen_khanh.geojson","boundary_source_page":"https://github.com/thanglequoc/vietnamese-provinces-database/blob/master/json/geojson/37_ninh_binh/wards/14560_yen_khanh.geojson","source_catalog":"https://github.com/thanglequoc/vietnamese-provinces-database"},"geometry":null},{"type":"Feature","id":"14563","properties":{"commune_code":"14563","commune_name":"Khánh Thiện","commune_name_en":"Khanh Thien","commune_full_name":"Xã Khánh Thiện","commune_full_name_en":"Khanh Thien Commune","commune_slug":"khanh_thien","unit_type":"Xã","unit_type_en":"Commune","admin_level":2,"province_code":"37","province_name":"Ninh Bình","province_full_name":"Tỉnh Ninh Bình","province_slug":"ninh_binh","join_key":"14563","status":"active","dataset_effective_date":"2026-04-30","catalog_version":"2026-07-12","geometry_status":"not_embedded_boundary_available_by_url","boundary_source_url":"https://raw.githubusercontent.com/thanglequoc/vietnamese-provinces-database/master/json/geojson/37_ninh_binh/wards/14563_khanh_thien.geojson","boundary_source_page":"https://github.com/thanglequoc/vietnamese-provinces-database/blob/master/json/geojson/37_ninh_binh/wards/14563_khanh_thien.geojson","source_catalog":"https://github.com/thanglequoc/vietnamese-provinces-database"},"geometry":null},{"type":"Feature","id":"14566","properties":{"commune_code":"14566","commune_name":"Đông Hoa Lư","commune_name_en":"Dong Hoa Lu","commune_full_name":"Phường Đông Hoa Lư","commune_full_name_en":"Dong Hoa Lu Ward","commune_slug":"dong_hoa_lu","unit_type":"Phường","unit_type_en":"Ward","admin_level":2,"province_code":"37","province_name":"Ninh Bình","province_full_name":"Tỉnh Ninh Bình","province_slug":"ninh_binh","join_key":"14566","status":"active","dataset_effective_date":"2026-04-30","catalog_version":"2026-07-12","geometry_status":"not_embedded_boundary_available_by_url","boundary_source_url":"https://raw.githubusercontent.com/thanglequoc/vietnamese-provinces-database/master/json/geojson/37_ninh_binh/wards/14566_dong_hoa_lu.geojson","boundary_source_page":"https://github.com/thanglequoc/vietnamese-provinces-database/blob/master/json/geojson/37_ninh_binh/wards/14566_dong_hoa_lu.geojson","source_catalog":"https://github.com/thanglequoc/vietnamese-provinces-database"},"geometry":null},{"type":"Feature","id":"14608","properties":{"commune_code":"14608","commune_name":"Khánh Trung","commune_name_en":"Khanh Trung","commune_full_name":"Xã Khánh Trung","commune_full_name_en":"Khanh Trung Commune","commune_slug":"khanh_trung","unit_type":"Xã","unit_type_en":"Commune","admin_level":2,"province_code":"37","province_name":"Ninh Bình","province_full_name":"Tỉnh Ninh Bình","province_slug":"ninh_binh","join_key":"14608","status":"active","dataset_effective_date":"2026-04-30","catalog_version":"2026-07-12","geometry_status":"not_embedded_boundary_available_by_url","boundary_source_url":"https://raw.githubusercontent.com/thanglequoc/vietnamese-provinces-database/master/json/geojson/37_ninh_binh/wards/14608_khanh_trung.geojson","boundary_source_page":"https://github.com/thanglequoc/vietnamese-provinces-database/blob/master/json/geojson/37_ninh_binh/wards/14608_khanh_trung.geojson","source_catalog":"https://github.com/thanglequoc/vietnamese-provinces-database"},"geometry":null},{"type":"Feature","id":"14611","properties":{"commune_code":"14611","commune_name":"Khánh Nhạc","commune_name_en":"Khanh Nhac","commune_full_name":"Xã Khánh Nhạc","commune_full_name_en":"Khanh Nhac Commune","commune_slug":"khanh_nhac","unit_type":"Xã","unit_type_en":"Commune","admin_level":2,"province_code":"37","province_name":"Ninh Bình","province_full_name":"Tỉnh Ninh Bình","province_slug":"ninh_binh","join_key":"14611","status":"active","dataset_effective_date":"2026-04-30","catalog_version":"2026-07-12","geometry_status":"not_embedded_boundary_available_by_url","boundary_source_url":"https://raw.githubusercontent.com/thanglequoc/vietnamese-provinces-database/master/json/geojson/37_ninh_binh/wards/14611_khanh_nhac.geojson","boundary_source_page":"https://github.com/thanglequoc/vietnamese-provinces-database/blob/master/json/geojson/37_ninh_binh/wards/14611_khanh_nhac.geojson","source_catalog":"https://github.com/thanglequoc/vietnamese-provinces-database"},"geometry":null},{"type":"Feature","id":"14614","properties":{"commune_code":"14614","commune_name":"Khánh Hội","commune_name_en":"Khanh Hoi","commune_full_name":"Xã Khánh Hội","commune_full_name_en":"Khanh Hoi Commune","commune_slug":"khanh_hoi","unit_type":"Xã","unit_type_en":"Commune","admin_level":2,"province_code":"37","province_name":"Ninh Bình","province_full_name":"Tỉnh Ninh Bình","province_slug":"ninh_binh","join_key":"14614","status":"active","dataset_effective_date":"2026-04-30","catalog_version":"2026-07-12","geometry_status":"not_embedded_boundary_available_by_url","boundary_source_url":"https://raw.githubusercontent.com/thanglequoc/vietnamese-provinces-database/master/json/geojson/37_ninh_binh/wards/14614_khanh_hoi.geojson","boundary_source_page":"https://github.com/thanglequoc/vietnamese-provinces-database/blob/master/json/geojson/37_ninh_binh/wards/14614_khanh_hoi.geojson","source_catalog":"https://github.com/thanglequoc/vietnamese-provinces-database"},"geometry":null},{"type":"Feature","id":"14620","properties":{"commune_code":"14620","commune_name":"Phát Diệm","commune_name_en":"Phat Diem","commune_full_name":"Xã Phát Diệm","commune_full_name_en":"Phat Diem Commune","commune_slug":"phat_diem","unit_type":"Xã","unit_type_en":"Commune","admin_level":2,"province_code":"37","province_name":"Ninh Bình","province_full_name":"Tỉnh Ninh Bình","province_slug":"ninh_binh","join_key":"14620","status":"active","dataset_effective_date":"2026-04-30","catalog_version":"2026-07-12","geometry_status":"not_embedded_boundary_available_by_url","boundary_source_url":"https://raw.githubusercontent.com/thanglequoc/vietnamese-provinces-database/master/json/geojson/37_ninh_binh/wards/14620_phat_diem.geojson","boundary_source_page":"https://github.com/thanglequoc/vietnamese-provinces-database/blob/master/json/geojson/37_ninh_binh/wards/14620_phat_diem.geojson","source_catalog":"https://github.com/thanglequoc/vietnamese-provinces-database"},"geometry":null},{"type":"Feature","id":"14623","properties":{"commune_code":"14623","commune_name":"Bình Minh","commune_name_en":"Binh Minh","commune_full_name":"Xã Bình Minh","commune_full_name_en":"Binh Minh Commune","commune_slug":"binh_minh","unit_type":"Xã","unit_type_en":"Commune","admin_level":2,"province_code":"37","province_name":"Ninh Bình","province_full_name":"Tỉnh Ninh Bình","province_slug":"ninh_binh","join_key":"14623","status":"active","dataset_effective_date":"2026-04-30","catalog_version":"2026-07-12","geometry_status":"not_embedded_boundary_available_by_url","boundary_source_url":"https://raw.githubusercontent.com/thanglequoc/vietnamese-provinces-database/master/json/geojson/37_ninh_binh/wards/14623_binh_minh.geojson","boundary_source_page":"https://github.com/thanglequoc/vietnamese-provinces-database/blob/master/json/geojson/37_ninh_binh/wards/14623_binh_minh.geojson","source_catalog":"https://github.com/thanglequoc/vietnamese-provinces-database"},"geometry":null},{"type":"Feature","id":"14638","properties":{"commune_code":"14638","commune_name":"Kim Sơn","commune_name_en":"Kim Son","commune_full_name":"Xã Kim Sơn","commune_full_name_en":"Kim Son Commune","commune_slug":"kim_son","unit_type":"Xã","unit_type_en":"Commune","admin_level":2,"province_code":"37","province_name":"Ninh Bình","province_full_name":"Tỉnh Ninh Bình","province_slug":"ninh_binh","join_key":"14638","status":"active","dataset_effective_date":"2026-04-30","catalog_version":"2026-07-12","geometry_status":"not_embedded_boundary_available_by_url","boundary_source_url":"https://raw.githubusercontent.com/thanglequoc/vietnamese-provinces-database/master/json/geojson/37_ninh_binh/wards/14638_kim_son.geojson","boundary_source_page":"https://github.com/thanglequoc/vietnamese-provinces-database/blob/master/json/geojson/37_ninh_binh/wards/14638_kim_son.geojson","source_catalog":"https://github.com/thanglequoc/vietnamese-provinces-database"},"geometry":null},{"type":"Feature","id":"14647","properties":{"commune_code":"14647","commune_name":"Quang Thiện","commune_name_en":"Quang Thien","commune_full_name":"Xã Quang Thiện","commune_full_name_en":"Quang Thien Commune","commune_slug":"quang_thien","unit_type":"Xã","unit_type_en":"Commune","admin_level":2,"province_code":"37","province_name":"Ninh Bình","province_full_name":"Tỉnh Ninh Bình","province_slug":"ninh_binh","join_key":"14647","status":"active","dataset_effective_date":"2026-04-30","catalog_version":"2026-07-12","geometry_status":"not_embedded_boundary_available_by_url","boundary_source_url":"https://raw.githubusercontent.com/thanglequoc/vietnamese-provinces-database/master/json/geojson/37_ninh_binh/wards/14647_quang_thien.geojson","boundary_source_page":"https://github.com/thanglequoc/vietnamese-provinces-database/blob/master/json/geojson/37_ninh_binh/wards/14647_quang_thien.geojson","source_catalog":"https://github.com/thanglequoc/vietnamese-provinces-database"},"geometry":null},{"type":"Feature","id":"14653","properties":{"commune_code":"14653","commune_name":"Chất Bình","commune_name_en":"Chat Binh","commune_full_name":"Xã Chất Bình","commune_full_name_en":"Chat Binh Commune","commune_slug":"chat_binh","unit_type":"Xã","unit_type_en":"Commune","admin_level":2,"province_code":"37","province_name":"Ninh Bình","province_full_name":"Tỉnh Ninh Bình","province_slug":"ninh_binh","join_key":"14653","status":"active","dataset_effective_date":"2026-04-30","catalog_version":"2026-07-12","geometry_status":"not_embedded_boundary_available_by_url","boundary_source_url":"https://raw.githubusercontent.com/thanglequoc/vietnamese-provinces-database/master/json/geojson/37_ninh_binh/wards/14653_chat_binh.geojson","boundary_source_page":"https://github.com/thanglequoc/vietnamese-provinces-database/blob/master/json/geojson/37_ninh_binh/wards/14653_chat_binh.geojson","source_catalog":"https://github.com/thanglequoc/vietnamese-provinces-database"},"geometry":null},{"type":"Feature","id":"14674","properties":{"commune_code":"14674","commune_name":"Lai Thành","commune_name_en":"Lai Thanh","commune_full_name":"Xã Lai Thành","commune_full_name_en":"Lai Thanh Commune","commune_slug":"lai_thanh","unit_type":"Xã","unit_type_en":"Commune","admin_level":2,"province_code":"37","province_name":"Ninh Bình","province_full_name":"Tỉnh Ninh Bình","province_slug":"ninh_binh","join_key":"14674","status":"active","dataset_effective_date":"2026-04-30","catalog_version":"2026-07-12","geometry_status":"not_embedded_boundary_available_by_url","boundary_source_url":"https://raw.githubusercontent.com/thanglequoc/vietnamese-provinces-database/master/json/geojson/37_ninh_binh/wards/14674_lai_thanh.geojson","boundary_source_page":"https://github.com/thanglequoc/vietnamese-provinces-database/blob/master/json/geojson/37_ninh_binh/wards/14674_lai_thanh.geojson","source_catalog":"https://github.com/thanglequoc/vietnamese-provinces-database"},"geometry":null},{"type":"Feature","id":"14677","properties":{"commune_code":"14677","commune_name":"Định Hoá","commune_name_en":"Dinh Hoa","commune_full_name":"Xã Định Hoá","commune_full_name_en":"Dinh Hoa Commune","commune_slug":"dinh_hoa","unit_type":"Xã","unit_type_en":"Commune","admin_level":2,"province_code":"37","province_name":"Ninh Bình","province_full_name":"Tỉnh Ninh Bình","province_slug":"ninh_binh","join_key":"14677","status":"active","dataset_effective_date":"2026-04-30","catalog_version":"2026-07-12","geometry_status":"not_embedded_boundary_available_by_url","boundary_source_url":"https://raw.githubusercontent.com/thanglequoc/vietnamese-provinces-database/master/json/geojson/37_ninh_binh/wards/14677_dinh_hoa.geojson","boundary_source_page":"https://github.com/thanglequoc/vietnamese-provinces-database/blob/master/json/geojson/37_ninh_binh/wards/14677_dinh_hoa.geojson","source_catalog":"https://github.com/thanglequoc/vietnamese-provinces-database"},"geometry":null},{"type":"Feature","id":"14698","properties":{"commune_code":"14698","commune_name":"Kim Đông","commune_name_en":"Kim Dong","commune_full_name":"Xã Kim Đông","commune_full_name_en":"Kim Dong Commune","commune_slug":"kim_dong","unit_type":"Xã","unit_type_en":"Commune","admin_level":2,"province_code":"37","province_name":"Ninh Bình","province_full_name":"Tỉnh Ninh Bình","province_slug":"ninh_binh","join_key":"14698","status":"active","dataset_effective_date":"2026-04-30","catalog_version":"2026-07-12","geometry_status":"not_embedded_boundary_available_by_url","boundary_source_url":"https://raw.githubusercontent.com/thanglequoc/vietnamese-provinces-database/master/json/geojson/37_ninh_binh/wards/14698_kim_dong.geojson","boundary_source_page":"https://github.com/thanglequoc/vietnamese-provinces-database/blob/master/json/geojson/37_ninh_binh/wards/14698_kim_dong.geojson","source_catalog":"https://github.com/thanglequoc/vietnamese-provinces-database"},"geometry":null},{"type":"Feature","id":"14701","properties":{"commune_code":"14701","commune_name":"Yên Mô","commune_name_en":"Yen Mo","commune_full_name":"Xã Yên Mô","commune_full_name_en":"Yen Mo Commune","commune_slug":"yen_mo","unit_type":"Xã","unit_type_en":"Commune","admin_level":2,"province_code":"37","province_name":"Ninh Bình","province_full_name":"Tỉnh Ninh Bình","province_slug":"ninh_binh","join_key":"14701","status":"active","dataset_effective_date":"2026-04-30","catalog_version":"2026-07-12","geometry_status":"not_embedded_boundary_available_by_url","boundary_source_url":"https://raw.githubusercontent.com/thanglequoc/vietnamese-provinces-database/master/json/geojson/37_ninh_binh/wards/14701_yen_mo.geojson","boundary_source_page":"https://github.com/thanglequoc/vietnamese-provinces-database/blob/master/json/geojson/37_ninh_binh/wards/14701_yen_mo.geojson","source_catalog":"https://github.com/thanglequoc/vietnamese-provinces-database"},"geometry":null},{"type":"Feature","id":"14725","properties":{"commune_code":"14725","commune_name":"Yên Thắng","commune_name_en":"Yen Thang","commune_full_name":"Phường Yên Thắng","commune_full_name_en":"Yen Thang Ward","commune_slug":"yen_thang","unit_type":"Phường","unit_type_en":"Ward","admin_level":2,"province_code":"37","province_name":"Ninh Bình","province_full_name":"Tỉnh Ninh Bình","province_slug":"ninh_binh","join_key":"14725","status":"active","dataset_effective_date":"2026-04-30","catalog_version":"2026-07-12","geometry_status":"not_embedded_boundary_available_by_url","boundary_source_url":"https://raw.githubusercontent.com/thanglequoc/vietnamese-provinces-database/master/json/geojson/37_ninh_binh/wards/14725_yen_thang.geojson","boundary_source_page":"https://github.com/thanglequoc/vietnamese-provinces-database/blob/master/json/geojson/37_ninh_binh/wards/14725_yen_thang.geojson","source_catalog":"https://github.com/thanglequoc/vietnamese-provinces-database"},"geometry":null},{"type":"Feature","id":"14728","properties":{"commune_code":"14728","commune_name":"Yên Từ","commune_name_en":"Yen Tu","commune_full_name":"Xã Yên Từ","commune_full_name_en":"Yen Tu Commune","commune_slug":"yen_tu","unit_type":"Xã","unit_type_en":"Commune","admin_level":2,"province_code":"37","province_name":"Ninh Bình","province_full_name":"Tỉnh Ninh Bình","province_slug":"ninh_binh","join_key":"14728","status":"active","dataset_effective_date":"2026-04-30","catalog_version":"2026-07-12","geometry_status":"not_embedded_boundary_available_by_url","boundary_source_url":"https://raw.githubusercontent.com/thanglequoc/vietnamese-provinces-database/master/json/geojson/37_ninh_binh/wards/14728_yen_tu.geojson","boundary_source_page":"https://github.com/thanglequoc/vietnamese-provinces-database/blob/master/json/geojson/37_ninh_binh/wards/14728_yen_tu.geojson","source_catalog":"https://github.com/thanglequoc/vietnamese-provinces-database"},"geometry":null},{"type":"Feature","id":"14743","properties":{"commune_code":"14743","commune_name":"Yên Mạc","commune_name_en":"Yen Mac","commune_full_name":"Xã Yên Mạc","commune_full_name_en":"Yen Mac Commune","commune_slug":"yen_mac","unit_type":"Xã","unit_type_en":"Commune","admin_level":2,"province_code":"37","province_name":"Ninh Bình","province_full_name":"Tỉnh Ninh Bình","province_slug":"ninh_binh","join_key":"14743","status":"active","dataset_effective_date":"2026-04-30","catalog_version":"2026-07-12","geometry_status":"not_embedded_boundary_available_by_url","boundary_source_url":"https://raw.githubusercontent.com/thanglequoc/vietnamese-provinces-database/master/json/geojson/37_ninh_binh/wards/14743_yen_mac.geojson","boundary_source_page":"https://github.com/thanglequoc/vietnamese-provinces-database/blob/master/json/geojson/37_ninh_binh/wards/14743_yen_mac.geojson","source_catalog":"https://github.com/thanglequoc/vietnamese-provinces-database"},"geometry":null},{"type":"Feature","id":"14746","properties":{"commune_code":"14746","commune_name":"Đồng Thái","commune_name_en":"Dong Thai","commune_full_name":"Xã Đồng Thái","commune_full_name_en":"Dong Thai Commune","commune_slug":"dong_thai","unit_type":"Xã","unit_type_en":"Commune","admin_level":2,"province_code":"37","province_name":"Ninh Bình","province_full_name":"Tỉnh Ninh Bình","province_slug":"ninh_binh","join_key":"14746","status":"active","dataset_effective_date":"2026-04-30","catalog_version":"2026-07-12","geometry_status":"not_embedded_boundary_available_by_url","boundary_source_url":"https://raw.githubusercontent.com/thanglequoc/vietnamese-provinces-database/master/json/geojson/37_ninh_binh/wards/14746_dong_thai.geojson","boundary_source_page":"https://github.com/thanglequoc/vietnamese-provinces-database/blob/master/json/geojson/37_ninh_binh/wards/14746_dong_thai.geojson","source_catalog":"https://github.com/thanglequoc/vietnamese-provinces-database"},"geometry":null}]}