{"type":"FeatureCollection","name":"38_thanh_hoa_communes_attributes","metadata":{"province_code":"38","province_name":"Thanh Hoá","feature_count":166,"geometry":null,"join_key":"commune_code"},"features":[{"type":"Feature","id":"14758","properties":{"commune_code":"14758","commune_name":"Hàm Rồng","commune_name_en":"Ham Rong","commune_full_name":"Phường Hàm Rồng","commune_full_name_en":"Ham Rong Ward","commune_slug":"ham_rong","unit_type":"Phường","unit_type_en":"Ward","admin_level":2,"province_code":"38","province_name":"Thanh Hoá","province_full_name":"Tỉnh Thanh Hoá","province_slug":"thanh_hoa","join_key":"14758","status":"active","dataset_effective_date":"2026-04-30","catalog_version":"2026-07-12","geometry_status":"not_embedded_boundary_available_by_url","boundary_source_url":"https://raw.githubusercontent.com/thanglequoc/vietnamese-provinces-database/master/json/geojson/38_thanh_hoa/wards/14758_ham_rong.geojson","boundary_source_page":"https://github.com/thanglequoc/vietnamese-provinces-database/blob/master/json/geojson/38_thanh_hoa/wards/14758_ham_rong.geojson","source_catalog":"https://github.com/thanglequoc/vietnamese-provinces-database"},"geometry":null},{"type":"Feature","id":"14797","properties":{"commune_code":"14797","commune_name":"Hạc Thành","commune_name_en":"Hac Thanh","commune_full_name":"Phường Hạc Thành","commune_full_name_en":"Hac Thanh Ward","commune_slug":"hac_thanh","unit_type":"Phường","unit_type_en":"Ward","admin_level":2,"province_code":"38","province_name":"Thanh Hoá","province_full_name":"Tỉnh Thanh Hoá","province_slug":"thanh_hoa","join_key":"14797","status":"active","dataset_effective_date":"2026-04-30","catalog_version":"2026-07-12","geometry_status":"not_embedded_boundary_available_by_url","boundary_source_url":"https://raw.githubusercontent.com/thanglequoc/vietnamese-provinces-database/master/json/geojson/38_thanh_hoa/wards/14797_hac_thanh.geojson","boundary_source_page":"https://github.com/thanglequoc/vietnamese-provinces-database/blob/master/json/geojson/38_thanh_hoa/wards/14797_hac_thanh.geojson","source_catalog":"https://github.com/thanglequoc/vietnamese-provinces-database"},"geometry":null},{"type":"Feature","id":"14812","properties":{"commune_code":"14812","commune_name":"Bỉm Sơn","commune_name_en":"Bim Son","commune_full_name":"Phường Bỉm Sơn","commune_full_name_en":"Bim Son Ward","commune_slug":"bim_son","unit_type":"Phường","unit_type_en":"Ward","admin_level":2,"province_code":"38","province_name":"Thanh Hoá","province_full_name":"Tỉnh Thanh Hoá","province_slug":"thanh_hoa","join_key":"14812","status":"active","dataset_effective_date":"2026-04-30","catalog_version":"2026-07-12","geometry_status":"not_embedded_boundary_available_by_url","boundary_source_url":"https://raw.githubusercontent.com/thanglequoc/vietnamese-provinces-database/master/json/geojson/38_thanh_hoa/wards/14812_bim_son.geojson","boundary_source_page":"https://github.com/thanglequoc/vietnamese-provinces-database/blob/master/json/geojson/38_thanh_hoa/wards/14812_bim_son.geojson","source_catalog":"https://github.com/thanglequoc/vietnamese-provinces-database"},"geometry":null},{"type":"Feature","id":"14818","properties":{"commune_code":"14818","commune_name":"Quang Trung","commune_name_en":"Quang Trung","commune_full_name":"Phường Quang Trung","commune_full_name_en":"Quang Trung Ward","commune_slug":"quang_trung","unit_type":"Phường","unit_type_en":"Ward","admin_level":2,"province_code":"38","province_name":"Thanh Hoá","province_full_name":"Tỉnh Thanh Hoá","province_slug":"thanh_hoa","join_key":"14818","status":"active","dataset_effective_date":"2026-04-30","catalog_version":"2026-07-12","geometry_status":"not_embedded_boundary_available_by_url","boundary_source_url":"https://raw.githubusercontent.com/thanglequoc/vietnamese-provinces-database/master/json/geojson/38_thanh_hoa/wards/14818_quang_trung.geojson","boundary_source_page":"https://github.com/thanglequoc/vietnamese-provinces-database/blob/master/json/geojson/38_thanh_hoa/wards/14818_quang_trung.geojson","source_catalog":"https://github.com/thanglequoc/vietnamese-provinces-database"},"geometry":null},{"type":"Feature","id":"14845","properties":{"commune_code":"14845","commune_name":"Mường Lát","commune_name_en":"Muong Lat","commune_full_name":"Xã Mường Lát","commune_full_name_en":"Muong Lat Commune","commune_slug":"muong_lat","unit_type":"Xã","unit_type_en":"Commune","admin_level":2,"province_code":"38","province_name":"Thanh Hoá","province_full_name":"Tỉnh Thanh Hoá","province_slug":"thanh_hoa","join_key":"14845","status":"active","dataset_effective_date":"2026-04-30","catalog_version":"2026-07-12","geometry_status":"not_embedded_boundary_available_by_url","boundary_source_url":"https://raw.githubusercontent.com/thanglequoc/vietnamese-provinces-database/master/json/geojson/38_thanh_hoa/wards/14845_muong_lat.geojson","boundary_source_page":"https://github.com/thanglequoc/vietnamese-provinces-database/blob/master/json/geojson/38_thanh_hoa/wards/14845_muong_lat.geojson","source_catalog":"https://github.com/thanglequoc/vietnamese-provinces-database"},"geometry":null},{"type":"Feature","id":"14848","properties":{"commune_code":"14848","commune_name":"Tam Chung","commune_name_en":"Tam Chung","commune_full_name":"Xã Tam Chung","commune_full_name_en":"Tam Chung Commune","commune_slug":"tam_chung","unit_type":"Xã","unit_type_en":"Commune","admin_level":2,"province_code":"38","province_name":"Thanh Hoá","province_full_name":"Tỉnh Thanh Hoá","province_slug":"thanh_hoa","join_key":"14848","status":"active","dataset_effective_date":"2026-04-30","catalog_version":"2026-07-12","geometry_status":"not_embedded_boundary_available_by_url","boundary_source_url":"https://raw.githubusercontent.com/thanglequoc/vietnamese-provinces-database/master/json/geojson/38_thanh_hoa/wards/14848_tam_chung.geojson","boundary_source_page":"https://github.com/thanglequoc/vietnamese-provinces-database/blob/master/json/geojson/38_thanh_hoa/wards/14848_tam_chung.geojson","source_catalog":"https://github.com/thanglequoc/vietnamese-provinces-database"},"geometry":null},{"type":"Feature","id":"14854","properties":{"commune_code":"14854","commune_name":"Mường Lý","commune_name_en":"Muong Ly","commune_full_name":"Xã Mường Lý","commune_full_name_en":"Muong Ly Commune","commune_slug":"muong_ly","unit_type":"Xã","unit_type_en":"Commune","admin_level":2,"province_code":"38","province_name":"Thanh Hoá","province_full_name":"Tỉnh Thanh Hoá","province_slug":"thanh_hoa","join_key":"14854","status":"active","dataset_effective_date":"2026-04-30","catalog_version":"2026-07-12","geometry_status":"not_embedded_boundary_available_by_url","boundary_source_url":"https://raw.githubusercontent.com/thanglequoc/vietnamese-provinces-database/master/json/geojson/38_thanh_hoa/wards/14854_muong_ly.geojson","boundary_source_page":"https://github.com/thanglequoc/vietnamese-provinces-database/blob/master/json/geojson/38_thanh_hoa/wards/14854_muong_ly.geojson","source_catalog":"https://github.com/thanglequoc/vietnamese-provinces-database"},"geometry":null},{"type":"Feature","id":"14857","properties":{"commune_code":"14857","commune_name":"Trung Lý","commune_name_en":"Trung Ly","commune_full_name":"Xã Trung Lý","commune_full_name_en":"Trung Ly Commune","commune_slug":"trung_ly","unit_type":"Xã","unit_type_en":"Commune","admin_level":2,"province_code":"38","province_name":"Thanh Hoá","province_full_name":"Tỉnh Thanh Hoá","province_slug":"thanh_hoa","join_key":"14857","status":"active","dataset_effective_date":"2026-04-30","catalog_version":"2026-07-12","geometry_status":"not_embedded_boundary_available_by_url","boundary_source_url":"https://raw.githubusercontent.com/thanglequoc/vietnamese-provinces-database/master/json/geojson/38_thanh_hoa/wards/14857_trung_ly.geojson","boundary_source_page":"https://github.com/thanglequoc/vietnamese-provinces-database/blob/master/json/geojson/38_thanh_hoa/wards/14857_trung_ly.geojson","source_catalog":"https://github.com/thanglequoc/vietnamese-provinces-database"},"geometry":null},{"type":"Feature","id":"14860","properties":{"commune_code":"14860","commune_name":"Quang Chiểu","commune_name_en":"Quang Chieu","commune_full_name":"Xã Quang Chiểu","commune_full_name_en":"Quang Chieu Commune","commune_slug":"quang_chieu","unit_type":"Xã","unit_type_en":"Commune","admin_level":2,"province_code":"38","province_name":"Thanh Hoá","province_full_name":"Tỉnh Thanh Hoá","province_slug":"thanh_hoa","join_key":"14860","status":"active","dataset_effective_date":"2026-04-30","catalog_version":"2026-07-12","geometry_status":"not_embedded_boundary_available_by_url","boundary_source_url":"https://raw.githubusercontent.com/thanglequoc/vietnamese-provinces-database/master/json/geojson/38_thanh_hoa/wards/14860_quang_chieu.geojson","boundary_source_page":"https://github.com/thanglequoc/vietnamese-provinces-database/blob/master/json/geojson/38_thanh_hoa/wards/14860_quang_chieu.geojson","source_catalog":"https://github.com/thanglequoc/vietnamese-provinces-database"},"geometry":null},{"type":"Feature","id":"14863","properties":{"commune_code":"14863","commune_name":"Pù Nhi","commune_name_en":"Pu Nhi","commune_full_name":"Xã Pù Nhi","commune_full_name_en":"Pu Nhi Commune","commune_slug":"pu_nhi","unit_type":"Xã","unit_type_en":"Commune","admin_level":2,"province_code":"38","province_name":"Thanh Hoá","province_full_name":"Tỉnh Thanh Hoá","province_slug":"thanh_hoa","join_key":"14863","status":"active","dataset_effective_date":"2026-04-30","catalog_version":"2026-07-12","geometry_status":"not_embedded_boundary_available_by_url","boundary_source_url":"https://raw.githubusercontent.com/thanglequoc/vietnamese-provinces-database/master/json/geojson/38_thanh_hoa/wards/14863_pu_nhi.geojson","boundary_source_page":"https://github.com/thanglequoc/vietnamese-provinces-database/blob/master/json/geojson/38_thanh_hoa/wards/14863_pu_nhi.geojson","source_catalog":"https://github.com/thanglequoc/vietnamese-provinces-database"},"geometry":null},{"type":"Feature","id":"14864","properties":{"commune_code":"14864","commune_name":"Nhi Sơn","commune_name_en":"Nhi Son","commune_full_name":"Xã Nhi Sơn","commune_full_name_en":"Nhi Son Commune","commune_slug":"nhi_son","unit_type":"Xã","unit_type_en":"Commune","admin_level":2,"province_code":"38","province_name":"Thanh Hoá","province_full_name":"Tỉnh Thanh Hoá","province_slug":"thanh_hoa","join_key":"14864","status":"active","dataset_effective_date":"2026-04-30","catalog_version":"2026-07-12","geometry_status":"not_embedded_boundary_available_by_url","boundary_source_url":"https://raw.githubusercontent.com/thanglequoc/vietnamese-provinces-database/master/json/geojson/38_thanh_hoa/wards/14864_nhi_son.geojson","boundary_source_page":"https://github.com/thanglequoc/vietnamese-provinces-database/blob/master/json/geojson/38_thanh_hoa/wards/14864_nhi_son.geojson","source_catalog":"https://github.com/thanglequoc/vietnamese-provinces-database"},"geometry":null},{"type":"Feature","id":"14866","properties":{"commune_code":"14866","commune_name":"Mường Chanh","commune_name_en":"Muong Chanh","commune_full_name":"Xã Mường Chanh","commune_full_name_en":"Muong Chanh Commune","commune_slug":"muong_chanh","unit_type":"Xã","unit_type_en":"Commune","admin_level":2,"province_code":"38","province_name":"Thanh Hoá","province_full_name":"Tỉnh Thanh Hoá","province_slug":"thanh_hoa","join_key":"14866","status":"active","dataset_effective_date":"2026-04-30","catalog_version":"2026-07-12","geometry_status":"not_embedded_boundary_available_by_url","boundary_source_url":"https://raw.githubusercontent.com/thanglequoc/vietnamese-provinces-database/master/json/geojson/38_thanh_hoa/wards/14866_muong_chanh.geojson","boundary_source_page":"https://github.com/thanglequoc/vietnamese-provinces-database/blob/master/json/geojson/38_thanh_hoa/wards/14866_muong_chanh.geojson","source_catalog":"https://github.com/thanglequoc/vietnamese-provinces-database"},"geometry":null},{"type":"Feature","id":"14869","properties":{"commune_code":"14869","commune_name":"Hồi Xuân","commune_name_en":"Hoi Xuan","commune_full_name":"Xã Hồi Xuân","commune_full_name_en":"Hoi Xuan Commune","commune_slug":"hoi_xuan","unit_type":"Xã","unit_type_en":"Commune","admin_level":2,"province_code":"38","province_name":"Thanh Hoá","province_full_name":"Tỉnh Thanh Hoá","province_slug":"thanh_hoa","join_key":"14869","status":"active","dataset_effective_date":"2026-04-30","catalog_version":"2026-07-12","geometry_status":"not_embedded_boundary_available_by_url","boundary_source_url":"https://raw.githubusercontent.com/thanglequoc/vietnamese-provinces-database/master/json/geojson/38_thanh_hoa/wards/14869_hoi_xuan.geojson","boundary_source_page":"https://github.com/thanglequoc/vietnamese-provinces-database/blob/master/json/geojson/38_thanh_hoa/wards/14869_hoi_xuan.geojson","source_catalog":"https://github.com/thanglequoc/vietnamese-provinces-database"},"geometry":null},{"type":"Feature","id":"14872","properties":{"commune_code":"14872","commune_name":"Trung Thành","commune_name_en":"Trung Thanh","commune_full_name":"Xã Trung Thành","commune_full_name_en":"Trung Thanh Commune","commune_slug":"trung_thanh","unit_type":"Xã","unit_type_en":"Commune","admin_level":2,"province_code":"38","province_name":"Thanh Hoá","province_full_name":"Tỉnh Thanh Hoá","province_slug":"thanh_hoa","join_key":"14872","status":"active","dataset_effective_date":"2026-04-30","catalog_version":"2026-07-12","geometry_status":"not_embedded_boundary_available_by_url","boundary_source_url":"https://raw.githubusercontent.com/thanglequoc/vietnamese-provinces-database/master/json/geojson/38_thanh_hoa/wards/14872_trung_thanh.geojson","boundary_source_page":"https://github.com/thanglequoc/vietnamese-provinces-database/blob/master/json/geojson/38_thanh_hoa/wards/14872_trung_thanh.geojson","source_catalog":"https://github.com/thanglequoc/vietnamese-provinces-database"},"geometry":null},{"type":"Feature","id":"14875","properties":{"commune_code":"14875","commune_name":"Trung Sơn","commune_name_en":"Trung Son","commune_full_name":"Xã Trung Sơn","commune_full_name_en":"Trung Son Commune","commune_slug":"trung_son","unit_type":"Xã","unit_type_en":"Commune","admin_level":2,"province_code":"38","province_name":"Thanh Hoá","province_full_name":"Tỉnh Thanh Hoá","province_slug":"thanh_hoa","join_key":"14875","status":"active","dataset_effective_date":"2026-04-30","catalog_version":"2026-07-12","geometry_status":"not_embedded_boundary_available_by_url","boundary_source_url":"https://raw.githubusercontent.com/thanglequoc/vietnamese-provinces-database/master/json/geojson/38_thanh_hoa/wards/14875_trung_son.geojson","boundary_source_page":"https://github.com/thanglequoc/vietnamese-provinces-database/blob/master/json/geojson/38_thanh_hoa/wards/14875_trung_son.geojson","source_catalog":"https://github.com/thanglequoc/vietnamese-provinces-database"},"geometry":null},{"type":"Feature","id":"14878","properties":{"commune_code":"14878","commune_name":"Phú Lệ","commune_name_en":"Phu Le","commune_full_name":"Xã Phú Lệ","commune_full_name_en":"Phu Le Commune","commune_slug":"phu_le","unit_type":"Xã","unit_type_en":"Commune","admin_level":2,"province_code":"38","province_name":"Thanh Hoá","province_full_name":"Tỉnh Thanh Hoá","province_slug":"thanh_hoa","join_key":"14878","status":"active","dataset_effective_date":"2026-04-30","catalog_version":"2026-07-12","geometry_status":"not_embedded_boundary_available_by_url","boundary_source_url":"https://raw.githubusercontent.com/thanglequoc/vietnamese-provinces-database/master/json/geojson/38_thanh_hoa/wards/14878_phu_le.geojson","boundary_source_page":"https://github.com/thanglequoc/vietnamese-provinces-database/blob/master/json/geojson/38_thanh_hoa/wards/14878_phu_le.geojson","source_catalog":"https://github.com/thanglequoc/vietnamese-provinces-database"},"geometry":null},{"type":"Feature","id":"14890","properties":{"commune_code":"14890","commune_name":"Phú Xuân","commune_name_en":"Phu Xuan","commune_full_name":"Xã Phú Xuân","commune_full_name_en":"Phu Xuan Commune","commune_slug":"phu_xuan","unit_type":"Xã","unit_type_en":"Commune","admin_level":2,"province_code":"38","province_name":"Thanh Hoá","province_full_name":"Tỉnh Thanh Hoá","province_slug":"thanh_hoa","join_key":"14890","status":"active","dataset_effective_date":"2026-04-30","catalog_version":"2026-07-12","geometry_status":"not_embedded_boundary_available_by_url","boundary_source_url":"https://raw.githubusercontent.com/thanglequoc/vietnamese-provinces-database/master/json/geojson/38_thanh_hoa/wards/14890_phu_xuan.geojson","boundary_source_page":"https://github.com/thanglequoc/vietnamese-provinces-database/blob/master/json/geojson/38_thanh_hoa/wards/14890_phu_xuan.geojson","source_catalog":"https://github.com/thanglequoc/vietnamese-provinces-database"},"geometry":null},{"type":"Feature","id":"14896","properties":{"commune_code":"14896","commune_name":"Hiền Kiệt","commune_name_en":"Hien Kiet","commune_full_name":"Xã Hiền Kiệt","commune_full_name_en":"Hien Kiet Commune","commune_slug":"hien_kiet","unit_type":"Xã","unit_type_en":"Commune","admin_level":2,"province_code":"38","province_name":"Thanh Hoá","province_full_name":"Tỉnh Thanh Hoá","province_slug":"thanh_hoa","join_key":"14896","status":"active","dataset_effective_date":"2026-04-30","catalog_version":"2026-07-12","geometry_status":"not_embedded_boundary_available_by_url","boundary_source_url":"https://raw.githubusercontent.com/thanglequoc/vietnamese-provinces-database/master/json/geojson/38_thanh_hoa/wards/14896_hien_kiet.geojson","boundary_source_page":"https://github.com/thanglequoc/vietnamese-provinces-database/blob/master/json/geojson/38_thanh_hoa/wards/14896_hien_kiet.geojson","source_catalog":"https://github.com/thanglequoc/vietnamese-provinces-database"},"geometry":null},{"type":"Feature","id":"14902","properties":{"commune_code":"14902","commune_name":"Nam Xuân","commune_name_en":"Nam Xuan","commune_full_name":"Xã Nam Xuân","commune_full_name_en":"Nam Xuan Commune","commune_slug":"nam_xuan","unit_type":"Xã","unit_type_en":"Commune","admin_level":2,"province_code":"38","province_name":"Thanh Hoá","province_full_name":"Tỉnh Thanh Hoá","province_slug":"thanh_hoa","join_key":"14902","status":"active","dataset_effective_date":"2026-04-30","catalog_version":"2026-07-12","geometry_status":"not_embedded_boundary_available_by_url","boundary_source_url":"https://raw.githubusercontent.com/thanglequoc/vietnamese-provinces-database/master/json/geojson/38_thanh_hoa/wards/14902_nam_xuan.geojson","boundary_source_page":"https://github.com/thanglequoc/vietnamese-provinces-database/blob/master/json/geojson/38_thanh_hoa/wards/14902_nam_xuan.geojson","source_catalog":"https://github.com/thanglequoc/vietnamese-provinces-database"},"geometry":null},{"type":"Feature","id":"14908","properties":{"commune_code":"14908","commune_name":"Thiên Phủ","commune_name_en":"Thien Phu","commune_full_name":"Xã Thiên Phủ","commune_full_name_en":"Thien Phu Commune","commune_slug":"thien_phu","unit_type":"Xã","unit_type_en":"Commune","admin_level":2,"province_code":"38","province_name":"Thanh Hoá","province_full_name":"Tỉnh Thanh Hoá","province_slug":"thanh_hoa","join_key":"14908","status":"active","dataset_effective_date":"2026-04-30","catalog_version":"2026-07-12","geometry_status":"not_embedded_boundary_available_by_url","boundary_source_url":"https://raw.githubusercontent.com/thanglequoc/vietnamese-provinces-database/master/json/geojson/38_thanh_hoa/wards/14908_thien_phu.geojson","boundary_source_page":"https://github.com/thanglequoc/vietnamese-provinces-database/blob/master/json/geojson/38_thanh_hoa/wards/14908_thien_phu.geojson","source_catalog":"https://github.com/thanglequoc/vietnamese-provinces-database"},"geometry":null},{"type":"Feature","id":"14923","properties":{"commune_code":"14923","commune_name":"Bá Thước","commune_name_en":"Ba Thuoc","commune_full_name":"Xã Bá Thước","commune_full_name_en":"Ba Thuoc Commune","commune_slug":"ba_thuoc","unit_type":"Xã","unit_type_en":"Commune","admin_level":2,"province_code":"38","province_name":"Thanh Hoá","province_full_name":"Tỉnh Thanh Hoá","province_slug":"thanh_hoa","join_key":"14923","status":"active","dataset_effective_date":"2026-04-30","catalog_version":"2026-07-12","geometry_status":"not_embedded_boundary_available_by_url","boundary_source_url":"https://raw.githubusercontent.com/thanglequoc/vietnamese-provinces-database/master/json/geojson/38_thanh_hoa/wards/14923_ba_thuoc.geojson","boundary_source_page":"https://github.com/thanglequoc/vietnamese-provinces-database/blob/master/json/geojson/38_thanh_hoa/wards/14923_ba_thuoc.geojson","source_catalog":"https://github.com/thanglequoc/vietnamese-provinces-database"},"geometry":null},{"type":"Feature","id":"14932","properties":{"commune_code":"14932","commune_name":"Điền Quang","commune_name_en":"Dien Quang","commune_full_name":"Xã Điền Quang","commune_full_name_en":"Dien Quang Commune","commune_slug":"dien_quang","unit_type":"Xã","unit_type_en":"Commune","admin_level":2,"province_code":"38","province_name":"Thanh Hoá","province_full_name":"Tỉnh Thanh Hoá","province_slug":"thanh_hoa","join_key":"14932","status":"active","dataset_effective_date":"2026-04-30","catalog_version":"2026-07-12","geometry_status":"not_embedded_boundary_available_by_url","boundary_source_url":"https://raw.githubusercontent.com/thanglequoc/vietnamese-provinces-database/master/json/geojson/38_thanh_hoa/wards/14932_dien_quang.geojson","boundary_source_page":"https://github.com/thanglequoc/vietnamese-provinces-database/blob/master/json/geojson/38_thanh_hoa/wards/14932_dien_quang.geojson","source_catalog":"https://github.com/thanglequoc/vietnamese-provinces-database"},"geometry":null},{"type":"Feature","id":"14950","properties":{"commune_code":"14950","commune_name":"Điền Lư","commune_name_en":"Dien Lu","commune_full_name":"Xã Điền Lư","commune_full_name_en":"Dien Lu Commune","commune_slug":"dien_lu","unit_type":"Xã","unit_type_en":"Commune","admin_level":2,"province_code":"38","province_name":"Thanh Hoá","province_full_name":"Tỉnh Thanh Hoá","province_slug":"thanh_hoa","join_key":"14950","status":"active","dataset_effective_date":"2026-04-30","catalog_version":"2026-07-12","geometry_status":"not_embedded_boundary_available_by_url","boundary_source_url":"https://raw.githubusercontent.com/thanglequoc/vietnamese-provinces-database/master/json/geojson/38_thanh_hoa/wards/14950_dien_lu.geojson","boundary_source_page":"https://github.com/thanglequoc/vietnamese-provinces-database/blob/master/json/geojson/38_thanh_hoa/wards/14950_dien_lu.geojson","source_catalog":"https://github.com/thanglequoc/vietnamese-provinces-database"},"geometry":null},{"type":"Feature","id":"14953","properties":{"commune_code":"14953","commune_name":"Quý Lương","commune_name_en":"Quy Luong","commune_full_name":"Xã Quý Lương","commune_full_name_en":"Quy Luong Commune","commune_slug":"quy_luong","unit_type":"Xã","unit_type_en":"Commune","admin_level":2,"province_code":"38","province_name":"Thanh Hoá","province_full_name":"Tỉnh Thanh Hoá","province_slug":"thanh_hoa","join_key":"14953","status":"active","dataset_effective_date":"2026-04-30","catalog_version":"2026-07-12","geometry_status":"not_embedded_boundary_available_by_url","boundary_source_url":"https://raw.githubusercontent.com/thanglequoc/vietnamese-provinces-database/master/json/geojson/38_thanh_hoa/wards/14953_quy_luong.geojson","boundary_source_page":"https://github.com/thanglequoc/vietnamese-provinces-database/blob/master/json/geojson/38_thanh_hoa/wards/14953_quy_luong.geojson","source_catalog":"https://github.com/thanglequoc/vietnamese-provinces-database"},"geometry":null},{"type":"Feature","id":"14956","properties":{"commune_code":"14956","commune_name":"Pù Luông","commune_name_en":"Pu Luong","commune_full_name":"Xã Pù Luông","commune_full_name_en":"Pu Luong Commune","commune_slug":"pu_luong","unit_type":"Xã","unit_type_en":"Commune","admin_level":2,"province_code":"38","province_name":"Thanh Hoá","province_full_name":"Tỉnh Thanh Hoá","province_slug":"thanh_hoa","join_key":"14956","status":"active","dataset_effective_date":"2026-04-30","catalog_version":"2026-07-12","geometry_status":"not_embedded_boundary_available_by_url","boundary_source_url":"https://raw.githubusercontent.com/thanglequoc/vietnamese-provinces-database/master/json/geojson/38_thanh_hoa/wards/14956_pu_luong.geojson","boundary_source_page":"https://github.com/thanglequoc/vietnamese-provinces-database/blob/master/json/geojson/38_thanh_hoa/wards/14956_pu_luong.geojson","source_catalog":"https://github.com/thanglequoc/vietnamese-provinces-database"},"geometry":null},{"type":"Feature","id":"14959","properties":{"commune_code":"14959","commune_name":"Cổ Lũng","commune_name_en":"Co Lung","commune_full_name":"Xã Cổ Lũng","commune_full_name_en":"Co Lung Commune","commune_slug":"co_lung","unit_type":"Xã","unit_type_en":"Commune","admin_level":2,"province_code":"38","province_name":"Thanh Hoá","province_full_name":"Tỉnh Thanh Hoá","province_slug":"thanh_hoa","join_key":"14959","status":"active","dataset_effective_date":"2026-04-30","catalog_version":"2026-07-12","geometry_status":"not_embedded_boundary_available_by_url","boundary_source_url":"https://raw.githubusercontent.com/thanglequoc/vietnamese-provinces-database/master/json/geojson/38_thanh_hoa/wards/14959_co_lung.geojson","boundary_source_page":"https://github.com/thanglequoc/vietnamese-provinces-database/blob/master/json/geojson/38_thanh_hoa/wards/14959_co_lung.geojson","source_catalog":"https://github.com/thanglequoc/vietnamese-provinces-database"},"geometry":null},{"type":"Feature","id":"14974","properties":{"commune_code":"14974","commune_name":"Văn Nho","commune_name_en":"Van Nho","commune_full_name":"Xã Văn Nho","commune_full_name_en":"Van Nho Commune","commune_slug":"van_nho","unit_type":"Xã","unit_type_en":"Commune","admin_level":2,"province_code":"38","province_name":"Thanh Hoá","province_full_name":"Tỉnh Thanh Hoá","province_slug":"thanh_hoa","join_key":"14974","status":"active","dataset_effective_date":"2026-04-30","catalog_version":"2026-07-12","geometry_status":"not_embedded_boundary_available_by_url","boundary_source_url":"https://raw.githubusercontent.com/thanglequoc/vietnamese-provinces-database/master/json/geojson/38_thanh_hoa/wards/14974_van_nho.geojson","boundary_source_page":"https://github.com/thanglequoc/vietnamese-provinces-database/blob/master/json/geojson/38_thanh_hoa/wards/14974_van_nho.geojson","source_catalog":"https://github.com/thanglequoc/vietnamese-provinces-database"},"geometry":null},{"type":"Feature","id":"14980","properties":{"commune_code":"14980","commune_name":"Thiết Ống","commune_name_en":"Thiet Ong","commune_full_name":"Xã Thiết Ống","commune_full_name_en":"Thiet Ong Commune","commune_slug":"thiet_ong","unit_type":"Xã","unit_type_en":"Commune","admin_level":2,"province_code":"38","province_name":"Thanh Hoá","province_full_name":"Tỉnh Thanh Hoá","province_slug":"thanh_hoa","join_key":"14980","status":"active","dataset_effective_date":"2026-04-30","catalog_version":"2026-07-12","geometry_status":"not_embedded_boundary_available_by_url","boundary_source_url":"https://raw.githubusercontent.com/thanglequoc/vietnamese-provinces-database/master/json/geojson/38_thanh_hoa/wards/14980_thiet_ong.geojson","boundary_source_page":"https://github.com/thanglequoc/vietnamese-provinces-database/blob/master/json/geojson/38_thanh_hoa/wards/14980_thiet_ong.geojson","source_catalog":"https://github.com/thanglequoc/vietnamese-provinces-database"},"geometry":null},{"type":"Feature","id":"15001","properties":{"commune_code":"15001","commune_name":"Trung Hạ","commune_name_en":"Trung Ha","commune_full_name":"Xã Trung Hạ","commune_full_name_en":"Trung Ha Commune","commune_slug":"trung_ha","unit_type":"Xã","unit_type_en":"Commune","admin_level":2,"province_code":"38","province_name":"Thanh Hoá","province_full_name":"Tỉnh Thanh Hoá","province_slug":"thanh_hoa","join_key":"15001","status":"active","dataset_effective_date":"2026-04-30","catalog_version":"2026-07-12","geometry_status":"not_embedded_boundary_available_by_url","boundary_source_url":"https://raw.githubusercontent.com/thanglequoc/vietnamese-provinces-database/master/json/geojson/38_thanh_hoa/wards/15001_trung_ha.geojson","boundary_source_page":"https://github.com/thanglequoc/vietnamese-provinces-database/blob/master/json/geojson/38_thanh_hoa/wards/15001_trung_ha.geojson","source_catalog":"https://github.com/thanglequoc/vietnamese-provinces-database"},"geometry":null},{"type":"Feature","id":"15007","properties":{"commune_code":"15007","commune_name":"Tam Thanh","commune_name_en":"Tam Thanh","commune_full_name":"Xã Tam Thanh","commune_full_name_en":"Tam Thanh Commune","commune_slug":"tam_thanh","unit_type":"Xã","unit_type_en":"Commune","admin_level":2,"province_code":"38","province_name":"Thanh Hoá","province_full_name":"Tỉnh Thanh Hoá","province_slug":"thanh_hoa","join_key":"15007","status":"active","dataset_effective_date":"2026-04-30","catalog_version":"2026-07-12","geometry_status":"not_embedded_boundary_available_by_url","boundary_source_url":"https://raw.githubusercontent.com/thanglequoc/vietnamese-provinces-database/master/json/geojson/38_thanh_hoa/wards/15007_tam_thanh.geojson","boundary_source_page":"https://github.com/thanglequoc/vietnamese-provinces-database/blob/master/json/geojson/38_thanh_hoa/wards/15007_tam_thanh.geojson","source_catalog":"https://github.com/thanglequoc/vietnamese-provinces-database"},"geometry":null},{"type":"Feature","id":"15010","properties":{"commune_code":"15010","commune_name":"Sơn Thuỷ","commune_name_en":"Son Thuy","commune_full_name":"Xã Sơn Thuỷ","commune_full_name_en":"Son Thuy Commune","commune_slug":"son_thuy","unit_type":"Xã","unit_type_en":"Commune","admin_level":2,"province_code":"38","province_name":"Thanh Hoá","province_full_name":"Tỉnh Thanh Hoá","province_slug":"thanh_hoa","join_key":"15010","status":"active","dataset_effective_date":"2026-04-30","catalog_version":"2026-07-12","geometry_status":"not_embedded_boundary_available_by_url","boundary_source_url":"https://raw.githubusercontent.com/thanglequoc/vietnamese-provinces-database/master/json/geojson/38_thanh_hoa/wards/15010_son_thuy.geojson","boundary_source_page":"https://github.com/thanglequoc/vietnamese-provinces-database/blob/master/json/geojson/38_thanh_hoa/wards/15010_son_thuy.geojson","source_catalog":"https://github.com/thanglequoc/vietnamese-provinces-database"},"geometry":null},{"type":"Feature","id":"15013","properties":{"commune_code":"15013","commune_name":"Na Mèo","commune_name_en":"Na Meo","commune_full_name":"Xã Na Mèo","commune_full_name_en":"Na Meo Commune","commune_slug":"na_meo","unit_type":"Xã","unit_type_en":"Commune","admin_level":2,"province_code":"38","province_name":"Thanh Hoá","province_full_name":"Tỉnh Thanh Hoá","province_slug":"thanh_hoa","join_key":"15013","status":"active","dataset_effective_date":"2026-04-30","catalog_version":"2026-07-12","geometry_status":"not_embedded_boundary_available_by_url","boundary_source_url":"https://raw.githubusercontent.com/thanglequoc/vietnamese-provinces-database/master/json/geojson/38_thanh_hoa/wards/15013_na_meo.geojson","boundary_source_page":"https://github.com/thanglequoc/vietnamese-provinces-database/blob/master/json/geojson/38_thanh_hoa/wards/15013_na_meo.geojson","source_catalog":"https://github.com/thanglequoc/vietnamese-provinces-database"},"geometry":null},{"type":"Feature","id":"15016","properties":{"commune_code":"15016","commune_name":"Quan Sơn","commune_name_en":"Quan Son","commune_full_name":"Xã Quan Sơn","commune_full_name_en":"Quan Son Commune","commune_slug":"quan_son","unit_type":"Xã","unit_type_en":"Commune","admin_level":2,"province_code":"38","province_name":"Thanh Hoá","province_full_name":"Tỉnh Thanh Hoá","province_slug":"thanh_hoa","join_key":"15016","status":"active","dataset_effective_date":"2026-04-30","catalog_version":"2026-07-12","geometry_status":"not_embedded_boundary_available_by_url","boundary_source_url":"https://raw.githubusercontent.com/thanglequoc/vietnamese-provinces-database/master/json/geojson/38_thanh_hoa/wards/15016_quan_son.geojson","boundary_source_page":"https://github.com/thanglequoc/vietnamese-provinces-database/blob/master/json/geojson/38_thanh_hoa/wards/15016_quan_son.geojson","source_catalog":"https://github.com/thanglequoc/vietnamese-provinces-database"},"geometry":null},{"type":"Feature","id":"15019","properties":{"commune_code":"15019","commune_name":"Tam Lư","commune_name_en":"Tam Lu","commune_full_name":"Xã Tam Lư","commune_full_name_en":"Tam Lu Commune","commune_slug":"tam_lu","unit_type":"Xã","unit_type_en":"Commune","admin_level":2,"province_code":"38","province_name":"Thanh Hoá","province_full_name":"Tỉnh Thanh Hoá","province_slug":"thanh_hoa","join_key":"15019","status":"active","dataset_effective_date":"2026-04-30","catalog_version":"2026-07-12","geometry_status":"not_embedded_boundary_available_by_url","boundary_source_url":"https://raw.githubusercontent.com/thanglequoc/vietnamese-provinces-database/master/json/geojson/38_thanh_hoa/wards/15019_tam_lu.geojson","boundary_source_page":"https://github.com/thanglequoc/vietnamese-provinces-database/blob/master/json/geojson/38_thanh_hoa/wards/15019_tam_lu.geojson","source_catalog":"https://github.com/thanglequoc/vietnamese-provinces-database"},"geometry":null},{"type":"Feature","id":"15022","properties":{"commune_code":"15022","commune_name":"Sơn Điện","commune_name_en":"Son Dien","commune_full_name":"Xã Sơn Điện","commune_full_name_en":"Son Dien Commune","commune_slug":"son_dien","unit_type":"Xã","unit_type_en":"Commune","admin_level":2,"province_code":"38","province_name":"Thanh Hoá","province_full_name":"Tỉnh Thanh Hoá","province_slug":"thanh_hoa","join_key":"15022","status":"active","dataset_effective_date":"2026-04-30","catalog_version":"2026-07-12","geometry_status":"not_embedded_boundary_available_by_url","boundary_source_url":"https://raw.githubusercontent.com/thanglequoc/vietnamese-provinces-database/master/json/geojson/38_thanh_hoa/wards/15022_son_dien.geojson","boundary_source_page":"https://github.com/thanglequoc/vietnamese-provinces-database/blob/master/json/geojson/38_thanh_hoa/wards/15022_son_dien.geojson","source_catalog":"https://github.com/thanglequoc/vietnamese-provinces-database"},"geometry":null},{"type":"Feature","id":"15025","properties":{"commune_code":"15025","commune_name":"Mường Mìn","commune_name_en":"Muong Min","commune_full_name":"Xã Mường Mìn","commune_full_name_en":"Muong Min Commune","commune_slug":"muong_min","unit_type":"Xã","unit_type_en":"Commune","admin_level":2,"province_code":"38","province_name":"Thanh Hoá","province_full_name":"Tỉnh Thanh Hoá","province_slug":"thanh_hoa","join_key":"15025","status":"active","dataset_effective_date":"2026-04-30","catalog_version":"2026-07-12","geometry_status":"not_embedded_boundary_available_by_url","boundary_source_url":"https://raw.githubusercontent.com/thanglequoc/vietnamese-provinces-database/master/json/geojson/38_thanh_hoa/wards/15025_muong_min.geojson","boundary_source_page":"https://github.com/thanglequoc/vietnamese-provinces-database/blob/master/json/geojson/38_thanh_hoa/wards/15025_muong_min.geojson","source_catalog":"https://github.com/thanglequoc/vietnamese-provinces-database"},"geometry":null},{"type":"Feature","id":"15031","properties":{"commune_code":"15031","commune_name":"Yên Khương","commune_name_en":"Yen Khuong","commune_full_name":"Xã Yên Khương","commune_full_name_en":"Yen Khuong Commune","commune_slug":"yen_khuong","unit_type":"Xã","unit_type_en":"Commune","admin_level":2,"province_code":"38","province_name":"Thanh Hoá","province_full_name":"Tỉnh Thanh Hoá","province_slug":"thanh_hoa","join_key":"15031","status":"active","dataset_effective_date":"2026-04-30","catalog_version":"2026-07-12","geometry_status":"not_embedded_boundary_available_by_url","boundary_source_url":"https://raw.githubusercontent.com/thanglequoc/vietnamese-provinces-database/master/json/geojson/38_thanh_hoa/wards/15031_yen_khuong.geojson","boundary_source_page":"https://github.com/thanglequoc/vietnamese-provinces-database/blob/master/json/geojson/38_thanh_hoa/wards/15031_yen_khuong.geojson","source_catalog":"https://github.com/thanglequoc/vietnamese-provinces-database"},"geometry":null},{"type":"Feature","id":"15034","properties":{"commune_code":"15034","commune_name":"Yên Thắng","commune_name_en":"Yen Thang","commune_full_name":"Xã Yên Thắng","commune_full_name_en":"Yen Thang Commune","commune_slug":"yen_thang","unit_type":"Xã","unit_type_en":"Commune","admin_level":2,"province_code":"38","province_name":"Thanh Hoá","province_full_name":"Tỉnh Thanh Hoá","province_slug":"thanh_hoa","join_key":"15034","status":"active","dataset_effective_date":"2026-04-30","catalog_version":"2026-07-12","geometry_status":"not_embedded_boundary_available_by_url","boundary_source_url":"https://raw.githubusercontent.com/thanglequoc/vietnamese-provinces-database/master/json/geojson/38_thanh_hoa/wards/15034_yen_thang.geojson","boundary_source_page":"https://github.com/thanglequoc/vietnamese-provinces-database/blob/master/json/geojson/38_thanh_hoa/wards/15034_yen_thang.geojson","source_catalog":"https://github.com/thanglequoc/vietnamese-provinces-database"},"geometry":null},{"type":"Feature","id":"15043","properties":{"commune_code":"15043","commune_name":"Giao An","commune_name_en":"Giao An","commune_full_name":"Xã Giao An","commune_full_name_en":"Giao An Commune","commune_slug":"giao_an","unit_type":"Xã","unit_type_en":"Commune","admin_level":2,"province_code":"38","province_name":"Thanh Hoá","province_full_name":"Tỉnh Thanh Hoá","province_slug":"thanh_hoa","join_key":"15043","status":"active","dataset_effective_date":"2026-04-30","catalog_version":"2026-07-12","geometry_status":"not_embedded_boundary_available_by_url","boundary_source_url":"https://raw.githubusercontent.com/thanglequoc/vietnamese-provinces-database/master/json/geojson/38_thanh_hoa/wards/15043_giao_an.geojson","boundary_source_page":"https://github.com/thanglequoc/vietnamese-provinces-database/blob/master/json/geojson/38_thanh_hoa/wards/15043_giao_an.geojson","source_catalog":"https://github.com/thanglequoc/vietnamese-provinces-database"},"geometry":null},{"type":"Feature","id":"15049","properties":{"commune_code":"15049","commune_name":"Văn Phú","commune_name_en":"Van Phu","commune_full_name":"Xã Văn Phú","commune_full_name_en":"Van Phu Commune","commune_slug":"van_phu","unit_type":"Xã","unit_type_en":"Commune","admin_level":2,"province_code":"38","province_name":"Thanh Hoá","province_full_name":"Tỉnh Thanh Hoá","province_slug":"thanh_hoa","join_key":"15049","status":"active","dataset_effective_date":"2026-04-30","catalog_version":"2026-07-12","geometry_status":"not_embedded_boundary_available_by_url","boundary_source_url":"https://raw.githubusercontent.com/thanglequoc/vietnamese-provinces-database/master/json/geojson/38_thanh_hoa/wards/15049_van_phu.geojson","boundary_source_page":"https://github.com/thanglequoc/vietnamese-provinces-database/blob/master/json/geojson/38_thanh_hoa/wards/15049_van_phu.geojson","source_catalog":"https://github.com/thanglequoc/vietnamese-provinces-database"},"geometry":null},{"type":"Feature","id":"15055","properties":{"commune_code":"15055","commune_name":"Linh Sơn","commune_name_en":"Linh Son","commune_full_name":"Xã Linh Sơn","commune_full_name_en":"Linh Son Commune","commune_slug":"linh_son","unit_type":"Xã","unit_type_en":"Commune","admin_level":2,"province_code":"38","province_name":"Thanh Hoá","province_full_name":"Tỉnh Thanh Hoá","province_slug":"thanh_hoa","join_key":"15055","status":"active","dataset_effective_date":"2026-04-30","catalog_version":"2026-07-12","geometry_status":"not_embedded_boundary_available_by_url","boundary_source_url":"https://raw.githubusercontent.com/thanglequoc/vietnamese-provinces-database/master/json/geojson/38_thanh_hoa/wards/15055_linh_son.geojson","boundary_source_page":"https://github.com/thanglequoc/vietnamese-provinces-database/blob/master/json/geojson/38_thanh_hoa/wards/15055_linh_son.geojson","source_catalog":"https://github.com/thanglequoc/vietnamese-provinces-database"},"geometry":null},{"type":"Feature","id":"15058","properties":{"commune_code":"15058","commune_name":"Đồng Lương","commune_name_en":"Dong Luong","commune_full_name":"Xã Đồng Lương","commune_full_name_en":"Dong Luong Commune","commune_slug":"dong_luong","unit_type":"Xã","unit_type_en":"Commune","admin_level":2,"province_code":"38","province_name":"Thanh Hoá","province_full_name":"Tỉnh Thanh Hoá","province_slug":"thanh_hoa","join_key":"15058","status":"active","dataset_effective_date":"2026-04-30","catalog_version":"2026-07-12","geometry_status":"not_embedded_boundary_available_by_url","boundary_source_url":"https://raw.githubusercontent.com/thanglequoc/vietnamese-provinces-database/master/json/geojson/38_thanh_hoa/wards/15058_dong_luong.geojson","boundary_source_page":"https://github.com/thanglequoc/vietnamese-provinces-database/blob/master/json/geojson/38_thanh_hoa/wards/15058_dong_luong.geojson","source_catalog":"https://github.com/thanglequoc/vietnamese-provinces-database"},"geometry":null},{"type":"Feature","id":"15061","properties":{"commune_code":"15061","commune_name":"Ngọc Lặc","commune_name_en":"Ngoc Lac","commune_full_name":"Xã Ngọc Lặc","commune_full_name_en":"Ngoc Lac Commune","commune_slug":"ngoc_lac","unit_type":"Xã","unit_type_en":"Commune","admin_level":2,"province_code":"38","province_name":"Thanh Hoá","province_full_name":"Tỉnh Thanh Hoá","province_slug":"thanh_hoa","join_key":"15061","status":"active","dataset_effective_date":"2026-04-30","catalog_version":"2026-07-12","geometry_status":"not_embedded_boundary_available_by_url","boundary_source_url":"https://raw.githubusercontent.com/thanglequoc/vietnamese-provinces-database/master/json/geojson/38_thanh_hoa/wards/15061_ngoc_lac.geojson","boundary_source_page":"https://github.com/thanglequoc/vietnamese-provinces-database/blob/master/json/geojson/38_thanh_hoa/wards/15061_ngoc_lac.geojson","source_catalog":"https://github.com/thanglequoc/vietnamese-provinces-database"},"geometry":null},{"type":"Feature","id":"15085","properties":{"commune_code":"15085","commune_name":"Thạch Lập","commune_name_en":"Thach Lap","commune_full_name":"Xã Thạch Lập","commune_full_name_en":"Thach Lap Commune","commune_slug":"thach_lap","unit_type":"Xã","unit_type_en":"Commune","admin_level":2,"province_code":"38","province_name":"Thanh Hoá","province_full_name":"Tỉnh Thanh Hoá","province_slug":"thanh_hoa","join_key":"15085","status":"active","dataset_effective_date":"2026-04-30","catalog_version":"2026-07-12","geometry_status":"not_embedded_boundary_available_by_url","boundary_source_url":"https://raw.githubusercontent.com/thanglequoc/vietnamese-provinces-database/master/json/geojson/38_thanh_hoa/wards/15085_thach_lap.geojson","boundary_source_page":"https://github.com/thanglequoc/vietnamese-provinces-database/blob/master/json/geojson/38_thanh_hoa/wards/15085_thach_lap.geojson","source_catalog":"https://github.com/thanglequoc/vietnamese-provinces-database"},"geometry":null},{"type":"Feature","id":"15091","properties":{"commune_code":"15091","commune_name":"Ngọc Liên","commune_name_en":"Ngoc Lien","commune_full_name":"Xã Ngọc Liên","commune_full_name_en":"Ngoc Lien Commune","commune_slug":"ngoc_lien","unit_type":"Xã","unit_type_en":"Commune","admin_level":2,"province_code":"38","province_name":"Thanh Hoá","province_full_name":"Tỉnh Thanh Hoá","province_slug":"thanh_hoa","join_key":"15091","status":"active","dataset_effective_date":"2026-04-30","catalog_version":"2026-07-12","geometry_status":"not_embedded_boundary_available_by_url","boundary_source_url":"https://raw.githubusercontent.com/thanglequoc/vietnamese-provinces-database/master/json/geojson/38_thanh_hoa/wards/15091_ngoc_lien.geojson","boundary_source_page":"https://github.com/thanglequoc/vietnamese-provinces-database/blob/master/json/geojson/38_thanh_hoa/wards/15091_ngoc_lien.geojson","source_catalog":"https://github.com/thanglequoc/vietnamese-provinces-database"},"geometry":null},{"type":"Feature","id":"15106","properties":{"commune_code":"15106","commune_name":"Nguyệt Ấn","commune_name_en":"Nguyet An","commune_full_name":"Xã Nguyệt Ấn","commune_full_name_en":"Nguyet An Commune","commune_slug":"nguyet_an","unit_type":"Xã","unit_type_en":"Commune","admin_level":2,"province_code":"38","province_name":"Thanh Hoá","province_full_name":"Tỉnh Thanh Hoá","province_slug":"thanh_hoa","join_key":"15106","status":"active","dataset_effective_date":"2026-04-30","catalog_version":"2026-07-12","geometry_status":"not_embedded_boundary_available_by_url","boundary_source_url":"https://raw.githubusercontent.com/thanglequoc/vietnamese-provinces-database/master/json/geojson/38_thanh_hoa/wards/15106_nguyet_an.geojson","boundary_source_page":"https://github.com/thanglequoc/vietnamese-provinces-database/blob/master/json/geojson/38_thanh_hoa/wards/15106_nguyet_an.geojson","source_catalog":"https://github.com/thanglequoc/vietnamese-provinces-database"},"geometry":null},{"type":"Feature","id":"15112","properties":{"commune_code":"15112","commune_name":"Kiên Thọ","commune_name_en":"Kien Tho","commune_full_name":"Xã Kiên Thọ","commune_full_name_en":"Kien Tho Commune","commune_slug":"kien_tho","unit_type":"Xã","unit_type_en":"Commune","admin_level":2,"province_code":"38","province_name":"Thanh Hoá","province_full_name":"Tỉnh Thanh Hoá","province_slug":"thanh_hoa","join_key":"15112","status":"active","dataset_effective_date":"2026-04-30","catalog_version":"2026-07-12","geometry_status":"not_embedded_boundary_available_by_url","boundary_source_url":"https://raw.githubusercontent.com/thanglequoc/vietnamese-provinces-database/master/json/geojson/38_thanh_hoa/wards/15112_kien_tho.geojson","boundary_source_page":"https://github.com/thanglequoc/vietnamese-provinces-database/blob/master/json/geojson/38_thanh_hoa/wards/15112_kien_tho.geojson","source_catalog":"https://github.com/thanglequoc/vietnamese-provinces-database"},"geometry":null},{"type":"Feature","id":"15124","properties":{"commune_code":"15124","commune_name":"Minh Sơn","commune_name_en":"Minh Son","commune_full_name":"Xã Minh Sơn","commune_full_name_en":"Minh Son Commune","commune_slug":"minh_son","unit_type":"Xã","unit_type_en":"Commune","admin_level":2,"province_code":"38","province_name":"Thanh Hoá","province_full_name":"Tỉnh Thanh Hoá","province_slug":"thanh_hoa","join_key":"15124","status":"active","dataset_effective_date":"2026-04-30","catalog_version":"2026-07-12","geometry_status":"not_embedded_boundary_available_by_url","boundary_source_url":"https://raw.githubusercontent.com/thanglequoc/vietnamese-provinces-database/master/json/geojson/38_thanh_hoa/wards/15124_minh_son.geojson","boundary_source_page":"https://github.com/thanglequoc/vietnamese-provinces-database/blob/master/json/geojson/38_thanh_hoa/wards/15124_minh_son.geojson","source_catalog":"https://github.com/thanglequoc/vietnamese-provinces-database"},"geometry":null},{"type":"Feature","id":"15127","properties":{"commune_code":"15127","commune_name":"Cẩm Thuỷ","commune_name_en":"Cam Thuy","commune_full_name":"Xã Cẩm Thuỷ","commune_full_name_en":"Cam Thuy Commune","commune_slug":"cam_thuy","unit_type":"Xã","unit_type_en":"Commune","admin_level":2,"province_code":"38","province_name":"Thanh Hoá","province_full_name":"Tỉnh Thanh Hoá","province_slug":"thanh_hoa","join_key":"15127","status":"active","dataset_effective_date":"2026-04-30","catalog_version":"2026-07-12","geometry_status":"not_embedded_boundary_available_by_url","boundary_source_url":"https://raw.githubusercontent.com/thanglequoc/vietnamese-provinces-database/master/json/geojson/38_thanh_hoa/wards/15127_cam_thuy.geojson","boundary_source_page":"https://github.com/thanglequoc/vietnamese-provinces-database/blob/master/json/geojson/38_thanh_hoa/wards/15127_cam_thuy.geojson","source_catalog":"https://github.com/thanglequoc/vietnamese-provinces-database"},"geometry":null},{"type":"Feature","id":"15142","properties":{"commune_code":"15142","commune_name":"Cẩm Thạch","commune_name_en":"Cam Thach","commune_full_name":"Xã Cẩm Thạch","commune_full_name_en":"Cam Thach Commune","commune_slug":"cam_thach","unit_type":"Xã","unit_type_en":"Commune","admin_level":2,"province_code":"38","province_name":"Thanh Hoá","province_full_name":"Tỉnh Thanh Hoá","province_slug":"thanh_hoa","join_key":"15142","status":"active","dataset_effective_date":"2026-04-30","catalog_version":"2026-07-12","geometry_status":"not_embedded_boundary_available_by_url","boundary_source_url":"https://raw.githubusercontent.com/thanglequoc/vietnamese-provinces-database/master/json/geojson/38_thanh_hoa/wards/15142_cam_thach.geojson","boundary_source_page":"https://github.com/thanglequoc/vietnamese-provinces-database/blob/master/json/geojson/38_thanh_hoa/wards/15142_cam_thach.geojson","source_catalog":"https://github.com/thanglequoc/vietnamese-provinces-database"},"geometry":null},{"type":"Feature","id":"15148","properties":{"commune_code":"15148","commune_name":"Cẩm Tú","commune_name_en":"Cam Tu","commune_full_name":"Xã Cẩm Tú","commune_full_name_en":"Cam Tu Commune","commune_slug":"cam_tu","unit_type":"Xã","unit_type_en":"Commune","admin_level":2,"province_code":"38","province_name":"Thanh Hoá","province_full_name":"Tỉnh Thanh Hoá","province_slug":"thanh_hoa","join_key":"15148","status":"active","dataset_effective_date":"2026-04-30","catalog_version":"2026-07-12","geometry_status":"not_embedded_boundary_available_by_url","boundary_source_url":"https://raw.githubusercontent.com/thanglequoc/vietnamese-provinces-database/master/json/geojson/38_thanh_hoa/wards/15148_cam_tu.geojson","boundary_source_page":"https://github.com/thanglequoc/vietnamese-provinces-database/blob/master/json/geojson/38_thanh_hoa/wards/15148_cam_tu.geojson","source_catalog":"https://github.com/thanglequoc/vietnamese-provinces-database"},"geometry":null},{"type":"Feature","id":"15163","properties":{"commune_code":"15163","commune_name":"Cẩm Vân","commune_name_en":"Cam Van","commune_full_name":"Xã Cẩm Vân","commune_full_name_en":"Cam Van Commune","commune_slug":"cam_van","unit_type":"Xã","unit_type_en":"Commune","admin_level":2,"province_code":"38","province_name":"Thanh Hoá","province_full_name":"Tỉnh Thanh Hoá","province_slug":"thanh_hoa","join_key":"15163","status":"active","dataset_effective_date":"2026-04-30","catalog_version":"2026-07-12","geometry_status":"not_embedded_boundary_available_by_url","boundary_source_url":"https://raw.githubusercontent.com/thanglequoc/vietnamese-provinces-database/master/json/geojson/38_thanh_hoa/wards/15163_cam_van.geojson","boundary_source_page":"https://github.com/thanglequoc/vietnamese-provinces-database/blob/master/json/geojson/38_thanh_hoa/wards/15163_cam_van.geojson","source_catalog":"https://github.com/thanglequoc/vietnamese-provinces-database"},"geometry":null},{"type":"Feature","id":"15178","properties":{"commune_code":"15178","commune_name":"Cẩm Tân","commune_name_en":"Cam Tan","commune_full_name":"Xã Cẩm Tân","commune_full_name_en":"Cam Tan Commune","commune_slug":"cam_tan","unit_type":"Xã","unit_type_en":"Commune","admin_level":2,"province_code":"38","province_name":"Thanh Hoá","province_full_name":"Tỉnh Thanh Hoá","province_slug":"thanh_hoa","join_key":"15178","status":"active","dataset_effective_date":"2026-04-30","catalog_version":"2026-07-12","geometry_status":"not_embedded_boundary_available_by_url","boundary_source_url":"https://raw.githubusercontent.com/thanglequoc/vietnamese-provinces-database/master/json/geojson/38_thanh_hoa/wards/15178_cam_tan.geojson","boundary_source_page":"https://github.com/thanglequoc/vietnamese-provinces-database/blob/master/json/geojson/38_thanh_hoa/wards/15178_cam_tan.geojson","source_catalog":"https://github.com/thanglequoc/vietnamese-provinces-database"},"geometry":null},{"type":"Feature","id":"15187","properties":{"commune_code":"15187","commune_name":"Kim Tân","commune_name_en":"Kim Tan","commune_full_name":"Xã Kim Tân","commune_full_name_en":"Kim Tan Commune","commune_slug":"kim_tan","unit_type":"Xã","unit_type_en":"Commune","admin_level":2,"province_code":"38","province_name":"Thanh Hoá","province_full_name":"Tỉnh Thanh Hoá","province_slug":"thanh_hoa","join_key":"15187","status":"active","dataset_effective_date":"2026-04-30","catalog_version":"2026-07-12","geometry_status":"not_embedded_boundary_available_by_url","boundary_source_url":"https://raw.githubusercontent.com/thanglequoc/vietnamese-provinces-database/master/json/geojson/38_thanh_hoa/wards/15187_kim_tan.geojson","boundary_source_page":"https://github.com/thanglequoc/vietnamese-provinces-database/blob/master/json/geojson/38_thanh_hoa/wards/15187_kim_tan.geojson","source_catalog":"https://github.com/thanglequoc/vietnamese-provinces-database"},"geometry":null},{"type":"Feature","id":"15190","properties":{"commune_code":"15190","commune_name":"Vân Du","commune_name_en":"Van Du","commune_full_name":"Xã Vân Du","commune_full_name_en":"Van Du Commune","commune_slug":"van_du","unit_type":"Xã","unit_type_en":"Commune","admin_level":2,"province_code":"38","province_name":"Thanh Hoá","province_full_name":"Tỉnh Thanh Hoá","province_slug":"thanh_hoa","join_key":"15190","status":"active","dataset_effective_date":"2026-04-30","catalog_version":"2026-07-12","geometry_status":"not_embedded_boundary_available_by_url","boundary_source_url":"https://raw.githubusercontent.com/thanglequoc/vietnamese-provinces-database/master/json/geojson/38_thanh_hoa/wards/15190_van_du.geojson","boundary_source_page":"https://github.com/thanglequoc/vietnamese-provinces-database/blob/master/json/geojson/38_thanh_hoa/wards/15190_van_du.geojson","source_catalog":"https://github.com/thanglequoc/vietnamese-provinces-database"},"geometry":null},{"type":"Feature","id":"15199","properties":{"commune_code":"15199","commune_name":"Thạch Quảng","commune_name_en":"Thach Quang","commune_full_name":"Xã Thạch Quảng","commune_full_name_en":"Thach Quang Commune","commune_slug":"thach_quang","unit_type":"Xã","unit_type_en":"Commune","admin_level":2,"province_code":"38","province_name":"Thanh Hoá","province_full_name":"Tỉnh Thanh Hoá","province_slug":"thanh_hoa","join_key":"15199","status":"active","dataset_effective_date":"2026-04-30","catalog_version":"2026-07-12","geometry_status":"not_embedded_boundary_available_by_url","boundary_source_url":"https://raw.githubusercontent.com/thanglequoc/vietnamese-provinces-database/master/json/geojson/38_thanh_hoa/wards/15199_thach_quang.geojson","boundary_source_page":"https://github.com/thanglequoc/vietnamese-provinces-database/blob/master/json/geojson/38_thanh_hoa/wards/15199_thach_quang.geojson","source_catalog":"https://github.com/thanglequoc/vietnamese-provinces-database"},"geometry":null},{"type":"Feature","id":"15211","properties":{"commune_code":"15211","commune_name":"Thạch Bình","commune_name_en":"Thach Binh","commune_full_name":"Xã Thạch Bình","commune_full_name_en":"Thach Binh Commune","commune_slug":"thach_binh","unit_type":"Xã","unit_type_en":"Commune","admin_level":2,"province_code":"38","province_name":"Thanh Hoá","province_full_name":"Tỉnh Thanh Hoá","province_slug":"thanh_hoa","join_key":"15211","status":"active","dataset_effective_date":"2026-04-30","catalog_version":"2026-07-12","geometry_status":"not_embedded_boundary_available_by_url","boundary_source_url":"https://raw.githubusercontent.com/thanglequoc/vietnamese-provinces-database/master/json/geojson/38_thanh_hoa/wards/15211_thach_binh.geojson","boundary_source_page":"https://github.com/thanglequoc/vietnamese-provinces-database/blob/master/json/geojson/38_thanh_hoa/wards/15211_thach_binh.geojson","source_catalog":"https://github.com/thanglequoc/vietnamese-provinces-database"},"geometry":null},{"type":"Feature","id":"15229","properties":{"commune_code":"15229","commune_name":"Thành Vinh","commune_name_en":"Thanh Vinh","commune_full_name":"Xã Thành Vinh","commune_full_name_en":"Thanh Vinh Commune","commune_slug":"thanh_vinh","unit_type":"Xã","unit_type_en":"Commune","admin_level":2,"province_code":"38","province_name":"Thanh Hoá","province_full_name":"Tỉnh Thanh Hoá","province_slug":"thanh_hoa","join_key":"15229","status":"active","dataset_effective_date":"2026-04-30","catalog_version":"2026-07-12","geometry_status":"not_embedded_boundary_available_by_url","boundary_source_url":"https://raw.githubusercontent.com/thanglequoc/vietnamese-provinces-database/master/json/geojson/38_thanh_hoa/wards/15229_thanh_vinh.geojson","boundary_source_page":"https://github.com/thanglequoc/vietnamese-provinces-database/blob/master/json/geojson/38_thanh_hoa/wards/15229_thanh_vinh.geojson","source_catalog":"https://github.com/thanglequoc/vietnamese-provinces-database"},"geometry":null},{"type":"Feature","id":"15250","properties":{"commune_code":"15250","commune_name":"Ngọc Trạo","commune_name_en":"Ngoc Trao","commune_full_name":"Xã Ngọc Trạo","commune_full_name_en":"Ngoc Trao Commune","commune_slug":"ngoc_trao","unit_type":"Xã","unit_type_en":"Commune","admin_level":2,"province_code":"38","province_name":"Thanh Hoá","province_full_name":"Tỉnh Thanh Hoá","province_slug":"thanh_hoa","join_key":"15250","status":"active","dataset_effective_date":"2026-04-30","catalog_version":"2026-07-12","geometry_status":"not_embedded_boundary_available_by_url","boundary_source_url":"https://raw.githubusercontent.com/thanglequoc/vietnamese-provinces-database/master/json/geojson/38_thanh_hoa/wards/15250_ngoc_trao.geojson","boundary_source_page":"https://github.com/thanglequoc/vietnamese-provinces-database/blob/master/json/geojson/38_thanh_hoa/wards/15250_ngoc_trao.geojson","source_catalog":"https://github.com/thanglequoc/vietnamese-provinces-database"},"geometry":null},{"type":"Feature","id":"15271","properties":{"commune_code":"15271","commune_name":"Hà Trung","commune_name_en":"Ha Trung","commune_full_name":"Xã Hà Trung","commune_full_name_en":"Ha Trung Commune","commune_slug":"ha_trung","unit_type":"Xã","unit_type_en":"Commune","admin_level":2,"province_code":"38","province_name":"Thanh Hoá","province_full_name":"Tỉnh Thanh Hoá","province_slug":"thanh_hoa","join_key":"15271","status":"active","dataset_effective_date":"2026-04-30","catalog_version":"2026-07-12","geometry_status":"not_embedded_boundary_available_by_url","boundary_source_url":"https://raw.githubusercontent.com/thanglequoc/vietnamese-provinces-database/master/json/geojson/38_thanh_hoa/wards/15271_ha_trung.geojson","boundary_source_page":"https://github.com/thanglequoc/vietnamese-provinces-database/blob/master/json/geojson/38_thanh_hoa/wards/15271_ha_trung.geojson","source_catalog":"https://github.com/thanglequoc/vietnamese-provinces-database"},"geometry":null},{"type":"Feature","id":"15274","properties":{"commune_code":"15274","commune_name":"Hà Long","commune_name_en":"Ha Long","commune_full_name":"Xã Hà Long","commune_full_name_en":"Ha Long Commune","commune_slug":"ha_long","unit_type":"Xã","unit_type_en":"Commune","admin_level":2,"province_code":"38","province_name":"Thanh Hoá","province_full_name":"Tỉnh Thanh Hoá","province_slug":"thanh_hoa","join_key":"15274","status":"active","dataset_effective_date":"2026-04-30","catalog_version":"2026-07-12","geometry_status":"not_embedded_boundary_available_by_url","boundary_source_url":"https://raw.githubusercontent.com/thanglequoc/vietnamese-provinces-database/master/json/geojson/38_thanh_hoa/wards/15274_ha_long.geojson","boundary_source_page":"https://github.com/thanglequoc/vietnamese-provinces-database/blob/master/json/geojson/38_thanh_hoa/wards/15274_ha_long.geojson","source_catalog":"https://github.com/thanglequoc/vietnamese-provinces-database"},"geometry":null},{"type":"Feature","id":"15286","properties":{"commune_code":"15286","commune_name":"Hoạt Giang","commune_name_en":"Hoat Giang","commune_full_name":"Xã Hoạt Giang","commune_full_name_en":"Hoat Giang Commune","commune_slug":"hoat_giang","unit_type":"Xã","unit_type_en":"Commune","admin_level":2,"province_code":"38","province_name":"Thanh Hoá","province_full_name":"Tỉnh Thanh Hoá","province_slug":"thanh_hoa","join_key":"15286","status":"active","dataset_effective_date":"2026-04-30","catalog_version":"2026-07-12","geometry_status":"not_embedded_boundary_available_by_url","boundary_source_url":"https://raw.githubusercontent.com/thanglequoc/vietnamese-provinces-database/master/json/geojson/38_thanh_hoa/wards/15286_hoat_giang.geojson","boundary_source_page":"https://github.com/thanglequoc/vietnamese-provinces-database/blob/master/json/geojson/38_thanh_hoa/wards/15286_hoat_giang.geojson","source_catalog":"https://github.com/thanglequoc/vietnamese-provinces-database"},"geometry":null},{"type":"Feature","id":"15298","properties":{"commune_code":"15298","commune_name":"Lĩnh Toại","commune_name_en":"Linh Toai","commune_full_name":"Xã Lĩnh Toại","commune_full_name_en":"Linh Toai Commune","commune_slug":"linh_toai","unit_type":"Xã","unit_type_en":"Commune","admin_level":2,"province_code":"38","province_name":"Thanh Hoá","province_full_name":"Tỉnh Thanh Hoá","province_slug":"thanh_hoa","join_key":"15298","status":"active","dataset_effective_date":"2026-04-30","catalog_version":"2026-07-12","geometry_status":"not_embedded_boundary_available_by_url","boundary_source_url":"https://raw.githubusercontent.com/thanglequoc/vietnamese-provinces-database/master/json/geojson/38_thanh_hoa/wards/15298_linh_toai.geojson","boundary_source_page":"https://github.com/thanglequoc/vietnamese-provinces-database/blob/master/json/geojson/38_thanh_hoa/wards/15298_linh_toai.geojson","source_catalog":"https://github.com/thanglequoc/vietnamese-provinces-database"},"geometry":null},{"type":"Feature","id":"15316","properties":{"commune_code":"15316","commune_name":"Tống Sơn","commune_name_en":"Tong Son","commune_full_name":"Xã Tống Sơn","commune_full_name_en":"Tong Son Commune","commune_slug":"tong_son","unit_type":"Xã","unit_type_en":"Commune","admin_level":2,"province_code":"38","province_name":"Thanh Hoá","province_full_name":"Tỉnh Thanh Hoá","province_slug":"thanh_hoa","join_key":"15316","status":"active","dataset_effective_date":"2026-04-30","catalog_version":"2026-07-12","geometry_status":"not_embedded_boundary_available_by_url","boundary_source_url":"https://raw.githubusercontent.com/thanglequoc/vietnamese-provinces-database/master/json/geojson/38_thanh_hoa/wards/15316_tong_son.geojson","boundary_source_page":"https://github.com/thanglequoc/vietnamese-provinces-database/blob/master/json/geojson/38_thanh_hoa/wards/15316_tong_son.geojson","source_catalog":"https://github.com/thanglequoc/vietnamese-provinces-database"},"geometry":null},{"type":"Feature","id":"15349","properties":{"commune_code":"15349","commune_name":"Vĩnh Lộc","commune_name_en":"Vinh Loc","commune_full_name":"Xã Vĩnh Lộc","commune_full_name_en":"Vinh Loc Commune","commune_slug":"vinh_loc","unit_type":"Xã","unit_type_en":"Commune","admin_level":2,"province_code":"38","province_name":"Thanh Hoá","province_full_name":"Tỉnh Thanh Hoá","province_slug":"thanh_hoa","join_key":"15349","status":"active","dataset_effective_date":"2026-04-30","catalog_version":"2026-07-12","geometry_status":"not_embedded_boundary_available_by_url","boundary_source_url":"https://raw.githubusercontent.com/thanglequoc/vietnamese-provinces-database/master/json/geojson/38_thanh_hoa/wards/15349_vinh_loc.geojson","boundary_source_page":"https://github.com/thanglequoc/vietnamese-provinces-database/blob/master/json/geojson/38_thanh_hoa/wards/15349_vinh_loc.geojson","source_catalog":"https://github.com/thanglequoc/vietnamese-provinces-database"},"geometry":null},{"type":"Feature","id":"15361","properties":{"commune_code":"15361","commune_name":"Tây Đô","commune_name_en":"Tay Do","commune_full_name":"Xã Tây Đô","commune_full_name_en":"Tay Do Commune","commune_slug":"tay_do","unit_type":"Xã","unit_type_en":"Commune","admin_level":2,"province_code":"38","province_name":"Thanh Hoá","province_full_name":"Tỉnh Thanh Hoá","province_slug":"thanh_hoa","join_key":"15361","status":"active","dataset_effective_date":"2026-04-30","catalog_version":"2026-07-12","geometry_status":"not_embedded_boundary_available_by_url","boundary_source_url":"https://raw.githubusercontent.com/thanglequoc/vietnamese-provinces-database/master/json/geojson/38_thanh_hoa/wards/15361_tay_do.geojson","boundary_source_page":"https://github.com/thanglequoc/vietnamese-provinces-database/blob/master/json/geojson/38_thanh_hoa/wards/15361_tay_do.geojson","source_catalog":"https://github.com/thanglequoc/vietnamese-provinces-database"},"geometry":null},{"type":"Feature","id":"15382","properties":{"commune_code":"15382","commune_name":"Biện Thượng","commune_name_en":"Bien Thuong","commune_full_name":"Xã Biện Thượng","commune_full_name_en":"Bien Thuong Commune","commune_slug":"bien_thuong","unit_type":"Xã","unit_type_en":"Commune","admin_level":2,"province_code":"38","province_name":"Thanh Hoá","province_full_name":"Tỉnh Thanh Hoá","province_slug":"thanh_hoa","join_key":"15382","status":"active","dataset_effective_date":"2026-04-30","catalog_version":"2026-07-12","geometry_status":"not_embedded_boundary_available_by_url","boundary_source_url":"https://raw.githubusercontent.com/thanglequoc/vietnamese-provinces-database/master/json/geojson/38_thanh_hoa/wards/15382_bien_thuong.geojson","boundary_source_page":"https://github.com/thanglequoc/vietnamese-provinces-database/blob/master/json/geojson/38_thanh_hoa/wards/15382_bien_thuong.geojson","source_catalog":"https://github.com/thanglequoc/vietnamese-provinces-database"},"geometry":null},{"type":"Feature","id":"15409","properties":{"commune_code":"15409","commune_name":"Yên Phú","commune_name_en":"Yen Phu","commune_full_name":"Xã Yên Phú","commune_full_name_en":"Yen Phu Commune","commune_slug":"yen_phu","unit_type":"Xã","unit_type_en":"Commune","admin_level":2,"province_code":"38","province_name":"Thanh Hoá","province_full_name":"Tỉnh Thanh Hoá","province_slug":"thanh_hoa","join_key":"15409","status":"active","dataset_effective_date":"2026-04-30","catalog_version":"2026-07-12","geometry_status":"not_embedded_boundary_available_by_url","boundary_source_url":"https://raw.githubusercontent.com/thanglequoc/vietnamese-provinces-database/master/json/geojson/38_thanh_hoa/wards/15409_yen_phu.geojson","boundary_source_page":"https://github.com/thanglequoc/vietnamese-provinces-database/blob/master/json/geojson/38_thanh_hoa/wards/15409_yen_phu.geojson","source_catalog":"https://github.com/thanglequoc/vietnamese-provinces-database"},"geometry":null},{"type":"Feature","id":"15412","properties":{"commune_code":"15412","commune_name":"Quý Lộc","commune_name_en":"Quy Loc","commune_full_name":"Xã Quý Lộc","commune_full_name_en":"Quy Loc Commune","commune_slug":"quy_loc","unit_type":"Xã","unit_type_en":"Commune","admin_level":2,"province_code":"38","province_name":"Thanh Hoá","province_full_name":"Tỉnh Thanh Hoá","province_slug":"thanh_hoa","join_key":"15412","status":"active","dataset_effective_date":"2026-04-30","catalog_version":"2026-07-12","geometry_status":"not_embedded_boundary_available_by_url","boundary_source_url":"https://raw.githubusercontent.com/thanglequoc/vietnamese-provinces-database/master/json/geojson/38_thanh_hoa/wards/15412_quy_loc.geojson","boundary_source_page":"https://github.com/thanglequoc/vietnamese-provinces-database/blob/master/json/geojson/38_thanh_hoa/wards/15412_quy_loc.geojson","source_catalog":"https://github.com/thanglequoc/vietnamese-provinces-database"},"geometry":null},{"type":"Feature","id":"15421","properties":{"commune_code":"15421","commune_name":"Yên Trường","commune_name_en":"Yen Truong","commune_full_name":"Xã Yên Trường","commune_full_name_en":"Yen Truong Commune","commune_slug":"yen_truong","unit_type":"Xã","unit_type_en":"Commune","admin_level":2,"province_code":"38","province_name":"Thanh Hoá","province_full_name":"Tỉnh Thanh Hoá","province_slug":"thanh_hoa","join_key":"15421","status":"active","dataset_effective_date":"2026-04-30","catalog_version":"2026-07-12","geometry_status":"not_embedded_boundary_available_by_url","boundary_source_url":"https://raw.githubusercontent.com/thanglequoc/vietnamese-provinces-database/master/json/geojson/38_thanh_hoa/wards/15421_yen_truong.geojson","boundary_source_page":"https://github.com/thanglequoc/vietnamese-provinces-database/blob/master/json/geojson/38_thanh_hoa/wards/15421_yen_truong.geojson","source_catalog":"https://github.com/thanglequoc/vietnamese-provinces-database"},"geometry":null},{"type":"Feature","id":"15442","properties":{"commune_code":"15442","commune_name":"Yên Ninh","commune_name_en":"Yen Ninh","commune_full_name":"Xã Yên Ninh","commune_full_name_en":"Yen Ninh Commune","commune_slug":"yen_ninh","unit_type":"Xã","unit_type_en":"Commune","admin_level":2,"province_code":"38","province_name":"Thanh Hoá","province_full_name":"Tỉnh Thanh Hoá","province_slug":"thanh_hoa","join_key":"15442","status":"active","dataset_effective_date":"2026-04-30","catalog_version":"2026-07-12","geometry_status":"not_embedded_boundary_available_by_url","boundary_source_url":"https://raw.githubusercontent.com/thanglequoc/vietnamese-provinces-database/master/json/geojson/38_thanh_hoa/wards/15442_yen_ninh.geojson","boundary_source_page":"https://github.com/thanglequoc/vietnamese-provinces-database/blob/master/json/geojson/38_thanh_hoa/wards/15442_yen_ninh.geojson","source_catalog":"https://github.com/thanglequoc/vietnamese-provinces-database"},"geometry":null},{"type":"Feature","id":"15448","properties":{"commune_code":"15448","commune_name":"Định Hoà","commune_name_en":"Dinh Hoa","commune_full_name":"Xã Định Hoà","commune_full_name_en":"Dinh Hoa Commune","commune_slug":"dinh_hoa","unit_type":"Xã","unit_type_en":"Commune","admin_level":2,"province_code":"38","province_name":"Thanh Hoá","province_full_name":"Tỉnh Thanh Hoá","province_slug":"thanh_hoa","join_key":"15448","status":"active","dataset_effective_date":"2026-04-30","catalog_version":"2026-07-12","geometry_status":"not_embedded_boundary_available_by_url","boundary_source_url":"https://raw.githubusercontent.com/thanglequoc/vietnamese-provinces-database/master/json/geojson/38_thanh_hoa/wards/15448_dinh_hoa.geojson","boundary_source_page":"https://github.com/thanglequoc/vietnamese-provinces-database/blob/master/json/geojson/38_thanh_hoa/wards/15448_dinh_hoa.geojson","source_catalog":"https://github.com/thanglequoc/vietnamese-provinces-database"},"geometry":null},{"type":"Feature","id":"15457","properties":{"commune_code":"15457","commune_name":"Định Tân","commune_name_en":"Dinh Tan","commune_full_name":"Xã Định Tân","commune_full_name_en":"Dinh Tan Commune","commune_slug":"dinh_tan","unit_type":"Xã","unit_type_en":"Commune","admin_level":2,"province_code":"38","province_name":"Thanh Hoá","province_full_name":"Tỉnh Thanh Hoá","province_slug":"thanh_hoa","join_key":"15457","status":"active","dataset_effective_date":"2026-04-30","catalog_version":"2026-07-12","geometry_status":"not_embedded_boundary_available_by_url","boundary_source_url":"https://raw.githubusercontent.com/thanglequoc/vietnamese-provinces-database/master/json/geojson/38_thanh_hoa/wards/15457_dinh_tan.geojson","boundary_source_page":"https://github.com/thanglequoc/vietnamese-provinces-database/blob/master/json/geojson/38_thanh_hoa/wards/15457_dinh_tan.geojson","source_catalog":"https://github.com/thanglequoc/vietnamese-provinces-database"},"geometry":null},{"type":"Feature","id":"15469","properties":{"commune_code":"15469","commune_name":"Yên Định","commune_name_en":"Yen Dinh","commune_full_name":"Xã Yên Định","commune_full_name_en":"Yen Dinh Commune","commune_slug":"yen_dinh","unit_type":"Xã","unit_type_en":"Commune","admin_level":2,"province_code":"38","province_name":"Thanh Hoá","province_full_name":"Tỉnh Thanh Hoá","province_slug":"thanh_hoa","join_key":"15469","status":"active","dataset_effective_date":"2026-04-30","catalog_version":"2026-07-12","geometry_status":"not_embedded_boundary_available_by_url","boundary_source_url":"https://raw.githubusercontent.com/thanglequoc/vietnamese-provinces-database/master/json/geojson/38_thanh_hoa/wards/15469_yen_dinh.geojson","boundary_source_page":"https://github.com/thanglequoc/vietnamese-provinces-database/blob/master/json/geojson/38_thanh_hoa/wards/15469_yen_dinh.geojson","source_catalog":"https://github.com/thanglequoc/vietnamese-provinces-database"},"geometry":null},{"type":"Feature","id":"15499","properties":{"commune_code":"15499","commune_name":"Thọ Xuân","commune_name_en":"Tho Xuan","commune_full_name":"Xã Thọ Xuân","commune_full_name_en":"Tho Xuan Commune","commune_slug":"tho_xuan","unit_type":"Xã","unit_type_en":"Commune","admin_level":2,"province_code":"38","province_name":"Thanh Hoá","province_full_name":"Tỉnh Thanh Hoá","province_slug":"thanh_hoa","join_key":"15499","status":"active","dataset_effective_date":"2026-04-30","catalog_version":"2026-07-12","geometry_status":"not_embedded_boundary_available_by_url","boundary_source_url":"https://raw.githubusercontent.com/thanglequoc/vietnamese-provinces-database/master/json/geojson/38_thanh_hoa/wards/15499_tho_xuan.geojson","boundary_source_page":"https://github.com/thanglequoc/vietnamese-provinces-database/blob/master/json/geojson/38_thanh_hoa/wards/15499_tho_xuan.geojson","source_catalog":"https://github.com/thanglequoc/vietnamese-provinces-database"},"geometry":null},{"type":"Feature","id":"15505","properties":{"commune_code":"15505","commune_name":"Thọ Long","commune_name_en":"Tho Long","commune_full_name":"Xã Thọ Long","commune_full_name_en":"Tho Long Commune","commune_slug":"tho_long","unit_type":"Xã","unit_type_en":"Commune","admin_level":2,"province_code":"38","province_name":"Thanh Hoá","province_full_name":"Tỉnh Thanh Hoá","province_slug":"thanh_hoa","join_key":"15505","status":"active","dataset_effective_date":"2026-04-30","catalog_version":"2026-07-12","geometry_status":"not_embedded_boundary_available_by_url","boundary_source_url":"https://raw.githubusercontent.com/thanglequoc/vietnamese-provinces-database/master/json/geojson/38_thanh_hoa/wards/15505_tho_long.geojson","boundary_source_page":"https://github.com/thanglequoc/vietnamese-provinces-database/blob/master/json/geojson/38_thanh_hoa/wards/15505_tho_long.geojson","source_catalog":"https://github.com/thanglequoc/vietnamese-provinces-database"},"geometry":null},{"type":"Feature","id":"15520","properties":{"commune_code":"15520","commune_name":"Xuân Hoà","commune_name_en":"Xuan Hoa","commune_full_name":"Xã Xuân Hoà","commune_full_name_en":"Xuan Hoa Commune","commune_slug":"xuan_hoa","unit_type":"Xã","unit_type_en":"Commune","admin_level":2,"province_code":"38","province_name":"Thanh Hoá","province_full_name":"Tỉnh Thanh Hoá","province_slug":"thanh_hoa","join_key":"15520","status":"active","dataset_effective_date":"2026-04-30","catalog_version":"2026-07-12","geometry_status":"not_embedded_boundary_available_by_url","boundary_source_url":"https://raw.githubusercontent.com/thanglequoc/vietnamese-provinces-database/master/json/geojson/38_thanh_hoa/wards/15520_xuan_hoa.geojson","boundary_source_page":"https://github.com/thanglequoc/vietnamese-provinces-database/blob/master/json/geojson/38_thanh_hoa/wards/15520_xuan_hoa.geojson","source_catalog":"https://github.com/thanglequoc/vietnamese-provinces-database"},"geometry":null},{"type":"Feature","id":"15544","properties":{"commune_code":"15544","commune_name":"Lam Sơn","commune_name_en":"Lam Son","commune_full_name":"Xã Lam Sơn","commune_full_name_en":"Lam Son Commune","commune_slug":"lam_son","unit_type":"Xã","unit_type_en":"Commune","admin_level":2,"province_code":"38","province_name":"Thanh Hoá","province_full_name":"Tỉnh Thanh Hoá","province_slug":"thanh_hoa","join_key":"15544","status":"active","dataset_effective_date":"2026-04-30","catalog_version":"2026-07-12","geometry_status":"not_embedded_boundary_available_by_url","boundary_source_url":"https://raw.githubusercontent.com/thanglequoc/vietnamese-provinces-database/master/json/geojson/38_thanh_hoa/wards/15544_lam_son.geojson","boundary_source_page":"https://github.com/thanglequoc/vietnamese-provinces-database/blob/master/json/geojson/38_thanh_hoa/wards/15544_lam_son.geojson","source_catalog":"https://github.com/thanglequoc/vietnamese-provinces-database"},"geometry":null},{"type":"Feature","id":"15553","properties":{"commune_code":"15553","commune_name":"Sao Vàng","commune_name_en":"Sao Vang","commune_full_name":"Xã Sao Vàng","commune_full_name_en":"Sao Vang Commune","commune_slug":"sao_vang","unit_type":"Xã","unit_type_en":"Commune","admin_level":2,"province_code":"38","province_name":"Thanh Hoá","province_full_name":"Tỉnh Thanh Hoá","province_slug":"thanh_hoa","join_key":"15553","status":"active","dataset_effective_date":"2026-04-30","catalog_version":"2026-07-12","geometry_status":"not_embedded_boundary_available_by_url","boundary_source_url":"https://raw.githubusercontent.com/thanglequoc/vietnamese-provinces-database/master/json/geojson/38_thanh_hoa/wards/15553_sao_vang.geojson","boundary_source_page":"https://github.com/thanglequoc/vietnamese-provinces-database/blob/master/json/geojson/38_thanh_hoa/wards/15553_sao_vang.geojson","source_catalog":"https://github.com/thanglequoc/vietnamese-provinces-database"},"geometry":null},{"type":"Feature","id":"15568","properties":{"commune_code":"15568","commune_name":"Thọ Lập","commune_name_en":"Tho Lap","commune_full_name":"Xã Thọ Lập","commune_full_name_en":"Tho Lap Commune","commune_slug":"tho_lap","unit_type":"Xã","unit_type_en":"Commune","admin_level":2,"province_code":"38","province_name":"Thanh Hoá","province_full_name":"Tỉnh Thanh Hoá","province_slug":"thanh_hoa","join_key":"15568","status":"active","dataset_effective_date":"2026-04-30","catalog_version":"2026-07-12","geometry_status":"not_embedded_boundary_available_by_url","boundary_source_url":"https://raw.githubusercontent.com/thanglequoc/vietnamese-provinces-database/master/json/geojson/38_thanh_hoa/wards/15568_tho_lap.geojson","boundary_source_page":"https://github.com/thanglequoc/vietnamese-provinces-database/blob/master/json/geojson/38_thanh_hoa/wards/15568_tho_lap.geojson","source_catalog":"https://github.com/thanglequoc/vietnamese-provinces-database"},"geometry":null},{"type":"Feature","id":"15574","properties":{"commune_code":"15574","commune_name":"Xuân Tín","commune_name_en":"Xuan Tin","commune_full_name":"Xã Xuân Tín","commune_full_name_en":"Xuan Tin Commune","commune_slug":"xuan_tin","unit_type":"Xã","unit_type_en":"Commune","admin_level":2,"province_code":"38","province_name":"Thanh Hoá","province_full_name":"Tỉnh Thanh Hoá","province_slug":"thanh_hoa","join_key":"15574","status":"active","dataset_effective_date":"2026-04-30","catalog_version":"2026-07-12","geometry_status":"not_embedded_boundary_available_by_url","boundary_source_url":"https://raw.githubusercontent.com/thanglequoc/vietnamese-provinces-database/master/json/geojson/38_thanh_hoa/wards/15574_xuan_tin.geojson","boundary_source_page":"https://github.com/thanglequoc/vietnamese-provinces-database/blob/master/json/geojson/38_thanh_hoa/wards/15574_xuan_tin.geojson","source_catalog":"https://github.com/thanglequoc/vietnamese-provinces-database"},"geometry":null},{"type":"Feature","id":"15592","properties":{"commune_code":"15592","commune_name":"Xuân Lập","commune_name_en":"Xuan Lap","commune_full_name":"Xã Xuân Lập","commune_full_name_en":"Xuan Lap Commune","commune_slug":"xuan_lap","unit_type":"Xã","unit_type_en":"Commune","admin_level":2,"province_code":"38","province_name":"Thanh Hoá","province_full_name":"Tỉnh Thanh Hoá","province_slug":"thanh_hoa","join_key":"15592","status":"active","dataset_effective_date":"2026-04-30","catalog_version":"2026-07-12","geometry_status":"not_embedded_boundary_available_by_url","boundary_source_url":"https://raw.githubusercontent.com/thanglequoc/vietnamese-provinces-database/master/json/geojson/38_thanh_hoa/wards/15592_xuan_lap.geojson","boundary_source_page":"https://github.com/thanglequoc/vietnamese-provinces-database/blob/master/json/geojson/38_thanh_hoa/wards/15592_xuan_lap.geojson","source_catalog":"https://github.com/thanglequoc/vietnamese-provinces-database"},"geometry":null},{"type":"Feature","id":"15607","properties":{"commune_code":"15607","commune_name":"Bát Mọt","commune_name_en":"Bat Mot","commune_full_name":"Xã Bát Mọt","commune_full_name_en":"Bat Mot Commune","commune_slug":"bat_mot","unit_type":"Xã","unit_type_en":"Commune","admin_level":2,"province_code":"38","province_name":"Thanh Hoá","province_full_name":"Tỉnh Thanh Hoá","province_slug":"thanh_hoa","join_key":"15607","status":"active","dataset_effective_date":"2026-04-30","catalog_version":"2026-07-12","geometry_status":"not_embedded_boundary_available_by_url","boundary_source_url":"https://raw.githubusercontent.com/thanglequoc/vietnamese-provinces-database/master/json/geojson/38_thanh_hoa/wards/15607_bat_mot.geojson","boundary_source_page":"https://github.com/thanglequoc/vietnamese-provinces-database/blob/master/json/geojson/38_thanh_hoa/wards/15607_bat_mot.geojson","source_catalog":"https://github.com/thanglequoc/vietnamese-provinces-database"},"geometry":null},{"type":"Feature","id":"15610","properties":{"commune_code":"15610","commune_name":"Yên Nhân","commune_name_en":"Yen Nhan","commune_full_name":"Xã Yên Nhân","commune_full_name_en":"Yen Nhan Commune","commune_slug":"yen_nhan","unit_type":"Xã","unit_type_en":"Commune","admin_level":2,"province_code":"38","province_name":"Thanh Hoá","province_full_name":"Tỉnh Thanh Hoá","province_slug":"thanh_hoa","join_key":"15610","status":"active","dataset_effective_date":"2026-04-30","catalog_version":"2026-07-12","geometry_status":"not_embedded_boundary_available_by_url","boundary_source_url":"https://raw.githubusercontent.com/thanglequoc/vietnamese-provinces-database/master/json/geojson/38_thanh_hoa/wards/15610_yen_nhan.geojson","boundary_source_page":"https://github.com/thanglequoc/vietnamese-provinces-database/blob/master/json/geojson/38_thanh_hoa/wards/15610_yen_nhan.geojson","source_catalog":"https://github.com/thanglequoc/vietnamese-provinces-database"},"geometry":null},{"type":"Feature","id":"15622","properties":{"commune_code":"15622","commune_name":"Vạn Xuân","commune_name_en":"Van Xuan","commune_full_name":"Xã Vạn Xuân","commune_full_name_en":"Van Xuan Commune","commune_slug":"van_xuan","unit_type":"Xã","unit_type_en":"Commune","admin_level":2,"province_code":"38","province_name":"Thanh Hoá","province_full_name":"Tỉnh Thanh Hoá","province_slug":"thanh_hoa","join_key":"15622","status":"active","dataset_effective_date":"2026-04-30","catalog_version":"2026-07-12","geometry_status":"not_embedded_boundary_available_by_url","boundary_source_url":"https://raw.githubusercontent.com/thanglequoc/vietnamese-provinces-database/master/json/geojson/38_thanh_hoa/wards/15622_van_xuan.geojson","boundary_source_page":"https://github.com/thanglequoc/vietnamese-provinces-database/blob/master/json/geojson/38_thanh_hoa/wards/15622_van_xuan.geojson","source_catalog":"https://github.com/thanglequoc/vietnamese-provinces-database"},"geometry":null},{"type":"Feature","id":"15628","properties":{"commune_code":"15628","commune_name":"Lương Sơn","commune_name_en":"Luong Son","commune_full_name":"Xã Lương Sơn","commune_full_name_en":"Luong Son Commune","commune_slug":"luong_son","unit_type":"Xã","unit_type_en":"Commune","admin_level":2,"province_code":"38","province_name":"Thanh Hoá","province_full_name":"Tỉnh Thanh Hoá","province_slug":"thanh_hoa","join_key":"15628","status":"active","dataset_effective_date":"2026-04-30","catalog_version":"2026-07-12","geometry_status":"not_embedded_boundary_available_by_url","boundary_source_url":"https://raw.githubusercontent.com/thanglequoc/vietnamese-provinces-database/master/json/geojson/38_thanh_hoa/wards/15628_luong_son.geojson","boundary_source_page":"https://github.com/thanglequoc/vietnamese-provinces-database/blob/master/json/geojson/38_thanh_hoa/wards/15628_luong_son.geojson","source_catalog":"https://github.com/thanglequoc/vietnamese-provinces-database"},"geometry":null},{"type":"Feature","id":"15634","properties":{"commune_code":"15634","commune_name":"Luận Thành","commune_name_en":"Luan Thanh","commune_full_name":"Xã Luận Thành","commune_full_name_en":"Luan Thanh Commune","commune_slug":"luan_thanh","unit_type":"Xã","unit_type_en":"Commune","admin_level":2,"province_code":"38","province_name":"Thanh Hoá","province_full_name":"Tỉnh Thanh Hoá","province_slug":"thanh_hoa","join_key":"15634","status":"active","dataset_effective_date":"2026-04-30","catalog_version":"2026-07-12","geometry_status":"not_embedded_boundary_available_by_url","boundary_source_url":"https://raw.githubusercontent.com/thanglequoc/vietnamese-provinces-database/master/json/geojson/38_thanh_hoa/wards/15634_luan_thanh.geojson","boundary_source_page":"https://github.com/thanglequoc/vietnamese-provinces-database/blob/master/json/geojson/38_thanh_hoa/wards/15634_luan_thanh.geojson","source_catalog":"https://github.com/thanglequoc/vietnamese-provinces-database"},"geometry":null},{"type":"Feature","id":"15643","properties":{"commune_code":"15643","commune_name":"Thắng Lộc","commune_name_en":"Thang Loc","commune_full_name":"Xã Thắng Lộc","commune_full_name_en":"Thang Loc Commune","commune_slug":"thang_loc","unit_type":"Xã","unit_type_en":"Commune","admin_level":2,"province_code":"38","province_name":"Thanh Hoá","province_full_name":"Tỉnh Thanh Hoá","province_slug":"thanh_hoa","join_key":"15643","status":"active","dataset_effective_date":"2026-04-30","catalog_version":"2026-07-12","geometry_status":"not_embedded_boundary_available_by_url","boundary_source_url":"https://raw.githubusercontent.com/thanglequoc/vietnamese-provinces-database/master/json/geojson/38_thanh_hoa/wards/15643_thang_loc.geojson","boundary_source_page":"https://github.com/thanglequoc/vietnamese-provinces-database/blob/master/json/geojson/38_thanh_hoa/wards/15643_thang_loc.geojson","source_catalog":"https://github.com/thanglequoc/vietnamese-provinces-database"},"geometry":null},{"type":"Feature","id":"15646","properties":{"commune_code":"15646","commune_name":"Thường Xuân","commune_name_en":"Thuong Xuan","commune_full_name":"Xã Thường Xuân","commune_full_name_en":"Thuong Xuan Commune","commune_slug":"thuong_xuan","unit_type":"Xã","unit_type_en":"Commune","admin_level":2,"province_code":"38","province_name":"Thanh Hoá","province_full_name":"Tỉnh Thanh Hoá","province_slug":"thanh_hoa","join_key":"15646","status":"active","dataset_effective_date":"2026-04-30","catalog_version":"2026-07-12","geometry_status":"not_embedded_boundary_available_by_url","boundary_source_url":"https://raw.githubusercontent.com/thanglequoc/vietnamese-provinces-database/master/json/geojson/38_thanh_hoa/wards/15646_thuong_xuan.geojson","boundary_source_page":"https://github.com/thanglequoc/vietnamese-provinces-database/blob/master/json/geojson/38_thanh_hoa/wards/15646_thuong_xuan.geojson","source_catalog":"https://github.com/thanglequoc/vietnamese-provinces-database"},"geometry":null},{"type":"Feature","id":"15658","properties":{"commune_code":"15658","commune_name":"Xuân Chinh","commune_name_en":"Xuan Chinh","commune_full_name":"Xã Xuân Chinh","commune_full_name_en":"Xuan Chinh Commune","commune_slug":"xuan_chinh","unit_type":"Xã","unit_type_en":"Commune","admin_level":2,"province_code":"38","province_name":"Thanh Hoá","province_full_name":"Tỉnh Thanh Hoá","province_slug":"thanh_hoa","join_key":"15658","status":"active","dataset_effective_date":"2026-04-30","catalog_version":"2026-07-12","geometry_status":"not_embedded_boundary_available_by_url","boundary_source_url":"https://raw.githubusercontent.com/thanglequoc/vietnamese-provinces-database/master/json/geojson/38_thanh_hoa/wards/15658_xuan_chinh.geojson","boundary_source_page":"https://github.com/thanglequoc/vietnamese-provinces-database/blob/master/json/geojson/38_thanh_hoa/wards/15658_xuan_chinh.geojson","source_catalog":"https://github.com/thanglequoc/vietnamese-provinces-database"},"geometry":null},{"type":"Feature","id":"15661","properties":{"commune_code":"15661","commune_name":"Tân Thành","commune_name_en":"Tan Thanh","commune_full_name":"Xã Tân Thành","commune_full_name_en":"Tan Thanh Commune","commune_slug":"tan_thanh","unit_type":"Xã","unit_type_en":"Commune","admin_level":2,"province_code":"38","province_name":"Thanh Hoá","province_full_name":"Tỉnh Thanh Hoá","province_slug":"thanh_hoa","join_key":"15661","status":"active","dataset_effective_date":"2026-04-30","catalog_version":"2026-07-12","geometry_status":"not_embedded_boundary_available_by_url","boundary_source_url":"https://raw.githubusercontent.com/thanglequoc/vietnamese-provinces-database/master/json/geojson/38_thanh_hoa/wards/15661_tan_thanh.geojson","boundary_source_page":"https://github.com/thanglequoc/vietnamese-provinces-database/blob/master/json/geojson/38_thanh_hoa/wards/15661_tan_thanh.geojson","source_catalog":"https://github.com/thanglequoc/vietnamese-provinces-database"},"geometry":null},{"type":"Feature","id":"15664","properties":{"commune_code":"15664","commune_name":"Triệu Sơn","commune_name_en":"Trieu Son","commune_full_name":"Xã Triệu Sơn","commune_full_name_en":"Trieu Son Commune","commune_slug":"trieu_son","unit_type":"Xã","unit_type_en":"Commune","admin_level":2,"province_code":"38","province_name":"Thanh Hoá","province_full_name":"Tỉnh Thanh Hoá","province_slug":"thanh_hoa","join_key":"15664","status":"active","dataset_effective_date":"2026-04-30","catalog_version":"2026-07-12","geometry_status":"not_embedded_boundary_available_by_url","boundary_source_url":"https://raw.githubusercontent.com/thanglequoc/vietnamese-provinces-database/master/json/geojson/38_thanh_hoa/wards/15664_trieu_son.geojson","boundary_source_page":"https://github.com/thanglequoc/vietnamese-provinces-database/blob/master/json/geojson/38_thanh_hoa/wards/15664_trieu_son.geojson","source_catalog":"https://github.com/thanglequoc/vietnamese-provinces-database"},"geometry":null},{"type":"Feature","id":"15667","properties":{"commune_code":"15667","commune_name":"Thọ Bình","commune_name_en":"Tho Binh","commune_full_name":"Xã Thọ Bình","commune_full_name_en":"Tho Binh Commune","commune_slug":"tho_binh","unit_type":"Xã","unit_type_en":"Commune","admin_level":2,"province_code":"38","province_name":"Thanh Hoá","province_full_name":"Tỉnh Thanh Hoá","province_slug":"thanh_hoa","join_key":"15667","status":"active","dataset_effective_date":"2026-04-30","catalog_version":"2026-07-12","geometry_status":"not_embedded_boundary_available_by_url","boundary_source_url":"https://raw.githubusercontent.com/thanglequoc/vietnamese-provinces-database/master/json/geojson/38_thanh_hoa/wards/15667_tho_binh.geojson","boundary_source_page":"https://github.com/thanglequoc/vietnamese-provinces-database/blob/master/json/geojson/38_thanh_hoa/wards/15667_tho_binh.geojson","source_catalog":"https://github.com/thanglequoc/vietnamese-provinces-database"},"geometry":null},{"type":"Feature","id":"15682","properties":{"commune_code":"15682","commune_name":"Hợp Tiến","commune_name_en":"Hop Tien","commune_full_name":"Xã Hợp Tiến","commune_full_name_en":"Hop Tien Commune","commune_slug":"hop_tien","unit_type":"Xã","unit_type_en":"Commune","admin_level":2,"province_code":"38","province_name":"Thanh Hoá","province_full_name":"Tỉnh Thanh Hoá","province_slug":"thanh_hoa","join_key":"15682","status":"active","dataset_effective_date":"2026-04-30","catalog_version":"2026-07-12","geometry_status":"not_embedded_boundary_available_by_url","boundary_source_url":"https://raw.githubusercontent.com/thanglequoc/vietnamese-provinces-database/master/json/geojson/38_thanh_hoa/wards/15682_hop_tien.geojson","boundary_source_page":"https://github.com/thanglequoc/vietnamese-provinces-database/blob/master/json/geojson/38_thanh_hoa/wards/15682_hop_tien.geojson","source_catalog":"https://github.com/thanglequoc/vietnamese-provinces-database"},"geometry":null},{"type":"Feature","id":"15715","properties":{"commune_code":"15715","commune_name":"Tân Ninh","commune_name_en":"Tan Ninh","commune_full_name":"Xã Tân Ninh","commune_full_name_en":"Tan Ninh Commune","commune_slug":"tan_ninh","unit_type":"Xã","unit_type_en":"Commune","admin_level":2,"province_code":"38","province_name":"Thanh Hoá","province_full_name":"Tỉnh Thanh Hoá","province_slug":"thanh_hoa","join_key":"15715","status":"active","dataset_effective_date":"2026-04-30","catalog_version":"2026-07-12","geometry_status":"not_embedded_boundary_available_by_url","boundary_source_url":"https://raw.githubusercontent.com/thanglequoc/vietnamese-provinces-database/master/json/geojson/38_thanh_hoa/wards/15715_tan_ninh.geojson","boundary_source_page":"https://github.com/thanglequoc/vietnamese-provinces-database/blob/master/json/geojson/38_thanh_hoa/wards/15715_tan_ninh.geojson","source_catalog":"https://github.com/thanglequoc/vietnamese-provinces-database"},"geometry":null},{"type":"Feature","id":"15724","properties":{"commune_code":"15724","commune_name":"Đồng Tiến","commune_name_en":"Dong Tien","commune_full_name":"Xã Đồng Tiến","commune_full_name_en":"Dong Tien Commune","commune_slug":"dong_tien","unit_type":"Xã","unit_type_en":"Commune","admin_level":2,"province_code":"38","province_name":"Thanh Hoá","province_full_name":"Tỉnh Thanh Hoá","province_slug":"thanh_hoa","join_key":"15724","status":"active","dataset_effective_date":"2026-04-30","catalog_version":"2026-07-12","geometry_status":"not_embedded_boundary_available_by_url","boundary_source_url":"https://raw.githubusercontent.com/thanglequoc/vietnamese-provinces-database/master/json/geojson/38_thanh_hoa/wards/15724_dong_tien.geojson","boundary_source_page":"https://github.com/thanglequoc/vietnamese-provinces-database/blob/master/json/geojson/38_thanh_hoa/wards/15724_dong_tien.geojson","source_catalog":"https://github.com/thanglequoc/vietnamese-provinces-database"},"geometry":null},{"type":"Feature","id":"15754","properties":{"commune_code":"15754","commune_name":"Thọ Ngọc","commune_name_en":"Tho Ngoc","commune_full_name":"Xã Thọ Ngọc","commune_full_name_en":"Tho Ngoc Commune","commune_slug":"tho_ngoc","unit_type":"Xã","unit_type_en":"Commune","admin_level":2,"province_code":"38","province_name":"Thanh Hoá","province_full_name":"Tỉnh Thanh Hoá","province_slug":"thanh_hoa","join_key":"15754","status":"active","dataset_effective_date":"2026-04-30","catalog_version":"2026-07-12","geometry_status":"not_embedded_boundary_available_by_url","boundary_source_url":"https://raw.githubusercontent.com/thanglequoc/vietnamese-provinces-database/master/json/geojson/38_thanh_hoa/wards/15754_tho_ngoc.geojson","boundary_source_page":"https://github.com/thanglequoc/vietnamese-provinces-database/blob/master/json/geojson/38_thanh_hoa/wards/15754_tho_ngoc.geojson","source_catalog":"https://github.com/thanglequoc/vietnamese-provinces-database"},"geometry":null},{"type":"Feature","id":"15763","properties":{"commune_code":"15763","commune_name":"Thọ Phú","commune_name_en":"Tho Phu","commune_full_name":"Xã Thọ Phú","commune_full_name_en":"Tho Phu Commune","commune_slug":"tho_phu","unit_type":"Xã","unit_type_en":"Commune","admin_level":2,"province_code":"38","province_name":"Thanh Hoá","province_full_name":"Tỉnh Thanh Hoá","province_slug":"thanh_hoa","join_key":"15763","status":"active","dataset_effective_date":"2026-04-30","catalog_version":"2026-07-12","geometry_status":"not_embedded_boundary_available_by_url","boundary_source_url":"https://raw.githubusercontent.com/thanglequoc/vietnamese-provinces-database/master/json/geojson/38_thanh_hoa/wards/15763_tho_phu.geojson","boundary_source_page":"https://github.com/thanglequoc/vietnamese-provinces-database/blob/master/json/geojson/38_thanh_hoa/wards/15763_tho_phu.geojson","source_catalog":"https://github.com/thanglequoc/vietnamese-provinces-database"},"geometry":null},{"type":"Feature","id":"15766","properties":{"commune_code":"15766","commune_name":"An Nông","commune_name_en":"An Nong","commune_full_name":"Xã An Nông","commune_full_name_en":"An Nong Commune","commune_slug":"an_nong","unit_type":"Xã","unit_type_en":"Commune","admin_level":2,"province_code":"38","province_name":"Thanh Hoá","province_full_name":"Tỉnh Thanh Hoá","province_slug":"thanh_hoa","join_key":"15766","status":"active","dataset_effective_date":"2026-04-30","catalog_version":"2026-07-12","geometry_status":"not_embedded_boundary_available_by_url","boundary_source_url":"https://raw.githubusercontent.com/thanglequoc/vietnamese-provinces-database/master/json/geojson/38_thanh_hoa/wards/15766_an_nong.geojson","boundary_source_page":"https://github.com/thanglequoc/vietnamese-provinces-database/blob/master/json/geojson/38_thanh_hoa/wards/15766_an_nong.geojson","source_catalog":"https://github.com/thanglequoc/vietnamese-provinces-database"},"geometry":null},{"type":"Feature","id":"15772","properties":{"commune_code":"15772","commune_name":"Thiệu Hoá","commune_name_en":"Thieu Hoa","commune_full_name":"Xã Thiệu Hoá","commune_full_name_en":"Thieu Hoa Commune","commune_slug":"thieu_hoa","unit_type":"Xã","unit_type_en":"Commune","admin_level":2,"province_code":"38","province_name":"Thanh Hoá","province_full_name":"Tỉnh Thanh Hoá","province_slug":"thanh_hoa","join_key":"15772","status":"active","dataset_effective_date":"2026-04-30","catalog_version":"2026-07-12","geometry_status":"not_embedded_boundary_available_by_url","boundary_source_url":"https://raw.githubusercontent.com/thanglequoc/vietnamese-provinces-database/master/json/geojson/38_thanh_hoa/wards/15772_thieu_hoa.geojson","boundary_source_page":"https://github.com/thanglequoc/vietnamese-provinces-database/blob/master/json/geojson/38_thanh_hoa/wards/15772_thieu_hoa.geojson","source_catalog":"https://github.com/thanglequoc/vietnamese-provinces-database"},"geometry":null},{"type":"Feature","id":"15778","properties":{"commune_code":"15778","commune_name":"Thiệu Tiến","commune_name_en":"Thieu Tien","commune_full_name":"Xã Thiệu Tiến","commune_full_name_en":"Thieu Tien Commune","commune_slug":"thieu_tien","unit_type":"Xã","unit_type_en":"Commune","admin_level":2,"province_code":"38","province_name":"Thanh Hoá","province_full_name":"Tỉnh Thanh Hoá","province_slug":"thanh_hoa","join_key":"15778","status":"active","dataset_effective_date":"2026-04-30","catalog_version":"2026-07-12","geometry_status":"not_embedded_boundary_available_by_url","boundary_source_url":"https://raw.githubusercontent.com/thanglequoc/vietnamese-provinces-database/master/json/geojson/38_thanh_hoa/wards/15778_thieu_tien.geojson","boundary_source_page":"https://github.com/thanglequoc/vietnamese-provinces-database/blob/master/json/geojson/38_thanh_hoa/wards/15778_thieu_tien.geojson","source_catalog":"https://github.com/thanglequoc/vietnamese-provinces-database"},"geometry":null},{"type":"Feature","id":"15796","properties":{"commune_code":"15796","commune_name":"Thiệu Quang","commune_name_en":"Thieu Quang","commune_full_name":"Xã Thiệu Quang","commune_full_name_en":"Thieu Quang Commune","commune_slug":"thieu_quang","unit_type":"Xã","unit_type_en":"Commune","admin_level":2,"province_code":"38","province_name":"Thanh Hoá","province_full_name":"Tỉnh Thanh Hoá","province_slug":"thanh_hoa","join_key":"15796","status":"active","dataset_effective_date":"2026-04-30","catalog_version":"2026-07-12","geometry_status":"not_embedded_boundary_available_by_url","boundary_source_url":"https://raw.githubusercontent.com/thanglequoc/vietnamese-provinces-database/master/json/geojson/38_thanh_hoa/wards/15796_thieu_quang.geojson","boundary_source_page":"https://github.com/thanglequoc/vietnamese-provinces-database/blob/master/json/geojson/38_thanh_hoa/wards/15796_thieu_quang.geojson","source_catalog":"https://github.com/thanglequoc/vietnamese-provinces-database"},"geometry":null},{"type":"Feature","id":"15820","properties":{"commune_code":"15820","commune_name":"Thiệu Toán","commune_name_en":"Thieu Toan","commune_full_name":"Xã Thiệu Toán","commune_full_name_en":"Thieu Toan Commune","commune_slug":"thieu_toan","unit_type":"Xã","unit_type_en":"Commune","admin_level":2,"province_code":"38","province_name":"Thanh Hoá","province_full_name":"Tỉnh Thanh Hoá","province_slug":"thanh_hoa","join_key":"15820","status":"active","dataset_effective_date":"2026-04-30","catalog_version":"2026-07-12","geometry_status":"not_embedded_boundary_available_by_url","boundary_source_url":"https://raw.githubusercontent.com/thanglequoc/vietnamese-provinces-database/master/json/geojson/38_thanh_hoa/wards/15820_thieu_toan.geojson","boundary_source_page":"https://github.com/thanglequoc/vietnamese-provinces-database/blob/master/json/geojson/38_thanh_hoa/wards/15820_thieu_toan.geojson","source_catalog":"https://github.com/thanglequoc/vietnamese-provinces-database"},"geometry":null},{"type":"Feature","id":"15835","properties":{"commune_code":"15835","commune_name":"Thiệu Trung","commune_name_en":"Thieu Trung","commune_full_name":"Xã Thiệu Trung","commune_full_name_en":"Thieu Trung Commune","commune_slug":"thieu_trung","unit_type":"Xã","unit_type_en":"Commune","admin_level":2,"province_code":"38","province_name":"Thanh Hoá","province_full_name":"Tỉnh Thanh Hoá","province_slug":"thanh_hoa","join_key":"15835","status":"active","dataset_effective_date":"2026-04-30","catalog_version":"2026-07-12","geometry_status":"not_embedded_boundary_available_by_url","boundary_source_url":"https://raw.githubusercontent.com/thanglequoc/vietnamese-provinces-database/master/json/geojson/38_thanh_hoa/wards/15835_thieu_trung.geojson","boundary_source_page":"https://github.com/thanglequoc/vietnamese-provinces-database/blob/master/json/geojson/38_thanh_hoa/wards/15835_thieu_trung.geojson","source_catalog":"https://github.com/thanglequoc/vietnamese-provinces-database"},"geometry":null},{"type":"Feature","id":"15853","properties":{"commune_code":"15853","commune_name":"Đông Tiến","commune_name_en":"Dong Tien","commune_full_name":"Phường Đông Tiến","commune_full_name_en":"Dong Tien Ward","commune_slug":"dong_tien","unit_type":"Phường","unit_type_en":"Ward","admin_level":2,"province_code":"38","province_name":"Thanh Hoá","province_full_name":"Tỉnh Thanh Hoá","province_slug":"thanh_hoa","join_key":"15853","status":"active","dataset_effective_date":"2026-04-30","catalog_version":"2026-07-12","geometry_status":"not_embedded_boundary_available_by_url","boundary_source_url":"https://raw.githubusercontent.com/thanglequoc/vietnamese-provinces-database/master/json/geojson/38_thanh_hoa/wards/15853_dong_tien.geojson","boundary_source_page":"https://github.com/thanglequoc/vietnamese-provinces-database/blob/master/json/geojson/38_thanh_hoa/wards/15853_dong_tien.geojson","source_catalog":"https://github.com/thanglequoc/vietnamese-provinces-database"},"geometry":null},{"type":"Feature","id":"15865","properties":{"commune_code":"15865","commune_name":"Hoằng Hoá","commune_name_en":"Hoang Hoa","commune_full_name":"Xã Hoằng Hoá","commune_full_name_en":"Hoang Hoa Commune","commune_slug":"hoang_hoa","unit_type":"Xã","unit_type_en":"Commune","admin_level":2,"province_code":"38","province_name":"Thanh Hoá","province_full_name":"Tỉnh Thanh Hoá","province_slug":"thanh_hoa","join_key":"15865","status":"active","dataset_effective_date":"2026-04-30","catalog_version":"2026-07-12","geometry_status":"not_embedded_boundary_available_by_url","boundary_source_url":"https://raw.githubusercontent.com/thanglequoc/vietnamese-provinces-database/master/json/geojson/38_thanh_hoa/wards/15865_hoang_hoa.geojson","boundary_source_page":"https://github.com/thanglequoc/vietnamese-provinces-database/blob/master/json/geojson/38_thanh_hoa/wards/15865_hoang_hoa.geojson","source_catalog":"https://github.com/thanglequoc/vietnamese-provinces-database"},"geometry":null},{"type":"Feature","id":"15880","properties":{"commune_code":"15880","commune_name":"Hoằng Giang","commune_name_en":"Hoang Giang","commune_full_name":"Xã Hoằng Giang","commune_full_name_en":"Hoang Giang Commune","commune_slug":"hoang_giang","unit_type":"Xã","unit_type_en":"Commune","admin_level":2,"province_code":"38","province_name":"Thanh Hoá","province_full_name":"Tỉnh Thanh Hoá","province_slug":"thanh_hoa","join_key":"15880","status":"active","dataset_effective_date":"2026-04-30","catalog_version":"2026-07-12","geometry_status":"not_embedded_boundary_available_by_url","boundary_source_url":"https://raw.githubusercontent.com/thanglequoc/vietnamese-provinces-database/master/json/geojson/38_thanh_hoa/wards/15880_hoang_giang.geojson","boundary_source_page":"https://github.com/thanglequoc/vietnamese-provinces-database/blob/master/json/geojson/38_thanh_hoa/wards/15880_hoang_giang.geojson","source_catalog":"https://github.com/thanglequoc/vietnamese-provinces-database"},"geometry":null},{"type":"Feature","id":"15889","properties":{"commune_code":"15889","commune_name":"Hoằng Phú","commune_name_en":"Hoang Phu","commune_full_name":"Xã Hoằng Phú","commune_full_name_en":"Hoang Phu Commune","commune_slug":"hoang_phu","unit_type":"Xã","unit_type_en":"Commune","admin_level":2,"province_code":"38","province_name":"Thanh Hoá","province_full_name":"Tỉnh Thanh Hoá","province_slug":"thanh_hoa","join_key":"15889","status":"active","dataset_effective_date":"2026-04-30","catalog_version":"2026-07-12","geometry_status":"not_embedded_boundary_available_by_url","boundary_source_url":"https://raw.githubusercontent.com/thanglequoc/vietnamese-provinces-database/master/json/geojson/38_thanh_hoa/wards/15889_hoang_phu.geojson","boundary_source_page":"https://github.com/thanglequoc/vietnamese-provinces-database/blob/master/json/geojson/38_thanh_hoa/wards/15889_hoang_phu.geojson","source_catalog":"https://github.com/thanglequoc/vietnamese-provinces-database"},"geometry":null},{"type":"Feature","id":"15910","properties":{"commune_code":"15910","commune_name":"Hoằng Sơn","commune_name_en":"Hoang Son","commune_full_name":"Xã Hoằng Sơn","commune_full_name_en":"Hoang Son Commune","commune_slug":"hoang_son","unit_type":"Xã","unit_type_en":"Commune","admin_level":2,"province_code":"38","province_name":"Thanh Hoá","province_full_name":"Tỉnh Thanh Hoá","province_slug":"thanh_hoa","join_key":"15910","status":"active","dataset_effective_date":"2026-04-30","catalog_version":"2026-07-12","geometry_status":"not_embedded_boundary_available_by_url","boundary_source_url":"https://raw.githubusercontent.com/thanglequoc/vietnamese-provinces-database/master/json/geojson/38_thanh_hoa/wards/15910_hoang_son.geojson","boundary_source_page":"https://github.com/thanglequoc/vietnamese-provinces-database/blob/master/json/geojson/38_thanh_hoa/wards/15910_hoang_son.geojson","source_catalog":"https://github.com/thanglequoc/vietnamese-provinces-database"},"geometry":null},{"type":"Feature","id":"15925","properties":{"commune_code":"15925","commune_name":"Nguyệt Viên","commune_name_en":"Nguyet Vien","commune_full_name":"Phường Nguyệt Viên","commune_full_name_en":"Nguyet Vien Ward","commune_slug":"nguyet_vien","unit_type":"Phường","unit_type_en":"Ward","admin_level":2,"province_code":"38","province_name":"Thanh Hoá","province_full_name":"Tỉnh Thanh Hoá","province_slug":"thanh_hoa","join_key":"15925","status":"active","dataset_effective_date":"2026-04-30","catalog_version":"2026-07-12","geometry_status":"not_embedded_boundary_available_by_url","boundary_source_url":"https://raw.githubusercontent.com/thanglequoc/vietnamese-provinces-database/master/json/geojson/38_thanh_hoa/wards/15925_nguyet_vien.geojson","boundary_source_page":"https://github.com/thanglequoc/vietnamese-provinces-database/blob/master/json/geojson/38_thanh_hoa/wards/15925_nguyet_vien.geojson","source_catalog":"https://github.com/thanglequoc/vietnamese-provinces-database"},"geometry":null},{"type":"Feature","id":"15961","properties":{"commune_code":"15961","commune_name":"Hoằng Lộc","commune_name_en":"Hoang Loc","commune_full_name":"Xã Hoằng Lộc","commune_full_name_en":"Hoang Loc Commune","commune_slug":"hoang_loc","unit_type":"Xã","unit_type_en":"Commune","admin_level":2,"province_code":"38","province_name":"Thanh Hoá","province_full_name":"Tỉnh Thanh Hoá","province_slug":"thanh_hoa","join_key":"15961","status":"active","dataset_effective_date":"2026-04-30","catalog_version":"2026-07-12","geometry_status":"not_embedded_boundary_available_by_url","boundary_source_url":"https://raw.githubusercontent.com/thanglequoc/vietnamese-provinces-database/master/json/geojson/38_thanh_hoa/wards/15961_hoang_loc.geojson","boundary_source_page":"https://github.com/thanglequoc/vietnamese-provinces-database/blob/master/json/geojson/38_thanh_hoa/wards/15961_hoang_loc.geojson","source_catalog":"https://github.com/thanglequoc/vietnamese-provinces-database"},"geometry":null},{"type":"Feature","id":"15976","properties":{"commune_code":"15976","commune_name":"Hoằng Châu","commune_name_en":"Hoang Chau","commune_full_name":"Xã Hoằng Châu","commune_full_name_en":"Hoang Chau Commune","commune_slug":"hoang_chau","unit_type":"Xã","unit_type_en":"Commune","admin_level":2,"province_code":"38","province_name":"Thanh Hoá","province_full_name":"Tỉnh Thanh Hoá","province_slug":"thanh_hoa","join_key":"15976","status":"active","dataset_effective_date":"2026-04-30","catalog_version":"2026-07-12","geometry_status":"not_embedded_boundary_available_by_url","boundary_source_url":"https://raw.githubusercontent.com/thanglequoc/vietnamese-provinces-database/master/json/geojson/38_thanh_hoa/wards/15976_hoang_chau.geojson","boundary_source_page":"https://github.com/thanglequoc/vietnamese-provinces-database/blob/master/json/geojson/38_thanh_hoa/wards/15976_hoang_chau.geojson","source_catalog":"https://github.com/thanglequoc/vietnamese-provinces-database"},"geometry":null},{"type":"Feature","id":"15991","properties":{"commune_code":"15991","commune_name":"Hoằng Tiến","commune_name_en":"Hoang Tien","commune_full_name":"Xã Hoằng Tiến","commune_full_name_en":"Hoang Tien Commune","commune_slug":"hoang_tien","unit_type":"Xã","unit_type_en":"Commune","admin_level":2,"province_code":"38","province_name":"Thanh Hoá","province_full_name":"Tỉnh Thanh Hoá","province_slug":"thanh_hoa","join_key":"15991","status":"active","dataset_effective_date":"2026-04-30","catalog_version":"2026-07-12","geometry_status":"not_embedded_boundary_available_by_url","boundary_source_url":"https://raw.githubusercontent.com/thanglequoc/vietnamese-provinces-database/master/json/geojson/38_thanh_hoa/wards/15991_hoang_tien.geojson","boundary_source_page":"https://github.com/thanglequoc/vietnamese-provinces-database/blob/master/json/geojson/38_thanh_hoa/wards/15991_hoang_tien.geojson","source_catalog":"https://github.com/thanglequoc/vietnamese-provinces-database"},"geometry":null},{"type":"Feature","id":"16000","properties":{"commune_code":"16000","commune_name":"Hoằng Thanh","commune_name_en":"Hoang Thanh","commune_full_name":"Xã Hoằng Thanh","commune_full_name_en":"Hoang Thanh Commune","commune_slug":"hoang_thanh","unit_type":"Xã","unit_type_en":"Commune","admin_level":2,"province_code":"38","province_name":"Thanh Hoá","province_full_name":"Tỉnh Thanh Hoá","province_slug":"thanh_hoa","join_key":"16000","status":"active","dataset_effective_date":"2026-04-30","catalog_version":"2026-07-12","geometry_status":"not_embedded_boundary_available_by_url","boundary_source_url":"https://raw.githubusercontent.com/thanglequoc/vietnamese-provinces-database/master/json/geojson/38_thanh_hoa/wards/16000_hoang_thanh.geojson","boundary_source_page":"https://github.com/thanglequoc/vietnamese-provinces-database/blob/master/json/geojson/38_thanh_hoa/wards/16000_hoang_thanh.geojson","source_catalog":"https://github.com/thanglequoc/vietnamese-provinces-database"},"geometry":null},{"type":"Feature","id":"16012","properties":{"commune_code":"16012","commune_name":"Hậu Lộc","commune_name_en":"Hau Loc","commune_full_name":"Xã Hậu Lộc","commune_full_name_en":"Hau Loc Commune","commune_slug":"hau_loc","unit_type":"Xã","unit_type_en":"Commune","admin_level":2,"province_code":"38","province_name":"Thanh Hoá","province_full_name":"Tỉnh Thanh Hoá","province_slug":"thanh_hoa","join_key":"16012","status":"active","dataset_effective_date":"2026-04-30","catalog_version":"2026-07-12","geometry_status":"not_embedded_boundary_available_by_url","boundary_source_url":"https://raw.githubusercontent.com/thanglequoc/vietnamese-provinces-database/master/json/geojson/38_thanh_hoa/wards/16012_hau_loc.geojson","boundary_source_page":"https://github.com/thanglequoc/vietnamese-provinces-database/blob/master/json/geojson/38_thanh_hoa/wards/16012_hau_loc.geojson","source_catalog":"https://github.com/thanglequoc/vietnamese-provinces-database"},"geometry":null},{"type":"Feature","id":"16021","properties":{"commune_code":"16021","commune_name":"Triệu Lộc","commune_name_en":"Trieu Loc","commune_full_name":"Xã Triệu Lộc","commune_full_name_en":"Trieu Loc Commune","commune_slug":"trieu_loc","unit_type":"Xã","unit_type_en":"Commune","admin_level":2,"province_code":"38","province_name":"Thanh Hoá","province_full_name":"Tỉnh Thanh Hoá","province_slug":"thanh_hoa","join_key":"16021","status":"active","dataset_effective_date":"2026-04-30","catalog_version":"2026-07-12","geometry_status":"not_embedded_boundary_available_by_url","boundary_source_url":"https://raw.githubusercontent.com/thanglequoc/vietnamese-provinces-database/master/json/geojson/38_thanh_hoa/wards/16021_trieu_loc.geojson","boundary_source_page":"https://github.com/thanglequoc/vietnamese-provinces-database/blob/master/json/geojson/38_thanh_hoa/wards/16021_trieu_loc.geojson","source_catalog":"https://github.com/thanglequoc/vietnamese-provinces-database"},"geometry":null},{"type":"Feature","id":"16033","properties":{"commune_code":"16033","commune_name":"Đông Thành","commune_name_en":"Dong Thanh","commune_full_name":"Xã Đông Thành","commune_full_name_en":"Dong Thanh Commune","commune_slug":"dong_thanh","unit_type":"Xã","unit_type_en":"Commune","admin_level":2,"province_code":"38","province_name":"Thanh Hoá","province_full_name":"Tỉnh Thanh Hoá","province_slug":"thanh_hoa","join_key":"16033","status":"active","dataset_effective_date":"2026-04-30","catalog_version":"2026-07-12","geometry_status":"not_embedded_boundary_available_by_url","boundary_source_url":"https://raw.githubusercontent.com/thanglequoc/vietnamese-provinces-database/master/json/geojson/38_thanh_hoa/wards/16033_dong_thanh.geojson","boundary_source_page":"https://github.com/thanglequoc/vietnamese-provinces-database/blob/master/json/geojson/38_thanh_hoa/wards/16033_dong_thanh.geojson","source_catalog":"https://github.com/thanglequoc/vietnamese-provinces-database"},"geometry":null},{"type":"Feature","id":"16072","properties":{"commune_code":"16072","commune_name":"Hoa Lộc","commune_name_en":"Hoa Loc","commune_full_name":"Xã Hoa Lộc","commune_full_name_en":"Hoa Loc Commune","commune_slug":"hoa_loc","unit_type":"Xã","unit_type_en":"Commune","admin_level":2,"province_code":"38","province_name":"Thanh Hoá","province_full_name":"Tỉnh Thanh Hoá","province_slug":"thanh_hoa","join_key":"16072","status":"active","dataset_effective_date":"2026-04-30","catalog_version":"2026-07-12","geometry_status":"not_embedded_boundary_available_by_url","boundary_source_url":"https://raw.githubusercontent.com/thanglequoc/vietnamese-provinces-database/master/json/geojson/38_thanh_hoa/wards/16072_hoa_loc.geojson","boundary_source_page":"https://github.com/thanglequoc/vietnamese-provinces-database/blob/master/json/geojson/38_thanh_hoa/wards/16072_hoa_loc.geojson","source_catalog":"https://github.com/thanglequoc/vietnamese-provinces-database"},"geometry":null},{"type":"Feature","id":"16078","properties":{"commune_code":"16078","commune_name":"Vạn Lộc","commune_name_en":"Van Loc","commune_full_name":"Xã Vạn Lộc","commune_full_name_en":"Van Loc Commune","commune_slug":"van_loc","unit_type":"Xã","unit_type_en":"Commune","admin_level":2,"province_code":"38","province_name":"Thanh Hoá","province_full_name":"Tỉnh Thanh Hoá","province_slug":"thanh_hoa","join_key":"16078","status":"active","dataset_effective_date":"2026-04-30","catalog_version":"2026-07-12","geometry_status":"not_embedded_boundary_available_by_url","boundary_source_url":"https://raw.githubusercontent.com/thanglequoc/vietnamese-provinces-database/master/json/geojson/38_thanh_hoa/wards/16078_van_loc.geojson","boundary_source_page":"https://github.com/thanglequoc/vietnamese-provinces-database/blob/master/json/geojson/38_thanh_hoa/wards/16078_van_loc.geojson","source_catalog":"https://github.com/thanglequoc/vietnamese-provinces-database"},"geometry":null},{"type":"Feature","id":"16093","properties":{"commune_code":"16093","commune_name":"Nga Sơn","commune_name_en":"Nga Son","commune_full_name":"Xã Nga Sơn","commune_full_name_en":"Nga Son Commune","commune_slug":"nga_son","unit_type":"Xã","unit_type_en":"Commune","admin_level":2,"province_code":"38","province_name":"Thanh Hoá","province_full_name":"Tỉnh Thanh Hoá","province_slug":"thanh_hoa","join_key":"16093","status":"active","dataset_effective_date":"2026-04-30","catalog_version":"2026-07-12","geometry_status":"not_embedded_boundary_available_by_url","boundary_source_url":"https://raw.githubusercontent.com/thanglequoc/vietnamese-provinces-database/master/json/geojson/38_thanh_hoa/wards/16093_nga_son.geojson","boundary_source_page":"https://github.com/thanglequoc/vietnamese-provinces-database/blob/master/json/geojson/38_thanh_hoa/wards/16093_nga_son.geojson","source_catalog":"https://github.com/thanglequoc/vietnamese-provinces-database"},"geometry":null},{"type":"Feature","id":"16108","properties":{"commune_code":"16108","commune_name":"Tân Tiến","commune_name_en":"Tan Tien","commune_full_name":"Xã Tân Tiến","commune_full_name_en":"Tan Tien Commune","commune_slug":"tan_tien","unit_type":"Xã","unit_type_en":"Commune","admin_level":2,"province_code":"38","province_name":"Thanh Hoá","province_full_name":"Tỉnh Thanh Hoá","province_slug":"thanh_hoa","join_key":"16108","status":"active","dataset_effective_date":"2026-04-30","catalog_version":"2026-07-12","geometry_status":"not_embedded_boundary_available_by_url","boundary_source_url":"https://raw.githubusercontent.com/thanglequoc/vietnamese-provinces-database/master/json/geojson/38_thanh_hoa/wards/16108_tan_tien.geojson","boundary_source_page":"https://github.com/thanglequoc/vietnamese-provinces-database/blob/master/json/geojson/38_thanh_hoa/wards/16108_tan_tien.geojson","source_catalog":"https://github.com/thanglequoc/vietnamese-provinces-database"},"geometry":null},{"type":"Feature","id":"16114","properties":{"commune_code":"16114","commune_name":"Nga Thắng","commune_name_en":"Nga Thang","commune_full_name":"Xã Nga Thắng","commune_full_name_en":"Nga Thang Commune","commune_slug":"nga_thang","unit_type":"Xã","unit_type_en":"Commune","admin_level":2,"province_code":"38","province_name":"Thanh Hoá","province_full_name":"Tỉnh Thanh Hoá","province_slug":"thanh_hoa","join_key":"16114","status":"active","dataset_effective_date":"2026-04-30","catalog_version":"2026-07-12","geometry_status":"not_embedded_boundary_available_by_url","boundary_source_url":"https://raw.githubusercontent.com/thanglequoc/vietnamese-provinces-database/master/json/geojson/38_thanh_hoa/wards/16114_nga_thang.geojson","boundary_source_page":"https://github.com/thanglequoc/vietnamese-provinces-database/blob/master/json/geojson/38_thanh_hoa/wards/16114_nga_thang.geojson","source_catalog":"https://github.com/thanglequoc/vietnamese-provinces-database"},"geometry":null},{"type":"Feature","id":"16138","properties":{"commune_code":"16138","commune_name":"Hồ Vương","commune_name_en":"Ho Vuong","commune_full_name":"Xã Hồ Vương","commune_full_name_en":"Ho Vuong Commune","commune_slug":"ho_vuong","unit_type":"Xã","unit_type_en":"Commune","admin_level":2,"province_code":"38","province_name":"Thanh Hoá","province_full_name":"Tỉnh Thanh Hoá","province_slug":"thanh_hoa","join_key":"16138","status":"active","dataset_effective_date":"2026-04-30","catalog_version":"2026-07-12","geometry_status":"not_embedded_boundary_available_by_url","boundary_source_url":"https://raw.githubusercontent.com/thanglequoc/vietnamese-provinces-database/master/json/geojson/38_thanh_hoa/wards/16138_ho_vuong.geojson","boundary_source_page":"https://github.com/thanglequoc/vietnamese-provinces-database/blob/master/json/geojson/38_thanh_hoa/wards/16138_ho_vuong.geojson","source_catalog":"https://github.com/thanglequoc/vietnamese-provinces-database"},"geometry":null},{"type":"Feature","id":"16144","properties":{"commune_code":"16144","commune_name":"Nga An","commune_name_en":"Nga An","commune_full_name":"Xã Nga An","commune_full_name_en":"Nga An Commune","commune_slug":"nga_an","unit_type":"Xã","unit_type_en":"Commune","admin_level":2,"province_code":"38","province_name":"Thanh Hoá","province_full_name":"Tỉnh Thanh Hoá","province_slug":"thanh_hoa","join_key":"16144","status":"active","dataset_effective_date":"2026-04-30","catalog_version":"2026-07-12","geometry_status":"not_embedded_boundary_available_by_url","boundary_source_url":"https://raw.githubusercontent.com/thanglequoc/vietnamese-provinces-database/master/json/geojson/38_thanh_hoa/wards/16144_nga_an.geojson","boundary_source_page":"https://github.com/thanglequoc/vietnamese-provinces-database/blob/master/json/geojson/38_thanh_hoa/wards/16144_nga_an.geojson","source_catalog":"https://github.com/thanglequoc/vietnamese-provinces-database"},"geometry":null},{"type":"Feature","id":"16171","properties":{"commune_code":"16171","commune_name":"Ba Đình","commune_name_en":"Ba Dinh","commune_full_name":"Xã Ba Đình","commune_full_name_en":"Ba Dinh Commune","commune_slug":"ba_dinh","unit_type":"Xã","unit_type_en":"Commune","admin_level":2,"province_code":"38","province_name":"Thanh Hoá","province_full_name":"Tỉnh Thanh Hoá","province_slug":"thanh_hoa","join_key":"16171","status":"active","dataset_effective_date":"2026-04-30","catalog_version":"2026-07-12","geometry_status":"not_embedded_boundary_available_by_url","boundary_source_url":"https://raw.githubusercontent.com/thanglequoc/vietnamese-provinces-database/master/json/geojson/38_thanh_hoa/wards/16171_ba_dinh.geojson","boundary_source_page":"https://github.com/thanglequoc/vietnamese-provinces-database/blob/master/json/geojson/38_thanh_hoa/wards/16171_ba_dinh.geojson","source_catalog":"https://github.com/thanglequoc/vietnamese-provinces-database"},"geometry":null},{"type":"Feature","id":"16174","properties":{"commune_code":"16174","commune_name":"Như Xuân","commune_name_en":"Nhu Xuan","commune_full_name":"Xã Như Xuân","commune_full_name_en":"Nhu Xuan Commune","commune_slug":"nhu_xuan","unit_type":"Xã","unit_type_en":"Commune","admin_level":2,"province_code":"38","province_name":"Thanh Hoá","province_full_name":"Tỉnh Thanh Hoá","province_slug":"thanh_hoa","join_key":"16174","status":"active","dataset_effective_date":"2026-04-30","catalog_version":"2026-07-12","geometry_status":"not_embedded_boundary_available_by_url","boundary_source_url":"https://raw.githubusercontent.com/thanglequoc/vietnamese-provinces-database/master/json/geojson/38_thanh_hoa/wards/16174_nhu_xuan.geojson","boundary_source_page":"https://github.com/thanglequoc/vietnamese-provinces-database/blob/master/json/geojson/38_thanh_hoa/wards/16174_nhu_xuan.geojson","source_catalog":"https://github.com/thanglequoc/vietnamese-provinces-database"},"geometry":null},{"type":"Feature","id":"16177","properties":{"commune_code":"16177","commune_name":"Xuân Bình","commune_name_en":"Xuan Binh","commune_full_name":"Xã Xuân Bình","commune_full_name_en":"Xuan Binh Commune","commune_slug":"xuan_binh","unit_type":"Xã","unit_type_en":"Commune","admin_level":2,"province_code":"38","province_name":"Thanh Hoá","province_full_name":"Tỉnh Thanh Hoá","province_slug":"thanh_hoa","join_key":"16177","status":"active","dataset_effective_date":"2026-04-30","catalog_version":"2026-07-12","geometry_status":"not_embedded_boundary_available_by_url","boundary_source_url":"https://raw.githubusercontent.com/thanglequoc/vietnamese-provinces-database/master/json/geojson/38_thanh_hoa/wards/16177_xuan_binh.geojson","boundary_source_page":"https://github.com/thanglequoc/vietnamese-provinces-database/blob/master/json/geojson/38_thanh_hoa/wards/16177_xuan_binh.geojson","source_catalog":"https://github.com/thanglequoc/vietnamese-provinces-database"},"geometry":null},{"type":"Feature","id":"16186","properties":{"commune_code":"16186","commune_name":"Hoá Quỳ","commune_name_en":"Hoa Quy","commune_full_name":"Xã Hoá Quỳ","commune_full_name_en":"Hoa Quy Commune","commune_slug":"hoa_quy","unit_type":"Xã","unit_type_en":"Commune","admin_level":2,"province_code":"38","province_name":"Thanh Hoá","province_full_name":"Tỉnh Thanh Hoá","province_slug":"thanh_hoa","join_key":"16186","status":"active","dataset_effective_date":"2026-04-30","catalog_version":"2026-07-12","geometry_status":"not_embedded_boundary_available_by_url","boundary_source_url":"https://raw.githubusercontent.com/thanglequoc/vietnamese-provinces-database/master/json/geojson/38_thanh_hoa/wards/16186_hoa_quy.geojson","boundary_source_page":"https://github.com/thanglequoc/vietnamese-provinces-database/blob/master/json/geojson/38_thanh_hoa/wards/16186_hoa_quy.geojson","source_catalog":"https://github.com/thanglequoc/vietnamese-provinces-database"},"geometry":null},{"type":"Feature","id":"16213","properties":{"commune_code":"16213","commune_name":"Thanh Phong","commune_name_en":"Thanh Phong","commune_full_name":"Xã Thanh Phong","commune_full_name_en":"Thanh Phong Commune","commune_slug":"thanh_phong","unit_type":"Xã","unit_type_en":"Commune","admin_level":2,"province_code":"38","province_name":"Thanh Hoá","province_full_name":"Tỉnh Thanh Hoá","province_slug":"thanh_hoa","join_key":"16213","status":"active","dataset_effective_date":"2026-04-30","catalog_version":"2026-07-12","geometry_status":"not_embedded_boundary_available_by_url","boundary_source_url":"https://raw.githubusercontent.com/thanglequoc/vietnamese-provinces-database/master/json/geojson/38_thanh_hoa/wards/16213_thanh_phong.geojson","boundary_source_page":"https://github.com/thanglequoc/vietnamese-provinces-database/blob/master/json/geojson/38_thanh_hoa/wards/16213_thanh_phong.geojson","source_catalog":"https://github.com/thanglequoc/vietnamese-provinces-database"},"geometry":null},{"type":"Feature","id":"16222","properties":{"commune_code":"16222","commune_name":"Thanh Quân","commune_name_en":"Thanh Quan","commune_full_name":"Xã Thanh Quân","commune_full_name_en":"Thanh Quan Commune","commune_slug":"thanh_quan","unit_type":"Xã","unit_type_en":"Commune","admin_level":2,"province_code":"38","province_name":"Thanh Hoá","province_full_name":"Tỉnh Thanh Hoá","province_slug":"thanh_hoa","join_key":"16222","status":"active","dataset_effective_date":"2026-04-30","catalog_version":"2026-07-12","geometry_status":"not_embedded_boundary_available_by_url","boundary_source_url":"https://raw.githubusercontent.com/thanglequoc/vietnamese-provinces-database/master/json/geojson/38_thanh_hoa/wards/16222_thanh_quan.geojson","boundary_source_page":"https://github.com/thanglequoc/vietnamese-provinces-database/blob/master/json/geojson/38_thanh_hoa/wards/16222_thanh_quan.geojson","source_catalog":"https://github.com/thanglequoc/vietnamese-provinces-database"},"geometry":null},{"type":"Feature","id":"16225","properties":{"commune_code":"16225","commune_name":"Thượng Ninh","commune_name_en":"Thuong Ninh","commune_full_name":"Xã Thượng Ninh","commune_full_name_en":"Thuong Ninh Commune","commune_slug":"thuong_ninh","unit_type":"Xã","unit_type_en":"Commune","admin_level":2,"province_code":"38","province_name":"Thanh Hoá","province_full_name":"Tỉnh Thanh Hoá","province_slug":"thanh_hoa","join_key":"16225","status":"active","dataset_effective_date":"2026-04-30","catalog_version":"2026-07-12","geometry_status":"not_embedded_boundary_available_by_url","boundary_source_url":"https://raw.githubusercontent.com/thanglequoc/vietnamese-provinces-database/master/json/geojson/38_thanh_hoa/wards/16225_thuong_ninh.geojson","boundary_source_page":"https://github.com/thanglequoc/vietnamese-provinces-database/blob/master/json/geojson/38_thanh_hoa/wards/16225_thuong_ninh.geojson","source_catalog":"https://github.com/thanglequoc/vietnamese-provinces-database"},"geometry":null},{"type":"Feature","id":"16228","properties":{"commune_code":"16228","commune_name":"Như Thanh","commune_name_en":"Nhu Thanh","commune_full_name":"Xã Như Thanh","commune_full_name_en":"Nhu Thanh Commune","commune_slug":"nhu_thanh","unit_type":"Xã","unit_type_en":"Commune","admin_level":2,"province_code":"38","province_name":"Thanh Hoá","province_full_name":"Tỉnh Thanh Hoá","province_slug":"thanh_hoa","join_key":"16228","status":"active","dataset_effective_date":"2026-04-30","catalog_version":"2026-07-12","geometry_status":"not_embedded_boundary_available_by_url","boundary_source_url":"https://raw.githubusercontent.com/thanglequoc/vietnamese-provinces-database/master/json/geojson/38_thanh_hoa/wards/16228_nhu_thanh.geojson","boundary_source_page":"https://github.com/thanglequoc/vietnamese-provinces-database/blob/master/json/geojson/38_thanh_hoa/wards/16228_nhu_thanh.geojson","source_catalog":"https://github.com/thanglequoc/vietnamese-provinces-database"},"geometry":null},{"type":"Feature","id":"16234","properties":{"commune_code":"16234","commune_name":"Xuân Du","commune_name_en":"Xuan Du","commune_full_name":"Xã Xuân Du","commune_full_name_en":"Xuan Du Commune","commune_slug":"xuan_du","unit_type":"Xã","unit_type_en":"Commune","admin_level":2,"province_code":"38","province_name":"Thanh Hoá","province_full_name":"Tỉnh Thanh Hoá","province_slug":"thanh_hoa","join_key":"16234","status":"active","dataset_effective_date":"2026-04-30","catalog_version":"2026-07-12","geometry_status":"not_embedded_boundary_available_by_url","boundary_source_url":"https://raw.githubusercontent.com/thanglequoc/vietnamese-provinces-database/master/json/geojson/38_thanh_hoa/wards/16234_xuan_du.geojson","boundary_source_page":"https://github.com/thanglequoc/vietnamese-provinces-database/blob/master/json/geojson/38_thanh_hoa/wards/16234_xuan_du.geojson","source_catalog":"https://github.com/thanglequoc/vietnamese-provinces-database"},"geometry":null},{"type":"Feature","id":"16249","properties":{"commune_code":"16249","commune_name":"Mậu Lâm","commune_name_en":"Mau Lam","commune_full_name":"Xã Mậu Lâm","commune_full_name_en":"Mau Lam Commune","commune_slug":"mau_lam","unit_type":"Xã","unit_type_en":"Commune","admin_level":2,"province_code":"38","province_name":"Thanh Hoá","province_full_name":"Tỉnh Thanh Hoá","province_slug":"thanh_hoa","join_key":"16249","status":"active","dataset_effective_date":"2026-04-30","catalog_version":"2026-07-12","geometry_status":"not_embedded_boundary_available_by_url","boundary_source_url":"https://raw.githubusercontent.com/thanglequoc/vietnamese-provinces-database/master/json/geojson/38_thanh_hoa/wards/16249_mau_lam.geojson","boundary_source_page":"https://github.com/thanglequoc/vietnamese-provinces-database/blob/master/json/geojson/38_thanh_hoa/wards/16249_mau_lam.geojson","source_catalog":"https://github.com/thanglequoc/vietnamese-provinces-database"},"geometry":null},{"type":"Feature","id":"16258","properties":{"commune_code":"16258","commune_name":"Xuân Thái","commune_name_en":"Xuan Thai","commune_full_name":"Xã Xuân Thái","commune_full_name_en":"Xuan Thai Commune","commune_slug":"xuan_thai","unit_type":"Xã","unit_type_en":"Commune","admin_level":2,"province_code":"38","province_name":"Thanh Hoá","province_full_name":"Tỉnh Thanh Hoá","province_slug":"thanh_hoa","join_key":"16258","status":"active","dataset_effective_date":"2026-04-30","catalog_version":"2026-07-12","geometry_status":"not_embedded_boundary_available_by_url","boundary_source_url":"https://raw.githubusercontent.com/thanglequoc/vietnamese-provinces-database/master/json/geojson/38_thanh_hoa/wards/16258_xuan_thai.geojson","boundary_source_page":"https://github.com/thanglequoc/vietnamese-provinces-database/blob/master/json/geojson/38_thanh_hoa/wards/16258_xuan_thai.geojson","source_catalog":"https://github.com/thanglequoc/vietnamese-provinces-database"},"geometry":null},{"type":"Feature","id":"16264","properties":{"commune_code":"16264","commune_name":"Yên Thọ","commune_name_en":"Yen Tho","commune_full_name":"Xã Yên Thọ","commune_full_name_en":"Yen Tho Commune","commune_slug":"yen_tho","unit_type":"Xã","unit_type_en":"Commune","admin_level":2,"province_code":"38","province_name":"Thanh Hoá","province_full_name":"Tỉnh Thanh Hoá","province_slug":"thanh_hoa","join_key":"16264","status":"active","dataset_effective_date":"2026-04-30","catalog_version":"2026-07-12","geometry_status":"not_embedded_boundary_available_by_url","boundary_source_url":"https://raw.githubusercontent.com/thanglequoc/vietnamese-provinces-database/master/json/geojson/38_thanh_hoa/wards/16264_yen_tho.geojson","boundary_source_page":"https://github.com/thanglequoc/vietnamese-provinces-database/blob/master/json/geojson/38_thanh_hoa/wards/16264_yen_tho.geojson","source_catalog":"https://github.com/thanglequoc/vietnamese-provinces-database"},"geometry":null},{"type":"Feature","id":"16273","properties":{"commune_code":"16273","commune_name":"Thanh Kỳ","commune_name_en":"Thanh Ky","commune_full_name":"Xã Thanh Kỳ","commune_full_name_en":"Thanh Ky Commune","commune_slug":"thanh_ky","unit_type":"Xã","unit_type_en":"Commune","admin_level":2,"province_code":"38","province_name":"Thanh Hoá","province_full_name":"Tỉnh Thanh Hoá","province_slug":"thanh_hoa","join_key":"16273","status":"active","dataset_effective_date":"2026-04-30","catalog_version":"2026-07-12","geometry_status":"not_embedded_boundary_available_by_url","boundary_source_url":"https://raw.githubusercontent.com/thanglequoc/vietnamese-provinces-database/master/json/geojson/38_thanh_hoa/wards/16273_thanh_ky.geojson","boundary_source_page":"https://github.com/thanglequoc/vietnamese-provinces-database/blob/master/json/geojson/38_thanh_hoa/wards/16273_thanh_ky.geojson","source_catalog":"https://github.com/thanglequoc/vietnamese-provinces-database"},"geometry":null},{"type":"Feature","id":"16279","properties":{"commune_code":"16279","commune_name":"Nông Cống","commune_name_en":"Nong Cong","commune_full_name":"Xã Nông Cống","commune_full_name_en":"Nong Cong Commune","commune_slug":"nong_cong","unit_type":"Xã","unit_type_en":"Commune","admin_level":2,"province_code":"38","province_name":"Thanh Hoá","province_full_name":"Tỉnh Thanh Hoá","province_slug":"thanh_hoa","join_key":"16279","status":"active","dataset_effective_date":"2026-04-30","catalog_version":"2026-07-12","geometry_status":"not_embedded_boundary_available_by_url","boundary_source_url":"https://raw.githubusercontent.com/thanglequoc/vietnamese-provinces-database/master/json/geojson/38_thanh_hoa/wards/16279_nong_cong.geojson","boundary_source_page":"https://github.com/thanglequoc/vietnamese-provinces-database/blob/master/json/geojson/38_thanh_hoa/wards/16279_nong_cong.geojson","source_catalog":"https://github.com/thanglequoc/vietnamese-provinces-database"},"geometry":null},{"type":"Feature","id":"16297","properties":{"commune_code":"16297","commune_name":"Trung Chính","commune_name_en":"Trung Chinh","commune_full_name":"Xã Trung Chính","commune_full_name_en":"Trung Chinh Commune","commune_slug":"trung_chinh","unit_type":"Xã","unit_type_en":"Commune","admin_level":2,"province_code":"38","province_name":"Thanh Hoá","province_full_name":"Tỉnh Thanh Hoá","province_slug":"thanh_hoa","join_key":"16297","status":"active","dataset_effective_date":"2026-04-30","catalog_version":"2026-07-12","geometry_status":"not_embedded_boundary_available_by_url","boundary_source_url":"https://raw.githubusercontent.com/thanglequoc/vietnamese-provinces-database/master/json/geojson/38_thanh_hoa/wards/16297_trung_chinh.geojson","boundary_source_page":"https://github.com/thanglequoc/vietnamese-provinces-database/blob/master/json/geojson/38_thanh_hoa/wards/16297_trung_chinh.geojson","source_catalog":"https://github.com/thanglequoc/vietnamese-provinces-database"},"geometry":null},{"type":"Feature","id":"16309","properties":{"commune_code":"16309","commune_name":"Thắng Lợi","commune_name_en":"Thang Loi","commune_full_name":"Xã Thắng Lợi","commune_full_name_en":"Thang Loi Commune","commune_slug":"thang_loi","unit_type":"Xã","unit_type_en":"Commune","admin_level":2,"province_code":"38","province_name":"Thanh Hoá","province_full_name":"Tỉnh Thanh Hoá","province_slug":"thanh_hoa","join_key":"16309","status":"active","dataset_effective_date":"2026-04-30","catalog_version":"2026-07-12","geometry_status":"not_embedded_boundary_available_by_url","boundary_source_url":"https://raw.githubusercontent.com/thanglequoc/vietnamese-provinces-database/master/json/geojson/38_thanh_hoa/wards/16309_thang_loi.geojson","boundary_source_page":"https://github.com/thanglequoc/vietnamese-provinces-database/blob/master/json/geojson/38_thanh_hoa/wards/16309_thang_loi.geojson","source_catalog":"https://github.com/thanglequoc/vietnamese-provinces-database"},"geometry":null},{"type":"Feature","id":"16342","properties":{"commune_code":"16342","commune_name":"Thăng Bình","commune_name_en":"Thang Binh","commune_full_name":"Xã Thăng Bình","commune_full_name_en":"Thang Binh Commune","commune_slug":"thang_binh","unit_type":"Xã","unit_type_en":"Commune","admin_level":2,"province_code":"38","province_name":"Thanh Hoá","province_full_name":"Tỉnh Thanh Hoá","province_slug":"thanh_hoa","join_key":"16342","status":"active","dataset_effective_date":"2026-04-30","catalog_version":"2026-07-12","geometry_status":"not_embedded_boundary_available_by_url","boundary_source_url":"https://raw.githubusercontent.com/thanglequoc/vietnamese-provinces-database/master/json/geojson/38_thanh_hoa/wards/16342_thang_binh.geojson","boundary_source_page":"https://github.com/thanglequoc/vietnamese-provinces-database/blob/master/json/geojson/38_thanh_hoa/wards/16342_thang_binh.geojson","source_catalog":"https://github.com/thanglequoc/vietnamese-provinces-database"},"geometry":null},{"type":"Feature","id":"16348","properties":{"commune_code":"16348","commune_name":"Trường Văn","commune_name_en":"Truong Van","commune_full_name":"Xã Trường Văn","commune_full_name_en":"Truong Van Commune","commune_slug":"truong_van","unit_type":"Xã","unit_type_en":"Commune","admin_level":2,"province_code":"38","province_name":"Thanh Hoá","province_full_name":"Tỉnh Thanh Hoá","province_slug":"thanh_hoa","join_key":"16348","status":"active","dataset_effective_date":"2026-04-30","catalog_version":"2026-07-12","geometry_status":"not_embedded_boundary_available_by_url","boundary_source_url":"https://raw.githubusercontent.com/thanglequoc/vietnamese-provinces-database/master/json/geojson/38_thanh_hoa/wards/16348_truong_van.geojson","boundary_source_page":"https://github.com/thanglequoc/vietnamese-provinces-database/blob/master/json/geojson/38_thanh_hoa/wards/16348_truong_van.geojson","source_catalog":"https://github.com/thanglequoc/vietnamese-provinces-database"},"geometry":null},{"type":"Feature","id":"16363","properties":{"commune_code":"16363","commune_name":"Tượng Lĩnh","commune_name_en":"Tuong Linh","commune_full_name":"Xã Tượng Lĩnh","commune_full_name_en":"Tuong Linh Commune","commune_slug":"tuong_linh","unit_type":"Xã","unit_type_en":"Commune","admin_level":2,"province_code":"38","province_name":"Thanh Hoá","province_full_name":"Tỉnh Thanh Hoá","province_slug":"thanh_hoa","join_key":"16363","status":"active","dataset_effective_date":"2026-04-30","catalog_version":"2026-07-12","geometry_status":"not_embedded_boundary_available_by_url","boundary_source_url":"https://raw.githubusercontent.com/thanglequoc/vietnamese-provinces-database/master/json/geojson/38_thanh_hoa/wards/16363_tuong_linh.geojson","boundary_source_page":"https://github.com/thanglequoc/vietnamese-provinces-database/blob/master/json/geojson/38_thanh_hoa/wards/16363_tuong_linh.geojson","source_catalog":"https://github.com/thanglequoc/vietnamese-provinces-database"},"geometry":null},{"type":"Feature","id":"16369","properties":{"commune_code":"16369","commune_name":"Công Chính","commune_name_en":"Cong Chinh","commune_full_name":"Xã Công Chính","commune_full_name_en":"Cong Chinh Commune","commune_slug":"cong_chinh","unit_type":"Xã","unit_type_en":"Commune","admin_level":2,"province_code":"38","province_name":"Thanh Hoá","province_full_name":"Tỉnh Thanh Hoá","province_slug":"thanh_hoa","join_key":"16369","status":"active","dataset_effective_date":"2026-04-30","catalog_version":"2026-07-12","geometry_status":"not_embedded_boundary_available_by_url","boundary_source_url":"https://raw.githubusercontent.com/thanglequoc/vietnamese-provinces-database/master/json/geojson/38_thanh_hoa/wards/16369_cong_chinh.geojson","boundary_source_page":"https://github.com/thanglequoc/vietnamese-provinces-database/blob/master/json/geojson/38_thanh_hoa/wards/16369_cong_chinh.geojson","source_catalog":"https://github.com/thanglequoc/vietnamese-provinces-database"},"geometry":null},{"type":"Feature","id":"16378","properties":{"commune_code":"16378","commune_name":"Đông Sơn","commune_name_en":"Dong Son","commune_full_name":"Phường Đông Sơn","commune_full_name_en":"Dong Son Ward","commune_slug":"dong_son","unit_type":"Phường","unit_type_en":"Ward","admin_level":2,"province_code":"38","province_name":"Thanh Hoá","province_full_name":"Tỉnh Thanh Hoá","province_slug":"thanh_hoa","join_key":"16378","status":"active","dataset_effective_date":"2026-04-30","catalog_version":"2026-07-12","geometry_status":"not_embedded_boundary_available_by_url","boundary_source_url":"https://raw.githubusercontent.com/thanglequoc/vietnamese-provinces-database/master/json/geojson/38_thanh_hoa/wards/16378_dong_son.geojson","boundary_source_page":"https://github.com/thanglequoc/vietnamese-provinces-database/blob/master/json/geojson/38_thanh_hoa/wards/16378_dong_son.geojson","source_catalog":"https://github.com/thanglequoc/vietnamese-provinces-database"},"geometry":null},{"type":"Feature","id":"16417","properties":{"commune_code":"16417","commune_name":"Đông Quang","commune_name_en":"Dong Quang","commune_full_name":"Phường Đông Quang","commune_full_name_en":"Dong Quang Ward","commune_slug":"dong_quang","unit_type":"Phường","unit_type_en":"Ward","admin_level":2,"province_code":"38","province_name":"Thanh Hoá","province_full_name":"Tỉnh Thanh Hoá","province_slug":"thanh_hoa","join_key":"16417","status":"active","dataset_effective_date":"2026-04-30","catalog_version":"2026-07-12","geometry_status":"not_embedded_boundary_available_by_url","boundary_source_url":"https://raw.githubusercontent.com/thanglequoc/vietnamese-provinces-database/master/json/geojson/38_thanh_hoa/wards/16417_dong_quang.geojson","boundary_source_page":"https://github.com/thanglequoc/vietnamese-provinces-database/blob/master/json/geojson/38_thanh_hoa/wards/16417_dong_quang.geojson","source_catalog":"https://github.com/thanglequoc/vietnamese-provinces-database"},"geometry":null},{"type":"Feature","id":"16438","properties":{"commune_code":"16438","commune_name":"Lưu Vệ","commune_name_en":"Luu Ve","commune_full_name":"Xã Lưu Vệ","commune_full_name_en":"Luu Ve Commune","commune_slug":"luu_ve","unit_type":"Xã","unit_type_en":"Commune","admin_level":2,"province_code":"38","province_name":"Thanh Hoá","province_full_name":"Tỉnh Thanh Hoá","province_slug":"thanh_hoa","join_key":"16438","status":"active","dataset_effective_date":"2026-04-30","catalog_version":"2026-07-12","geometry_status":"not_embedded_boundary_available_by_url","boundary_source_url":"https://raw.githubusercontent.com/thanglequoc/vietnamese-provinces-database/master/json/geojson/38_thanh_hoa/wards/16438_luu_ve.geojson","boundary_source_page":"https://github.com/thanglequoc/vietnamese-provinces-database/blob/master/json/geojson/38_thanh_hoa/wards/16438_luu_ve.geojson","source_catalog":"https://github.com/thanglequoc/vietnamese-provinces-database"},"geometry":null},{"type":"Feature","id":"16480","properties":{"commune_code":"16480","commune_name":"Quảng Yên","commune_name_en":"Quang Yen","commune_full_name":"Xã Quảng Yên","commune_full_name_en":"Quang Yen Commune","commune_slug":"quang_yen","unit_type":"Xã","unit_type_en":"Commune","admin_level":2,"province_code":"38","province_name":"Thanh Hoá","province_full_name":"Tỉnh Thanh Hoá","province_slug":"thanh_hoa","join_key":"16480","status":"active","dataset_effective_date":"2026-04-30","catalog_version":"2026-07-12","geometry_status":"not_embedded_boundary_available_by_url","boundary_source_url":"https://raw.githubusercontent.com/thanglequoc/vietnamese-provinces-database/master/json/geojson/38_thanh_hoa/wards/16480_quang_yen.geojson","boundary_source_page":"https://github.com/thanglequoc/vietnamese-provinces-database/blob/master/json/geojson/38_thanh_hoa/wards/16480_quang_yen.geojson","source_catalog":"https://github.com/thanglequoc/vietnamese-provinces-database"},"geometry":null},{"type":"Feature","id":"16489","properties":{"commune_code":"16489","commune_name":"Quảng Chính","commune_name_en":"Quang Chinh","commune_full_name":"Xã Quảng Chính","commune_full_name_en":"Quang Chinh Commune","commune_slug":"quang_chinh","unit_type":"Xã","unit_type_en":"Commune","admin_level":2,"province_code":"38","province_name":"Thanh Hoá","province_full_name":"Tỉnh Thanh Hoá","province_slug":"thanh_hoa","join_key":"16489","status":"active","dataset_effective_date":"2026-04-30","catalog_version":"2026-07-12","geometry_status":"not_embedded_boundary_available_by_url","boundary_source_url":"https://raw.githubusercontent.com/thanglequoc/vietnamese-provinces-database/master/json/geojson/38_thanh_hoa/wards/16489_quang_chinh.geojson","boundary_source_page":"https://github.com/thanglequoc/vietnamese-provinces-database/blob/master/json/geojson/38_thanh_hoa/wards/16489_quang_chinh.geojson","source_catalog":"https://github.com/thanglequoc/vietnamese-provinces-database"},"geometry":null},{"type":"Feature","id":"16498","properties":{"commune_code":"16498","commune_name":"Quảng Ngọc","commune_name_en":"Quang Ngoc","commune_full_name":"Xã Quảng Ngọc","commune_full_name_en":"Quang Ngoc Commune","commune_slug":"quang_ngoc","unit_type":"Xã","unit_type_en":"Commune","admin_level":2,"province_code":"38","province_name":"Thanh Hoá","province_full_name":"Tỉnh Thanh Hoá","province_slug":"thanh_hoa","join_key":"16498","status":"active","dataset_effective_date":"2026-04-30","catalog_version":"2026-07-12","geometry_status":"not_embedded_boundary_available_by_url","boundary_source_url":"https://raw.githubusercontent.com/thanglequoc/vietnamese-provinces-database/master/json/geojson/38_thanh_hoa/wards/16498_quang_ngoc.geojson","boundary_source_page":"https://github.com/thanglequoc/vietnamese-provinces-database/blob/master/json/geojson/38_thanh_hoa/wards/16498_quang_ngoc.geojson","source_catalog":"https://github.com/thanglequoc/vietnamese-provinces-database"},"geometry":null},{"type":"Feature","id":"16516","properties":{"commune_code":"16516","commune_name":"Nam Sầm Sơn","commune_name_en":"Nam Sam Son","commune_full_name":"Phường Nam Sầm Sơn","commune_full_name_en":"Nam Sam Son Ward","commune_slug":"nam_sam_son","unit_type":"Phường","unit_type_en":"Ward","admin_level":2,"province_code":"38","province_name":"Thanh Hoá","province_full_name":"Tỉnh Thanh Hoá","province_slug":"thanh_hoa","join_key":"16516","status":"active","dataset_effective_date":"2026-04-30","catalog_version":"2026-07-12","geometry_status":"not_embedded_boundary_available_by_url","boundary_source_url":"https://raw.githubusercontent.com/thanglequoc/vietnamese-provinces-database/master/json/geojson/38_thanh_hoa/wards/16516_nam_sam_son.geojson","boundary_source_page":"https://github.com/thanglequoc/vietnamese-provinces-database/blob/master/json/geojson/38_thanh_hoa/wards/16516_nam_sam_son.geojson","source_catalog":"https://github.com/thanglequoc/vietnamese-provinces-database"},"geometry":null},{"type":"Feature","id":"16522","properties":{"commune_code":"16522","commune_name":"Quảng Phú","commune_name_en":"Quang Phu","commune_full_name":"Phường Quảng Phú","commune_full_name_en":"Quang Phu Ward","commune_slug":"quang_phu","unit_type":"Phường","unit_type_en":"Ward","admin_level":2,"province_code":"38","province_name":"Thanh Hoá","province_full_name":"Tỉnh Thanh Hoá","province_slug":"thanh_hoa","join_key":"16522","status":"active","dataset_effective_date":"2026-04-30","catalog_version":"2026-07-12","geometry_status":"not_embedded_boundary_available_by_url","boundary_source_url":"https://raw.githubusercontent.com/thanglequoc/vietnamese-provinces-database/master/json/geojson/38_thanh_hoa/wards/16522_quang_phu.geojson","boundary_source_page":"https://github.com/thanglequoc/vietnamese-provinces-database/blob/master/json/geojson/38_thanh_hoa/wards/16522_quang_phu.geojson","source_catalog":"https://github.com/thanglequoc/vietnamese-provinces-database"},"geometry":null},{"type":"Feature","id":"16531","properties":{"commune_code":"16531","commune_name":"Sầm Sơn","commune_name_en":"Sam Son","commune_full_name":"Phường Sầm Sơn","commune_full_name_en":"Sam Son Ward","commune_slug":"sam_son","unit_type":"Phường","unit_type_en":"Ward","admin_level":2,"province_code":"38","province_name":"Thanh Hoá","province_full_name":"Tỉnh Thanh Hoá","province_slug":"thanh_hoa","join_key":"16531","status":"active","dataset_effective_date":"2026-04-30","catalog_version":"2026-07-12","geometry_status":"not_embedded_boundary_available_by_url","boundary_source_url":"https://raw.githubusercontent.com/thanglequoc/vietnamese-provinces-database/master/json/geojson/38_thanh_hoa/wards/16531_sam_son.geojson","boundary_source_page":"https://github.com/thanglequoc/vietnamese-provinces-database/blob/master/json/geojson/38_thanh_hoa/wards/16531_sam_son.geojson","source_catalog":"https://github.com/thanglequoc/vietnamese-provinces-database"},"geometry":null},{"type":"Feature","id":"16540","properties":{"commune_code":"16540","commune_name":"Quảng Ninh","commune_name_en":"Quang Ninh","commune_full_name":"Xã Quảng Ninh","commune_full_name_en":"Quang Ninh Commune","commune_slug":"quang_ninh","unit_type":"Xã","unit_type_en":"Commune","admin_level":2,"province_code":"38","province_name":"Thanh Hoá","province_full_name":"Tỉnh Thanh Hoá","province_slug":"thanh_hoa","join_key":"16540","status":"active","dataset_effective_date":"2026-04-30","catalog_version":"2026-07-12","geometry_status":"not_embedded_boundary_available_by_url","boundary_source_url":"https://raw.githubusercontent.com/thanglequoc/vietnamese-provinces-database/master/json/geojson/38_thanh_hoa/wards/16540_quang_ninh.geojson","boundary_source_page":"https://github.com/thanglequoc/vietnamese-provinces-database/blob/master/json/geojson/38_thanh_hoa/wards/16540_quang_ninh.geojson","source_catalog":"https://github.com/thanglequoc/vietnamese-provinces-database"},"geometry":null},{"type":"Feature","id":"16543","properties":{"commune_code":"16543","commune_name":"Quảng Bình","commune_name_en":"Quang Binh","commune_full_name":"Xã Quảng Bình","commune_full_name_en":"Quang Binh Commune","commune_slug":"quang_binh","unit_type":"Xã","unit_type_en":"Commune","admin_level":2,"province_code":"38","province_name":"Thanh Hoá","province_full_name":"Tỉnh Thanh Hoá","province_slug":"thanh_hoa","join_key":"16543","status":"active","dataset_effective_date":"2026-04-30","catalog_version":"2026-07-12","geometry_status":"not_embedded_boundary_available_by_url","boundary_source_url":"https://raw.githubusercontent.com/thanglequoc/vietnamese-provinces-database/master/json/geojson/38_thanh_hoa/wards/16543_quang_binh.geojson","boundary_source_page":"https://github.com/thanglequoc/vietnamese-provinces-database/blob/master/json/geojson/38_thanh_hoa/wards/16543_quang_binh.geojson","source_catalog":"https://github.com/thanglequoc/vietnamese-provinces-database"},"geometry":null},{"type":"Feature","id":"16549","properties":{"commune_code":"16549","commune_name":"Tiên Trang","commune_name_en":"Tien Trang","commune_full_name":"Xã Tiên Trang","commune_full_name_en":"Tien Trang Commune","commune_slug":"tien_trang","unit_type":"Xã","unit_type_en":"Commune","admin_level":2,"province_code":"38","province_name":"Thanh Hoá","province_full_name":"Tỉnh Thanh Hoá","province_slug":"thanh_hoa","join_key":"16549","status":"active","dataset_effective_date":"2026-04-30","catalog_version":"2026-07-12","geometry_status":"not_embedded_boundary_available_by_url","boundary_source_url":"https://raw.githubusercontent.com/thanglequoc/vietnamese-provinces-database/master/json/geojson/38_thanh_hoa/wards/16549_tien_trang.geojson","boundary_source_page":"https://github.com/thanglequoc/vietnamese-provinces-database/blob/master/json/geojson/38_thanh_hoa/wards/16549_tien_trang.geojson","source_catalog":"https://github.com/thanglequoc/vietnamese-provinces-database"},"geometry":null},{"type":"Feature","id":"16561","properties":{"commune_code":"16561","commune_name":"Tĩnh Gia","commune_name_en":"Tinh Gia","commune_full_name":"Phường Tĩnh Gia","commune_full_name_en":"Tinh Gia Ward","commune_slug":"tinh_gia","unit_type":"Phường","unit_type_en":"Ward","admin_level":2,"province_code":"38","province_name":"Thanh Hoá","province_full_name":"Tỉnh Thanh Hoá","province_slug":"thanh_hoa","join_key":"16561","status":"active","dataset_effective_date":"2026-04-30","catalog_version":"2026-07-12","geometry_status":"not_embedded_boundary_available_by_url","boundary_source_url":"https://raw.githubusercontent.com/thanglequoc/vietnamese-provinces-database/master/json/geojson/38_thanh_hoa/wards/16561_tinh_gia.geojson","boundary_source_page":"https://github.com/thanglequoc/vietnamese-provinces-database/blob/master/json/geojson/38_thanh_hoa/wards/16561_tinh_gia.geojson","source_catalog":"https://github.com/thanglequoc/vietnamese-provinces-database"},"geometry":null},{"type":"Feature","id":"16576","properties":{"commune_code":"16576","commune_name":"Ngọc Sơn","commune_name_en":"Ngoc Son","commune_full_name":"Phường Ngọc Sơn","commune_full_name_en":"Ngoc Son Ward","commune_slug":"ngoc_son","unit_type":"Phường","unit_type_en":"Ward","admin_level":2,"province_code":"38","province_name":"Thanh Hoá","province_full_name":"Tỉnh Thanh Hoá","province_slug":"thanh_hoa","join_key":"16576","status":"active","dataset_effective_date":"2026-04-30","catalog_version":"2026-07-12","geometry_status":"not_embedded_boundary_available_by_url","boundary_source_url":"https://raw.githubusercontent.com/thanglequoc/vietnamese-provinces-database/master/json/geojson/38_thanh_hoa/wards/16576_ngoc_son.geojson","boundary_source_page":"https://github.com/thanglequoc/vietnamese-provinces-database/blob/master/json/geojson/38_thanh_hoa/wards/16576_ngoc_son.geojson","source_catalog":"https://github.com/thanglequoc/vietnamese-provinces-database"},"geometry":null},{"type":"Feature","id":"16591","properties":{"commune_code":"16591","commune_name":"Các Sơn","commune_name_en":"Cac Son","commune_full_name":"Xã Các Sơn","commune_full_name_en":"Cac Son Commune","commune_slug":"cac_son","unit_type":"Xã","unit_type_en":"Commune","admin_level":2,"province_code":"38","province_name":"Thanh Hoá","province_full_name":"Tỉnh Thanh Hoá","province_slug":"thanh_hoa","join_key":"16591","status":"active","dataset_effective_date":"2026-04-30","catalog_version":"2026-07-12","geometry_status":"not_embedded_boundary_available_by_url","boundary_source_url":"https://raw.githubusercontent.com/thanglequoc/vietnamese-provinces-database/master/json/geojson/38_thanh_hoa/wards/16591_cac_son.geojson","boundary_source_page":"https://github.com/thanglequoc/vietnamese-provinces-database/blob/master/json/geojson/38_thanh_hoa/wards/16591_cac_son.geojson","source_catalog":"https://github.com/thanglequoc/vietnamese-provinces-database"},"geometry":null},{"type":"Feature","id":"16594","properties":{"commune_code":"16594","commune_name":"Tân Dân","commune_name_en":"Tan Dan","commune_full_name":"Phường Tân Dân","commune_full_name_en":"Tan Dan Ward","commune_slug":"tan_dan","unit_type":"Phường","unit_type_en":"Ward","admin_level":2,"province_code":"38","province_name":"Thanh Hoá","province_full_name":"Tỉnh Thanh Hoá","province_slug":"thanh_hoa","join_key":"16594","status":"active","dataset_effective_date":"2026-04-30","catalog_version":"2026-07-12","geometry_status":"not_embedded_boundary_available_by_url","boundary_source_url":"https://raw.githubusercontent.com/thanglequoc/vietnamese-provinces-database/master/json/geojson/38_thanh_hoa/wards/16594_tan_dan.geojson","boundary_source_page":"https://github.com/thanglequoc/vietnamese-provinces-database/blob/master/json/geojson/38_thanh_hoa/wards/16594_tan_dan.geojson","source_catalog":"https://github.com/thanglequoc/vietnamese-provinces-database"},"geometry":null},{"type":"Feature","id":"16597","properties":{"commune_code":"16597","commune_name":"Hải Lĩnh","commune_name_en":"Hai Linh","commune_full_name":"Phường Hải Lĩnh","commune_full_name_en":"Hai Linh Ward","commune_slug":"hai_linh","unit_type":"Phường","unit_type_en":"Ward","admin_level":2,"province_code":"38","province_name":"Thanh Hoá","province_full_name":"Tỉnh Thanh Hoá","province_slug":"thanh_hoa","join_key":"16597","status":"active","dataset_effective_date":"2026-04-30","catalog_version":"2026-07-12","geometry_status":"not_embedded_boundary_available_by_url","boundary_source_url":"https://raw.githubusercontent.com/thanglequoc/vietnamese-provinces-database/master/json/geojson/38_thanh_hoa/wards/16597_hai_linh.geojson","boundary_source_page":"https://github.com/thanglequoc/vietnamese-provinces-database/blob/master/json/geojson/38_thanh_hoa/wards/16597_hai_linh.geojson","source_catalog":"https://github.com/thanglequoc/vietnamese-provinces-database"},"geometry":null},{"type":"Feature","id":"16609","properties":{"commune_code":"16609","commune_name":"Đào Duy Từ","commune_name_en":"Dao Duy Tu","commune_full_name":"Phường Đào Duy Từ","commune_full_name_en":"Dao Duy Tu Ward","commune_slug":"dao_duy_tu","unit_type":"Phường","unit_type_en":"Ward","admin_level":2,"province_code":"38","province_name":"Thanh Hoá","province_full_name":"Tỉnh Thanh Hoá","province_slug":"thanh_hoa","join_key":"16609","status":"active","dataset_effective_date":"2026-04-30","catalog_version":"2026-07-12","geometry_status":"not_embedded_boundary_available_by_url","boundary_source_url":"https://raw.githubusercontent.com/thanglequoc/vietnamese-provinces-database/master/json/geojson/38_thanh_hoa/wards/16609_dao_duy_tu.geojson","boundary_source_page":"https://github.com/thanglequoc/vietnamese-provinces-database/blob/master/json/geojson/38_thanh_hoa/wards/16609_dao_duy_tu.geojson","source_catalog":"https://github.com/thanglequoc/vietnamese-provinces-database"},"geometry":null},{"type":"Feature","id":"16624","properties":{"commune_code":"16624","commune_name":"Trúc Lâm","commune_name_en":"Truc Lam","commune_full_name":"Phường Trúc Lâm","commune_full_name_en":"Truc Lam Ward","commune_slug":"truc_lam","unit_type":"Phường","unit_type_en":"Ward","admin_level":2,"province_code":"38","province_name":"Thanh Hoá","province_full_name":"Tỉnh Thanh Hoá","province_slug":"thanh_hoa","join_key":"16624","status":"active","dataset_effective_date":"2026-04-30","catalog_version":"2026-07-12","geometry_status":"not_embedded_boundary_available_by_url","boundary_source_url":"https://raw.githubusercontent.com/thanglequoc/vietnamese-provinces-database/master/json/geojson/38_thanh_hoa/wards/16624_truc_lam.geojson","boundary_source_page":"https://github.com/thanglequoc/vietnamese-provinces-database/blob/master/json/geojson/38_thanh_hoa/wards/16624_truc_lam.geojson","source_catalog":"https://github.com/thanglequoc/vietnamese-provinces-database"},"geometry":null},{"type":"Feature","id":"16636","properties":{"commune_code":"16636","commune_name":"Trường Lâm","commune_name_en":"Truong Lam","commune_full_name":"Xã Trường Lâm","commune_full_name_en":"Truong Lam Commune","commune_slug":"truong_lam","unit_type":"Xã","unit_type_en":"Commune","admin_level":2,"province_code":"38","province_name":"Thanh Hoá","province_full_name":"Tỉnh Thanh Hoá","province_slug":"thanh_hoa","join_key":"16636","status":"active","dataset_effective_date":"2026-04-30","catalog_version":"2026-07-12","geometry_status":"not_embedded_boundary_available_by_url","boundary_source_url":"https://raw.githubusercontent.com/thanglequoc/vietnamese-provinces-database/master/json/geojson/38_thanh_hoa/wards/16636_truong_lam.geojson","boundary_source_page":"https://github.com/thanglequoc/vietnamese-provinces-database/blob/master/json/geojson/38_thanh_hoa/wards/16636_truong_lam.geojson","source_catalog":"https://github.com/thanglequoc/vietnamese-provinces-database"},"geometry":null},{"type":"Feature","id":"16645","properties":{"commune_code":"16645","commune_name":"Hải Bình","commune_name_en":"Hai Binh","commune_full_name":"Phường Hải Bình","commune_full_name_en":"Hai Binh Ward","commune_slug":"hai_binh","unit_type":"Phường","unit_type_en":"Ward","admin_level":2,"province_code":"38","province_name":"Thanh Hoá","province_full_name":"Tỉnh Thanh Hoá","province_slug":"thanh_hoa","join_key":"16645","status":"active","dataset_effective_date":"2026-04-30","catalog_version":"2026-07-12","geometry_status":"not_embedded_boundary_available_by_url","boundary_source_url":"https://raw.githubusercontent.com/thanglequoc/vietnamese-provinces-database/master/json/geojson/38_thanh_hoa/wards/16645_hai_binh.geojson","boundary_source_page":"https://github.com/thanglequoc/vietnamese-provinces-database/blob/master/json/geojson/38_thanh_hoa/wards/16645_hai_binh.geojson","source_catalog":"https://github.com/thanglequoc/vietnamese-provinces-database"},"geometry":null},{"type":"Feature","id":"16654","properties":{"commune_code":"16654","commune_name":"Nghi Sơn","commune_name_en":"Nghi Son","commune_full_name":"Phường Nghi Sơn","commune_full_name_en":"Nghi Son Ward","commune_slug":"nghi_son","unit_type":"Phường","unit_type_en":"Ward","admin_level":2,"province_code":"38","province_name":"Thanh Hoá","province_full_name":"Tỉnh Thanh Hoá","province_slug":"thanh_hoa","join_key":"16654","status":"active","dataset_effective_date":"2026-04-30","catalog_version":"2026-07-12","geometry_status":"not_embedded_boundary_available_by_url","boundary_source_url":"https://raw.githubusercontent.com/thanglequoc/vietnamese-provinces-database/master/json/geojson/38_thanh_hoa/wards/16654_nghi_son.geojson","boundary_source_page":"https://github.com/thanglequoc/vietnamese-provinces-database/blob/master/json/geojson/38_thanh_hoa/wards/16654_nghi_son.geojson","source_catalog":"https://github.com/thanglequoc/vietnamese-provinces-database"},"geometry":null}]}