{"type":"FeatureCollection","name":"52_gia_lai_communes_attributes","metadata":{"province_code":"52","province_name":"Gia Lai","feature_count":135,"geometry":null,"join_key":"commune_code"},"features":[{"type":"Feature","id":"21553","properties":{"commune_code":"21553","commune_name":"Quy Nhơn Bắc","commune_name_en":"Quy Nhon Bac","commune_full_name":"Phường Quy Nhơn Bắc","commune_full_name_en":"Quy Nhon Bac Ward","commune_slug":"quy_nhon_bac","unit_type":"Phường","unit_type_en":"Ward","admin_level":2,"province_code":"52","province_name":"Gia Lai","province_full_name":"Tỉnh Gia Lai","province_slug":"gia_lai","join_key":"21553","status":"active","dataset_effective_date":"2026-04-30","catalog_version":"2026-07-12","geometry_status":"not_embedded_boundary_available_by_url","boundary_source_url":"https://raw.githubusercontent.com/thanglequoc/vietnamese-provinces-database/master/json/geojson/52_gia_lai/wards/21553_quy_nhon_bac.geojson","boundary_source_page":"https://github.com/thanglequoc/vietnamese-provinces-database/blob/master/json/geojson/52_gia_lai/wards/21553_quy_nhon_bac.geojson","source_catalog":"https://github.com/thanglequoc/vietnamese-provinces-database"},"geometry":null},{"type":"Feature","id":"21583","properties":{"commune_code":"21583","commune_name":"Quy Nhơn","commune_name_en":"Quy Nhon","commune_full_name":"Phường Quy Nhơn","commune_full_name_en":"Quy Nhon Ward","commune_slug":"quy_nhon","unit_type":"Phường","unit_type_en":"Ward","admin_level":2,"province_code":"52","province_name":"Gia Lai","province_full_name":"Tỉnh Gia Lai","province_slug":"gia_lai","join_key":"21583","status":"active","dataset_effective_date":"2026-04-30","catalog_version":"2026-07-12","geometry_status":"not_embedded_boundary_available_by_url","boundary_source_url":"https://raw.githubusercontent.com/thanglequoc/vietnamese-provinces-database/master/json/geojson/52_gia_lai/wards/21583_quy_nhon.geojson","boundary_source_page":"https://github.com/thanglequoc/vietnamese-provinces-database/blob/master/json/geojson/52_gia_lai/wards/21583_quy_nhon.geojson","source_catalog":"https://github.com/thanglequoc/vietnamese-provinces-database"},"geometry":null},{"type":"Feature","id":"21589","properties":{"commune_code":"21589","commune_name":"Quy Nhơn Tây","commune_name_en":"Quy Nhon Tay","commune_full_name":"Phường Quy Nhơn Tây","commune_full_name_en":"Quy Nhon Tay Ward","commune_slug":"quy_nhon_tay","unit_type":"Phường","unit_type_en":"Ward","admin_level":2,"province_code":"52","province_name":"Gia Lai","province_full_name":"Tỉnh Gia Lai","province_slug":"gia_lai","join_key":"21589","status":"active","dataset_effective_date":"2026-04-30","catalog_version":"2026-07-12","geometry_status":"not_embedded_boundary_available_by_url","boundary_source_url":"https://raw.githubusercontent.com/thanglequoc/vietnamese-provinces-database/master/json/geojson/52_gia_lai/wards/21589_quy_nhon_tay.geojson","boundary_source_page":"https://github.com/thanglequoc/vietnamese-provinces-database/blob/master/json/geojson/52_gia_lai/wards/21589_quy_nhon_tay.geojson","source_catalog":"https://github.com/thanglequoc/vietnamese-provinces-database"},"geometry":null},{"type":"Feature","id":"21592","properties":{"commune_code":"21592","commune_name":"Quy Nhơn Nam","commune_name_en":"Quy Nhon Nam","commune_full_name":"Phường Quy Nhơn Nam","commune_full_name_en":"Quy Nhon Nam Ward","commune_slug":"quy_nhon_nam","unit_type":"Phường","unit_type_en":"Ward","admin_level":2,"province_code":"52","province_name":"Gia Lai","province_full_name":"Tỉnh Gia Lai","province_slug":"gia_lai","join_key":"21592","status":"active","dataset_effective_date":"2026-04-30","catalog_version":"2026-07-12","geometry_status":"not_embedded_boundary_available_by_url","boundary_source_url":"https://raw.githubusercontent.com/thanglequoc/vietnamese-provinces-database/master/json/geojson/52_gia_lai/wards/21592_quy_nhon_nam.geojson","boundary_source_page":"https://github.com/thanglequoc/vietnamese-provinces-database/blob/master/json/geojson/52_gia_lai/wards/21592_quy_nhon_nam.geojson","source_catalog":"https://github.com/thanglequoc/vietnamese-provinces-database"},"geometry":null},{"type":"Feature","id":"21601","properties":{"commune_code":"21601","commune_name":"Quy Nhơn Đông","commune_name_en":"Quy Nhon Dong","commune_full_name":"Phường Quy Nhơn Đông","commune_full_name_en":"Quy Nhon Dong Ward","commune_slug":"quy_nhon_dong","unit_type":"Phường","unit_type_en":"Ward","admin_level":2,"province_code":"52","province_name":"Gia Lai","province_full_name":"Tỉnh Gia Lai","province_slug":"gia_lai","join_key":"21601","status":"active","dataset_effective_date":"2026-04-30","catalog_version":"2026-07-12","geometry_status":"not_embedded_boundary_available_by_url","boundary_source_url":"https://raw.githubusercontent.com/thanglequoc/vietnamese-provinces-database/master/json/geojson/52_gia_lai/wards/21601_quy_nhon_dong.geojson","boundary_source_page":"https://github.com/thanglequoc/vietnamese-provinces-database/blob/master/json/geojson/52_gia_lai/wards/21601_quy_nhon_dong.geojson","source_catalog":"https://github.com/thanglequoc/vietnamese-provinces-database"},"geometry":null},{"type":"Feature","id":"21607","properties":{"commune_code":"21607","commune_name":"Nhơn Châu","commune_name_en":"Nhon Chau","commune_full_name":"Xã Nhơn Châu","commune_full_name_en":"Nhon Chau Commune","commune_slug":"nhon_chau","unit_type":"Xã","unit_type_en":"Commune","admin_level":2,"province_code":"52","province_name":"Gia Lai","province_full_name":"Tỉnh Gia Lai","province_slug":"gia_lai","join_key":"21607","status":"active","dataset_effective_date":"2026-04-30","catalog_version":"2026-07-12","geometry_status":"not_embedded_boundary_available_by_url","boundary_source_url":"https://raw.githubusercontent.com/thanglequoc/vietnamese-provinces-database/master/json/geojson/52_gia_lai/wards/21607_nhon_chau.geojson","boundary_source_page":"https://github.com/thanglequoc/vietnamese-provinces-database/blob/master/json/geojson/52_gia_lai/wards/21607_nhon_chau.geojson","source_catalog":"https://github.com/thanglequoc/vietnamese-provinces-database"},"geometry":null},{"type":"Feature","id":"21609","properties":{"commune_code":"21609","commune_name":"An Lão","commune_name_en":"An Lao","commune_full_name":"Xã An Lão","commune_full_name_en":"An Lao Commune","commune_slug":"an_lao","unit_type":"Xã","unit_type_en":"Commune","admin_level":2,"province_code":"52","province_name":"Gia Lai","province_full_name":"Tỉnh Gia Lai","province_slug":"gia_lai","join_key":"21609","status":"active","dataset_effective_date":"2026-04-30","catalog_version":"2026-07-12","geometry_status":"not_embedded_boundary_available_by_url","boundary_source_url":"https://raw.githubusercontent.com/thanglequoc/vietnamese-provinces-database/master/json/geojson/52_gia_lai/wards/21609_an_lao.geojson","boundary_source_page":"https://github.com/thanglequoc/vietnamese-provinces-database/blob/master/json/geojson/52_gia_lai/wards/21609_an_lao.geojson","source_catalog":"https://github.com/thanglequoc/vietnamese-provinces-database"},"geometry":null},{"type":"Feature","id":"21616","properties":{"commune_code":"21616","commune_name":"An Vinh","commune_name_en":"An Vinh","commune_full_name":"Xã An Vinh","commune_full_name_en":"An Vinh Commune","commune_slug":"an_vinh","unit_type":"Xã","unit_type_en":"Commune","admin_level":2,"province_code":"52","province_name":"Gia Lai","province_full_name":"Tỉnh Gia Lai","province_slug":"gia_lai","join_key":"21616","status":"active","dataset_effective_date":"2026-04-30","catalog_version":"2026-07-12","geometry_status":"not_embedded_boundary_available_by_url","boundary_source_url":"https://raw.githubusercontent.com/thanglequoc/vietnamese-provinces-database/master/json/geojson/52_gia_lai/wards/21616_an_vinh.geojson","boundary_source_page":"https://github.com/thanglequoc/vietnamese-provinces-database/blob/master/json/geojson/52_gia_lai/wards/21616_an_vinh.geojson","source_catalog":"https://github.com/thanglequoc/vietnamese-provinces-database"},"geometry":null},{"type":"Feature","id":"21622","properties":{"commune_code":"21622","commune_name":"An Toàn","commune_name_en":"An Toan","commune_full_name":"Xã An Toàn","commune_full_name_en":"An Toan Commune","commune_slug":"an_toan","unit_type":"Xã","unit_type_en":"Commune","admin_level":2,"province_code":"52","province_name":"Gia Lai","province_full_name":"Tỉnh Gia Lai","province_slug":"gia_lai","join_key":"21622","status":"active","dataset_effective_date":"2026-04-30","catalog_version":"2026-07-12","geometry_status":"not_embedded_boundary_available_by_url","boundary_source_url":"https://raw.githubusercontent.com/thanglequoc/vietnamese-provinces-database/master/json/geojson/52_gia_lai/wards/21622_an_toan.geojson","boundary_source_page":"https://github.com/thanglequoc/vietnamese-provinces-database/blob/master/json/geojson/52_gia_lai/wards/21622_an_toan.geojson","source_catalog":"https://github.com/thanglequoc/vietnamese-provinces-database"},"geometry":null},{"type":"Feature","id":"21628","properties":{"commune_code":"21628","commune_name":"An Hoà","commune_name_en":"An Hoa","commune_full_name":"Xã An Hoà","commune_full_name_en":"An Hoa Commune","commune_slug":"an_hoa","unit_type":"Xã","unit_type_en":"Commune","admin_level":2,"province_code":"52","province_name":"Gia Lai","province_full_name":"Tỉnh Gia Lai","province_slug":"gia_lai","join_key":"21628","status":"active","dataset_effective_date":"2026-04-30","catalog_version":"2026-07-12","geometry_status":"not_embedded_boundary_available_by_url","boundary_source_url":"https://raw.githubusercontent.com/thanglequoc/vietnamese-provinces-database/master/json/geojson/52_gia_lai/wards/21628_an_hoa.geojson","boundary_source_page":"https://github.com/thanglequoc/vietnamese-provinces-database/blob/master/json/geojson/52_gia_lai/wards/21628_an_hoa.geojson","source_catalog":"https://github.com/thanglequoc/vietnamese-provinces-database"},"geometry":null},{"type":"Feature","id":"21637","properties":{"commune_code":"21637","commune_name":"Tam Quan","commune_name_en":"Tam Quan","commune_full_name":"Phường Tam Quan","commune_full_name_en":"Tam Quan Ward","commune_slug":"tam_quan","unit_type":"Phường","unit_type_en":"Ward","admin_level":2,"province_code":"52","province_name":"Gia Lai","province_full_name":"Tỉnh Gia Lai","province_slug":"gia_lai","join_key":"21637","status":"active","dataset_effective_date":"2026-04-30","catalog_version":"2026-07-12","geometry_status":"not_embedded_boundary_available_by_url","boundary_source_url":"https://raw.githubusercontent.com/thanglequoc/vietnamese-provinces-database/master/json/geojson/52_gia_lai/wards/21637_tam_quan.geojson","boundary_source_page":"https://github.com/thanglequoc/vietnamese-provinces-database/blob/master/json/geojson/52_gia_lai/wards/21637_tam_quan.geojson","source_catalog":"https://github.com/thanglequoc/vietnamese-provinces-database"},"geometry":null},{"type":"Feature","id":"21640","properties":{"commune_code":"21640","commune_name":"Bồng Sơn","commune_name_en":"Bong Son","commune_full_name":"Phường Bồng Sơn","commune_full_name_en":"Bong Son Ward","commune_slug":"bong_son","unit_type":"Phường","unit_type_en":"Ward","admin_level":2,"province_code":"52","province_name":"Gia Lai","province_full_name":"Tỉnh Gia Lai","province_slug":"gia_lai","join_key":"21640","status":"active","dataset_effective_date":"2026-04-30","catalog_version":"2026-07-12","geometry_status":"not_embedded_boundary_available_by_url","boundary_source_url":"https://raw.githubusercontent.com/thanglequoc/vietnamese-provinces-database/master/json/geojson/52_gia_lai/wards/21640_bong_son.geojson","boundary_source_page":"https://github.com/thanglequoc/vietnamese-provinces-database/blob/master/json/geojson/52_gia_lai/wards/21640_bong_son.geojson","source_catalog":"https://github.com/thanglequoc/vietnamese-provinces-database"},"geometry":null},{"type":"Feature","id":"21655","properties":{"commune_code":"21655","commune_name":"Hoài Nhơn Bắc","commune_name_en":"Hoai Nhon Bac","commune_full_name":"Phường Hoài Nhơn Bắc","commune_full_name_en":"Hoai Nhon Bac Ward","commune_slug":"hoai_nhon_bac","unit_type":"Phường","unit_type_en":"Ward","admin_level":2,"province_code":"52","province_name":"Gia Lai","province_full_name":"Tỉnh Gia Lai","province_slug":"gia_lai","join_key":"21655","status":"active","dataset_effective_date":"2026-04-30","catalog_version":"2026-07-12","geometry_status":"not_embedded_boundary_available_by_url","boundary_source_url":"https://raw.githubusercontent.com/thanglequoc/vietnamese-provinces-database/master/json/geojson/52_gia_lai/wards/21655_hoai_nhon_bac.geojson","boundary_source_page":"https://github.com/thanglequoc/vietnamese-provinces-database/blob/master/json/geojson/52_gia_lai/wards/21655_hoai_nhon_bac.geojson","source_catalog":"https://github.com/thanglequoc/vietnamese-provinces-database"},"geometry":null},{"type":"Feature","id":"21661","properties":{"commune_code":"21661","commune_name":"Hoài Nhơn Tây","commune_name_en":"Hoai Nhon Tay","commune_full_name":"Phường Hoài Nhơn Tây","commune_full_name_en":"Hoai Nhon Tay Ward","commune_slug":"hoai_nhon_tay","unit_type":"Phường","unit_type_en":"Ward","admin_level":2,"province_code":"52","province_name":"Gia Lai","province_full_name":"Tỉnh Gia Lai","province_slug":"gia_lai","join_key":"21661","status":"active","dataset_effective_date":"2026-04-30","catalog_version":"2026-07-12","geometry_status":"not_embedded_boundary_available_by_url","boundary_source_url":"https://raw.githubusercontent.com/thanglequoc/vietnamese-provinces-database/master/json/geojson/52_gia_lai/wards/21661_hoai_nhon_tay.geojson","boundary_source_page":"https://github.com/thanglequoc/vietnamese-provinces-database/blob/master/json/geojson/52_gia_lai/wards/21661_hoai_nhon_tay.geojson","source_catalog":"https://github.com/thanglequoc/vietnamese-provinces-database"},"geometry":null},{"type":"Feature","id":"21664","properties":{"commune_code":"21664","commune_name":"Hoài Nhơn","commune_name_en":"Hoai Nhon","commune_full_name":"Phường Hoài Nhơn","commune_full_name_en":"Hoai Nhon Ward","commune_slug":"hoai_nhon","unit_type":"Phường","unit_type_en":"Ward","admin_level":2,"province_code":"52","province_name":"Gia Lai","province_full_name":"Tỉnh Gia Lai","province_slug":"gia_lai","join_key":"21664","status":"active","dataset_effective_date":"2026-04-30","catalog_version":"2026-07-12","geometry_status":"not_embedded_boundary_available_by_url","boundary_source_url":"https://raw.githubusercontent.com/thanglequoc/vietnamese-provinces-database/master/json/geojson/52_gia_lai/wards/21664_hoai_nhon.geojson","boundary_source_page":"https://github.com/thanglequoc/vietnamese-provinces-database/blob/master/json/geojson/52_gia_lai/wards/21664_hoai_nhon.geojson","source_catalog":"https://github.com/thanglequoc/vietnamese-provinces-database"},"geometry":null},{"type":"Feature","id":"21670","properties":{"commune_code":"21670","commune_name":"Hoài Nhơn Đông","commune_name_en":"Hoai Nhon Dong","commune_full_name":"Phường Hoài Nhơn Đông","commune_full_name_en":"Hoai Nhon Dong Ward","commune_slug":"hoai_nhon_dong","unit_type":"Phường","unit_type_en":"Ward","admin_level":2,"province_code":"52","province_name":"Gia Lai","province_full_name":"Tỉnh Gia Lai","province_slug":"gia_lai","join_key":"21670","status":"active","dataset_effective_date":"2026-04-30","catalog_version":"2026-07-12","geometry_status":"not_embedded_boundary_available_by_url","boundary_source_url":"https://raw.githubusercontent.com/thanglequoc/vietnamese-provinces-database/master/json/geojson/52_gia_lai/wards/21670_hoai_nhon_dong.geojson","boundary_source_page":"https://github.com/thanglequoc/vietnamese-provinces-database/blob/master/json/geojson/52_gia_lai/wards/21670_hoai_nhon_dong.geojson","source_catalog":"https://github.com/thanglequoc/vietnamese-provinces-database"},"geometry":null},{"type":"Feature","id":"21673","properties":{"commune_code":"21673","commune_name":"Hoài Nhơn Nam","commune_name_en":"Hoai Nhon Nam","commune_full_name":"Phường Hoài Nhơn Nam","commune_full_name_en":"Hoai Nhon Nam Ward","commune_slug":"hoai_nhon_nam","unit_type":"Phường","unit_type_en":"Ward","admin_level":2,"province_code":"52","province_name":"Gia Lai","province_full_name":"Tỉnh Gia Lai","province_slug":"gia_lai","join_key":"21673","status":"active","dataset_effective_date":"2026-04-30","catalog_version":"2026-07-12","geometry_status":"not_embedded_boundary_available_by_url","boundary_source_url":"https://raw.githubusercontent.com/thanglequoc/vietnamese-provinces-database/master/json/geojson/52_gia_lai/wards/21673_hoai_nhon_nam.geojson","boundary_source_page":"https://github.com/thanglequoc/vietnamese-provinces-database/blob/master/json/geojson/52_gia_lai/wards/21673_hoai_nhon_nam.geojson","source_catalog":"https://github.com/thanglequoc/vietnamese-provinces-database"},"geometry":null},{"type":"Feature","id":"21688","properties":{"commune_code":"21688","commune_name":"Hoài Ân","commune_name_en":"Hoai An","commune_full_name":"Xã Hoài Ân","commune_full_name_en":"Hoai An Commune","commune_slug":"hoai_an","unit_type":"Xã","unit_type_en":"Commune","admin_level":2,"province_code":"52","province_name":"Gia Lai","province_full_name":"Tỉnh Gia Lai","province_slug":"gia_lai","join_key":"21688","status":"active","dataset_effective_date":"2026-04-30","catalog_version":"2026-07-12","geometry_status":"not_embedded_boundary_available_by_url","boundary_source_url":"https://raw.githubusercontent.com/thanglequoc/vietnamese-provinces-database/master/json/geojson/52_gia_lai/wards/21688_hoai_an.geojson","boundary_source_page":"https://github.com/thanglequoc/vietnamese-provinces-database/blob/master/json/geojson/52_gia_lai/wards/21688_hoai_an.geojson","source_catalog":"https://github.com/thanglequoc/vietnamese-provinces-database"},"geometry":null},{"type":"Feature","id":"21697","properties":{"commune_code":"21697","commune_name":"Ân Hảo","commune_name_en":"An Hao","commune_full_name":"Xã Ân Hảo","commune_full_name_en":"An Hao Commune","commune_slug":"an_hao","unit_type":"Xã","unit_type_en":"Commune","admin_level":2,"province_code":"52","province_name":"Gia Lai","province_full_name":"Tỉnh Gia Lai","province_slug":"gia_lai","join_key":"21697","status":"active","dataset_effective_date":"2026-04-30","catalog_version":"2026-07-12","geometry_status":"not_embedded_boundary_available_by_url","boundary_source_url":"https://raw.githubusercontent.com/thanglequoc/vietnamese-provinces-database/master/json/geojson/52_gia_lai/wards/21697_an_hao.geojson","boundary_source_page":"https://github.com/thanglequoc/vietnamese-provinces-database/blob/master/json/geojson/52_gia_lai/wards/21697_an_hao.geojson","source_catalog":"https://github.com/thanglequoc/vietnamese-provinces-database"},"geometry":null},{"type":"Feature","id":"21703","properties":{"commune_code":"21703","commune_name":"Vạn Đức","commune_name_en":"Van Duc","commune_full_name":"Xã Vạn Đức","commune_full_name_en":"Van Duc Commune","commune_slug":"van_duc","unit_type":"Xã","unit_type_en":"Commune","admin_level":2,"province_code":"52","province_name":"Gia Lai","province_full_name":"Tỉnh Gia Lai","province_slug":"gia_lai","join_key":"21703","status":"active","dataset_effective_date":"2026-04-30","catalog_version":"2026-07-12","geometry_status":"not_embedded_boundary_available_by_url","boundary_source_url":"https://raw.githubusercontent.com/thanglequoc/vietnamese-provinces-database/master/json/geojson/52_gia_lai/wards/21703_van_duc.geojson","boundary_source_page":"https://github.com/thanglequoc/vietnamese-provinces-database/blob/master/json/geojson/52_gia_lai/wards/21703_van_duc.geojson","source_catalog":"https://github.com/thanglequoc/vietnamese-provinces-database"},"geometry":null},{"type":"Feature","id":"21715","properties":{"commune_code":"21715","commune_name":"Ân Tường","commune_name_en":"An Tuong","commune_full_name":"Xã Ân Tường","commune_full_name_en":"An Tuong Commune","commune_slug":"an_tuong","unit_type":"Xã","unit_type_en":"Commune","admin_level":2,"province_code":"52","province_name":"Gia Lai","province_full_name":"Tỉnh Gia Lai","province_slug":"gia_lai","join_key":"21715","status":"active","dataset_effective_date":"2026-04-30","catalog_version":"2026-07-12","geometry_status":"not_embedded_boundary_available_by_url","boundary_source_url":"https://raw.githubusercontent.com/thanglequoc/vietnamese-provinces-database/master/json/geojson/52_gia_lai/wards/21715_an_tuong.geojson","boundary_source_page":"https://github.com/thanglequoc/vietnamese-provinces-database/blob/master/json/geojson/52_gia_lai/wards/21715_an_tuong.geojson","source_catalog":"https://github.com/thanglequoc/vietnamese-provinces-database"},"geometry":null},{"type":"Feature","id":"21727","properties":{"commune_code":"21727","commune_name":"Kim Sơn","commune_name_en":"Kim Son","commune_full_name":"Xã Kim Sơn","commune_full_name_en":"Kim Son Commune","commune_slug":"kim_son","unit_type":"Xã","unit_type_en":"Commune","admin_level":2,"province_code":"52","province_name":"Gia Lai","province_full_name":"Tỉnh Gia Lai","province_slug":"gia_lai","join_key":"21727","status":"active","dataset_effective_date":"2026-04-30","catalog_version":"2026-07-12","geometry_status":"not_embedded_boundary_available_by_url","boundary_source_url":"https://raw.githubusercontent.com/thanglequoc/vietnamese-provinces-database/master/json/geojson/52_gia_lai/wards/21727_kim_son.geojson","boundary_source_page":"https://github.com/thanglequoc/vietnamese-provinces-database/blob/master/json/geojson/52_gia_lai/wards/21727_kim_son.geojson","source_catalog":"https://github.com/thanglequoc/vietnamese-provinces-database"},"geometry":null},{"type":"Feature","id":"21730","properties":{"commune_code":"21730","commune_name":"Phù Mỹ","commune_name_en":"Phu My","commune_full_name":"Xã Phù Mỹ","commune_full_name_en":"Phu My Commune","commune_slug":"phu_my","unit_type":"Xã","unit_type_en":"Commune","admin_level":2,"province_code":"52","province_name":"Gia Lai","province_full_name":"Tỉnh Gia Lai","province_slug":"gia_lai","join_key":"21730","status":"active","dataset_effective_date":"2026-04-30","catalog_version":"2026-07-12","geometry_status":"not_embedded_boundary_available_by_url","boundary_source_url":"https://raw.githubusercontent.com/thanglequoc/vietnamese-provinces-database/master/json/geojson/52_gia_lai/wards/21730_phu_my.geojson","boundary_source_page":"https://github.com/thanglequoc/vietnamese-provinces-database/blob/master/json/geojson/52_gia_lai/wards/21730_phu_my.geojson","source_catalog":"https://github.com/thanglequoc/vietnamese-provinces-database"},"geometry":null},{"type":"Feature","id":"21733","properties":{"commune_code":"21733","commune_name":"Bình Dương","commune_name_en":"Binh Duong","commune_full_name":"Xã Bình Dương","commune_full_name_en":"Binh Duong Commune","commune_slug":"binh_duong","unit_type":"Xã","unit_type_en":"Commune","admin_level":2,"province_code":"52","province_name":"Gia Lai","province_full_name":"Tỉnh Gia Lai","province_slug":"gia_lai","join_key":"21733","status":"active","dataset_effective_date":"2026-04-30","catalog_version":"2026-07-12","geometry_status":"not_embedded_boundary_available_by_url","boundary_source_url":"https://raw.githubusercontent.com/thanglequoc/vietnamese-provinces-database/master/json/geojson/52_gia_lai/wards/21733_binh_duong.geojson","boundary_source_page":"https://github.com/thanglequoc/vietnamese-provinces-database/blob/master/json/geojson/52_gia_lai/wards/21733_binh_duong.geojson","source_catalog":"https://github.com/thanglequoc/vietnamese-provinces-database"},"geometry":null},{"type":"Feature","id":"21739","properties":{"commune_code":"21739","commune_name":"Phù Mỹ Bắc","commune_name_en":"Phu My Bac","commune_full_name":"Xã Phù Mỹ Bắc","commune_full_name_en":"Phu My Bac Commune","commune_slug":"phu_my_bac","unit_type":"Xã","unit_type_en":"Commune","admin_level":2,"province_code":"52","province_name":"Gia Lai","province_full_name":"Tỉnh Gia Lai","province_slug":"gia_lai","join_key":"21739","status":"active","dataset_effective_date":"2026-04-30","catalog_version":"2026-07-12","geometry_status":"not_embedded_boundary_available_by_url","boundary_source_url":"https://raw.githubusercontent.com/thanglequoc/vietnamese-provinces-database/master/json/geojson/52_gia_lai/wards/21739_phu_my_bac.geojson","boundary_source_page":"https://github.com/thanglequoc/vietnamese-provinces-database/blob/master/json/geojson/52_gia_lai/wards/21739_phu_my_bac.geojson","source_catalog":"https://github.com/thanglequoc/vietnamese-provinces-database"},"geometry":null},{"type":"Feature","id":"21751","properties":{"commune_code":"21751","commune_name":"Phù Mỹ Đông","commune_name_en":"Phu My Dong","commune_full_name":"Xã Phù Mỹ Đông","commune_full_name_en":"Phu My Dong Commune","commune_slug":"phu_my_dong","unit_type":"Xã","unit_type_en":"Commune","admin_level":2,"province_code":"52","province_name":"Gia Lai","province_full_name":"Tỉnh Gia Lai","province_slug":"gia_lai","join_key":"21751","status":"active","dataset_effective_date":"2026-04-30","catalog_version":"2026-07-12","geometry_status":"not_embedded_boundary_available_by_url","boundary_source_url":"https://raw.githubusercontent.com/thanglequoc/vietnamese-provinces-database/master/json/geojson/52_gia_lai/wards/21751_phu_my_dong.geojson","boundary_source_page":"https://github.com/thanglequoc/vietnamese-provinces-database/blob/master/json/geojson/52_gia_lai/wards/21751_phu_my_dong.geojson","source_catalog":"https://github.com/thanglequoc/vietnamese-provinces-database"},"geometry":null},{"type":"Feature","id":"21757","properties":{"commune_code":"21757","commune_name":"Phù Mỹ Tây","commune_name_en":"Phu My Tay","commune_full_name":"Xã Phù Mỹ Tây","commune_full_name_en":"Phu My Tay Commune","commune_slug":"phu_my_tay","unit_type":"Xã","unit_type_en":"Commune","admin_level":2,"province_code":"52","province_name":"Gia Lai","province_full_name":"Tỉnh Gia Lai","province_slug":"gia_lai","join_key":"21757","status":"active","dataset_effective_date":"2026-04-30","catalog_version":"2026-07-12","geometry_status":"not_embedded_boundary_available_by_url","boundary_source_url":"https://raw.githubusercontent.com/thanglequoc/vietnamese-provinces-database/master/json/geojson/52_gia_lai/wards/21757_phu_my_tay.geojson","boundary_source_page":"https://github.com/thanglequoc/vietnamese-provinces-database/blob/master/json/geojson/52_gia_lai/wards/21757_phu_my_tay.geojson","source_catalog":"https://github.com/thanglequoc/vietnamese-provinces-database"},"geometry":null},{"type":"Feature","id":"21769","properties":{"commune_code":"21769","commune_name":"An Lương","commune_name_en":"An Luong","commune_full_name":"Xã An Lương","commune_full_name_en":"An Luong Commune","commune_slug":"an_luong","unit_type":"Xã","unit_type_en":"Commune","admin_level":2,"province_code":"52","province_name":"Gia Lai","province_full_name":"Tỉnh Gia Lai","province_slug":"gia_lai","join_key":"21769","status":"active","dataset_effective_date":"2026-04-30","catalog_version":"2026-07-12","geometry_status":"not_embedded_boundary_available_by_url","boundary_source_url":"https://raw.githubusercontent.com/thanglequoc/vietnamese-provinces-database/master/json/geojson/52_gia_lai/wards/21769_an_luong.geojson","boundary_source_page":"https://github.com/thanglequoc/vietnamese-provinces-database/blob/master/json/geojson/52_gia_lai/wards/21769_an_luong.geojson","source_catalog":"https://github.com/thanglequoc/vietnamese-provinces-database"},"geometry":null},{"type":"Feature","id":"21775","properties":{"commune_code":"21775","commune_name":"Phù Mỹ Nam","commune_name_en":"Phu My Nam","commune_full_name":"Xã Phù Mỹ Nam","commune_full_name_en":"Phu My Nam Commune","commune_slug":"phu_my_nam","unit_type":"Xã","unit_type_en":"Commune","admin_level":2,"province_code":"52","province_name":"Gia Lai","province_full_name":"Tỉnh Gia Lai","province_slug":"gia_lai","join_key":"21775","status":"active","dataset_effective_date":"2026-04-30","catalog_version":"2026-07-12","geometry_status":"not_embedded_boundary_available_by_url","boundary_source_url":"https://raw.githubusercontent.com/thanglequoc/vietnamese-provinces-database/master/json/geojson/52_gia_lai/wards/21775_phu_my_nam.geojson","boundary_source_page":"https://github.com/thanglequoc/vietnamese-provinces-database/blob/master/json/geojson/52_gia_lai/wards/21775_phu_my_nam.geojson","source_catalog":"https://github.com/thanglequoc/vietnamese-provinces-database"},"geometry":null},{"type":"Feature","id":"21786","properties":{"commune_code":"21786","commune_name":"Vĩnh Thạnh","commune_name_en":"Vinh Thanh","commune_full_name":"Xã Vĩnh Thạnh","commune_full_name_en":"Vinh Thanh Commune","commune_slug":"vinh_thanh","unit_type":"Xã","unit_type_en":"Commune","admin_level":2,"province_code":"52","province_name":"Gia Lai","province_full_name":"Tỉnh Gia Lai","province_slug":"gia_lai","join_key":"21786","status":"active","dataset_effective_date":"2026-04-30","catalog_version":"2026-07-12","geometry_status":"not_embedded_boundary_available_by_url","boundary_source_url":"https://raw.githubusercontent.com/thanglequoc/vietnamese-provinces-database/master/json/geojson/52_gia_lai/wards/21786_vinh_thanh.geojson","boundary_source_page":"https://github.com/thanglequoc/vietnamese-provinces-database/blob/master/json/geojson/52_gia_lai/wards/21786_vinh_thanh.geojson","source_catalog":"https://github.com/thanglequoc/vietnamese-provinces-database"},"geometry":null},{"type":"Feature","id":"21787","properties":{"commune_code":"21787","commune_name":"Vĩnh Sơn","commune_name_en":"Vinh Son","commune_full_name":"Xã Vĩnh Sơn","commune_full_name_en":"Vinh Son Commune","commune_slug":"vinh_son","unit_type":"Xã","unit_type_en":"Commune","admin_level":2,"province_code":"52","province_name":"Gia Lai","province_full_name":"Tỉnh Gia Lai","province_slug":"gia_lai","join_key":"21787","status":"active","dataset_effective_date":"2026-04-30","catalog_version":"2026-07-12","geometry_status":"not_embedded_boundary_available_by_url","boundary_source_url":"https://raw.githubusercontent.com/thanglequoc/vietnamese-provinces-database/master/json/geojson/52_gia_lai/wards/21787_vinh_son.geojson","boundary_source_page":"https://github.com/thanglequoc/vietnamese-provinces-database/blob/master/json/geojson/52_gia_lai/wards/21787_vinh_son.geojson","source_catalog":"https://github.com/thanglequoc/vietnamese-provinces-database"},"geometry":null},{"type":"Feature","id":"21796","properties":{"commune_code":"21796","commune_name":"Vĩnh Thịnh","commune_name_en":"Vinh Thinh","commune_full_name":"Xã Vĩnh Thịnh","commune_full_name_en":"Vinh Thinh Commune","commune_slug":"vinh_thinh","unit_type":"Xã","unit_type_en":"Commune","admin_level":2,"province_code":"52","province_name":"Gia Lai","province_full_name":"Tỉnh Gia Lai","province_slug":"gia_lai","join_key":"21796","status":"active","dataset_effective_date":"2026-04-30","catalog_version":"2026-07-12","geometry_status":"not_embedded_boundary_available_by_url","boundary_source_url":"https://raw.githubusercontent.com/thanglequoc/vietnamese-provinces-database/master/json/geojson/52_gia_lai/wards/21796_vinh_thinh.geojson","boundary_source_page":"https://github.com/thanglequoc/vietnamese-provinces-database/blob/master/json/geojson/52_gia_lai/wards/21796_vinh_thinh.geojson","source_catalog":"https://github.com/thanglequoc/vietnamese-provinces-database"},"geometry":null},{"type":"Feature","id":"21805","properties":{"commune_code":"21805","commune_name":"Vĩnh Quang","commune_name_en":"Vinh Quang","commune_full_name":"Xã Vĩnh Quang","commune_full_name_en":"Vinh Quang Commune","commune_slug":"vinh_quang","unit_type":"Xã","unit_type_en":"Commune","admin_level":2,"province_code":"52","province_name":"Gia Lai","province_full_name":"Tỉnh Gia Lai","province_slug":"gia_lai","join_key":"21805","status":"active","dataset_effective_date":"2026-04-30","catalog_version":"2026-07-12","geometry_status":"not_embedded_boundary_available_by_url","boundary_source_url":"https://raw.githubusercontent.com/thanglequoc/vietnamese-provinces-database/master/json/geojson/52_gia_lai/wards/21805_vinh_quang.geojson","boundary_source_page":"https://github.com/thanglequoc/vietnamese-provinces-database/blob/master/json/geojson/52_gia_lai/wards/21805_vinh_quang.geojson","source_catalog":"https://github.com/thanglequoc/vietnamese-provinces-database"},"geometry":null},{"type":"Feature","id":"21808","properties":{"commune_code":"21808","commune_name":"Tây Sơn","commune_name_en":"Tay Son","commune_full_name":"Xã Tây Sơn","commune_full_name_en":"Tay Son Commune","commune_slug":"tay_son","unit_type":"Xã","unit_type_en":"Commune","admin_level":2,"province_code":"52","province_name":"Gia Lai","province_full_name":"Tỉnh Gia Lai","province_slug":"gia_lai","join_key":"21808","status":"active","dataset_effective_date":"2026-04-30","catalog_version":"2026-07-12","geometry_status":"not_embedded_boundary_available_by_url","boundary_source_url":"https://raw.githubusercontent.com/thanglequoc/vietnamese-provinces-database/master/json/geojson/52_gia_lai/wards/21808_tay_son.geojson","boundary_source_page":"https://github.com/thanglequoc/vietnamese-provinces-database/blob/master/json/geojson/52_gia_lai/wards/21808_tay_son.geojson","source_catalog":"https://github.com/thanglequoc/vietnamese-provinces-database"},"geometry":null},{"type":"Feature","id":"21817","properties":{"commune_code":"21817","commune_name":"Bình Hiệp","commune_name_en":"Binh Hiep","commune_full_name":"Xã Bình Hiệp","commune_full_name_en":"Binh Hiep Commune","commune_slug":"binh_hiep","unit_type":"Xã","unit_type_en":"Commune","admin_level":2,"province_code":"52","province_name":"Gia Lai","province_full_name":"Tỉnh Gia Lai","province_slug":"gia_lai","join_key":"21817","status":"active","dataset_effective_date":"2026-04-30","catalog_version":"2026-07-12","geometry_status":"not_embedded_boundary_available_by_url","boundary_source_url":"https://raw.githubusercontent.com/thanglequoc/vietnamese-provinces-database/master/json/geojson/52_gia_lai/wards/21817_binh_hiep.geojson","boundary_source_page":"https://github.com/thanglequoc/vietnamese-provinces-database/blob/master/json/geojson/52_gia_lai/wards/21817_binh_hiep.geojson","source_catalog":"https://github.com/thanglequoc/vietnamese-provinces-database"},"geometry":null},{"type":"Feature","id":"21820","properties":{"commune_code":"21820","commune_name":"Bình Khê","commune_name_en":"Binh Khe","commune_full_name":"Xã Bình Khê","commune_full_name_en":"Binh Khe Commune","commune_slug":"binh_khe","unit_type":"Xã","unit_type_en":"Commune","admin_level":2,"province_code":"52","province_name":"Gia Lai","province_full_name":"Tỉnh Gia Lai","province_slug":"gia_lai","join_key":"21820","status":"active","dataset_effective_date":"2026-04-30","catalog_version":"2026-07-12","geometry_status":"not_embedded_boundary_available_by_url","boundary_source_url":"https://raw.githubusercontent.com/thanglequoc/vietnamese-provinces-database/master/json/geojson/52_gia_lai/wards/21820_binh_khe.geojson","boundary_source_page":"https://github.com/thanglequoc/vietnamese-provinces-database/blob/master/json/geojson/52_gia_lai/wards/21820_binh_khe.geojson","source_catalog":"https://github.com/thanglequoc/vietnamese-provinces-database"},"geometry":null},{"type":"Feature","id":"21829","properties":{"commune_code":"21829","commune_name":"Bình An","commune_name_en":"Binh An","commune_full_name":"Xã Bình An","commune_full_name_en":"Binh An Commune","commune_slug":"binh_an","unit_type":"Xã","unit_type_en":"Commune","admin_level":2,"province_code":"52","province_name":"Gia Lai","province_full_name":"Tỉnh Gia Lai","province_slug":"gia_lai","join_key":"21829","status":"active","dataset_effective_date":"2026-04-30","catalog_version":"2026-07-12","geometry_status":"not_embedded_boundary_available_by_url","boundary_source_url":"https://raw.githubusercontent.com/thanglequoc/vietnamese-provinces-database/master/json/geojson/52_gia_lai/wards/21829_binh_an.geojson","boundary_source_page":"https://github.com/thanglequoc/vietnamese-provinces-database/blob/master/json/geojson/52_gia_lai/wards/21829_binh_an.geojson","source_catalog":"https://github.com/thanglequoc/vietnamese-provinces-database"},"geometry":null},{"type":"Feature","id":"21835","properties":{"commune_code":"21835","commune_name":"Bình Phú","commune_name_en":"Binh Phu","commune_full_name":"Xã Bình Phú","commune_full_name_en":"Binh Phu Commune","commune_slug":"binh_phu","unit_type":"Xã","unit_type_en":"Commune","admin_level":2,"province_code":"52","province_name":"Gia Lai","province_full_name":"Tỉnh Gia Lai","province_slug":"gia_lai","join_key":"21835","status":"active","dataset_effective_date":"2026-04-30","catalog_version":"2026-07-12","geometry_status":"not_embedded_boundary_available_by_url","boundary_source_url":"https://raw.githubusercontent.com/thanglequoc/vietnamese-provinces-database/master/json/geojson/52_gia_lai/wards/21835_binh_phu.geojson","boundary_source_page":"https://github.com/thanglequoc/vietnamese-provinces-database/blob/master/json/geojson/52_gia_lai/wards/21835_binh_phu.geojson","source_catalog":"https://github.com/thanglequoc/vietnamese-provinces-database"},"geometry":null},{"type":"Feature","id":"21853","properties":{"commune_code":"21853","commune_name":"Phù Cát","commune_name_en":"Phu Cat","commune_full_name":"Xã Phù Cát","commune_full_name_en":"Phu Cat Commune","commune_slug":"phu_cat","unit_type":"Xã","unit_type_en":"Commune","admin_level":2,"province_code":"52","province_name":"Gia Lai","province_full_name":"Tỉnh Gia Lai","province_slug":"gia_lai","join_key":"21853","status":"active","dataset_effective_date":"2026-04-30","catalog_version":"2026-07-12","geometry_status":"not_embedded_boundary_available_by_url","boundary_source_url":"https://raw.githubusercontent.com/thanglequoc/vietnamese-provinces-database/master/json/geojson/52_gia_lai/wards/21853_phu_cat.geojson","boundary_source_page":"https://github.com/thanglequoc/vietnamese-provinces-database/blob/master/json/geojson/52_gia_lai/wards/21853_phu_cat.geojson","source_catalog":"https://github.com/thanglequoc/vietnamese-provinces-database"},"geometry":null},{"type":"Feature","id":"21859","properties":{"commune_code":"21859","commune_name":"Đề Gi","commune_name_en":"De Gi","commune_full_name":"Xã Đề Gi","commune_full_name_en":"De Gi Commune","commune_slug":"de_gi","unit_type":"Xã","unit_type_en":"Commune","admin_level":2,"province_code":"52","province_name":"Gia Lai","province_full_name":"Tỉnh Gia Lai","province_slug":"gia_lai","join_key":"21859","status":"active","dataset_effective_date":"2026-04-30","catalog_version":"2026-07-12","geometry_status":"not_embedded_boundary_available_by_url","boundary_source_url":"https://raw.githubusercontent.com/thanglequoc/vietnamese-provinces-database/master/json/geojson/52_gia_lai/wards/21859_de_gi.geojson","boundary_source_page":"https://github.com/thanglequoc/vietnamese-provinces-database/blob/master/json/geojson/52_gia_lai/wards/21859_de_gi.geojson","source_catalog":"https://github.com/thanglequoc/vietnamese-provinces-database"},"geometry":null},{"type":"Feature","id":"21868","properties":{"commune_code":"21868","commune_name":"Hội Sơn","commune_name_en":"Hoi Son","commune_full_name":"Xã Hội Sơn","commune_full_name_en":"Hoi Son Commune","commune_slug":"hoi_son","unit_type":"Xã","unit_type_en":"Commune","admin_level":2,"province_code":"52","province_name":"Gia Lai","province_full_name":"Tỉnh Gia Lai","province_slug":"gia_lai","join_key":"21868","status":"active","dataset_effective_date":"2026-04-30","catalog_version":"2026-07-12","geometry_status":"not_embedded_boundary_available_by_url","boundary_source_url":"https://raw.githubusercontent.com/thanglequoc/vietnamese-provinces-database/master/json/geojson/52_gia_lai/wards/21868_hoi_son.geojson","boundary_source_page":"https://github.com/thanglequoc/vietnamese-provinces-database/blob/master/json/geojson/52_gia_lai/wards/21868_hoi_son.geojson","source_catalog":"https://github.com/thanglequoc/vietnamese-provinces-database"},"geometry":null},{"type":"Feature","id":"21871","properties":{"commune_code":"21871","commune_name":"Hoà Hội","commune_name_en":"Hoa Hoi","commune_full_name":"Xã Hoà Hội","commune_full_name_en":"Hoa Hoi Commune","commune_slug":"hoa_hoi","unit_type":"Xã","unit_type_en":"Commune","admin_level":2,"province_code":"52","province_name":"Gia Lai","province_full_name":"Tỉnh Gia Lai","province_slug":"gia_lai","join_key":"21871","status":"active","dataset_effective_date":"2026-04-30","catalog_version":"2026-07-12","geometry_status":"not_embedded_boundary_available_by_url","boundary_source_url":"https://raw.githubusercontent.com/thanglequoc/vietnamese-provinces-database/master/json/geojson/52_gia_lai/wards/21871_hoa_hoi.geojson","boundary_source_page":"https://github.com/thanglequoc/vietnamese-provinces-database/blob/master/json/geojson/52_gia_lai/wards/21871_hoa_hoi.geojson","source_catalog":"https://github.com/thanglequoc/vietnamese-provinces-database"},"geometry":null},{"type":"Feature","id":"21880","properties":{"commune_code":"21880","commune_name":"Cát Tiến","commune_name_en":"Cat Tien","commune_full_name":"Xã Cát Tiến","commune_full_name_en":"Cat Tien Commune","commune_slug":"cat_tien","unit_type":"Xã","unit_type_en":"Commune","admin_level":2,"province_code":"52","province_name":"Gia Lai","province_full_name":"Tỉnh Gia Lai","province_slug":"gia_lai","join_key":"21880","status":"active","dataset_effective_date":"2026-04-30","catalog_version":"2026-07-12","geometry_status":"not_embedded_boundary_available_by_url","boundary_source_url":"https://raw.githubusercontent.com/thanglequoc/vietnamese-provinces-database/master/json/geojson/52_gia_lai/wards/21880_cat_tien.geojson","boundary_source_page":"https://github.com/thanglequoc/vietnamese-provinces-database/blob/master/json/geojson/52_gia_lai/wards/21880_cat_tien.geojson","source_catalog":"https://github.com/thanglequoc/vietnamese-provinces-database"},"geometry":null},{"type":"Feature","id":"21892","properties":{"commune_code":"21892","commune_name":"Xuân An","commune_name_en":"Xuan An","commune_full_name":"Xã Xuân An","commune_full_name_en":"Xuan An Commune","commune_slug":"xuan_an","unit_type":"Xã","unit_type_en":"Commune","admin_level":2,"province_code":"52","province_name":"Gia Lai","province_full_name":"Tỉnh Gia Lai","province_slug":"gia_lai","join_key":"21892","status":"active","dataset_effective_date":"2026-04-30","catalog_version":"2026-07-12","geometry_status":"not_embedded_boundary_available_by_url","boundary_source_url":"https://raw.githubusercontent.com/thanglequoc/vietnamese-provinces-database/master/json/geojson/52_gia_lai/wards/21892_xuan_an.geojson","boundary_source_page":"https://github.com/thanglequoc/vietnamese-provinces-database/blob/master/json/geojson/52_gia_lai/wards/21892_xuan_an.geojson","source_catalog":"https://github.com/thanglequoc/vietnamese-provinces-database"},"geometry":null},{"type":"Feature","id":"21901","properties":{"commune_code":"21901","commune_name":"Ngô Mây","commune_name_en":"Ngo May","commune_full_name":"Xã Ngô Mây","commune_full_name_en":"Ngo May Commune","commune_slug":"ngo_may","unit_type":"Xã","unit_type_en":"Commune","admin_level":2,"province_code":"52","province_name":"Gia Lai","province_full_name":"Tỉnh Gia Lai","province_slug":"gia_lai","join_key":"21901","status":"active","dataset_effective_date":"2026-04-30","catalog_version":"2026-07-12","geometry_status":"not_embedded_boundary_available_by_url","boundary_source_url":"https://raw.githubusercontent.com/thanglequoc/vietnamese-provinces-database/master/json/geojson/52_gia_lai/wards/21901_ngo_may.geojson","boundary_source_page":"https://github.com/thanglequoc/vietnamese-provinces-database/blob/master/json/geojson/52_gia_lai/wards/21901_ngo_may.geojson","source_catalog":"https://github.com/thanglequoc/vietnamese-provinces-database"},"geometry":null},{"type":"Feature","id":"21907","properties":{"commune_code":"21907","commune_name":"Bình Định","commune_name_en":"Binh Dinh","commune_full_name":"Phường Bình Định","commune_full_name_en":"Binh Dinh Ward","commune_slug":"binh_dinh","unit_type":"Phường","unit_type_en":"Ward","admin_level":2,"province_code":"52","province_name":"Gia Lai","province_full_name":"Tỉnh Gia Lai","province_slug":"gia_lai","join_key":"21907","status":"active","dataset_effective_date":"2026-04-30","catalog_version":"2026-07-12","geometry_status":"not_embedded_boundary_available_by_url","boundary_source_url":"https://raw.githubusercontent.com/thanglequoc/vietnamese-provinces-database/master/json/geojson/52_gia_lai/wards/21907_binh_dinh.geojson","boundary_source_page":"https://github.com/thanglequoc/vietnamese-provinces-database/blob/master/json/geojson/52_gia_lai/wards/21907_binh_dinh.geojson","source_catalog":"https://github.com/thanglequoc/vietnamese-provinces-database"},"geometry":null},{"type":"Feature","id":"21910","properties":{"commune_code":"21910","commune_name":"An Nhơn","commune_name_en":"An Nhon","commune_full_name":"Phường An Nhơn","commune_full_name_en":"An Nhon Ward","commune_slug":"an_nhon","unit_type":"Phường","unit_type_en":"Ward","admin_level":2,"province_code":"52","province_name":"Gia Lai","province_full_name":"Tỉnh Gia Lai","province_slug":"gia_lai","join_key":"21910","status":"active","dataset_effective_date":"2026-04-30","catalog_version":"2026-07-12","geometry_status":"not_embedded_boundary_available_by_url","boundary_source_url":"https://raw.githubusercontent.com/thanglequoc/vietnamese-provinces-database/master/json/geojson/52_gia_lai/wards/21910_an_nhon.geojson","boundary_source_page":"https://github.com/thanglequoc/vietnamese-provinces-database/blob/master/json/geojson/52_gia_lai/wards/21910_an_nhon.geojson","source_catalog":"https://github.com/thanglequoc/vietnamese-provinces-database"},"geometry":null},{"type":"Feature","id":"21925","properties":{"commune_code":"21925","commune_name":"An Nhơn Bắc","commune_name_en":"An Nhon Bac","commune_full_name":"Phường An Nhơn Bắc","commune_full_name_en":"An Nhon Bac Ward","commune_slug":"an_nhon_bac","unit_type":"Phường","unit_type_en":"Ward","admin_level":2,"province_code":"52","province_name":"Gia Lai","province_full_name":"Tỉnh Gia Lai","province_slug":"gia_lai","join_key":"21925","status":"active","dataset_effective_date":"2026-04-30","catalog_version":"2026-07-12","geometry_status":"not_embedded_boundary_available_by_url","boundary_source_url":"https://raw.githubusercontent.com/thanglequoc/vietnamese-provinces-database/master/json/geojson/52_gia_lai/wards/21925_an_nhon_bac.geojson","boundary_source_page":"https://github.com/thanglequoc/vietnamese-provinces-database/blob/master/json/geojson/52_gia_lai/wards/21925_an_nhon_bac.geojson","source_catalog":"https://github.com/thanglequoc/vietnamese-provinces-database"},"geometry":null},{"type":"Feature","id":"21934","properties":{"commune_code":"21934","commune_name":"An Nhơn Đông","commune_name_en":"An Nhon Dong","commune_full_name":"Phường An Nhơn Đông","commune_full_name_en":"An Nhon Dong Ward","commune_slug":"an_nhon_dong","unit_type":"Phường","unit_type_en":"Ward","admin_level":2,"province_code":"52","province_name":"Gia Lai","province_full_name":"Tỉnh Gia Lai","province_slug":"gia_lai","join_key":"21934","status":"active","dataset_effective_date":"2026-04-30","catalog_version":"2026-07-12","geometry_status":"not_embedded_boundary_available_by_url","boundary_source_url":"https://raw.githubusercontent.com/thanglequoc/vietnamese-provinces-database/master/json/geojson/52_gia_lai/wards/21934_an_nhon_dong.geojson","boundary_source_page":"https://github.com/thanglequoc/vietnamese-provinces-database/blob/master/json/geojson/52_gia_lai/wards/21934_an_nhon_dong.geojson","source_catalog":"https://github.com/thanglequoc/vietnamese-provinces-database"},"geometry":null},{"type":"Feature","id":"21940","properties":{"commune_code":"21940","commune_name":"An Nhơn Tây","commune_name_en":"An Nhon Tay","commune_full_name":"Xã An Nhơn Tây","commune_full_name_en":"An Nhon Tay Commune","commune_slug":"an_nhon_tay","unit_type":"Xã","unit_type_en":"Commune","admin_level":2,"province_code":"52","province_name":"Gia Lai","province_full_name":"Tỉnh Gia Lai","province_slug":"gia_lai","join_key":"21940","status":"active","dataset_effective_date":"2026-04-30","catalog_version":"2026-07-12","geometry_status":"not_embedded_boundary_available_by_url","boundary_source_url":"https://raw.githubusercontent.com/thanglequoc/vietnamese-provinces-database/master/json/geojson/52_gia_lai/wards/21940_an_nhon_tay.geojson","boundary_source_page":"https://github.com/thanglequoc/vietnamese-provinces-database/blob/master/json/geojson/52_gia_lai/wards/21940_an_nhon_tay.geojson","source_catalog":"https://github.com/thanglequoc/vietnamese-provinces-database"},"geometry":null},{"type":"Feature","id":"21943","properties":{"commune_code":"21943","commune_name":"An Nhơn Nam","commune_name_en":"An Nhon Nam","commune_full_name":"Phường An Nhơn Nam","commune_full_name_en":"An Nhon Nam Ward","commune_slug":"an_nhon_nam","unit_type":"Phường","unit_type_en":"Ward","admin_level":2,"province_code":"52","province_name":"Gia Lai","province_full_name":"Tỉnh Gia Lai","province_slug":"gia_lai","join_key":"21943","status":"active","dataset_effective_date":"2026-04-30","catalog_version":"2026-07-12","geometry_status":"not_embedded_boundary_available_by_url","boundary_source_url":"https://raw.githubusercontent.com/thanglequoc/vietnamese-provinces-database/master/json/geojson/52_gia_lai/wards/21943_an_nhon_nam.geojson","boundary_source_page":"https://github.com/thanglequoc/vietnamese-provinces-database/blob/master/json/geojson/52_gia_lai/wards/21943_an_nhon_nam.geojson","source_catalog":"https://github.com/thanglequoc/vietnamese-provinces-database"},"geometry":null},{"type":"Feature","id":"21952","properties":{"commune_code":"21952","commune_name":"Tuy Phước","commune_name_en":"Tuy Phuoc","commune_full_name":"Xã Tuy Phước","commune_full_name_en":"Tuy Phuoc Commune","commune_slug":"tuy_phuoc","unit_type":"Xã","unit_type_en":"Commune","admin_level":2,"province_code":"52","province_name":"Gia Lai","province_full_name":"Tỉnh Gia Lai","province_slug":"gia_lai","join_key":"21952","status":"active","dataset_effective_date":"2026-04-30","catalog_version":"2026-07-12","geometry_status":"not_embedded_boundary_available_by_url","boundary_source_url":"https://raw.githubusercontent.com/thanglequoc/vietnamese-provinces-database/master/json/geojson/52_gia_lai/wards/21952_tuy_phuoc.geojson","boundary_source_page":"https://github.com/thanglequoc/vietnamese-provinces-database/blob/master/json/geojson/52_gia_lai/wards/21952_tuy_phuoc.geojson","source_catalog":"https://github.com/thanglequoc/vietnamese-provinces-database"},"geometry":null},{"type":"Feature","id":"21964","properties":{"commune_code":"21964","commune_name":"Tuy Phước Bắc","commune_name_en":"Tuy Phuoc Bac","commune_full_name":"Xã Tuy Phước Bắc","commune_full_name_en":"Tuy Phuoc Bac Commune","commune_slug":"tuy_phuoc_bac","unit_type":"Xã","unit_type_en":"Commune","admin_level":2,"province_code":"52","province_name":"Gia Lai","province_full_name":"Tỉnh Gia Lai","province_slug":"gia_lai","join_key":"21964","status":"active","dataset_effective_date":"2026-04-30","catalog_version":"2026-07-12","geometry_status":"not_embedded_boundary_available_by_url","boundary_source_url":"https://raw.githubusercontent.com/thanglequoc/vietnamese-provinces-database/master/json/geojson/52_gia_lai/wards/21964_tuy_phuoc_bac.geojson","boundary_source_page":"https://github.com/thanglequoc/vietnamese-provinces-database/blob/master/json/geojson/52_gia_lai/wards/21964_tuy_phuoc_bac.geojson","source_catalog":"https://github.com/thanglequoc/vietnamese-provinces-database"},"geometry":null},{"type":"Feature","id":"21970","properties":{"commune_code":"21970","commune_name":"Tuy Phước Đông","commune_name_en":"Tuy Phuoc Dong","commune_full_name":"Xã Tuy Phước Đông","commune_full_name_en":"Tuy Phuoc Dong Commune","commune_slug":"tuy_phuoc_dong","unit_type":"Xã","unit_type_en":"Commune","admin_level":2,"province_code":"52","province_name":"Gia Lai","province_full_name":"Tỉnh Gia Lai","province_slug":"gia_lai","join_key":"21970","status":"active","dataset_effective_date":"2026-04-30","catalog_version":"2026-07-12","geometry_status":"not_embedded_boundary_available_by_url","boundary_source_url":"https://raw.githubusercontent.com/thanglequoc/vietnamese-provinces-database/master/json/geojson/52_gia_lai/wards/21970_tuy_phuoc_dong.geojson","boundary_source_page":"https://github.com/thanglequoc/vietnamese-provinces-database/blob/master/json/geojson/52_gia_lai/wards/21970_tuy_phuoc_dong.geojson","source_catalog":"https://github.com/thanglequoc/vietnamese-provinces-database"},"geometry":null},{"type":"Feature","id":"21985","properties":{"commune_code":"21985","commune_name":"Tuy Phước Tây","commune_name_en":"Tuy Phuoc Tay","commune_full_name":"Xã Tuy Phước Tây","commune_full_name_en":"Tuy Phuoc Tay Commune","commune_slug":"tuy_phuoc_tay","unit_type":"Xã","unit_type_en":"Commune","admin_level":2,"province_code":"52","province_name":"Gia Lai","province_full_name":"Tỉnh Gia Lai","province_slug":"gia_lai","join_key":"21985","status":"active","dataset_effective_date":"2026-04-30","catalog_version":"2026-07-12","geometry_status":"not_embedded_boundary_available_by_url","boundary_source_url":"https://raw.githubusercontent.com/thanglequoc/vietnamese-provinces-database/master/json/geojson/52_gia_lai/wards/21985_tuy_phuoc_tay.geojson","boundary_source_page":"https://github.com/thanglequoc/vietnamese-provinces-database/blob/master/json/geojson/52_gia_lai/wards/21985_tuy_phuoc_tay.geojson","source_catalog":"https://github.com/thanglequoc/vietnamese-provinces-database"},"geometry":null},{"type":"Feature","id":"21994","properties":{"commune_code":"21994","commune_name":"Vân Canh","commune_name_en":"Van Canh","commune_full_name":"Xã Vân Canh","commune_full_name_en":"Van Canh Commune","commune_slug":"van_canh","unit_type":"Xã","unit_type_en":"Commune","admin_level":2,"province_code":"52","province_name":"Gia Lai","province_full_name":"Tỉnh Gia Lai","province_slug":"gia_lai","join_key":"21994","status":"active","dataset_effective_date":"2026-04-30","catalog_version":"2026-07-12","geometry_status":"not_embedded_boundary_available_by_url","boundary_source_url":"https://raw.githubusercontent.com/thanglequoc/vietnamese-provinces-database/master/json/geojson/52_gia_lai/wards/21994_van_canh.geojson","boundary_source_page":"https://github.com/thanglequoc/vietnamese-provinces-database/blob/master/json/geojson/52_gia_lai/wards/21994_van_canh.geojson","source_catalog":"https://github.com/thanglequoc/vietnamese-provinces-database"},"geometry":null},{"type":"Feature","id":"21997","properties":{"commune_code":"21997","commune_name":"Canh Liên","commune_name_en":"Canh Lien","commune_full_name":"Xã Canh Liên","commune_full_name_en":"Canh Lien Commune","commune_slug":"canh_lien","unit_type":"Xã","unit_type_en":"Commune","admin_level":2,"province_code":"52","province_name":"Gia Lai","province_full_name":"Tỉnh Gia Lai","province_slug":"gia_lai","join_key":"21997","status":"active","dataset_effective_date":"2026-04-30","catalog_version":"2026-07-12","geometry_status":"not_embedded_boundary_available_by_url","boundary_source_url":"https://raw.githubusercontent.com/thanglequoc/vietnamese-provinces-database/master/json/geojson/52_gia_lai/wards/21997_canh_lien.geojson","boundary_source_page":"https://github.com/thanglequoc/vietnamese-provinces-database/blob/master/json/geojson/52_gia_lai/wards/21997_canh_lien.geojson","source_catalog":"https://github.com/thanglequoc/vietnamese-provinces-database"},"geometry":null},{"type":"Feature","id":"22006","properties":{"commune_code":"22006","commune_name":"Canh Vinh","commune_name_en":"Canh Vinh","commune_full_name":"Xã Canh Vinh","commune_full_name_en":"Canh Vinh Commune","commune_slug":"canh_vinh","unit_type":"Xã","unit_type_en":"Commune","admin_level":2,"province_code":"52","province_name":"Gia Lai","province_full_name":"Tỉnh Gia Lai","province_slug":"gia_lai","join_key":"22006","status":"active","dataset_effective_date":"2026-04-30","catalog_version":"2026-07-12","geometry_status":"not_embedded_boundary_available_by_url","boundary_source_url":"https://raw.githubusercontent.com/thanglequoc/vietnamese-provinces-database/master/json/geojson/52_gia_lai/wards/22006_canh_vinh.geojson","boundary_source_page":"https://github.com/thanglequoc/vietnamese-provinces-database/blob/master/json/geojson/52_gia_lai/wards/22006_canh_vinh.geojson","source_catalog":"https://github.com/thanglequoc/vietnamese-provinces-database"},"geometry":null},{"type":"Feature","id":"23563","properties":{"commune_code":"23563","commune_name":"Diên Hồng","commune_name_en":"Dien Hong","commune_full_name":"Phường Diên Hồng","commune_full_name_en":"Dien Hong Ward","commune_slug":"dien_hong","unit_type":"Phường","unit_type_en":"Ward","admin_level":2,"province_code":"52","province_name":"Gia Lai","province_full_name":"Tỉnh Gia Lai","province_slug":"gia_lai","join_key":"23563","status":"active","dataset_effective_date":"2026-04-30","catalog_version":"2026-07-12","geometry_status":"not_embedded_boundary_available_by_url","boundary_source_url":"https://raw.githubusercontent.com/thanglequoc/vietnamese-provinces-database/master/json/geojson/52_gia_lai/wards/23563_dien_hong.geojson","boundary_source_page":"https://github.com/thanglequoc/vietnamese-provinces-database/blob/master/json/geojson/52_gia_lai/wards/23563_dien_hong.geojson","source_catalog":"https://github.com/thanglequoc/vietnamese-provinces-database"},"geometry":null},{"type":"Feature","id":"23575","properties":{"commune_code":"23575","commune_name":"Pleiku","commune_name_en":"Pleiku","commune_full_name":"Phường Pleiku","commune_full_name_en":"Pleiku Ward","commune_slug":"pleiku","unit_type":"Phường","unit_type_en":"Ward","admin_level":2,"province_code":"52","province_name":"Gia Lai","province_full_name":"Tỉnh Gia Lai","province_slug":"gia_lai","join_key":"23575","status":"active","dataset_effective_date":"2026-04-30","catalog_version":"2026-07-12","geometry_status":"not_embedded_boundary_available_by_url","boundary_source_url":"https://raw.githubusercontent.com/thanglequoc/vietnamese-provinces-database/master/json/geojson/52_gia_lai/wards/23575_pleiku.geojson","boundary_source_page":"https://github.com/thanglequoc/vietnamese-provinces-database/blob/master/json/geojson/52_gia_lai/wards/23575_pleiku.geojson","source_catalog":"https://github.com/thanglequoc/vietnamese-provinces-database"},"geometry":null},{"type":"Feature","id":"23584","properties":{"commune_code":"23584","commune_name":"Thống Nhất","commune_name_en":"Thong Nhat","commune_full_name":"Phường Thống Nhất","commune_full_name_en":"Thong Nhat Ward","commune_slug":"thong_nhat","unit_type":"Phường","unit_type_en":"Ward","admin_level":2,"province_code":"52","province_name":"Gia Lai","province_full_name":"Tỉnh Gia Lai","province_slug":"gia_lai","join_key":"23584","status":"active","dataset_effective_date":"2026-04-30","catalog_version":"2026-07-12","geometry_status":"not_embedded_boundary_available_by_url","boundary_source_url":"https://raw.githubusercontent.com/thanglequoc/vietnamese-provinces-database/master/json/geojson/52_gia_lai/wards/23584_thong_nhat.geojson","boundary_source_page":"https://github.com/thanglequoc/vietnamese-provinces-database/blob/master/json/geojson/52_gia_lai/wards/23584_thong_nhat.geojson","source_catalog":"https://github.com/thanglequoc/vietnamese-provinces-database"},"geometry":null},{"type":"Feature","id":"23586","properties":{"commune_code":"23586","commune_name":"Hội Phú","commune_name_en":"Hoi Phu","commune_full_name":"Phường Hội Phú","commune_full_name_en":"Hoi Phu Ward","commune_slug":"hoi_phu","unit_type":"Phường","unit_type_en":"Ward","admin_level":2,"province_code":"52","province_name":"Gia Lai","province_full_name":"Tỉnh Gia Lai","province_slug":"gia_lai","join_key":"23586","status":"active","dataset_effective_date":"2026-04-30","catalog_version":"2026-07-12","geometry_status":"not_embedded_boundary_available_by_url","boundary_source_url":"https://raw.githubusercontent.com/thanglequoc/vietnamese-provinces-database/master/json/geojson/52_gia_lai/wards/23586_hoi_phu.geojson","boundary_source_page":"https://github.com/thanglequoc/vietnamese-provinces-database/blob/master/json/geojson/52_gia_lai/wards/23586_hoi_phu.geojson","source_catalog":"https://github.com/thanglequoc/vietnamese-provinces-database"},"geometry":null},{"type":"Feature","id":"23590","properties":{"commune_code":"23590","commune_name":"Biển Hồ","commune_name_en":"Bien Ho","commune_full_name":"Xã Biển Hồ","commune_full_name_en":"Bien Ho Commune","commune_slug":"bien_ho","unit_type":"Xã","unit_type_en":"Commune","admin_level":2,"province_code":"52","province_name":"Gia Lai","province_full_name":"Tỉnh Gia Lai","province_slug":"gia_lai","join_key":"23590","status":"active","dataset_effective_date":"2026-04-30","catalog_version":"2026-07-12","geometry_status":"not_embedded_boundary_available_by_url","boundary_source_url":"https://raw.githubusercontent.com/thanglequoc/vietnamese-provinces-database/master/json/geojson/52_gia_lai/wards/23590_bien_ho.geojson","boundary_source_page":"https://github.com/thanglequoc/vietnamese-provinces-database/blob/master/json/geojson/52_gia_lai/wards/23590_bien_ho.geojson","source_catalog":"https://github.com/thanglequoc/vietnamese-provinces-database"},"geometry":null},{"type":"Feature","id":"23602","properties":{"commune_code":"23602","commune_name":"An Phú","commune_name_en":"An Phu","commune_full_name":"Phường An Phú","commune_full_name_en":"An Phu Ward","commune_slug":"an_phu","unit_type":"Phường","unit_type_en":"Ward","admin_level":2,"province_code":"52","province_name":"Gia Lai","province_full_name":"Tỉnh Gia Lai","province_slug":"gia_lai","join_key":"23602","status":"active","dataset_effective_date":"2026-04-30","catalog_version":"2026-07-12","geometry_status":"not_embedded_boundary_available_by_url","boundary_source_url":"https://raw.githubusercontent.com/thanglequoc/vietnamese-provinces-database/master/json/geojson/52_gia_lai/wards/23602_an_phu.geojson","boundary_source_page":"https://github.com/thanglequoc/vietnamese-provinces-database/blob/master/json/geojson/52_gia_lai/wards/23602_an_phu.geojson","source_catalog":"https://github.com/thanglequoc/vietnamese-provinces-database"},"geometry":null},{"type":"Feature","id":"23611","properties":{"commune_code":"23611","commune_name":"Gào","commune_name_en":"Gao","commune_full_name":"Xã Gào","commune_full_name_en":"Gao Commune","commune_slug":"gao","unit_type":"Xã","unit_type_en":"Commune","admin_level":2,"province_code":"52","province_name":"Gia Lai","province_full_name":"Tỉnh Gia Lai","province_slug":"gia_lai","join_key":"23611","status":"active","dataset_effective_date":"2026-04-30","catalog_version":"2026-07-12","geometry_status":"not_embedded_boundary_available_by_url","boundary_source_url":"https://raw.githubusercontent.com/thanglequoc/vietnamese-provinces-database/master/json/geojson/52_gia_lai/wards/23611_gao.geojson","boundary_source_page":"https://github.com/thanglequoc/vietnamese-provinces-database/blob/master/json/geojson/52_gia_lai/wards/23611_gao.geojson","source_catalog":"https://github.com/thanglequoc/vietnamese-provinces-database"},"geometry":null},{"type":"Feature","id":"23614","properties":{"commune_code":"23614","commune_name":"An Bình","commune_name_en":"An Binh","commune_full_name":"Phường An Bình","commune_full_name_en":"An Binh Ward","commune_slug":"an_binh","unit_type":"Phường","unit_type_en":"Ward","admin_level":2,"province_code":"52","province_name":"Gia Lai","province_full_name":"Tỉnh Gia Lai","province_slug":"gia_lai","join_key":"23614","status":"active","dataset_effective_date":"2026-04-30","catalog_version":"2026-07-12","geometry_status":"not_embedded_boundary_available_by_url","boundary_source_url":"https://raw.githubusercontent.com/thanglequoc/vietnamese-provinces-database/master/json/geojson/52_gia_lai/wards/23614_an_binh.geojson","boundary_source_page":"https://github.com/thanglequoc/vietnamese-provinces-database/blob/master/json/geojson/52_gia_lai/wards/23614_an_binh.geojson","source_catalog":"https://github.com/thanglequoc/vietnamese-provinces-database"},"geometry":null},{"type":"Feature","id":"23617","properties":{"commune_code":"23617","commune_name":"An Khê","commune_name_en":"An Khe","commune_full_name":"Phường An Khê","commune_full_name_en":"An Khe Ward","commune_slug":"an_khe","unit_type":"Phường","unit_type_en":"Ward","admin_level":2,"province_code":"52","province_name":"Gia Lai","province_full_name":"Tỉnh Gia Lai","province_slug":"gia_lai","join_key":"23617","status":"active","dataset_effective_date":"2026-04-30","catalog_version":"2026-07-12","geometry_status":"not_embedded_boundary_available_by_url","boundary_source_url":"https://raw.githubusercontent.com/thanglequoc/vietnamese-provinces-database/master/json/geojson/52_gia_lai/wards/23617_an_khe.geojson","boundary_source_page":"https://github.com/thanglequoc/vietnamese-provinces-database/blob/master/json/geojson/52_gia_lai/wards/23617_an_khe.geojson","source_catalog":"https://github.com/thanglequoc/vietnamese-provinces-database"},"geometry":null},{"type":"Feature","id":"23629","properties":{"commune_code":"23629","commune_name":"Cửu An","commune_name_en":"Cuu An","commune_full_name":"Xã Cửu An","commune_full_name_en":"Cuu An Commune","commune_slug":"cuu_an","unit_type":"Xã","unit_type_en":"Commune","admin_level":2,"province_code":"52","province_name":"Gia Lai","province_full_name":"Tỉnh Gia Lai","province_slug":"gia_lai","join_key":"23629","status":"active","dataset_effective_date":"2026-04-30","catalog_version":"2026-07-12","geometry_status":"not_embedded_boundary_available_by_url","boundary_source_url":"https://raw.githubusercontent.com/thanglequoc/vietnamese-provinces-database/master/json/geojson/52_gia_lai/wards/23629_cuu_an.geojson","boundary_source_page":"https://github.com/thanglequoc/vietnamese-provinces-database/blob/master/json/geojson/52_gia_lai/wards/23629_cuu_an.geojson","source_catalog":"https://github.com/thanglequoc/vietnamese-provinces-database"},"geometry":null},{"type":"Feature","id":"23638","properties":{"commune_code":"23638","commune_name":"Kbang","commune_name_en":"Kbang","commune_full_name":"Xã Kbang","commune_full_name_en":"Kbang Commune","commune_slug":"kbang","unit_type":"Xã","unit_type_en":"Commune","admin_level":2,"province_code":"52","province_name":"Gia Lai","province_full_name":"Tỉnh Gia Lai","province_slug":"gia_lai","join_key":"23638","status":"active","dataset_effective_date":"2026-04-30","catalog_version":"2026-07-12","geometry_status":"not_embedded_boundary_available_by_url","boundary_source_url":"https://raw.githubusercontent.com/thanglequoc/vietnamese-provinces-database/master/json/geojson/52_gia_lai/wards/23638_kbang.geojson","boundary_source_page":"https://github.com/thanglequoc/vietnamese-provinces-database/blob/master/json/geojson/52_gia_lai/wards/23638_kbang.geojson","source_catalog":"https://github.com/thanglequoc/vietnamese-provinces-database"},"geometry":null},{"type":"Feature","id":"23644","properties":{"commune_code":"23644","commune_name":"Đak Rong","commune_name_en":"Dak Rong","commune_full_name":"Xã Đak Rong","commune_full_name_en":"Dak Rong Commune","commune_slug":"dak_rong","unit_type":"Xã","unit_type_en":"Commune","admin_level":2,"province_code":"52","province_name":"Gia Lai","province_full_name":"Tỉnh Gia Lai","province_slug":"gia_lai","join_key":"23644","status":"active","dataset_effective_date":"2026-04-30","catalog_version":"2026-07-12","geometry_status":"not_embedded_boundary_available_by_url","boundary_source_url":"https://raw.githubusercontent.com/thanglequoc/vietnamese-provinces-database/master/json/geojson/52_gia_lai/wards/23644_dak_rong.geojson","boundary_source_page":"https://github.com/thanglequoc/vietnamese-provinces-database/blob/master/json/geojson/52_gia_lai/wards/23644_dak_rong.geojson","source_catalog":"https://github.com/thanglequoc/vietnamese-provinces-database"},"geometry":null},{"type":"Feature","id":"23647","properties":{"commune_code":"23647","commune_name":"Sơn Lang","commune_name_en":"Son Lang","commune_full_name":"Xã Sơn Lang","commune_full_name_en":"Son Lang Commune","commune_slug":"son_lang","unit_type":"Xã","unit_type_en":"Commune","admin_level":2,"province_code":"52","province_name":"Gia Lai","province_full_name":"Tỉnh Gia Lai","province_slug":"gia_lai","join_key":"23647","status":"active","dataset_effective_date":"2026-04-30","catalog_version":"2026-07-12","geometry_status":"not_embedded_boundary_available_by_url","boundary_source_url":"https://raw.githubusercontent.com/thanglequoc/vietnamese-provinces-database/master/json/geojson/52_gia_lai/wards/23647_son_lang.geojson","boundary_source_page":"https://github.com/thanglequoc/vietnamese-provinces-database/blob/master/json/geojson/52_gia_lai/wards/23647_son_lang.geojson","source_catalog":"https://github.com/thanglequoc/vietnamese-provinces-database"},"geometry":null},{"type":"Feature","id":"23650","properties":{"commune_code":"23650","commune_name":"Krong","commune_name_en":"Krong","commune_full_name":"Xã Krong","commune_full_name_en":"Krong Commune","commune_slug":"krong","unit_type":"Xã","unit_type_en":"Commune","admin_level":2,"province_code":"52","province_name":"Gia Lai","province_full_name":"Tỉnh Gia Lai","province_slug":"gia_lai","join_key":"23650","status":"active","dataset_effective_date":"2026-04-30","catalog_version":"2026-07-12","geometry_status":"not_embedded_boundary_available_by_url","boundary_source_url":"https://raw.githubusercontent.com/thanglequoc/vietnamese-provinces-database/master/json/geojson/52_gia_lai/wards/23650_krong.geojson","boundary_source_page":"https://github.com/thanglequoc/vietnamese-provinces-database/blob/master/json/geojson/52_gia_lai/wards/23650_krong.geojson","source_catalog":"https://github.com/thanglequoc/vietnamese-provinces-database"},"geometry":null},{"type":"Feature","id":"23668","properties":{"commune_code":"23668","commune_name":"Tơ Tung","commune_name_en":"To Tung","commune_full_name":"Xã Tơ Tung","commune_full_name_en":"To Tung Commune","commune_slug":"to_tung","unit_type":"Xã","unit_type_en":"Commune","admin_level":2,"province_code":"52","province_name":"Gia Lai","province_full_name":"Tỉnh Gia Lai","province_slug":"gia_lai","join_key":"23668","status":"active","dataset_effective_date":"2026-04-30","catalog_version":"2026-07-12","geometry_status":"not_embedded_boundary_available_by_url","boundary_source_url":"https://raw.githubusercontent.com/thanglequoc/vietnamese-provinces-database/master/json/geojson/52_gia_lai/wards/23668_to_tung.geojson","boundary_source_page":"https://github.com/thanglequoc/vietnamese-provinces-database/blob/master/json/geojson/52_gia_lai/wards/23668_to_tung.geojson","source_catalog":"https://github.com/thanglequoc/vietnamese-provinces-database"},"geometry":null},{"type":"Feature","id":"23674","properties":{"commune_code":"23674","commune_name":"Kông Bơ La","commune_name_en":"Kong Bo La","commune_full_name":"Xã Kông Bơ La","commune_full_name_en":"Kong Bo La Commune","commune_slug":"kong_bo_la","unit_type":"Xã","unit_type_en":"Commune","admin_level":2,"province_code":"52","province_name":"Gia Lai","province_full_name":"Tỉnh Gia Lai","province_slug":"gia_lai","join_key":"23674","status":"active","dataset_effective_date":"2026-04-30","catalog_version":"2026-07-12","geometry_status":"not_embedded_boundary_available_by_url","boundary_source_url":"https://raw.githubusercontent.com/thanglequoc/vietnamese-provinces-database/master/json/geojson/52_gia_lai/wards/23674_kong_bo_la.geojson","boundary_source_page":"https://github.com/thanglequoc/vietnamese-provinces-database/blob/master/json/geojson/52_gia_lai/wards/23674_kong_bo_la.geojson","source_catalog":"https://github.com/thanglequoc/vietnamese-provinces-database"},"geometry":null},{"type":"Feature","id":"23677","properties":{"commune_code":"23677","commune_name":"Đak Đoa","commune_name_en":"Dak Doa","commune_full_name":"Xã Đak Đoa","commune_full_name_en":"Dak Doa Commune","commune_slug":"dak_doa","unit_type":"Xã","unit_type_en":"Commune","admin_level":2,"province_code":"52","province_name":"Gia Lai","province_full_name":"Tỉnh Gia Lai","province_slug":"gia_lai","join_key":"23677","status":"active","dataset_effective_date":"2026-04-30","catalog_version":"2026-07-12","geometry_status":"not_embedded_boundary_available_by_url","boundary_source_url":"https://raw.githubusercontent.com/thanglequoc/vietnamese-provinces-database/master/json/geojson/52_gia_lai/wards/23677_dak_doa.geojson","boundary_source_page":"https://github.com/thanglequoc/vietnamese-provinces-database/blob/master/json/geojson/52_gia_lai/wards/23677_dak_doa.geojson","source_catalog":"https://github.com/thanglequoc/vietnamese-provinces-database"},"geometry":null},{"type":"Feature","id":"23683","properties":{"commune_code":"23683","commune_name":"Đak Sơmei","commune_name_en":"Dak Somei","commune_full_name":"Xã Đak Sơmei","commune_full_name_en":"Dak Somei Commune","commune_slug":"dak_somei","unit_type":"Xã","unit_type_en":"Commune","admin_level":2,"province_code":"52","province_name":"Gia Lai","province_full_name":"Tỉnh Gia Lai","province_slug":"gia_lai","join_key":"23683","status":"active","dataset_effective_date":"2026-04-30","catalog_version":"2026-07-12","geometry_status":"not_embedded_boundary_available_by_url","boundary_source_url":"https://raw.githubusercontent.com/thanglequoc/vietnamese-provinces-database/master/json/geojson/52_gia_lai/wards/23683_dak_somei.geojson","boundary_source_page":"https://github.com/thanglequoc/vietnamese-provinces-database/blob/master/json/geojson/52_gia_lai/wards/23683_dak_somei.geojson","source_catalog":"https://github.com/thanglequoc/vietnamese-provinces-database"},"geometry":null},{"type":"Feature","id":"23701","properties":{"commune_code":"23701","commune_name":"Kon Gang","commune_name_en":"Kon Gang","commune_full_name":"Xã Kon Gang","commune_full_name_en":"Kon Gang Commune","commune_slug":"kon_gang","unit_type":"Xã","unit_type_en":"Commune","admin_level":2,"province_code":"52","province_name":"Gia Lai","province_full_name":"Tỉnh Gia Lai","province_slug":"gia_lai","join_key":"23701","status":"active","dataset_effective_date":"2026-04-30","catalog_version":"2026-07-12","geometry_status":"not_embedded_boundary_available_by_url","boundary_source_url":"https://raw.githubusercontent.com/thanglequoc/vietnamese-provinces-database/master/json/geojson/52_gia_lai/wards/23701_kon_gang.geojson","boundary_source_page":"https://github.com/thanglequoc/vietnamese-provinces-database/blob/master/json/geojson/52_gia_lai/wards/23701_kon_gang.geojson","source_catalog":"https://github.com/thanglequoc/vietnamese-provinces-database"},"geometry":null},{"type":"Feature","id":"23710","properties":{"commune_code":"23710","commune_name":"Ia Băng","commune_name_en":"Ia Bang","commune_full_name":"Xã Ia Băng","commune_full_name_en":"Ia Bang Commune","commune_slug":"ia_bang","unit_type":"Xã","unit_type_en":"Commune","admin_level":2,"province_code":"52","province_name":"Gia Lai","province_full_name":"Tỉnh Gia Lai","province_slug":"gia_lai","join_key":"23710","status":"active","dataset_effective_date":"2026-04-30","catalog_version":"2026-07-12","geometry_status":"not_embedded_boundary_available_by_url","boundary_source_url":"https://raw.githubusercontent.com/thanglequoc/vietnamese-provinces-database/master/json/geojson/52_gia_lai/wards/23710_ia_bang.geojson","boundary_source_page":"https://github.com/thanglequoc/vietnamese-provinces-database/blob/master/json/geojson/52_gia_lai/wards/23710_ia_bang.geojson","source_catalog":"https://github.com/thanglequoc/vietnamese-provinces-database"},"geometry":null},{"type":"Feature","id":"23714","properties":{"commune_code":"23714","commune_name":"KDang","commune_name_en":"KDang","commune_full_name":"Xã KDang","commune_full_name_en":"KDang Commune","commune_slug":"kdang","unit_type":"Xã","unit_type_en":"Commune","admin_level":2,"province_code":"52","province_name":"Gia Lai","province_full_name":"Tỉnh Gia Lai","province_slug":"gia_lai","join_key":"23714","status":"active","dataset_effective_date":"2026-04-30","catalog_version":"2026-07-12","geometry_status":"not_embedded_boundary_available_by_url","boundary_source_url":"https://raw.githubusercontent.com/thanglequoc/vietnamese-provinces-database/master/json/geojson/52_gia_lai/wards/23714_kdang.geojson","boundary_source_page":"https://github.com/thanglequoc/vietnamese-provinces-database/blob/master/json/geojson/52_gia_lai/wards/23714_kdang.geojson","source_catalog":"https://github.com/thanglequoc/vietnamese-provinces-database"},"geometry":null},{"type":"Feature","id":"23722","properties":{"commune_code":"23722","commune_name":"Chư Păh","commune_name_en":"Chu Pah","commune_full_name":"Xã Chư Păh","commune_full_name_en":"Chu Pah Commune","commune_slug":"chu_pah","unit_type":"Xã","unit_type_en":"Commune","admin_level":2,"province_code":"52","province_name":"Gia Lai","province_full_name":"Tỉnh Gia Lai","province_slug":"gia_lai","join_key":"23722","status":"active","dataset_effective_date":"2026-04-30","catalog_version":"2026-07-12","geometry_status":"not_embedded_boundary_available_by_url","boundary_source_url":"https://raw.githubusercontent.com/thanglequoc/vietnamese-provinces-database/master/json/geojson/52_gia_lai/wards/23722_chu_pah.geojson","boundary_source_page":"https://github.com/thanglequoc/vietnamese-provinces-database/blob/master/json/geojson/52_gia_lai/wards/23722_chu_pah.geojson","source_catalog":"https://github.com/thanglequoc/vietnamese-provinces-database"},"geometry":null},{"type":"Feature","id":"23728","properties":{"commune_code":"23728","commune_name":"Ia Khươl","commune_name_en":"Ia Khuol","commune_full_name":"Xã Ia Khươl","commune_full_name_en":"Ia Khuol Commune","commune_slug":"ia_khuol","unit_type":"Xã","unit_type_en":"Commune","admin_level":2,"province_code":"52","province_name":"Gia Lai","province_full_name":"Tỉnh Gia Lai","province_slug":"gia_lai","join_key":"23728","status":"active","dataset_effective_date":"2026-04-30","catalog_version":"2026-07-12","geometry_status":"not_embedded_boundary_available_by_url","boundary_source_url":"https://raw.githubusercontent.com/thanglequoc/vietnamese-provinces-database/master/json/geojson/52_gia_lai/wards/23728_ia_khuol.geojson","boundary_source_page":"https://github.com/thanglequoc/vietnamese-provinces-database/blob/master/json/geojson/52_gia_lai/wards/23728_ia_khuol.geojson","source_catalog":"https://github.com/thanglequoc/vietnamese-provinces-database"},"geometry":null},{"type":"Feature","id":"23734","properties":{"commune_code":"23734","commune_name":"Ia Ly","commune_name_en":"Ia Ly","commune_full_name":"Xã Ia Ly","commune_full_name_en":"Ia Ly Commune","commune_slug":"ia_ly","unit_type":"Xã","unit_type_en":"Commune","admin_level":2,"province_code":"52","province_name":"Gia Lai","province_full_name":"Tỉnh Gia Lai","province_slug":"gia_lai","join_key":"23734","status":"active","dataset_effective_date":"2026-04-30","catalog_version":"2026-07-12","geometry_status":"not_embedded_boundary_available_by_url","boundary_source_url":"https://raw.githubusercontent.com/thanglequoc/vietnamese-provinces-database/master/json/geojson/52_gia_lai/wards/23734_ia_ly.geojson","boundary_source_page":"https://github.com/thanglequoc/vietnamese-provinces-database/blob/master/json/geojson/52_gia_lai/wards/23734_ia_ly.geojson","source_catalog":"https://github.com/thanglequoc/vietnamese-provinces-database"},"geometry":null},{"type":"Feature","id":"23749","properties":{"commune_code":"23749","commune_name":"Ia Phí","commune_name_en":"Ia Phi","commune_full_name":"Xã Ia Phí","commune_full_name_en":"Ia Phi Commune","commune_slug":"ia_phi","unit_type":"Xã","unit_type_en":"Commune","admin_level":2,"province_code":"52","province_name":"Gia Lai","province_full_name":"Tỉnh Gia Lai","province_slug":"gia_lai","join_key":"23749","status":"active","dataset_effective_date":"2026-04-30","catalog_version":"2026-07-12","geometry_status":"not_embedded_boundary_available_by_url","boundary_source_url":"https://raw.githubusercontent.com/thanglequoc/vietnamese-provinces-database/master/json/geojson/52_gia_lai/wards/23749_ia_phi.geojson","boundary_source_page":"https://github.com/thanglequoc/vietnamese-provinces-database/blob/master/json/geojson/52_gia_lai/wards/23749_ia_phi.geojson","source_catalog":"https://github.com/thanglequoc/vietnamese-provinces-database"},"geometry":null},{"type":"Feature","id":"23764","properties":{"commune_code":"23764","commune_name":"Ia Grai","commune_name_en":"Ia Grai","commune_full_name":"Xã Ia Grai","commune_full_name_en":"Ia Grai Commune","commune_slug":"ia_grai","unit_type":"Xã","unit_type_en":"Commune","admin_level":2,"province_code":"52","province_name":"Gia Lai","province_full_name":"Tỉnh Gia Lai","province_slug":"gia_lai","join_key":"23764","status":"active","dataset_effective_date":"2026-04-30","catalog_version":"2026-07-12","geometry_status":"not_embedded_boundary_available_by_url","boundary_source_url":"https://raw.githubusercontent.com/thanglequoc/vietnamese-provinces-database/master/json/geojson/52_gia_lai/wards/23764_ia_grai.geojson","boundary_source_page":"https://github.com/thanglequoc/vietnamese-provinces-database/blob/master/json/geojson/52_gia_lai/wards/23764_ia_grai.geojson","source_catalog":"https://github.com/thanglequoc/vietnamese-provinces-database"},"geometry":null},{"type":"Feature","id":"23767","properties":{"commune_code":"23767","commune_name":"Ia Hrung","commune_name_en":"Ia Hrung","commune_full_name":"Xã Ia Hrung","commune_full_name_en":"Ia Hrung Commune","commune_slug":"ia_hrung","unit_type":"Xã","unit_type_en":"Commune","admin_level":2,"province_code":"52","province_name":"Gia Lai","province_full_name":"Tỉnh Gia Lai","province_slug":"gia_lai","join_key":"23767","status":"active","dataset_effective_date":"2026-04-30","catalog_version":"2026-07-12","geometry_status":"not_embedded_boundary_available_by_url","boundary_source_url":"https://raw.githubusercontent.com/thanglequoc/vietnamese-provinces-database/master/json/geojson/52_gia_lai/wards/23767_ia_hrung.geojson","boundary_source_page":"https://github.com/thanglequoc/vietnamese-provinces-database/blob/master/json/geojson/52_gia_lai/wards/23767_ia_hrung.geojson","source_catalog":"https://github.com/thanglequoc/vietnamese-provinces-database"},"geometry":null},{"type":"Feature","id":"23776","properties":{"commune_code":"23776","commune_name":"Ia Krái","commune_name_en":"Ia Krai","commune_full_name":"Xã Ia Krái","commune_full_name_en":"Ia Krai Commune","commune_slug":"ia_krai","unit_type":"Xã","unit_type_en":"Commune","admin_level":2,"province_code":"52","province_name":"Gia Lai","province_full_name":"Tỉnh Gia Lai","province_slug":"gia_lai","join_key":"23776","status":"active","dataset_effective_date":"2026-04-30","catalog_version":"2026-07-12","geometry_status":"not_embedded_boundary_available_by_url","boundary_source_url":"https://raw.githubusercontent.com/thanglequoc/vietnamese-provinces-database/master/json/geojson/52_gia_lai/wards/23776_ia_krai.geojson","boundary_source_page":"https://github.com/thanglequoc/vietnamese-provinces-database/blob/master/json/geojson/52_gia_lai/wards/23776_ia_krai.geojson","source_catalog":"https://github.com/thanglequoc/vietnamese-provinces-database"},"geometry":null},{"type":"Feature","id":"23782","properties":{"commune_code":"23782","commune_name":"Ia O","commune_name_en":"Ia O","commune_full_name":"Xã Ia O","commune_full_name_en":"Ia O Commune","commune_slug":"ia_o","unit_type":"Xã","unit_type_en":"Commune","admin_level":2,"province_code":"52","province_name":"Gia Lai","province_full_name":"Tỉnh Gia Lai","province_slug":"gia_lai","join_key":"23782","status":"active","dataset_effective_date":"2026-04-30","catalog_version":"2026-07-12","geometry_status":"not_embedded_boundary_available_by_url","boundary_source_url":"https://raw.githubusercontent.com/thanglequoc/vietnamese-provinces-database/master/json/geojson/52_gia_lai/wards/23782_ia_o.geojson","boundary_source_page":"https://github.com/thanglequoc/vietnamese-provinces-database/blob/master/json/geojson/52_gia_lai/wards/23782_ia_o.geojson","source_catalog":"https://github.com/thanglequoc/vietnamese-provinces-database"},"geometry":null},{"type":"Feature","id":"23788","properties":{"commune_code":"23788","commune_name":"Ia Chia","commune_name_en":"Ia Chia","commune_full_name":"Xã Ia Chia","commune_full_name_en":"Ia Chia Commune","commune_slug":"ia_chia","unit_type":"Xã","unit_type_en":"Commune","admin_level":2,"province_code":"52","province_name":"Gia Lai","province_full_name":"Tỉnh Gia Lai","province_slug":"gia_lai","join_key":"23788","status":"active","dataset_effective_date":"2026-04-30","catalog_version":"2026-07-12","geometry_status":"not_embedded_boundary_available_by_url","boundary_source_url":"https://raw.githubusercontent.com/thanglequoc/vietnamese-provinces-database/master/json/geojson/52_gia_lai/wards/23788_ia_chia.geojson","boundary_source_page":"https://github.com/thanglequoc/vietnamese-provinces-database/blob/master/json/geojson/52_gia_lai/wards/23788_ia_chia.geojson","source_catalog":"https://github.com/thanglequoc/vietnamese-provinces-database"},"geometry":null},{"type":"Feature","id":"23794","properties":{"commune_code":"23794","commune_name":"Mang Yang","commune_name_en":"Mang Yang","commune_full_name":"Xã Mang Yang","commune_full_name_en":"Mang Yang Commune","commune_slug":"mang_yang","unit_type":"Xã","unit_type_en":"Commune","admin_level":2,"province_code":"52","province_name":"Gia Lai","province_full_name":"Tỉnh Gia Lai","province_slug":"gia_lai","join_key":"23794","status":"active","dataset_effective_date":"2026-04-30","catalog_version":"2026-07-12","geometry_status":"not_embedded_boundary_available_by_url","boundary_source_url":"https://raw.githubusercontent.com/thanglequoc/vietnamese-provinces-database/master/json/geojson/52_gia_lai/wards/23794_mang_yang.geojson","boundary_source_page":"https://github.com/thanglequoc/vietnamese-provinces-database/blob/master/json/geojson/52_gia_lai/wards/23794_mang_yang.geojson","source_catalog":"https://github.com/thanglequoc/vietnamese-provinces-database"},"geometry":null},{"type":"Feature","id":"23798","properties":{"commune_code":"23798","commune_name":"Ayun","commune_name_en":"Ayun","commune_full_name":"Xã Ayun","commune_full_name_en":"Ayun Commune","commune_slug":"ayun","unit_type":"Xã","unit_type_en":"Commune","admin_level":2,"province_code":"52","province_name":"Gia Lai","province_full_name":"Tỉnh Gia Lai","province_slug":"gia_lai","join_key":"23798","status":"active","dataset_effective_date":"2026-04-30","catalog_version":"2026-07-12","geometry_status":"not_embedded_boundary_available_by_url","boundary_source_url":"https://raw.githubusercontent.com/thanglequoc/vietnamese-provinces-database/master/json/geojson/52_gia_lai/wards/23798_ayun.geojson","boundary_source_page":"https://github.com/thanglequoc/vietnamese-provinces-database/blob/master/json/geojson/52_gia_lai/wards/23798_ayun.geojson","source_catalog":"https://github.com/thanglequoc/vietnamese-provinces-database"},"geometry":null},{"type":"Feature","id":"23799","properties":{"commune_code":"23799","commune_name":"Hra","commune_name_en":"Hra","commune_full_name":"Xã Hra","commune_full_name_en":"Hra Commune","commune_slug":"hra","unit_type":"Xã","unit_type_en":"Commune","admin_level":2,"province_code":"52","province_name":"Gia Lai","province_full_name":"Tỉnh Gia Lai","province_slug":"gia_lai","join_key":"23799","status":"active","dataset_effective_date":"2026-04-30","catalog_version":"2026-07-12","geometry_status":"not_embedded_boundary_available_by_url","boundary_source_url":"https://raw.githubusercontent.com/thanglequoc/vietnamese-provinces-database/master/json/geojson/52_gia_lai/wards/23799_hra.geojson","boundary_source_page":"https://github.com/thanglequoc/vietnamese-provinces-database/blob/master/json/geojson/52_gia_lai/wards/23799_hra.geojson","source_catalog":"https://github.com/thanglequoc/vietnamese-provinces-database"},"geometry":null},{"type":"Feature","id":"23812","properties":{"commune_code":"23812","commune_name":"Lơ Pang","commune_name_en":"Lo Pang","commune_full_name":"Xã Lơ Pang","commune_full_name_en":"Lo Pang Commune","commune_slug":"lo_pang","unit_type":"Xã","unit_type_en":"Commune","admin_level":2,"province_code":"52","province_name":"Gia Lai","province_full_name":"Tỉnh Gia Lai","province_slug":"gia_lai","join_key":"23812","status":"active","dataset_effective_date":"2026-04-30","catalog_version":"2026-07-12","geometry_status":"not_embedded_boundary_available_by_url","boundary_source_url":"https://raw.githubusercontent.com/thanglequoc/vietnamese-provinces-database/master/json/geojson/52_gia_lai/wards/23812_lo_pang.geojson","boundary_source_page":"https://github.com/thanglequoc/vietnamese-provinces-database/blob/master/json/geojson/52_gia_lai/wards/23812_lo_pang.geojson","source_catalog":"https://github.com/thanglequoc/vietnamese-provinces-database"},"geometry":null},{"type":"Feature","id":"23818","properties":{"commune_code":"23818","commune_name":"Kon Chiêng","commune_name_en":"Kon Chieng","commune_full_name":"Xã Kon Chiêng","commune_full_name_en":"Kon Chieng Commune","commune_slug":"kon_chieng","unit_type":"Xã","unit_type_en":"Commune","admin_level":2,"province_code":"52","province_name":"Gia Lai","province_full_name":"Tỉnh Gia Lai","province_slug":"gia_lai","join_key":"23818","status":"active","dataset_effective_date":"2026-04-30","catalog_version":"2026-07-12","geometry_status":"not_embedded_boundary_available_by_url","boundary_source_url":"https://raw.githubusercontent.com/thanglequoc/vietnamese-provinces-database/master/json/geojson/52_gia_lai/wards/23818_kon_chieng.geojson","boundary_source_page":"https://github.com/thanglequoc/vietnamese-provinces-database/blob/master/json/geojson/52_gia_lai/wards/23818_kon_chieng.geojson","source_catalog":"https://github.com/thanglequoc/vietnamese-provinces-database"},"geometry":null},{"type":"Feature","id":"23824","properties":{"commune_code":"23824","commune_name":"Kông Chro","commune_name_en":"Kong Chro","commune_full_name":"Xã Kông Chro","commune_full_name_en":"Kong Chro Commune","commune_slug":"kong_chro","unit_type":"Xã","unit_type_en":"Commune","admin_level":2,"province_code":"52","province_name":"Gia Lai","province_full_name":"Tỉnh Gia Lai","province_slug":"gia_lai","join_key":"23824","status":"active","dataset_effective_date":"2026-04-30","catalog_version":"2026-07-12","geometry_status":"not_embedded_boundary_available_by_url","boundary_source_url":"https://raw.githubusercontent.com/thanglequoc/vietnamese-provinces-database/master/json/geojson/52_gia_lai/wards/23824_kong_chro.geojson","boundary_source_page":"https://github.com/thanglequoc/vietnamese-provinces-database/blob/master/json/geojson/52_gia_lai/wards/23824_kong_chro.geojson","source_catalog":"https://github.com/thanglequoc/vietnamese-provinces-database"},"geometry":null},{"type":"Feature","id":"23830","properties":{"commune_code":"23830","commune_name":"Chư Krey","commune_name_en":"Chu Krey","commune_full_name":"Xã Chư Krey","commune_full_name_en":"Chu Krey Commune","commune_slug":"chu_krey","unit_type":"Xã","unit_type_en":"Commune","admin_level":2,"province_code":"52","province_name":"Gia Lai","province_full_name":"Tỉnh Gia Lai","province_slug":"gia_lai","join_key":"23830","status":"active","dataset_effective_date":"2026-04-30","catalog_version":"2026-07-12","geometry_status":"not_embedded_boundary_available_by_url","boundary_source_url":"https://raw.githubusercontent.com/thanglequoc/vietnamese-provinces-database/master/json/geojson/52_gia_lai/wards/23830_chu_krey.geojson","boundary_source_page":"https://github.com/thanglequoc/vietnamese-provinces-database/blob/master/json/geojson/52_gia_lai/wards/23830_chu_krey.geojson","source_catalog":"https://github.com/thanglequoc/vietnamese-provinces-database"},"geometry":null},{"type":"Feature","id":"23833","properties":{"commune_code":"23833","commune_name":"Ya Ma","commune_name_en":"Ya Ma","commune_full_name":"Xã Ya Ma","commune_full_name_en":"Ya Ma Commune","commune_slug":"ya_ma","unit_type":"Xã","unit_type_en":"Commune","admin_level":2,"province_code":"52","province_name":"Gia Lai","province_full_name":"Tỉnh Gia Lai","province_slug":"gia_lai","join_key":"23833","status":"active","dataset_effective_date":"2026-04-30","catalog_version":"2026-07-12","geometry_status":"not_embedded_boundary_available_by_url","boundary_source_url":"https://raw.githubusercontent.com/thanglequoc/vietnamese-provinces-database/master/json/geojson/52_gia_lai/wards/23833_ya_ma.geojson","boundary_source_page":"https://github.com/thanglequoc/vietnamese-provinces-database/blob/master/json/geojson/52_gia_lai/wards/23833_ya_ma.geojson","source_catalog":"https://github.com/thanglequoc/vietnamese-provinces-database"},"geometry":null},{"type":"Feature","id":"23839","properties":{"commune_code":"23839","commune_name":"SRó","commune_name_en":"SRo","commune_full_name":"Xã SRó","commune_full_name_en":"SRo Commune","commune_slug":"sro","unit_type":"Xã","unit_type_en":"Commune","admin_level":2,"province_code":"52","province_name":"Gia Lai","province_full_name":"Tỉnh Gia Lai","province_slug":"gia_lai","join_key":"23839","status":"active","dataset_effective_date":"2026-04-30","catalog_version":"2026-07-12","geometry_status":"not_embedded_boundary_available_by_url","boundary_source_url":"https://raw.githubusercontent.com/thanglequoc/vietnamese-provinces-database/master/json/geojson/52_gia_lai/wards/23839_sro.geojson","boundary_source_page":"https://github.com/thanglequoc/vietnamese-provinces-database/blob/master/json/geojson/52_gia_lai/wards/23839_sro.geojson","source_catalog":"https://github.com/thanglequoc/vietnamese-provinces-database"},"geometry":null},{"type":"Feature","id":"23842","properties":{"commune_code":"23842","commune_name":"Đăk Song","commune_name_en":"Dak Song","commune_full_name":"Xã Đăk Song","commune_full_name_en":"Dak Song Commune","commune_slug":"dak_song","unit_type":"Xã","unit_type_en":"Commune","admin_level":2,"province_code":"52","province_name":"Gia Lai","province_full_name":"Tỉnh Gia Lai","province_slug":"gia_lai","join_key":"23842","status":"active","dataset_effective_date":"2026-04-30","catalog_version":"2026-07-12","geometry_status":"not_embedded_boundary_available_by_url","boundary_source_url":"https://raw.githubusercontent.com/thanglequoc/vietnamese-provinces-database/master/json/geojson/52_gia_lai/wards/23842_dak_song.geojson","boundary_source_page":"https://github.com/thanglequoc/vietnamese-provinces-database/blob/master/json/geojson/52_gia_lai/wards/23842_dak_song.geojson","source_catalog":"https://github.com/thanglequoc/vietnamese-provinces-database"},"geometry":null},{"type":"Feature","id":"23851","properties":{"commune_code":"23851","commune_name":"Chơ Long","commune_name_en":"Cho Long","commune_full_name":"Xã Chơ Long","commune_full_name_en":"Cho Long Commune","commune_slug":"cho_long","unit_type":"Xã","unit_type_en":"Commune","admin_level":2,"province_code":"52","province_name":"Gia Lai","province_full_name":"Tỉnh Gia Lai","province_slug":"gia_lai","join_key":"23851","status":"active","dataset_effective_date":"2026-04-30","catalog_version":"2026-07-12","geometry_status":"not_embedded_boundary_available_by_url","boundary_source_url":"https://raw.githubusercontent.com/thanglequoc/vietnamese-provinces-database/master/json/geojson/52_gia_lai/wards/23851_cho_long.geojson","boundary_source_page":"https://github.com/thanglequoc/vietnamese-provinces-database/blob/master/json/geojson/52_gia_lai/wards/23851_cho_long.geojson","source_catalog":"https://github.com/thanglequoc/vietnamese-provinces-database"},"geometry":null},{"type":"Feature","id":"23857","properties":{"commune_code":"23857","commune_name":"Đức Cơ","commune_name_en":"Duc Co","commune_full_name":"Xã Đức Cơ","commune_full_name_en":"Duc Co Commune","commune_slug":"duc_co","unit_type":"Xã","unit_type_en":"Commune","admin_level":2,"province_code":"52","province_name":"Gia Lai","province_full_name":"Tỉnh Gia Lai","province_slug":"gia_lai","join_key":"23857","status":"active","dataset_effective_date":"2026-04-30","catalog_version":"2026-07-12","geometry_status":"not_embedded_boundary_available_by_url","boundary_source_url":"https://raw.githubusercontent.com/thanglequoc/vietnamese-provinces-database/master/json/geojson/52_gia_lai/wards/23857_duc_co.geojson","boundary_source_page":"https://github.com/thanglequoc/vietnamese-provinces-database/blob/master/json/geojson/52_gia_lai/wards/23857_duc_co.geojson","source_catalog":"https://github.com/thanglequoc/vietnamese-provinces-database"},"geometry":null},{"type":"Feature","id":"23866","properties":{"commune_code":"23866","commune_name":"Ia Krêl","commune_name_en":"Ia Krel","commune_full_name":"Xã Ia Krêl","commune_full_name_en":"Ia Krel Commune","commune_slug":"ia_krel","unit_type":"Xã","unit_type_en":"Commune","admin_level":2,"province_code":"52","province_name":"Gia Lai","province_full_name":"Tỉnh Gia Lai","province_slug":"gia_lai","join_key":"23866","status":"active","dataset_effective_date":"2026-04-30","catalog_version":"2026-07-12","geometry_status":"not_embedded_boundary_available_by_url","boundary_source_url":"https://raw.githubusercontent.com/thanglequoc/vietnamese-provinces-database/master/json/geojson/52_gia_lai/wards/23866_ia_krel.geojson","boundary_source_page":"https://github.com/thanglequoc/vietnamese-provinces-database/blob/master/json/geojson/52_gia_lai/wards/23866_ia_krel.geojson","source_catalog":"https://github.com/thanglequoc/vietnamese-provinces-database"},"geometry":null},{"type":"Feature","id":"23869","properties":{"commune_code":"23869","commune_name":"Ia Dơk","commune_name_en":"Ia Dok","commune_full_name":"Xã Ia Dơk","commune_full_name_en":"Ia Dok Commune","commune_slug":"ia_dok","unit_type":"Xã","unit_type_en":"Commune","admin_level":2,"province_code":"52","province_name":"Gia Lai","province_full_name":"Tỉnh Gia Lai","province_slug":"gia_lai","join_key":"23869","status":"active","dataset_effective_date":"2026-04-30","catalog_version":"2026-07-12","geometry_status":"not_embedded_boundary_available_by_url","boundary_source_url":"https://raw.githubusercontent.com/thanglequoc/vietnamese-provinces-database/master/json/geojson/52_gia_lai/wards/23869_ia_dok.geojson","boundary_source_page":"https://github.com/thanglequoc/vietnamese-provinces-database/blob/master/json/geojson/52_gia_lai/wards/23869_ia_dok.geojson","source_catalog":"https://github.com/thanglequoc/vietnamese-provinces-database"},"geometry":null},{"type":"Feature","id":"23872","properties":{"commune_code":"23872","commune_name":"Ia Dom","commune_name_en":"Ia Dom","commune_full_name":"Xã Ia Dom","commune_full_name_en":"Ia Dom Commune","commune_slug":"ia_dom","unit_type":"Xã","unit_type_en":"Commune","admin_level":2,"province_code":"52","province_name":"Gia Lai","province_full_name":"Tỉnh Gia Lai","province_slug":"gia_lai","join_key":"23872","status":"active","dataset_effective_date":"2026-04-30","catalog_version":"2026-07-12","geometry_status":"not_embedded_boundary_available_by_url","boundary_source_url":"https://raw.githubusercontent.com/thanglequoc/vietnamese-provinces-database/master/json/geojson/52_gia_lai/wards/23872_ia_dom.geojson","boundary_source_page":"https://github.com/thanglequoc/vietnamese-provinces-database/blob/master/json/geojson/52_gia_lai/wards/23872_ia_dom.geojson","source_catalog":"https://github.com/thanglequoc/vietnamese-provinces-database"},"geometry":null},{"type":"Feature","id":"23881","properties":{"commune_code":"23881","commune_name":"Ia Pnôn","commune_name_en":"Ia Pnon","commune_full_name":"Xã Ia Pnôn","commune_full_name_en":"Ia Pnon Commune","commune_slug":"ia_pnon","unit_type":"Xã","unit_type_en":"Commune","admin_level":2,"province_code":"52","province_name":"Gia Lai","province_full_name":"Tỉnh Gia Lai","province_slug":"gia_lai","join_key":"23881","status":"active","dataset_effective_date":"2026-04-30","catalog_version":"2026-07-12","geometry_status":"not_embedded_boundary_available_by_url","boundary_source_url":"https://raw.githubusercontent.com/thanglequoc/vietnamese-provinces-database/master/json/geojson/52_gia_lai/wards/23881_ia_pnon.geojson","boundary_source_page":"https://github.com/thanglequoc/vietnamese-provinces-database/blob/master/json/geojson/52_gia_lai/wards/23881_ia_pnon.geojson","source_catalog":"https://github.com/thanglequoc/vietnamese-provinces-database"},"geometry":null},{"type":"Feature","id":"23884","properties":{"commune_code":"23884","commune_name":"Ia Nan","commune_name_en":"Ia Nan","commune_full_name":"Xã Ia Nan","commune_full_name_en":"Ia Nan Commune","commune_slug":"ia_nan","unit_type":"Xã","unit_type_en":"Commune","admin_level":2,"province_code":"52","province_name":"Gia Lai","province_full_name":"Tỉnh Gia Lai","province_slug":"gia_lai","join_key":"23884","status":"active","dataset_effective_date":"2026-04-30","catalog_version":"2026-07-12","geometry_status":"not_embedded_boundary_available_by_url","boundary_source_url":"https://raw.githubusercontent.com/thanglequoc/vietnamese-provinces-database/master/json/geojson/52_gia_lai/wards/23884_ia_nan.geojson","boundary_source_page":"https://github.com/thanglequoc/vietnamese-provinces-database/blob/master/json/geojson/52_gia_lai/wards/23884_ia_nan.geojson","source_catalog":"https://github.com/thanglequoc/vietnamese-provinces-database"},"geometry":null},{"type":"Feature","id":"23887","properties":{"commune_code":"23887","commune_name":"Chư Prông","commune_name_en":"Chu Prong","commune_full_name":"Xã Chư Prông","commune_full_name_en":"Chu Prong Commune","commune_slug":"chu_prong","unit_type":"Xã","unit_type_en":"Commune","admin_level":2,"province_code":"52","province_name":"Gia Lai","province_full_name":"Tỉnh Gia Lai","province_slug":"gia_lai","join_key":"23887","status":"active","dataset_effective_date":"2026-04-30","catalog_version":"2026-07-12","geometry_status":"not_embedded_boundary_available_by_url","boundary_source_url":"https://raw.githubusercontent.com/thanglequoc/vietnamese-provinces-database/master/json/geojson/52_gia_lai/wards/23887_chu_prong.geojson","boundary_source_page":"https://github.com/thanglequoc/vietnamese-provinces-database/blob/master/json/geojson/52_gia_lai/wards/23887_chu_prong.geojson","source_catalog":"https://github.com/thanglequoc/vietnamese-provinces-database"},"geometry":null},{"type":"Feature","id":"23896","properties":{"commune_code":"23896","commune_name":"Bàu Cạn","commune_name_en":"Bau Can","commune_full_name":"Xã Bàu Cạn","commune_full_name_en":"Bau Can Commune","commune_slug":"bau_can","unit_type":"Xã","unit_type_en":"Commune","admin_level":2,"province_code":"52","province_name":"Gia Lai","province_full_name":"Tỉnh Gia Lai","province_slug":"gia_lai","join_key":"23896","status":"active","dataset_effective_date":"2026-04-30","catalog_version":"2026-07-12","geometry_status":"not_embedded_boundary_available_by_url","boundary_source_url":"https://raw.githubusercontent.com/thanglequoc/vietnamese-provinces-database/master/json/geojson/52_gia_lai/wards/23896_bau_can.geojson","boundary_source_page":"https://github.com/thanglequoc/vietnamese-provinces-database/blob/master/json/geojson/52_gia_lai/wards/23896_bau_can.geojson","source_catalog":"https://github.com/thanglequoc/vietnamese-provinces-database"},"geometry":null},{"type":"Feature","id":"23908","properties":{"commune_code":"23908","commune_name":"Ia Tôr","commune_name_en":"Ia Tor","commune_full_name":"Xã Ia Tôr","commune_full_name_en":"Ia Tor Commune","commune_slug":"ia_tor","unit_type":"Xã","unit_type_en":"Commune","admin_level":2,"province_code":"52","province_name":"Gia Lai","province_full_name":"Tỉnh Gia Lai","province_slug":"gia_lai","join_key":"23908","status":"active","dataset_effective_date":"2026-04-30","catalog_version":"2026-07-12","geometry_status":"not_embedded_boundary_available_by_url","boundary_source_url":"https://raw.githubusercontent.com/thanglequoc/vietnamese-provinces-database/master/json/geojson/52_gia_lai/wards/23908_ia_tor.geojson","boundary_source_page":"https://github.com/thanglequoc/vietnamese-provinces-database/blob/master/json/geojson/52_gia_lai/wards/23908_ia_tor.geojson","source_catalog":"https://github.com/thanglequoc/vietnamese-provinces-database"},"geometry":null},{"type":"Feature","id":"23911","properties":{"commune_code":"23911","commune_name":"Ia Boòng","commune_name_en":"Ia Boong","commune_full_name":"Xã Ia Boòng","commune_full_name_en":"Ia Boong Commune","commune_slug":"ia_boong","unit_type":"Xã","unit_type_en":"Commune","admin_level":2,"province_code":"52","province_name":"Gia Lai","province_full_name":"Tỉnh Gia Lai","province_slug":"gia_lai","join_key":"23911","status":"active","dataset_effective_date":"2026-04-30","catalog_version":"2026-07-12","geometry_status":"not_embedded_boundary_available_by_url","boundary_source_url":"https://raw.githubusercontent.com/thanglequoc/vietnamese-provinces-database/master/json/geojson/52_gia_lai/wards/23911_ia_boong.geojson","boundary_source_page":"https://github.com/thanglequoc/vietnamese-provinces-database/blob/master/json/geojson/52_gia_lai/wards/23911_ia_boong.geojson","source_catalog":"https://github.com/thanglequoc/vietnamese-provinces-database"},"geometry":null},{"type":"Feature","id":"23917","properties":{"commune_code":"23917","commune_name":"Ia Púch","commune_name_en":"Ia Puch","commune_full_name":"Xã Ia Púch","commune_full_name_en":"Ia Puch Commune","commune_slug":"ia_puch","unit_type":"Xã","unit_type_en":"Commune","admin_level":2,"province_code":"52","province_name":"Gia Lai","province_full_name":"Tỉnh Gia Lai","province_slug":"gia_lai","join_key":"23917","status":"active","dataset_effective_date":"2026-04-30","catalog_version":"2026-07-12","geometry_status":"not_embedded_boundary_available_by_url","boundary_source_url":"https://raw.githubusercontent.com/thanglequoc/vietnamese-provinces-database/master/json/geojson/52_gia_lai/wards/23917_ia_puch.geojson","boundary_source_page":"https://github.com/thanglequoc/vietnamese-provinces-database/blob/master/json/geojson/52_gia_lai/wards/23917_ia_puch.geojson","source_catalog":"https://github.com/thanglequoc/vietnamese-provinces-database"},"geometry":null},{"type":"Feature","id":"23926","properties":{"commune_code":"23926","commune_name":"Ia Pia","commune_name_en":"Ia Pia","commune_full_name":"Xã Ia Pia","commune_full_name_en":"Ia Pia Commune","commune_slug":"ia_pia","unit_type":"Xã","unit_type_en":"Commune","admin_level":2,"province_code":"52","province_name":"Gia Lai","province_full_name":"Tỉnh Gia Lai","province_slug":"gia_lai","join_key":"23926","status":"active","dataset_effective_date":"2026-04-30","catalog_version":"2026-07-12","geometry_status":"not_embedded_boundary_available_by_url","boundary_source_url":"https://raw.githubusercontent.com/thanglequoc/vietnamese-provinces-database/master/json/geojson/52_gia_lai/wards/23926_ia_pia.geojson","boundary_source_page":"https://github.com/thanglequoc/vietnamese-provinces-database/blob/master/json/geojson/52_gia_lai/wards/23926_ia_pia.geojson","source_catalog":"https://github.com/thanglequoc/vietnamese-provinces-database"},"geometry":null},{"type":"Feature","id":"23935","properties":{"commune_code":"23935","commune_name":"Ia Lâu","commune_name_en":"Ia Lau","commune_full_name":"Xã Ia Lâu","commune_full_name_en":"Ia Lau Commune","commune_slug":"ia_lau","unit_type":"Xã","unit_type_en":"Commune","admin_level":2,"province_code":"52","province_name":"Gia Lai","province_full_name":"Tỉnh Gia Lai","province_slug":"gia_lai","join_key":"23935","status":"active","dataset_effective_date":"2026-04-30","catalog_version":"2026-07-12","geometry_status":"not_embedded_boundary_available_by_url","boundary_source_url":"https://raw.githubusercontent.com/thanglequoc/vietnamese-provinces-database/master/json/geojson/52_gia_lai/wards/23935_ia_lau.geojson","boundary_source_page":"https://github.com/thanglequoc/vietnamese-provinces-database/blob/master/json/geojson/52_gia_lai/wards/23935_ia_lau.geojson","source_catalog":"https://github.com/thanglequoc/vietnamese-provinces-database"},"geometry":null},{"type":"Feature","id":"23938","properties":{"commune_code":"23938","commune_name":"Ia Mơ","commune_name_en":"Ia Mo","commune_full_name":"Xã Ia Mơ","commune_full_name_en":"Ia Mo Commune","commune_slug":"ia_mo","unit_type":"Xã","unit_type_en":"Commune","admin_level":2,"province_code":"52","province_name":"Gia Lai","province_full_name":"Tỉnh Gia Lai","province_slug":"gia_lai","join_key":"23938","status":"active","dataset_effective_date":"2026-04-30","catalog_version":"2026-07-12","geometry_status":"not_embedded_boundary_available_by_url","boundary_source_url":"https://raw.githubusercontent.com/thanglequoc/vietnamese-provinces-database/master/json/geojson/52_gia_lai/wards/23938_ia_mo.geojson","boundary_source_page":"https://github.com/thanglequoc/vietnamese-provinces-database/blob/master/json/geojson/52_gia_lai/wards/23938_ia_mo.geojson","source_catalog":"https://github.com/thanglequoc/vietnamese-provinces-database"},"geometry":null},{"type":"Feature","id":"23941","properties":{"commune_code":"23941","commune_name":"Chư Sê","commune_name_en":"Chu Se","commune_full_name":"Xã Chư Sê","commune_full_name_en":"Chu Se Commune","commune_slug":"chu_se","unit_type":"Xã","unit_type_en":"Commune","admin_level":2,"province_code":"52","province_name":"Gia Lai","province_full_name":"Tỉnh Gia Lai","province_slug":"gia_lai","join_key":"23941","status":"active","dataset_effective_date":"2026-04-30","catalog_version":"2026-07-12","geometry_status":"not_embedded_boundary_available_by_url","boundary_source_url":"https://raw.githubusercontent.com/thanglequoc/vietnamese-provinces-database/master/json/geojson/52_gia_lai/wards/23941_chu_se.geojson","boundary_source_page":"https://github.com/thanglequoc/vietnamese-provinces-database/blob/master/json/geojson/52_gia_lai/wards/23941_chu_se.geojson","source_catalog":"https://github.com/thanglequoc/vietnamese-provinces-database"},"geometry":null},{"type":"Feature","id":"23942","properties":{"commune_code":"23942","commune_name":"Chư Pưh","commune_name_en":"Chu Puh","commune_full_name":"Xã Chư Pưh","commune_full_name_en":"Chu Puh Commune","commune_slug":"chu_puh","unit_type":"Xã","unit_type_en":"Commune","admin_level":2,"province_code":"52","province_name":"Gia Lai","province_full_name":"Tỉnh Gia Lai","province_slug":"gia_lai","join_key":"23942","status":"active","dataset_effective_date":"2026-04-30","catalog_version":"2026-07-12","geometry_status":"not_embedded_boundary_available_by_url","boundary_source_url":"https://raw.githubusercontent.com/thanglequoc/vietnamese-provinces-database/master/json/geojson/52_gia_lai/wards/23942_chu_puh.geojson","boundary_source_page":"https://github.com/thanglequoc/vietnamese-provinces-database/blob/master/json/geojson/52_gia_lai/wards/23942_chu_puh.geojson","source_catalog":"https://github.com/thanglequoc/vietnamese-provinces-database"},"geometry":null},{"type":"Feature","id":"23947","properties":{"commune_code":"23947","commune_name":"Bờ Ngoong","commune_name_en":"Bo Ngoong","commune_full_name":"Xã Bờ Ngoong","commune_full_name_en":"Bo Ngoong Commune","commune_slug":"bo_ngoong","unit_type":"Xã","unit_type_en":"Commune","admin_level":2,"province_code":"52","province_name":"Gia Lai","province_full_name":"Tỉnh Gia Lai","province_slug":"gia_lai","join_key":"23947","status":"active","dataset_effective_date":"2026-04-30","catalog_version":"2026-07-12","geometry_status":"not_embedded_boundary_available_by_url","boundary_source_url":"https://raw.githubusercontent.com/thanglequoc/vietnamese-provinces-database/master/json/geojson/52_gia_lai/wards/23947_bo_ngoong.geojson","boundary_source_page":"https://github.com/thanglequoc/vietnamese-provinces-database/blob/master/json/geojson/52_gia_lai/wards/23947_bo_ngoong.geojson","source_catalog":"https://github.com/thanglequoc/vietnamese-provinces-database"},"geometry":null},{"type":"Feature","id":"23954","properties":{"commune_code":"23954","commune_name":"Al Bá","commune_name_en":"Al Ba","commune_full_name":"Xã Al Bá","commune_full_name_en":"Al Ba Commune","commune_slug":"al_ba","unit_type":"Xã","unit_type_en":"Commune","admin_level":2,"province_code":"52","province_name":"Gia Lai","province_full_name":"Tỉnh Gia Lai","province_slug":"gia_lai","join_key":"23954","status":"active","dataset_effective_date":"2026-04-30","catalog_version":"2026-07-12","geometry_status":"not_embedded_boundary_available_by_url","boundary_source_url":"https://raw.githubusercontent.com/thanglequoc/vietnamese-provinces-database/master/json/geojson/52_gia_lai/wards/23954_al_ba.geojson","boundary_source_page":"https://github.com/thanglequoc/vietnamese-provinces-database/blob/master/json/geojson/52_gia_lai/wards/23954_al_ba.geojson","source_catalog":"https://github.com/thanglequoc/vietnamese-provinces-database"},"geometry":null},{"type":"Feature","id":"23971","properties":{"commune_code":"23971","commune_name":"Ia Hrú","commune_name_en":"Ia Hru","commune_full_name":"Xã Ia Hrú","commune_full_name_en":"Ia Hru Commune","commune_slug":"ia_hru","unit_type":"Xã","unit_type_en":"Commune","admin_level":2,"province_code":"52","province_name":"Gia Lai","province_full_name":"Tỉnh Gia Lai","province_slug":"gia_lai","join_key":"23971","status":"active","dataset_effective_date":"2026-04-30","catalog_version":"2026-07-12","geometry_status":"not_embedded_boundary_available_by_url","boundary_source_url":"https://raw.githubusercontent.com/thanglequoc/vietnamese-provinces-database/master/json/geojson/52_gia_lai/wards/23971_ia_hru.geojson","boundary_source_page":"https://github.com/thanglequoc/vietnamese-provinces-database/blob/master/json/geojson/52_gia_lai/wards/23971_ia_hru.geojson","source_catalog":"https://github.com/thanglequoc/vietnamese-provinces-database"},"geometry":null},{"type":"Feature","id":"23977","properties":{"commune_code":"23977","commune_name":"Ia Ko","commune_name_en":"Ia Ko","commune_full_name":"Xã Ia Ko","commune_full_name_en":"Ia Ko Commune","commune_slug":"ia_ko","unit_type":"Xã","unit_type_en":"Commune","admin_level":2,"province_code":"52","province_name":"Gia Lai","province_full_name":"Tỉnh Gia Lai","province_slug":"gia_lai","join_key":"23977","status":"active","dataset_effective_date":"2026-04-30","catalog_version":"2026-07-12","geometry_status":"not_embedded_boundary_available_by_url","boundary_source_url":"https://raw.githubusercontent.com/thanglequoc/vietnamese-provinces-database/master/json/geojson/52_gia_lai/wards/23977_ia_ko.geojson","boundary_source_page":"https://github.com/thanglequoc/vietnamese-provinces-database/blob/master/json/geojson/52_gia_lai/wards/23977_ia_ko.geojson","source_catalog":"https://github.com/thanglequoc/vietnamese-provinces-database"},"geometry":null},{"type":"Feature","id":"23986","properties":{"commune_code":"23986","commune_name":"Ia Le","commune_name_en":"Ia Le","commune_full_name":"Xã Ia Le","commune_full_name_en":"Ia Le Commune","commune_slug":"ia_le","unit_type":"Xã","unit_type_en":"Commune","admin_level":2,"province_code":"52","province_name":"Gia Lai","province_full_name":"Tỉnh Gia Lai","province_slug":"gia_lai","join_key":"23986","status":"active","dataset_effective_date":"2026-04-30","catalog_version":"2026-07-12","geometry_status":"not_embedded_boundary_available_by_url","boundary_source_url":"https://raw.githubusercontent.com/thanglequoc/vietnamese-provinces-database/master/json/geojson/52_gia_lai/wards/23986_ia_le.geojson","boundary_source_page":"https://github.com/thanglequoc/vietnamese-provinces-database/blob/master/json/geojson/52_gia_lai/wards/23986_ia_le.geojson","source_catalog":"https://github.com/thanglequoc/vietnamese-provinces-database"},"geometry":null},{"type":"Feature","id":"23995","properties":{"commune_code":"23995","commune_name":"Đak Pơ","commune_name_en":"Dak Po","commune_full_name":"Xã Đak Pơ","commune_full_name_en":"Dak Po Commune","commune_slug":"dak_po","unit_type":"Xã","unit_type_en":"Commune","admin_level":2,"province_code":"52","province_name":"Gia Lai","province_full_name":"Tỉnh Gia Lai","province_slug":"gia_lai","join_key":"23995","status":"active","dataset_effective_date":"2026-04-30","catalog_version":"2026-07-12","geometry_status":"not_embedded_boundary_available_by_url","boundary_source_url":"https://raw.githubusercontent.com/thanglequoc/vietnamese-provinces-database/master/json/geojson/52_gia_lai/wards/23995_dak_po.geojson","boundary_source_page":"https://github.com/thanglequoc/vietnamese-provinces-database/blob/master/json/geojson/52_gia_lai/wards/23995_dak_po.geojson","source_catalog":"https://github.com/thanglequoc/vietnamese-provinces-database"},"geometry":null},{"type":"Feature","id":"24007","properties":{"commune_code":"24007","commune_name":"Ya Hội","commune_name_en":"Ya Hoi","commune_full_name":"Xã Ya Hội","commune_full_name_en":"Ya Hoi Commune","commune_slug":"ya_hoi","unit_type":"Xã","unit_type_en":"Commune","admin_level":2,"province_code":"52","province_name":"Gia Lai","province_full_name":"Tỉnh Gia Lai","province_slug":"gia_lai","join_key":"24007","status":"active","dataset_effective_date":"2026-04-30","catalog_version":"2026-07-12","geometry_status":"not_embedded_boundary_available_by_url","boundary_source_url":"https://raw.githubusercontent.com/thanglequoc/vietnamese-provinces-database/master/json/geojson/52_gia_lai/wards/24007_ya_hoi.geojson","boundary_source_page":"https://github.com/thanglequoc/vietnamese-provinces-database/blob/master/json/geojson/52_gia_lai/wards/24007_ya_hoi.geojson","source_catalog":"https://github.com/thanglequoc/vietnamese-provinces-database"},"geometry":null},{"type":"Feature","id":"24013","properties":{"commune_code":"24013","commune_name":"Pờ Tó","commune_name_en":"Po To","commune_full_name":"Xã Pờ Tó","commune_full_name_en":"Po To Commune","commune_slug":"po_to","unit_type":"Xã","unit_type_en":"Commune","admin_level":2,"province_code":"52","province_name":"Gia Lai","province_full_name":"Tỉnh Gia Lai","province_slug":"gia_lai","join_key":"24013","status":"active","dataset_effective_date":"2026-04-30","catalog_version":"2026-07-12","geometry_status":"not_embedded_boundary_available_by_url","boundary_source_url":"https://raw.githubusercontent.com/thanglequoc/vietnamese-provinces-database/master/json/geojson/52_gia_lai/wards/24013_po_to.geojson","boundary_source_page":"https://github.com/thanglequoc/vietnamese-provinces-database/blob/master/json/geojson/52_gia_lai/wards/24013_po_to.geojson","source_catalog":"https://github.com/thanglequoc/vietnamese-provinces-database"},"geometry":null},{"type":"Feature","id":"24022","properties":{"commune_code":"24022","commune_name":"Ia Pa","commune_name_en":"Ia Pa","commune_full_name":"Xã Ia Pa","commune_full_name_en":"Ia Pa Commune","commune_slug":"ia_pa","unit_type":"Xã","unit_type_en":"Commune","admin_level":2,"province_code":"52","province_name":"Gia Lai","province_full_name":"Tỉnh Gia Lai","province_slug":"gia_lai","join_key":"24022","status":"active","dataset_effective_date":"2026-04-30","catalog_version":"2026-07-12","geometry_status":"not_embedded_boundary_available_by_url","boundary_source_url":"https://raw.githubusercontent.com/thanglequoc/vietnamese-provinces-database/master/json/geojson/52_gia_lai/wards/24022_ia_pa.geojson","boundary_source_page":"https://github.com/thanglequoc/vietnamese-provinces-database/blob/master/json/geojson/52_gia_lai/wards/24022_ia_pa.geojson","source_catalog":"https://github.com/thanglequoc/vietnamese-provinces-database"},"geometry":null},{"type":"Feature","id":"24028","properties":{"commune_code":"24028","commune_name":"Ia Tul","commune_name_en":"Ia Tul","commune_full_name":"Xã Ia Tul","commune_full_name_en":"Ia Tul Commune","commune_slug":"ia_tul","unit_type":"Xã","unit_type_en":"Commune","admin_level":2,"province_code":"52","province_name":"Gia Lai","province_full_name":"Tỉnh Gia Lai","province_slug":"gia_lai","join_key":"24028","status":"active","dataset_effective_date":"2026-04-30","catalog_version":"2026-07-12","geometry_status":"not_embedded_boundary_available_by_url","boundary_source_url":"https://raw.githubusercontent.com/thanglequoc/vietnamese-provinces-database/master/json/geojson/52_gia_lai/wards/24028_ia_tul.geojson","boundary_source_page":"https://github.com/thanglequoc/vietnamese-provinces-database/blob/master/json/geojson/52_gia_lai/wards/24028_ia_tul.geojson","source_catalog":"https://github.com/thanglequoc/vietnamese-provinces-database"},"geometry":null},{"type":"Feature","id":"24043","properties":{"commune_code":"24043","commune_name":"Phú Thiện","commune_name_en":"Phu Thien","commune_full_name":"Xã Phú Thiện","commune_full_name_en":"Phu Thien Commune","commune_slug":"phu_thien","unit_type":"Xã","unit_type_en":"Commune","admin_level":2,"province_code":"52","province_name":"Gia Lai","province_full_name":"Tỉnh Gia Lai","province_slug":"gia_lai","join_key":"24043","status":"active","dataset_effective_date":"2026-04-30","catalog_version":"2026-07-12","geometry_status":"not_embedded_boundary_available_by_url","boundary_source_url":"https://raw.githubusercontent.com/thanglequoc/vietnamese-provinces-database/master/json/geojson/52_gia_lai/wards/24043_phu_thien.geojson","boundary_source_page":"https://github.com/thanglequoc/vietnamese-provinces-database/blob/master/json/geojson/52_gia_lai/wards/24043_phu_thien.geojson","source_catalog":"https://github.com/thanglequoc/vietnamese-provinces-database"},"geometry":null},{"type":"Feature","id":"24044","properties":{"commune_code":"24044","commune_name":"Ayun Pa","commune_name_en":"Ayun Pa","commune_full_name":"Phường Ayun Pa","commune_full_name_en":"Ayun Pa Ward","commune_slug":"ayun_pa","unit_type":"Phường","unit_type_en":"Ward","admin_level":2,"province_code":"52","province_name":"Gia Lai","province_full_name":"Tỉnh Gia Lai","province_slug":"gia_lai","join_key":"24044","status":"active","dataset_effective_date":"2026-04-30","catalog_version":"2026-07-12","geometry_status":"not_embedded_boundary_available_by_url","boundary_source_url":"https://raw.githubusercontent.com/thanglequoc/vietnamese-provinces-database/master/json/geojson/52_gia_lai/wards/24044_ayun_pa.geojson","boundary_source_page":"https://github.com/thanglequoc/vietnamese-provinces-database/blob/master/json/geojson/52_gia_lai/wards/24044_ayun_pa.geojson","source_catalog":"https://github.com/thanglequoc/vietnamese-provinces-database"},"geometry":null},{"type":"Feature","id":"24049","properties":{"commune_code":"24049","commune_name":"Chư A Thai","commune_name_en":"Chu A Thai","commune_full_name":"Xã Chư A Thai","commune_full_name_en":"Chu A Thai Commune","commune_slug":"chu_a_thai","unit_type":"Xã","unit_type_en":"Commune","admin_level":2,"province_code":"52","province_name":"Gia Lai","province_full_name":"Tỉnh Gia Lai","province_slug":"gia_lai","join_key":"24049","status":"active","dataset_effective_date":"2026-04-30","catalog_version":"2026-07-12","geometry_status":"not_embedded_boundary_available_by_url","boundary_source_url":"https://raw.githubusercontent.com/thanglequoc/vietnamese-provinces-database/master/json/geojson/52_gia_lai/wards/24049_chu_a_thai.geojson","boundary_source_page":"https://github.com/thanglequoc/vietnamese-provinces-database/blob/master/json/geojson/52_gia_lai/wards/24049_chu_a_thai.geojson","source_catalog":"https://github.com/thanglequoc/vietnamese-provinces-database"},"geometry":null},{"type":"Feature","id":"24061","properties":{"commune_code":"24061","commune_name":"Ia Hiao","commune_name_en":"Ia Hiao","commune_full_name":"Xã Ia Hiao","commune_full_name_en":"Ia Hiao Commune","commune_slug":"ia_hiao","unit_type":"Xã","unit_type_en":"Commune","admin_level":2,"province_code":"52","province_name":"Gia Lai","province_full_name":"Tỉnh Gia Lai","province_slug":"gia_lai","join_key":"24061","status":"active","dataset_effective_date":"2026-04-30","catalog_version":"2026-07-12","geometry_status":"not_embedded_boundary_available_by_url","boundary_source_url":"https://raw.githubusercontent.com/thanglequoc/vietnamese-provinces-database/master/json/geojson/52_gia_lai/wards/24061_ia_hiao.geojson","boundary_source_page":"https://github.com/thanglequoc/vietnamese-provinces-database/blob/master/json/geojson/52_gia_lai/wards/24061_ia_hiao.geojson","source_catalog":"https://github.com/thanglequoc/vietnamese-provinces-database"},"geometry":null},{"type":"Feature","id":"24065","properties":{"commune_code":"24065","commune_name":"Ia Rbol","commune_name_en":"Ia Rbol","commune_full_name":"Xã Ia Rbol","commune_full_name_en":"Ia Rbol Commune","commune_slug":"ia_rbol","unit_type":"Xã","unit_type_en":"Commune","admin_level":2,"province_code":"52","province_name":"Gia Lai","province_full_name":"Tỉnh Gia Lai","province_slug":"gia_lai","join_key":"24065","status":"active","dataset_effective_date":"2026-04-30","catalog_version":"2026-07-12","geometry_status":"not_embedded_boundary_available_by_url","boundary_source_url":"https://raw.githubusercontent.com/thanglequoc/vietnamese-provinces-database/master/json/geojson/52_gia_lai/wards/24065_ia_rbol.geojson","boundary_source_page":"https://github.com/thanglequoc/vietnamese-provinces-database/blob/master/json/geojson/52_gia_lai/wards/24065_ia_rbol.geojson","source_catalog":"https://github.com/thanglequoc/vietnamese-provinces-database"},"geometry":null},{"type":"Feature","id":"24073","properties":{"commune_code":"24073","commune_name":"Ia Sao","commune_name_en":"Ia Sao","commune_full_name":"Xã Ia Sao","commune_full_name_en":"Ia Sao Commune","commune_slug":"ia_sao","unit_type":"Xã","unit_type_en":"Commune","admin_level":2,"province_code":"52","province_name":"Gia Lai","province_full_name":"Tỉnh Gia Lai","province_slug":"gia_lai","join_key":"24073","status":"active","dataset_effective_date":"2026-04-30","catalog_version":"2026-07-12","geometry_status":"not_embedded_boundary_available_by_url","boundary_source_url":"https://raw.githubusercontent.com/thanglequoc/vietnamese-provinces-database/master/json/geojson/52_gia_lai/wards/24073_ia_sao.geojson","boundary_source_page":"https://github.com/thanglequoc/vietnamese-provinces-database/blob/master/json/geojson/52_gia_lai/wards/24073_ia_sao.geojson","source_catalog":"https://github.com/thanglequoc/vietnamese-provinces-database"},"geometry":null},{"type":"Feature","id":"24076","properties":{"commune_code":"24076","commune_name":"Phú Túc","commune_name_en":"Phu Tuc","commune_full_name":"Xã Phú Túc","commune_full_name_en":"Phu Tuc Commune","commune_slug":"phu_tuc","unit_type":"Xã","unit_type_en":"Commune","admin_level":2,"province_code":"52","province_name":"Gia Lai","province_full_name":"Tỉnh Gia Lai","province_slug":"gia_lai","join_key":"24076","status":"active","dataset_effective_date":"2026-04-30","catalog_version":"2026-07-12","geometry_status":"not_embedded_boundary_available_by_url","boundary_source_url":"https://raw.githubusercontent.com/thanglequoc/vietnamese-provinces-database/master/json/geojson/52_gia_lai/wards/24076_phu_tuc.geojson","boundary_source_page":"https://github.com/thanglequoc/vietnamese-provinces-database/blob/master/json/geojson/52_gia_lai/wards/24076_phu_tuc.geojson","source_catalog":"https://github.com/thanglequoc/vietnamese-provinces-database"},"geometry":null},{"type":"Feature","id":"24100","properties":{"commune_code":"24100","commune_name":"Ia Dreh","commune_name_en":"Ia Dreh","commune_full_name":"Xã Ia Dreh","commune_full_name_en":"Ia Dreh Commune","commune_slug":"ia_dreh","unit_type":"Xã","unit_type_en":"Commune","admin_level":2,"province_code":"52","province_name":"Gia Lai","province_full_name":"Tỉnh Gia Lai","province_slug":"gia_lai","join_key":"24100","status":"active","dataset_effective_date":"2026-04-30","catalog_version":"2026-07-12","geometry_status":"not_embedded_boundary_available_by_url","boundary_source_url":"https://raw.githubusercontent.com/thanglequoc/vietnamese-provinces-database/master/json/geojson/52_gia_lai/wards/24100_ia_dreh.geojson","boundary_source_page":"https://github.com/thanglequoc/vietnamese-provinces-database/blob/master/json/geojson/52_gia_lai/wards/24100_ia_dreh.geojson","source_catalog":"https://github.com/thanglequoc/vietnamese-provinces-database"},"geometry":null},{"type":"Feature","id":"24109","properties":{"commune_code":"24109","commune_name":"Uar","commune_name_en":"Uar","commune_full_name":"Xã Uar","commune_full_name_en":"Uar Commune","commune_slug":"uar","unit_type":"Xã","unit_type_en":"Commune","admin_level":2,"province_code":"52","province_name":"Gia Lai","province_full_name":"Tỉnh Gia Lai","province_slug":"gia_lai","join_key":"24109","status":"active","dataset_effective_date":"2026-04-30","catalog_version":"2026-07-12","geometry_status":"not_embedded_boundary_available_by_url","boundary_source_url":"https://raw.githubusercontent.com/thanglequoc/vietnamese-provinces-database/master/json/geojson/52_gia_lai/wards/24109_uar.geojson","boundary_source_page":"https://github.com/thanglequoc/vietnamese-provinces-database/blob/master/json/geojson/52_gia_lai/wards/24109_uar.geojson","source_catalog":"https://github.com/thanglequoc/vietnamese-provinces-database"},"geometry":null},{"type":"Feature","id":"24112","properties":{"commune_code":"24112","commune_name":"Ia Rsai","commune_name_en":"Ia Rsai","commune_full_name":"Xã Ia Rsai","commune_full_name_en":"Ia Rsai Commune","commune_slug":"ia_rsai","unit_type":"Xã","unit_type_en":"Commune","admin_level":2,"province_code":"52","province_name":"Gia Lai","province_full_name":"Tỉnh Gia Lai","province_slug":"gia_lai","join_key":"24112","status":"active","dataset_effective_date":"2026-04-30","catalog_version":"2026-07-12","geometry_status":"not_embedded_boundary_available_by_url","boundary_source_url":"https://raw.githubusercontent.com/thanglequoc/vietnamese-provinces-database/master/json/geojson/52_gia_lai/wards/24112_ia_rsai.geojson","boundary_source_page":"https://github.com/thanglequoc/vietnamese-provinces-database/blob/master/json/geojson/52_gia_lai/wards/24112_ia_rsai.geojson","source_catalog":"https://github.com/thanglequoc/vietnamese-provinces-database"},"geometry":null}]}