{"type":"FeatureCollection","name":"68_lam_dong_communes_attributes","metadata":{"province_code":"68","province_name":"Lâm Đồng","feature_count":124,"geometry":null,"join_key":"commune_code"},"features":[{"type":"Feature","id":"22918","properties":{"commune_code":"22918","commune_name":"Mũi Né","commune_name_en":"Mui Ne","commune_full_name":"Phường Mũi Né","commune_full_name_en":"Mui Ne Ward","commune_slug":"mui_ne","unit_type":"Phường","unit_type_en":"Ward","admin_level":2,"province_code":"68","province_name":"Lâm Đồng","province_full_name":"Tỉnh Lâm Đồng","province_slug":"lam_dong","join_key":"22918","status":"active","dataset_effective_date":"2026-04-30","catalog_version":"2026-07-12","geometry_status":"not_embedded_boundary_available_by_url","boundary_source_url":"https://raw.githubusercontent.com/thanglequoc/vietnamese-provinces-database/master/json/geojson/68_lam_dong/wards/22918_mui_ne.geojson","boundary_source_page":"https://github.com/thanglequoc/vietnamese-provinces-database/blob/master/json/geojson/68_lam_dong/wards/22918_mui_ne.geojson","source_catalog":"https://github.com/thanglequoc/vietnamese-provinces-database"},"geometry":null},{"type":"Feature","id":"22924","properties":{"commune_code":"22924","commune_name":"Phú Thuỷ","commune_name_en":"Phu Thuy","commune_full_name":"Phường Phú Thuỷ","commune_full_name_en":"Phu Thuy Ward","commune_slug":"phu_thuy","unit_type":"Phường","unit_type_en":"Ward","admin_level":2,"province_code":"68","province_name":"Lâm Đồng","province_full_name":"Tỉnh Lâm Đồng","province_slug":"lam_dong","join_key":"22924","status":"active","dataset_effective_date":"2026-04-30","catalog_version":"2026-07-12","geometry_status":"not_embedded_boundary_available_by_url","boundary_source_url":"https://raw.githubusercontent.com/thanglequoc/vietnamese-provinces-database/master/json/geojson/68_lam_dong/wards/22924_phu_thuy.geojson","boundary_source_page":"https://github.com/thanglequoc/vietnamese-provinces-database/blob/master/json/geojson/68_lam_dong/wards/22924_phu_thuy.geojson","source_catalog":"https://github.com/thanglequoc/vietnamese-provinces-database"},"geometry":null},{"type":"Feature","id":"22933","properties":{"commune_code":"22933","commune_name":"Hàm Thắng","commune_name_en":"Ham Thang","commune_full_name":"Phường Hàm Thắng","commune_full_name_en":"Ham Thang Ward","commune_slug":"ham_thang","unit_type":"Phường","unit_type_en":"Ward","admin_level":2,"province_code":"68","province_name":"Lâm Đồng","province_full_name":"Tỉnh Lâm Đồng","province_slug":"lam_dong","join_key":"22933","status":"active","dataset_effective_date":"2026-04-30","catalog_version":"2026-07-12","geometry_status":"not_embedded_boundary_available_by_url","boundary_source_url":"https://raw.githubusercontent.com/thanglequoc/vietnamese-provinces-database/master/json/geojson/68_lam_dong/wards/22933_ham_thang.geojson","boundary_source_page":"https://github.com/thanglequoc/vietnamese-provinces-database/blob/master/json/geojson/68_lam_dong/wards/22933_ham_thang.geojson","source_catalog":"https://github.com/thanglequoc/vietnamese-provinces-database"},"geometry":null},{"type":"Feature","id":"22945","properties":{"commune_code":"22945","commune_name":"Phan Thiết","commune_name_en":"Phan Thiet","commune_full_name":"Phường Phan Thiết","commune_full_name_en":"Phan Thiet Ward","commune_slug":"phan_thiet","unit_type":"Phường","unit_type_en":"Ward","admin_level":2,"province_code":"68","province_name":"Lâm Đồng","province_full_name":"Tỉnh Lâm Đồng","province_slug":"lam_dong","join_key":"22945","status":"active","dataset_effective_date":"2026-04-30","catalog_version":"2026-07-12","geometry_status":"not_embedded_boundary_available_by_url","boundary_source_url":"https://raw.githubusercontent.com/thanglequoc/vietnamese-provinces-database/master/json/geojson/68_lam_dong/wards/22945_phan_thiet.geojson","boundary_source_page":"https://github.com/thanglequoc/vietnamese-provinces-database/blob/master/json/geojson/68_lam_dong/wards/22945_phan_thiet.geojson","source_catalog":"https://github.com/thanglequoc/vietnamese-provinces-database"},"geometry":null},{"type":"Feature","id":"22954","properties":{"commune_code":"22954","commune_name":"Tiến Thành","commune_name_en":"Tien Thanh","commune_full_name":"Phường Tiến Thành","commune_full_name_en":"Tien Thanh Ward","commune_slug":"tien_thanh","unit_type":"Phường","unit_type_en":"Ward","admin_level":2,"province_code":"68","province_name":"Lâm Đồng","province_full_name":"Tỉnh Lâm Đồng","province_slug":"lam_dong","join_key":"22954","status":"active","dataset_effective_date":"2026-04-30","catalog_version":"2026-07-12","geometry_status":"not_embedded_boundary_available_by_url","boundary_source_url":"https://raw.githubusercontent.com/thanglequoc/vietnamese-provinces-database/master/json/geojson/68_lam_dong/wards/22954_tien_thanh.geojson","boundary_source_page":"https://github.com/thanglequoc/vietnamese-provinces-database/blob/master/json/geojson/68_lam_dong/wards/22954_tien_thanh.geojson","source_catalog":"https://github.com/thanglequoc/vietnamese-provinces-database"},"geometry":null},{"type":"Feature","id":"22960","properties":{"commune_code":"22960","commune_name":"Bình Thuận","commune_name_en":"Binh Thuan","commune_full_name":"Phường Bình Thuận","commune_full_name_en":"Binh Thuan Ward","commune_slug":"binh_thuan","unit_type":"Phường","unit_type_en":"Ward","admin_level":2,"province_code":"68","province_name":"Lâm Đồng","province_full_name":"Tỉnh Lâm Đồng","province_slug":"lam_dong","join_key":"22960","status":"active","dataset_effective_date":"2026-04-30","catalog_version":"2026-07-12","geometry_status":"not_embedded_boundary_available_by_url","boundary_source_url":"https://raw.githubusercontent.com/thanglequoc/vietnamese-provinces-database/master/json/geojson/68_lam_dong/wards/22960_binh_thuan.geojson","boundary_source_page":"https://github.com/thanglequoc/vietnamese-provinces-database/blob/master/json/geojson/68_lam_dong/wards/22960_binh_thuan.geojson","source_catalog":"https://github.com/thanglequoc/vietnamese-provinces-database"},"geometry":null},{"type":"Feature","id":"22963","properties":{"commune_code":"22963","commune_name":"Tuyên Quang","commune_name_en":"Tuyen Quang","commune_full_name":"Xã Tuyên Quang","commune_full_name_en":"Tuyen Quang Commune","commune_slug":"tuyen_quang","unit_type":"Xã","unit_type_en":"Commune","admin_level":2,"province_code":"68","province_name":"Lâm Đồng","province_full_name":"Tỉnh Lâm Đồng","province_slug":"lam_dong","join_key":"22963","status":"active","dataset_effective_date":"2026-04-30","catalog_version":"2026-07-12","geometry_status":"not_embedded_boundary_available_by_url","boundary_source_url":"https://raw.githubusercontent.com/thanglequoc/vietnamese-provinces-database/master/json/geojson/68_lam_dong/wards/22963_tuyen_quang.geojson","boundary_source_page":"https://github.com/thanglequoc/vietnamese-provinces-database/blob/master/json/geojson/68_lam_dong/wards/22963_tuyen_quang.geojson","source_catalog":"https://github.com/thanglequoc/vietnamese-provinces-database"},"geometry":null},{"type":"Feature","id":"22969","properties":{"commune_code":"22969","commune_name":"Liên Hương","commune_name_en":"Lien Huong","commune_full_name":"Xã Liên Hương","commune_full_name_en":"Lien Huong Commune","commune_slug":"lien_huong","unit_type":"Xã","unit_type_en":"Commune","admin_level":2,"province_code":"68","province_name":"Lâm Đồng","province_full_name":"Tỉnh Lâm Đồng","province_slug":"lam_dong","join_key":"22969","status":"active","dataset_effective_date":"2026-04-30","catalog_version":"2026-07-12","geometry_status":"not_embedded_boundary_available_by_url","boundary_source_url":"https://raw.githubusercontent.com/thanglequoc/vietnamese-provinces-database/master/json/geojson/68_lam_dong/wards/22969_lien_huong.geojson","boundary_source_page":"https://github.com/thanglequoc/vietnamese-provinces-database/blob/master/json/geojson/68_lam_dong/wards/22969_lien_huong.geojson","source_catalog":"https://github.com/thanglequoc/vietnamese-provinces-database"},"geometry":null},{"type":"Feature","id":"22972","properties":{"commune_code":"22972","commune_name":"Phan Rí Cửa","commune_name_en":"Phan Ri Cua","commune_full_name":"Xã Phan Rí Cửa","commune_full_name_en":"Phan Ri Cua Commune","commune_slug":"phan_ri_cua","unit_type":"Xã","unit_type_en":"Commune","admin_level":2,"province_code":"68","province_name":"Lâm Đồng","province_full_name":"Tỉnh Lâm Đồng","province_slug":"lam_dong","join_key":"22972","status":"active","dataset_effective_date":"2026-04-30","catalog_version":"2026-07-12","geometry_status":"not_embedded_boundary_available_by_url","boundary_source_url":"https://raw.githubusercontent.com/thanglequoc/vietnamese-provinces-database/master/json/geojson/68_lam_dong/wards/22972_phan_ri_cua.geojson","boundary_source_page":"https://github.com/thanglequoc/vietnamese-provinces-database/blob/master/json/geojson/68_lam_dong/wards/22972_phan_ri_cua.geojson","source_catalog":"https://github.com/thanglequoc/vietnamese-provinces-database"},"geometry":null},{"type":"Feature","id":"22978","properties":{"commune_code":"22978","commune_name":"Tuy Phong","commune_name_en":"Tuy Phong","commune_full_name":"Xã Tuy Phong","commune_full_name_en":"Tuy Phong Commune","commune_slug":"tuy_phong","unit_type":"Xã","unit_type_en":"Commune","admin_level":2,"province_code":"68","province_name":"Lâm Đồng","province_full_name":"Tỉnh Lâm Đồng","province_slug":"lam_dong","join_key":"22978","status":"active","dataset_effective_date":"2026-04-30","catalog_version":"2026-07-12","geometry_status":"not_embedded_boundary_available_by_url","boundary_source_url":"https://raw.githubusercontent.com/thanglequoc/vietnamese-provinces-database/master/json/geojson/68_lam_dong/wards/22978_tuy_phong.geojson","boundary_source_page":"https://github.com/thanglequoc/vietnamese-provinces-database/blob/master/json/geojson/68_lam_dong/wards/22978_tuy_phong.geojson","source_catalog":"https://github.com/thanglequoc/vietnamese-provinces-database"},"geometry":null},{"type":"Feature","id":"22981","properties":{"commune_code":"22981","commune_name":"Vĩnh Hảo","commune_name_en":"Vinh Hao","commune_full_name":"Xã Vĩnh Hảo","commune_full_name_en":"Vinh Hao Commune","commune_slug":"vinh_hao","unit_type":"Xã","unit_type_en":"Commune","admin_level":2,"province_code":"68","province_name":"Lâm Đồng","province_full_name":"Tỉnh Lâm Đồng","province_slug":"lam_dong","join_key":"22981","status":"active","dataset_effective_date":"2026-04-30","catalog_version":"2026-07-12","geometry_status":"not_embedded_boundary_available_by_url","boundary_source_url":"https://raw.githubusercontent.com/thanglequoc/vietnamese-provinces-database/master/json/geojson/68_lam_dong/wards/22981_vinh_hao.geojson","boundary_source_page":"https://github.com/thanglequoc/vietnamese-provinces-database/blob/master/json/geojson/68_lam_dong/wards/22981_vinh_hao.geojson","source_catalog":"https://github.com/thanglequoc/vietnamese-provinces-database"},"geometry":null},{"type":"Feature","id":"23005","properties":{"commune_code":"23005","commune_name":"Bắc Bình","commune_name_en":"Bac Binh","commune_full_name":"Xã Bắc Bình","commune_full_name_en":"Bac Binh Commune","commune_slug":"bac_binh","unit_type":"Xã","unit_type_en":"Commune","admin_level":2,"province_code":"68","province_name":"Lâm Đồng","province_full_name":"Tỉnh Lâm Đồng","province_slug":"lam_dong","join_key":"23005","status":"active","dataset_effective_date":"2026-04-30","catalog_version":"2026-07-12","geometry_status":"not_embedded_boundary_available_by_url","boundary_source_url":"https://raw.githubusercontent.com/thanglequoc/vietnamese-provinces-database/master/json/geojson/68_lam_dong/wards/23005_bac_binh.geojson","boundary_source_page":"https://github.com/thanglequoc/vietnamese-provinces-database/blob/master/json/geojson/68_lam_dong/wards/23005_bac_binh.geojson","source_catalog":"https://github.com/thanglequoc/vietnamese-provinces-database"},"geometry":null},{"type":"Feature","id":"23008","properties":{"commune_code":"23008","commune_name":"Phan Sơn","commune_name_en":"Phan Son","commune_full_name":"Xã Phan Sơn","commune_full_name_en":"Phan Son Commune","commune_slug":"phan_son","unit_type":"Xã","unit_type_en":"Commune","admin_level":2,"province_code":"68","province_name":"Lâm Đồng","province_full_name":"Tỉnh Lâm Đồng","province_slug":"lam_dong","join_key":"23008","status":"active","dataset_effective_date":"2026-04-30","catalog_version":"2026-07-12","geometry_status":"not_embedded_boundary_available_by_url","boundary_source_url":"https://raw.githubusercontent.com/thanglequoc/vietnamese-provinces-database/master/json/geojson/68_lam_dong/wards/23008_phan_son.geojson","boundary_source_page":"https://github.com/thanglequoc/vietnamese-provinces-database/blob/master/json/geojson/68_lam_dong/wards/23008_phan_son.geojson","source_catalog":"https://github.com/thanglequoc/vietnamese-provinces-database"},"geometry":null},{"type":"Feature","id":"23020","properties":{"commune_code":"23020","commune_name":"Hải Ninh","commune_name_en":"Hai Ninh","commune_full_name":"Xã Hải Ninh","commune_full_name_en":"Hai Ninh Commune","commune_slug":"hai_ninh","unit_type":"Xã","unit_type_en":"Commune","admin_level":2,"province_code":"68","province_name":"Lâm Đồng","province_full_name":"Tỉnh Lâm Đồng","province_slug":"lam_dong","join_key":"23020","status":"active","dataset_effective_date":"2026-04-30","catalog_version":"2026-07-12","geometry_status":"not_embedded_boundary_available_by_url","boundary_source_url":"https://raw.githubusercontent.com/thanglequoc/vietnamese-provinces-database/master/json/geojson/68_lam_dong/wards/23020_hai_ninh.geojson","boundary_source_page":"https://github.com/thanglequoc/vietnamese-provinces-database/blob/master/json/geojson/68_lam_dong/wards/23020_hai_ninh.geojson","source_catalog":"https://github.com/thanglequoc/vietnamese-provinces-database"},"geometry":null},{"type":"Feature","id":"23023","properties":{"commune_code":"23023","commune_name":"Sông Luỹ","commune_name_en":"Song Luy","commune_full_name":"Xã Sông Luỹ","commune_full_name_en":"Song Luy Commune","commune_slug":"song_luy","unit_type":"Xã","unit_type_en":"Commune","admin_level":2,"province_code":"68","province_name":"Lâm Đồng","province_full_name":"Tỉnh Lâm Đồng","province_slug":"lam_dong","join_key":"23023","status":"active","dataset_effective_date":"2026-04-30","catalog_version":"2026-07-12","geometry_status":"not_embedded_boundary_available_by_url","boundary_source_url":"https://raw.githubusercontent.com/thanglequoc/vietnamese-provinces-database/master/json/geojson/68_lam_dong/wards/23023_song_luy.geojson","boundary_source_page":"https://github.com/thanglequoc/vietnamese-provinces-database/blob/master/json/geojson/68_lam_dong/wards/23023_song_luy.geojson","source_catalog":"https://github.com/thanglequoc/vietnamese-provinces-database"},"geometry":null},{"type":"Feature","id":"23032","properties":{"commune_code":"23032","commune_name":"Lương Sơn","commune_name_en":"Luong Son","commune_full_name":"Xã Lương Sơn","commune_full_name_en":"Luong Son Commune","commune_slug":"luong_son","unit_type":"Xã","unit_type_en":"Commune","admin_level":2,"province_code":"68","province_name":"Lâm Đồng","province_full_name":"Tỉnh Lâm Đồng","province_slug":"lam_dong","join_key":"23032","status":"active","dataset_effective_date":"2026-04-30","catalog_version":"2026-07-12","geometry_status":"not_embedded_boundary_available_by_url","boundary_source_url":"https://raw.githubusercontent.com/thanglequoc/vietnamese-provinces-database/master/json/geojson/68_lam_dong/wards/23032_luong_son.geojson","boundary_source_page":"https://github.com/thanglequoc/vietnamese-provinces-database/blob/master/json/geojson/68_lam_dong/wards/23032_luong_son.geojson","source_catalog":"https://github.com/thanglequoc/vietnamese-provinces-database"},"geometry":null},{"type":"Feature","id":"23041","properties":{"commune_code":"23041","commune_name":"Hồng Thái","commune_name_en":"Hong Thai","commune_full_name":"Xã Hồng Thái","commune_full_name_en":"Hong Thai Commune","commune_slug":"hong_thai","unit_type":"Xã","unit_type_en":"Commune","admin_level":2,"province_code":"68","province_name":"Lâm Đồng","province_full_name":"Tỉnh Lâm Đồng","province_slug":"lam_dong","join_key":"23041","status":"active","dataset_effective_date":"2026-04-30","catalog_version":"2026-07-12","geometry_status":"not_embedded_boundary_available_by_url","boundary_source_url":"https://raw.githubusercontent.com/thanglequoc/vietnamese-provinces-database/master/json/geojson/68_lam_dong/wards/23041_hong_thai.geojson","boundary_source_page":"https://github.com/thanglequoc/vietnamese-provinces-database/blob/master/json/geojson/68_lam_dong/wards/23041_hong_thai.geojson","source_catalog":"https://github.com/thanglequoc/vietnamese-provinces-database"},"geometry":null},{"type":"Feature","id":"23053","properties":{"commune_code":"23053","commune_name":"Hoà Thắng","commune_name_en":"Hoa Thang","commune_full_name":"Xã Hoà Thắng","commune_full_name_en":"Hoa Thang Commune","commune_slug":"hoa_thang","unit_type":"Xã","unit_type_en":"Commune","admin_level":2,"province_code":"68","province_name":"Lâm Đồng","province_full_name":"Tỉnh Lâm Đồng","province_slug":"lam_dong","join_key":"23053","status":"active","dataset_effective_date":"2026-04-30","catalog_version":"2026-07-12","geometry_status":"not_embedded_boundary_available_by_url","boundary_source_url":"https://raw.githubusercontent.com/thanglequoc/vietnamese-provinces-database/master/json/geojson/68_lam_dong/wards/23053_hoa_thang.geojson","boundary_source_page":"https://github.com/thanglequoc/vietnamese-provinces-database/blob/master/json/geojson/68_lam_dong/wards/23053_hoa_thang.geojson","source_catalog":"https://github.com/thanglequoc/vietnamese-provinces-database"},"geometry":null},{"type":"Feature","id":"23059","properties":{"commune_code":"23059","commune_name":"Hàm Thuận","commune_name_en":"Ham Thuan","commune_full_name":"Xã Hàm Thuận","commune_full_name_en":"Ham Thuan Commune","commune_slug":"ham_thuan","unit_type":"Xã","unit_type_en":"Commune","admin_level":2,"province_code":"68","province_name":"Lâm Đồng","province_full_name":"Tỉnh Lâm Đồng","province_slug":"lam_dong","join_key":"23059","status":"active","dataset_effective_date":"2026-04-30","catalog_version":"2026-07-12","geometry_status":"not_embedded_boundary_available_by_url","boundary_source_url":"https://raw.githubusercontent.com/thanglequoc/vietnamese-provinces-database/master/json/geojson/68_lam_dong/wards/23059_ham_thuan.geojson","boundary_source_page":"https://github.com/thanglequoc/vietnamese-provinces-database/blob/master/json/geojson/68_lam_dong/wards/23059_ham_thuan.geojson","source_catalog":"https://github.com/thanglequoc/vietnamese-provinces-database"},"geometry":null},{"type":"Feature","id":"23065","properties":{"commune_code":"23065","commune_name":"La Dạ","commune_name_en":"La Da","commune_full_name":"Xã La Dạ","commune_full_name_en":"La Da Commune","commune_slug":"la_da","unit_type":"Xã","unit_type_en":"Commune","admin_level":2,"province_code":"68","province_name":"Lâm Đồng","province_full_name":"Tỉnh Lâm Đồng","province_slug":"lam_dong","join_key":"23065","status":"active","dataset_effective_date":"2026-04-30","catalog_version":"2026-07-12","geometry_status":"not_embedded_boundary_available_by_url","boundary_source_url":"https://raw.githubusercontent.com/thanglequoc/vietnamese-provinces-database/master/json/geojson/68_lam_dong/wards/23065_la_da.geojson","boundary_source_page":"https://github.com/thanglequoc/vietnamese-provinces-database/blob/master/json/geojson/68_lam_dong/wards/23065_la_da.geojson","source_catalog":"https://github.com/thanglequoc/vietnamese-provinces-database"},"geometry":null},{"type":"Feature","id":"23074","properties":{"commune_code":"23074","commune_name":"Đông Giang","commune_name_en":"Dong Giang","commune_full_name":"Xã Đông Giang","commune_full_name_en":"Dong Giang Commune","commune_slug":"dong_giang","unit_type":"Xã","unit_type_en":"Commune","admin_level":2,"province_code":"68","province_name":"Lâm Đồng","province_full_name":"Tỉnh Lâm Đồng","province_slug":"lam_dong","join_key":"23074","status":"active","dataset_effective_date":"2026-04-30","catalog_version":"2026-07-12","geometry_status":"not_embedded_boundary_available_by_url","boundary_source_url":"https://raw.githubusercontent.com/thanglequoc/vietnamese-provinces-database/master/json/geojson/68_lam_dong/wards/23074_dong_giang.geojson","boundary_source_page":"https://github.com/thanglequoc/vietnamese-provinces-database/blob/master/json/geojson/68_lam_dong/wards/23074_dong_giang.geojson","source_catalog":"https://github.com/thanglequoc/vietnamese-provinces-database"},"geometry":null},{"type":"Feature","id":"23086","properties":{"commune_code":"23086","commune_name":"Hồng Sơn","commune_name_en":"Hong Son","commune_full_name":"Xã Hồng Sơn","commune_full_name_en":"Hong Son Commune","commune_slug":"hong_son","unit_type":"Xã","unit_type_en":"Commune","admin_level":2,"province_code":"68","province_name":"Lâm Đồng","province_full_name":"Tỉnh Lâm Đồng","province_slug":"lam_dong","join_key":"23086","status":"active","dataset_effective_date":"2026-04-30","catalog_version":"2026-07-12","geometry_status":"not_embedded_boundary_available_by_url","boundary_source_url":"https://raw.githubusercontent.com/thanglequoc/vietnamese-provinces-database/master/json/geojson/68_lam_dong/wards/23086_hong_son.geojson","boundary_source_page":"https://github.com/thanglequoc/vietnamese-provinces-database/blob/master/json/geojson/68_lam_dong/wards/23086_hong_son.geojson","source_catalog":"https://github.com/thanglequoc/vietnamese-provinces-database"},"geometry":null},{"type":"Feature","id":"23089","properties":{"commune_code":"23089","commune_name":"Hàm Thuận Bắc","commune_name_en":"Ham Thuan Bac","commune_full_name":"Xã Hàm Thuận Bắc","commune_full_name_en":"Ham Thuan Bac Commune","commune_slug":"ham_thuan_bac","unit_type":"Xã","unit_type_en":"Commune","admin_level":2,"province_code":"68","province_name":"Lâm Đồng","province_full_name":"Tỉnh Lâm Đồng","province_slug":"lam_dong","join_key":"23089","status":"active","dataset_effective_date":"2026-04-30","catalog_version":"2026-07-12","geometry_status":"not_embedded_boundary_available_by_url","boundary_source_url":"https://raw.githubusercontent.com/thanglequoc/vietnamese-provinces-database/master/json/geojson/68_lam_dong/wards/23089_ham_thuan_bac.geojson","boundary_source_page":"https://github.com/thanglequoc/vietnamese-provinces-database/blob/master/json/geojson/68_lam_dong/wards/23089_ham_thuan_bac.geojson","source_catalog":"https://github.com/thanglequoc/vietnamese-provinces-database"},"geometry":null},{"type":"Feature","id":"23095","properties":{"commune_code":"23095","commune_name":"Hàm Liêm","commune_name_en":"Ham Liem","commune_full_name":"Xã Hàm Liêm","commune_full_name_en":"Ham Liem Commune","commune_slug":"ham_liem","unit_type":"Xã","unit_type_en":"Commune","admin_level":2,"province_code":"68","province_name":"Lâm Đồng","province_full_name":"Tỉnh Lâm Đồng","province_slug":"lam_dong","join_key":"23095","status":"active","dataset_effective_date":"2026-04-30","catalog_version":"2026-07-12","geometry_status":"not_embedded_boundary_available_by_url","boundary_source_url":"https://raw.githubusercontent.com/thanglequoc/vietnamese-provinces-database/master/json/geojson/68_lam_dong/wards/23095_ham_liem.geojson","boundary_source_page":"https://github.com/thanglequoc/vietnamese-provinces-database/blob/master/json/geojson/68_lam_dong/wards/23095_ham_liem.geojson","source_catalog":"https://github.com/thanglequoc/vietnamese-provinces-database"},"geometry":null},{"type":"Feature","id":"23110","properties":{"commune_code":"23110","commune_name":"Hàm Thuận Nam","commune_name_en":"Ham Thuan Nam","commune_full_name":"Xã Hàm Thuận Nam","commune_full_name_en":"Ham Thuan Nam Commune","commune_slug":"ham_thuan_nam","unit_type":"Xã","unit_type_en":"Commune","admin_level":2,"province_code":"68","province_name":"Lâm Đồng","province_full_name":"Tỉnh Lâm Đồng","province_slug":"lam_dong","join_key":"23110","status":"active","dataset_effective_date":"2026-04-30","catalog_version":"2026-07-12","geometry_status":"not_embedded_boundary_available_by_url","boundary_source_url":"https://raw.githubusercontent.com/thanglequoc/vietnamese-provinces-database/master/json/geojson/68_lam_dong/wards/23110_ham_thuan_nam.geojson","boundary_source_page":"https://github.com/thanglequoc/vietnamese-provinces-database/blob/master/json/geojson/68_lam_dong/wards/23110_ham_thuan_nam.geojson","source_catalog":"https://github.com/thanglequoc/vietnamese-provinces-database"},"geometry":null},{"type":"Feature","id":"23122","properties":{"commune_code":"23122","commune_name":"Hàm Thạnh","commune_name_en":"Ham Thanh","commune_full_name":"Xã Hàm Thạnh","commune_full_name_en":"Ham Thanh Commune","commune_slug":"ham_thanh","unit_type":"Xã","unit_type_en":"Commune","admin_level":2,"province_code":"68","province_name":"Lâm Đồng","province_full_name":"Tỉnh Lâm Đồng","province_slug":"lam_dong","join_key":"23122","status":"active","dataset_effective_date":"2026-04-30","catalog_version":"2026-07-12","geometry_status":"not_embedded_boundary_available_by_url","boundary_source_url":"https://raw.githubusercontent.com/thanglequoc/vietnamese-provinces-database/master/json/geojson/68_lam_dong/wards/23122_ham_thanh.geojson","boundary_source_page":"https://github.com/thanglequoc/vietnamese-provinces-database/blob/master/json/geojson/68_lam_dong/wards/23122_ham_thanh.geojson","source_catalog":"https://github.com/thanglequoc/vietnamese-provinces-database"},"geometry":null},{"type":"Feature","id":"23128","properties":{"commune_code":"23128","commune_name":"Hàm Kiệm","commune_name_en":"Ham Kiem","commune_full_name":"Xã Hàm Kiệm","commune_full_name_en":"Ham Kiem Commune","commune_slug":"ham_kiem","unit_type":"Xã","unit_type_en":"Commune","admin_level":2,"province_code":"68","province_name":"Lâm Đồng","province_full_name":"Tỉnh Lâm Đồng","province_slug":"lam_dong","join_key":"23128","status":"active","dataset_effective_date":"2026-04-30","catalog_version":"2026-07-12","geometry_status":"not_embedded_boundary_available_by_url","boundary_source_url":"https://raw.githubusercontent.com/thanglequoc/vietnamese-provinces-database/master/json/geojson/68_lam_dong/wards/23128_ham_kiem.geojson","boundary_source_page":"https://github.com/thanglequoc/vietnamese-provinces-database/blob/master/json/geojson/68_lam_dong/wards/23128_ham_kiem.geojson","source_catalog":"https://github.com/thanglequoc/vietnamese-provinces-database"},"geometry":null},{"type":"Feature","id":"23134","properties":{"commune_code":"23134","commune_name":"Tân Lập","commune_name_en":"Tan Lap","commune_full_name":"Xã Tân Lập","commune_full_name_en":"Tan Lap Commune","commune_slug":"tan_lap","unit_type":"Xã","unit_type_en":"Commune","admin_level":2,"province_code":"68","province_name":"Lâm Đồng","province_full_name":"Tỉnh Lâm Đồng","province_slug":"lam_dong","join_key":"23134","status":"active","dataset_effective_date":"2026-04-30","catalog_version":"2026-07-12","geometry_status":"not_embedded_boundary_available_by_url","boundary_source_url":"https://raw.githubusercontent.com/thanglequoc/vietnamese-provinces-database/master/json/geojson/68_lam_dong/wards/23134_tan_lap.geojson","boundary_source_page":"https://github.com/thanglequoc/vietnamese-provinces-database/blob/master/json/geojson/68_lam_dong/wards/23134_tan_lap.geojson","source_catalog":"https://github.com/thanglequoc/vietnamese-provinces-database"},"geometry":null},{"type":"Feature","id":"23143","properties":{"commune_code":"23143","commune_name":"Tân Thành","commune_name_en":"Tan Thanh","commune_full_name":"Xã Tân Thành","commune_full_name_en":"Tan Thanh Commune","commune_slug":"tan_thanh","unit_type":"Xã","unit_type_en":"Commune","admin_level":2,"province_code":"68","province_name":"Lâm Đồng","province_full_name":"Tỉnh Lâm Đồng","province_slug":"lam_dong","join_key":"23143","status":"active","dataset_effective_date":"2026-04-30","catalog_version":"2026-07-12","geometry_status":"not_embedded_boundary_available_by_url","boundary_source_url":"https://raw.githubusercontent.com/thanglequoc/vietnamese-provinces-database/master/json/geojson/68_lam_dong/wards/23143_tan_thanh.geojson","boundary_source_page":"https://github.com/thanglequoc/vietnamese-provinces-database/blob/master/json/geojson/68_lam_dong/wards/23143_tan_thanh.geojson","source_catalog":"https://github.com/thanglequoc/vietnamese-provinces-database"},"geometry":null},{"type":"Feature","id":"23149","properties":{"commune_code":"23149","commune_name":"Tánh Linh","commune_name_en":"Tanh Linh","commune_full_name":"Xã Tánh Linh","commune_full_name_en":"Tanh Linh Commune","commune_slug":"tanh_linh","unit_type":"Xã","unit_type_en":"Commune","admin_level":2,"province_code":"68","province_name":"Lâm Đồng","province_full_name":"Tỉnh Lâm Đồng","province_slug":"lam_dong","join_key":"23149","status":"active","dataset_effective_date":"2026-04-30","catalog_version":"2026-07-12","geometry_status":"not_embedded_boundary_available_by_url","boundary_source_url":"https://raw.githubusercontent.com/thanglequoc/vietnamese-provinces-database/master/json/geojson/68_lam_dong/wards/23149_tanh_linh.geojson","boundary_source_page":"https://github.com/thanglequoc/vietnamese-provinces-database/blob/master/json/geojson/68_lam_dong/wards/23149_tanh_linh.geojson","source_catalog":"https://github.com/thanglequoc/vietnamese-provinces-database"},"geometry":null},{"type":"Feature","id":"23152","properties":{"commune_code":"23152","commune_name":"Bắc Ruộng","commune_name_en":"Bac Ruong","commune_full_name":"Xã Bắc Ruộng","commune_full_name_en":"Bac Ruong Commune","commune_slug":"bac_ruong","unit_type":"Xã","unit_type_en":"Commune","admin_level":2,"province_code":"68","province_name":"Lâm Đồng","province_full_name":"Tỉnh Lâm Đồng","province_slug":"lam_dong","join_key":"23152","status":"active","dataset_effective_date":"2026-04-30","catalog_version":"2026-07-12","geometry_status":"not_embedded_boundary_available_by_url","boundary_source_url":"https://raw.githubusercontent.com/thanglequoc/vietnamese-provinces-database/master/json/geojson/68_lam_dong/wards/23152_bac_ruong.geojson","boundary_source_page":"https://github.com/thanglequoc/vietnamese-provinces-database/blob/master/json/geojson/68_lam_dong/wards/23152_bac_ruong.geojson","source_catalog":"https://github.com/thanglequoc/vietnamese-provinces-database"},"geometry":null},{"type":"Feature","id":"23158","properties":{"commune_code":"23158","commune_name":"Nghị Đức","commune_name_en":"Nghi Duc","commune_full_name":"Xã Nghị Đức","commune_full_name_en":"Nghi Duc Commune","commune_slug":"nghi_duc","unit_type":"Xã","unit_type_en":"Commune","admin_level":2,"province_code":"68","province_name":"Lâm Đồng","province_full_name":"Tỉnh Lâm Đồng","province_slug":"lam_dong","join_key":"23158","status":"active","dataset_effective_date":"2026-04-30","catalog_version":"2026-07-12","geometry_status":"not_embedded_boundary_available_by_url","boundary_source_url":"https://raw.githubusercontent.com/thanglequoc/vietnamese-provinces-database/master/json/geojson/68_lam_dong/wards/23158_nghi_duc.geojson","boundary_source_page":"https://github.com/thanglequoc/vietnamese-provinces-database/blob/master/json/geojson/68_lam_dong/wards/23158_nghi_duc.geojson","source_catalog":"https://github.com/thanglequoc/vietnamese-provinces-database"},"geometry":null},{"type":"Feature","id":"23173","properties":{"commune_code":"23173","commune_name":"Đồng Kho","commune_name_en":"Dong Kho","commune_full_name":"Xã Đồng Kho","commune_full_name_en":"Dong Kho Commune","commune_slug":"dong_kho","unit_type":"Xã","unit_type_en":"Commune","admin_level":2,"province_code":"68","province_name":"Lâm Đồng","province_full_name":"Tỉnh Lâm Đồng","province_slug":"lam_dong","join_key":"23173","status":"active","dataset_effective_date":"2026-04-30","catalog_version":"2026-07-12","geometry_status":"not_embedded_boundary_available_by_url","boundary_source_url":"https://raw.githubusercontent.com/thanglequoc/vietnamese-provinces-database/master/json/geojson/68_lam_dong/wards/23173_dong_kho.geojson","boundary_source_page":"https://github.com/thanglequoc/vietnamese-provinces-database/blob/master/json/geojson/68_lam_dong/wards/23173_dong_kho.geojson","source_catalog":"https://github.com/thanglequoc/vietnamese-provinces-database"},"geometry":null},{"type":"Feature","id":"23188","properties":{"commune_code":"23188","commune_name":"Suối Kiết","commune_name_en":"Suoi Kiet","commune_full_name":"Xã Suối Kiết","commune_full_name_en":"Suoi Kiet Commune","commune_slug":"suoi_kiet","unit_type":"Xã","unit_type_en":"Commune","admin_level":2,"province_code":"68","province_name":"Lâm Đồng","province_full_name":"Tỉnh Lâm Đồng","province_slug":"lam_dong","join_key":"23188","status":"active","dataset_effective_date":"2026-04-30","catalog_version":"2026-07-12","geometry_status":"not_embedded_boundary_available_by_url","boundary_source_url":"https://raw.githubusercontent.com/thanglequoc/vietnamese-provinces-database/master/json/geojson/68_lam_dong/wards/23188_suoi_kiet.geojson","boundary_source_page":"https://github.com/thanglequoc/vietnamese-provinces-database/blob/master/json/geojson/68_lam_dong/wards/23188_suoi_kiet.geojson","source_catalog":"https://github.com/thanglequoc/vietnamese-provinces-database"},"geometry":null},{"type":"Feature","id":"23191","properties":{"commune_code":"23191","commune_name":"Đức Linh","commune_name_en":"Duc Linh","commune_full_name":"Xã Đức Linh","commune_full_name_en":"Duc Linh Commune","commune_slug":"duc_linh","unit_type":"Xã","unit_type_en":"Commune","admin_level":2,"province_code":"68","province_name":"Lâm Đồng","province_full_name":"Tỉnh Lâm Đồng","province_slug":"lam_dong","join_key":"23191","status":"active","dataset_effective_date":"2026-04-30","catalog_version":"2026-07-12","geometry_status":"not_embedded_boundary_available_by_url","boundary_source_url":"https://raw.githubusercontent.com/thanglequoc/vietnamese-provinces-database/master/json/geojson/68_lam_dong/wards/23191_duc_linh.geojson","boundary_source_page":"https://github.com/thanglequoc/vietnamese-provinces-database/blob/master/json/geojson/68_lam_dong/wards/23191_duc_linh.geojson","source_catalog":"https://github.com/thanglequoc/vietnamese-provinces-database"},"geometry":null},{"type":"Feature","id":"23194","properties":{"commune_code":"23194","commune_name":"Hoài Đức","commune_name_en":"Hoai Duc","commune_full_name":"Xã Hoài Đức","commune_full_name_en":"Hoai Duc Commune","commune_slug":"hoai_duc","unit_type":"Xã","unit_type_en":"Commune","admin_level":2,"province_code":"68","province_name":"Lâm Đồng","province_full_name":"Tỉnh Lâm Đồng","province_slug":"lam_dong","join_key":"23194","status":"active","dataset_effective_date":"2026-04-30","catalog_version":"2026-07-12","geometry_status":"not_embedded_boundary_available_by_url","boundary_source_url":"https://raw.githubusercontent.com/thanglequoc/vietnamese-provinces-database/master/json/geojson/68_lam_dong/wards/23194_hoai_duc.geojson","boundary_source_page":"https://github.com/thanglequoc/vietnamese-provinces-database/blob/master/json/geojson/68_lam_dong/wards/23194_hoai_duc.geojson","source_catalog":"https://github.com/thanglequoc/vietnamese-provinces-database"},"geometry":null},{"type":"Feature","id":"23200","properties":{"commune_code":"23200","commune_name":"Nam Thành","commune_name_en":"Nam Thanh","commune_full_name":"Xã Nam Thành","commune_full_name_en":"Nam Thanh Commune","commune_slug":"nam_thanh","unit_type":"Xã","unit_type_en":"Commune","admin_level":2,"province_code":"68","province_name":"Lâm Đồng","province_full_name":"Tỉnh Lâm Đồng","province_slug":"lam_dong","join_key":"23200","status":"active","dataset_effective_date":"2026-04-30","catalog_version":"2026-07-12","geometry_status":"not_embedded_boundary_available_by_url","boundary_source_url":"https://raw.githubusercontent.com/thanglequoc/vietnamese-provinces-database/master/json/geojson/68_lam_dong/wards/23200_nam_thanh.geojson","boundary_source_page":"https://github.com/thanglequoc/vietnamese-provinces-database/blob/master/json/geojson/68_lam_dong/wards/23200_nam_thanh.geojson","source_catalog":"https://github.com/thanglequoc/vietnamese-provinces-database"},"geometry":null},{"type":"Feature","id":"23227","properties":{"commune_code":"23227","commune_name":"Trà Tân","commune_name_en":"Tra Tan","commune_full_name":"Xã Trà Tân","commune_full_name_en":"Tra Tan Commune","commune_slug":"tra_tan","unit_type":"Xã","unit_type_en":"Commune","admin_level":2,"province_code":"68","province_name":"Lâm Đồng","province_full_name":"Tỉnh Lâm Đồng","province_slug":"lam_dong","join_key":"23227","status":"active","dataset_effective_date":"2026-04-30","catalog_version":"2026-07-12","geometry_status":"not_embedded_boundary_available_by_url","boundary_source_url":"https://raw.githubusercontent.com/thanglequoc/vietnamese-provinces-database/master/json/geojson/68_lam_dong/wards/23227_tra_tan.geojson","boundary_source_page":"https://github.com/thanglequoc/vietnamese-provinces-database/blob/master/json/geojson/68_lam_dong/wards/23227_tra_tan.geojson","source_catalog":"https://github.com/thanglequoc/vietnamese-provinces-database"},"geometry":null},{"type":"Feature","id":"23230","properties":{"commune_code":"23230","commune_name":"Tân Minh","commune_name_en":"Tan Minh","commune_full_name":"Xã Tân Minh","commune_full_name_en":"Tan Minh Commune","commune_slug":"tan_minh","unit_type":"Xã","unit_type_en":"Commune","admin_level":2,"province_code":"68","province_name":"Lâm Đồng","province_full_name":"Tỉnh Lâm Đồng","province_slug":"lam_dong","join_key":"23230","status":"active","dataset_effective_date":"2026-04-30","catalog_version":"2026-07-12","geometry_status":"not_embedded_boundary_available_by_url","boundary_source_url":"https://raw.githubusercontent.com/thanglequoc/vietnamese-provinces-database/master/json/geojson/68_lam_dong/wards/23230_tan_minh.geojson","boundary_source_page":"https://github.com/thanglequoc/vietnamese-provinces-database/blob/master/json/geojson/68_lam_dong/wards/23230_tan_minh.geojson","source_catalog":"https://github.com/thanglequoc/vietnamese-provinces-database"},"geometry":null},{"type":"Feature","id":"23231","properties":{"commune_code":"23231","commune_name":"Phước Hội","commune_name_en":"Phuoc Hoi","commune_full_name":"Phường Phước Hội","commune_full_name_en":"Phuoc Hoi Ward","commune_slug":"phuoc_hoi","unit_type":"Phường","unit_type_en":"Ward","admin_level":2,"province_code":"68","province_name":"Lâm Đồng","province_full_name":"Tỉnh Lâm Đồng","province_slug":"lam_dong","join_key":"23231","status":"active","dataset_effective_date":"2026-04-30","catalog_version":"2026-07-12","geometry_status":"not_embedded_boundary_available_by_url","boundary_source_url":"https://raw.githubusercontent.com/thanglequoc/vietnamese-provinces-database/master/json/geojson/68_lam_dong/wards/23231_phuoc_hoi.geojson","boundary_source_page":"https://github.com/thanglequoc/vietnamese-provinces-database/blob/master/json/geojson/68_lam_dong/wards/23231_phuoc_hoi.geojson","source_catalog":"https://github.com/thanglequoc/vietnamese-provinces-database"},"geometry":null},{"type":"Feature","id":"23235","properties":{"commune_code":"23235","commune_name":"La Gi","commune_name_en":"La Gi","commune_full_name":"Phường La Gi","commune_full_name_en":"La Gi Ward","commune_slug":"la_gi","unit_type":"Phường","unit_type_en":"Ward","admin_level":2,"province_code":"68","province_name":"Lâm Đồng","province_full_name":"Tỉnh Lâm Đồng","province_slug":"lam_dong","join_key":"23235","status":"active","dataset_effective_date":"2026-04-30","catalog_version":"2026-07-12","geometry_status":"not_embedded_boundary_available_by_url","boundary_source_url":"https://raw.githubusercontent.com/thanglequoc/vietnamese-provinces-database/master/json/geojson/68_lam_dong/wards/23235_la_gi.geojson","boundary_source_page":"https://github.com/thanglequoc/vietnamese-provinces-database/blob/master/json/geojson/68_lam_dong/wards/23235_la_gi.geojson","source_catalog":"https://github.com/thanglequoc/vietnamese-provinces-database"},"geometry":null},{"type":"Feature","id":"23236","properties":{"commune_code":"23236","commune_name":"Hàm Tân","commune_name_en":"Ham Tan","commune_full_name":"Xã Hàm Tân","commune_full_name_en":"Ham Tan Commune","commune_slug":"ham_tan","unit_type":"Xã","unit_type_en":"Commune","admin_level":2,"province_code":"68","province_name":"Lâm Đồng","province_full_name":"Tỉnh Lâm Đồng","province_slug":"lam_dong","join_key":"23236","status":"active","dataset_effective_date":"2026-04-30","catalog_version":"2026-07-12","geometry_status":"not_embedded_boundary_available_by_url","boundary_source_url":"https://raw.githubusercontent.com/thanglequoc/vietnamese-provinces-database/master/json/geojson/68_lam_dong/wards/23236_ham_tan.geojson","boundary_source_page":"https://github.com/thanglequoc/vietnamese-provinces-database/blob/master/json/geojson/68_lam_dong/wards/23236_ham_tan.geojson","source_catalog":"https://github.com/thanglequoc/vietnamese-provinces-database"},"geometry":null},{"type":"Feature","id":"23246","properties":{"commune_code":"23246","commune_name":"Tân Hải","commune_name_en":"Tan Hai","commune_full_name":"Xã Tân Hải","commune_full_name_en":"Tan Hai Commune","commune_slug":"tan_hai","unit_type":"Xã","unit_type_en":"Commune","admin_level":2,"province_code":"68","province_name":"Lâm Đồng","province_full_name":"Tỉnh Lâm Đồng","province_slug":"lam_dong","join_key":"23246","status":"active","dataset_effective_date":"2026-04-30","catalog_version":"2026-07-12","geometry_status":"not_embedded_boundary_available_by_url","boundary_source_url":"https://raw.githubusercontent.com/thanglequoc/vietnamese-provinces-database/master/json/geojson/68_lam_dong/wards/23246_tan_hai.geojson","boundary_source_page":"https://github.com/thanglequoc/vietnamese-provinces-database/blob/master/json/geojson/68_lam_dong/wards/23246_tan_hai.geojson","source_catalog":"https://github.com/thanglequoc/vietnamese-provinces-database"},"geometry":null},{"type":"Feature","id":"23266","properties":{"commune_code":"23266","commune_name":"Sơn Mỹ","commune_name_en":"Son My","commune_full_name":"Xã Sơn Mỹ","commune_full_name_en":"Son My Commune","commune_slug":"son_my","unit_type":"Xã","unit_type_en":"Commune","admin_level":2,"province_code":"68","province_name":"Lâm Đồng","province_full_name":"Tỉnh Lâm Đồng","province_slug":"lam_dong","join_key":"23266","status":"active","dataset_effective_date":"2026-04-30","catalog_version":"2026-07-12","geometry_status":"not_embedded_boundary_available_by_url","boundary_source_url":"https://raw.githubusercontent.com/thanglequoc/vietnamese-provinces-database/master/json/geojson/68_lam_dong/wards/23266_son_my.geojson","boundary_source_page":"https://github.com/thanglequoc/vietnamese-provinces-database/blob/master/json/geojson/68_lam_dong/wards/23266_son_my.geojson","source_catalog":"https://github.com/thanglequoc/vietnamese-provinces-database"},"geometry":null},{"type":"Feature","id":"23272","properties":{"commune_code":"23272","commune_name":"Phú Quý","commune_name_en":"Phu Quy","commune_full_name":"Đặc khu Phú Quý","commune_full_name_en":"Phu Quy Special administrative region","commune_slug":"phu_quy","unit_type":"Đặc khu","unit_type_en":"Special administrative region","admin_level":2,"province_code":"68","province_name":"Lâm Đồng","province_full_name":"Tỉnh Lâm Đồng","province_slug":"lam_dong","join_key":"23272","status":"active","dataset_effective_date":"2026-04-30","catalog_version":"2026-07-12","geometry_status":"not_embedded_boundary_available_by_url","boundary_source_url":"https://raw.githubusercontent.com/thanglequoc/vietnamese-provinces-database/master/json/geojson/68_lam_dong/wards/23272_phu_quy.geojson","boundary_source_page":"https://github.com/thanglequoc/vietnamese-provinces-database/blob/master/json/geojson/68_lam_dong/wards/23272_phu_quy.geojson","source_catalog":"https://github.com/thanglequoc/vietnamese-provinces-database"},"geometry":null},{"type":"Feature","id":"24611","properties":{"commune_code":"24611","commune_name":"Bắc Gia Nghĩa","commune_name_en":"Bac Gia Nghia","commune_full_name":"Phường Bắc Gia Nghĩa","commune_full_name_en":"Bac Gia Nghia Ward","commune_slug":"bac_gia_nghia","unit_type":"Phường","unit_type_en":"Ward","admin_level":2,"province_code":"68","province_name":"Lâm Đồng","province_full_name":"Tỉnh Lâm Đồng","province_slug":"lam_dong","join_key":"24611","status":"active","dataset_effective_date":"2026-04-30","catalog_version":"2026-07-12","geometry_status":"not_embedded_boundary_available_by_url","boundary_source_url":"https://raw.githubusercontent.com/thanglequoc/vietnamese-provinces-database/master/json/geojson/68_lam_dong/wards/24611_bac_gia_nghia.geojson","boundary_source_page":"https://github.com/thanglequoc/vietnamese-provinces-database/blob/master/json/geojson/68_lam_dong/wards/24611_bac_gia_nghia.geojson","source_catalog":"https://github.com/thanglequoc/vietnamese-provinces-database"},"geometry":null},{"type":"Feature","id":"24615","properties":{"commune_code":"24615","commune_name":"Nam Gia Nghĩa","commune_name_en":"Nam Gia Nghia","commune_full_name":"Phường Nam Gia Nghĩa","commune_full_name_en":"Nam Gia Nghia Ward","commune_slug":"nam_gia_nghia","unit_type":"Phường","unit_type_en":"Ward","admin_level":2,"province_code":"68","province_name":"Lâm Đồng","province_full_name":"Tỉnh Lâm Đồng","province_slug":"lam_dong","join_key":"24615","status":"active","dataset_effective_date":"2026-04-30","catalog_version":"2026-07-12","geometry_status":"not_embedded_boundary_available_by_url","boundary_source_url":"https://raw.githubusercontent.com/thanglequoc/vietnamese-provinces-database/master/json/geojson/68_lam_dong/wards/24615_nam_gia_nghia.geojson","boundary_source_page":"https://github.com/thanglequoc/vietnamese-provinces-database/blob/master/json/geojson/68_lam_dong/wards/24615_nam_gia_nghia.geojson","source_catalog":"https://github.com/thanglequoc/vietnamese-provinces-database"},"geometry":null},{"type":"Feature","id":"24616","properties":{"commune_code":"24616","commune_name":"Quảng Sơn","commune_name_en":"Quang Son","commune_full_name":"Xã Quảng Sơn","commune_full_name_en":"Quang Son Commune","commune_slug":"quang_son","unit_type":"Xã","unit_type_en":"Commune","admin_level":2,"province_code":"68","province_name":"Lâm Đồng","province_full_name":"Tỉnh Lâm Đồng","province_slug":"lam_dong","join_key":"24616","status":"active","dataset_effective_date":"2026-04-30","catalog_version":"2026-07-12","geometry_status":"not_embedded_boundary_available_by_url","boundary_source_url":"https://raw.githubusercontent.com/thanglequoc/vietnamese-provinces-database/master/json/geojson/68_lam_dong/wards/24616_quang_son.geojson","boundary_source_page":"https://github.com/thanglequoc/vietnamese-provinces-database/blob/master/json/geojson/68_lam_dong/wards/24616_quang_son.geojson","source_catalog":"https://github.com/thanglequoc/vietnamese-provinces-database"},"geometry":null},{"type":"Feature","id":"24617","properties":{"commune_code":"24617","commune_name":"Đông Gia Nghĩa","commune_name_en":"Dong Gia Nghia","commune_full_name":"Phường Đông Gia Nghĩa","commune_full_name_en":"Dong Gia Nghia Ward","commune_slug":"dong_gia_nghia","unit_type":"Phường","unit_type_en":"Ward","admin_level":2,"province_code":"68","province_name":"Lâm Đồng","province_full_name":"Tỉnh Lâm Đồng","province_slug":"lam_dong","join_key":"24617","status":"active","dataset_effective_date":"2026-04-30","catalog_version":"2026-07-12","geometry_status":"not_embedded_boundary_available_by_url","boundary_source_url":"https://raw.githubusercontent.com/thanglequoc/vietnamese-provinces-database/master/json/geojson/68_lam_dong/wards/24617_dong_gia_nghia.geojson","boundary_source_page":"https://github.com/thanglequoc/vietnamese-provinces-database/blob/master/json/geojson/68_lam_dong/wards/24617_dong_gia_nghia.geojson","source_catalog":"https://github.com/thanglequoc/vietnamese-provinces-database"},"geometry":null},{"type":"Feature","id":"24620","properties":{"commune_code":"24620","commune_name":"Quảng Hoà","commune_name_en":"Quang Hoa","commune_full_name":"Xã Quảng Hoà","commune_full_name_en":"Quang Hoa Commune","commune_slug":"quang_hoa","unit_type":"Xã","unit_type_en":"Commune","admin_level":2,"province_code":"68","province_name":"Lâm Đồng","province_full_name":"Tỉnh Lâm Đồng","province_slug":"lam_dong","join_key":"24620","status":"active","dataset_effective_date":"2026-04-30","catalog_version":"2026-07-12","geometry_status":"not_embedded_boundary_available_by_url","boundary_source_url":"https://raw.githubusercontent.com/thanglequoc/vietnamese-provinces-database/master/json/geojson/68_lam_dong/wards/24620_quang_hoa.geojson","boundary_source_page":"https://github.com/thanglequoc/vietnamese-provinces-database/blob/master/json/geojson/68_lam_dong/wards/24620_quang_hoa.geojson","source_catalog":"https://github.com/thanglequoc/vietnamese-provinces-database"},"geometry":null},{"type":"Feature","id":"24631","properties":{"commune_code":"24631","commune_name":"Quảng Khê","commune_name_en":"Quang Khe","commune_full_name":"Xã Quảng Khê","commune_full_name_en":"Quang Khe Commune","commune_slug":"quang_khe","unit_type":"Xã","unit_type_en":"Commune","admin_level":2,"province_code":"68","province_name":"Lâm Đồng","province_full_name":"Tỉnh Lâm Đồng","province_slug":"lam_dong","join_key":"24631","status":"active","dataset_effective_date":"2026-04-30","catalog_version":"2026-07-12","geometry_status":"not_embedded_boundary_available_by_url","boundary_source_url":"https://raw.githubusercontent.com/thanglequoc/vietnamese-provinces-database/master/json/geojson/68_lam_dong/wards/24631_quang_khe.geojson","boundary_source_page":"https://github.com/thanglequoc/vietnamese-provinces-database/blob/master/json/geojson/68_lam_dong/wards/24631_quang_khe.geojson","source_catalog":"https://github.com/thanglequoc/vietnamese-provinces-database"},"geometry":null},{"type":"Feature","id":"24637","properties":{"commune_code":"24637","commune_name":"Tà Đùng","commune_name_en":"Ta Dung","commune_full_name":"Xã Tà Đùng","commune_full_name_en":"Ta Dung Commune","commune_slug":"ta_dung","unit_type":"Xã","unit_type_en":"Commune","admin_level":2,"province_code":"68","province_name":"Lâm Đồng","province_full_name":"Tỉnh Lâm Đồng","province_slug":"lam_dong","join_key":"24637","status":"active","dataset_effective_date":"2026-04-30","catalog_version":"2026-07-12","geometry_status":"not_embedded_boundary_available_by_url","boundary_source_url":"https://raw.githubusercontent.com/thanglequoc/vietnamese-provinces-database/master/json/geojson/68_lam_dong/wards/24637_ta_dung.geojson","boundary_source_page":"https://github.com/thanglequoc/vietnamese-provinces-database/blob/master/json/geojson/68_lam_dong/wards/24637_ta_dung.geojson","source_catalog":"https://github.com/thanglequoc/vietnamese-provinces-database"},"geometry":null},{"type":"Feature","id":"24640","properties":{"commune_code":"24640","commune_name":"Cư Jút","commune_name_en":"Cu Jut","commune_full_name":"Xã Cư Jút","commune_full_name_en":"Cu Jut Commune","commune_slug":"cu_jut","unit_type":"Xã","unit_type_en":"Commune","admin_level":2,"province_code":"68","province_name":"Lâm Đồng","province_full_name":"Tỉnh Lâm Đồng","province_slug":"lam_dong","join_key":"24640","status":"active","dataset_effective_date":"2026-04-30","catalog_version":"2026-07-12","geometry_status":"not_embedded_boundary_available_by_url","boundary_source_url":"https://raw.githubusercontent.com/thanglequoc/vietnamese-provinces-database/master/json/geojson/68_lam_dong/wards/24640_cu_jut.geojson","boundary_source_page":"https://github.com/thanglequoc/vietnamese-provinces-database/blob/master/json/geojson/68_lam_dong/wards/24640_cu_jut.geojson","source_catalog":"https://github.com/thanglequoc/vietnamese-provinces-database"},"geometry":null},{"type":"Feature","id":"24646","properties":{"commune_code":"24646","commune_name":"Đắk Wil","commune_name_en":"Dak Wil","commune_full_name":"Xã Đắk Wil","commune_full_name_en":"Dak Wil Commune","commune_slug":"dak_wil","unit_type":"Xã","unit_type_en":"Commune","admin_level":2,"province_code":"68","province_name":"Lâm Đồng","province_full_name":"Tỉnh Lâm Đồng","province_slug":"lam_dong","join_key":"24646","status":"active","dataset_effective_date":"2026-04-30","catalog_version":"2026-07-12","geometry_status":"not_embedded_boundary_available_by_url","boundary_source_url":"https://raw.githubusercontent.com/thanglequoc/vietnamese-provinces-database/master/json/geojson/68_lam_dong/wards/24646_dak_wil.geojson","boundary_source_page":"https://github.com/thanglequoc/vietnamese-provinces-database/blob/master/json/geojson/68_lam_dong/wards/24646_dak_wil.geojson","source_catalog":"https://github.com/thanglequoc/vietnamese-provinces-database"},"geometry":null},{"type":"Feature","id":"24649","properties":{"commune_code":"24649","commune_name":"Nam Dong","commune_name_en":"Nam Dong","commune_full_name":"Xã Nam Dong","commune_full_name_en":"Nam Dong Commune","commune_slug":"nam_dong","unit_type":"Xã","unit_type_en":"Commune","admin_level":2,"province_code":"68","province_name":"Lâm Đồng","province_full_name":"Tỉnh Lâm Đồng","province_slug":"lam_dong","join_key":"24649","status":"active","dataset_effective_date":"2026-04-30","catalog_version":"2026-07-12","geometry_status":"not_embedded_boundary_available_by_url","boundary_source_url":"https://raw.githubusercontent.com/thanglequoc/vietnamese-provinces-database/master/json/geojson/68_lam_dong/wards/24649_nam_dong.geojson","boundary_source_page":"https://github.com/thanglequoc/vietnamese-provinces-database/blob/master/json/geojson/68_lam_dong/wards/24649_nam_dong.geojson","source_catalog":"https://github.com/thanglequoc/vietnamese-provinces-database"},"geometry":null},{"type":"Feature","id":"24664","properties":{"commune_code":"24664","commune_name":"Đức Lập","commune_name_en":"Duc Lap","commune_full_name":"Xã Đức Lập","commune_full_name_en":"Duc Lap Commune","commune_slug":"duc_lap","unit_type":"Xã","unit_type_en":"Commune","admin_level":2,"province_code":"68","province_name":"Lâm Đồng","province_full_name":"Tỉnh Lâm Đồng","province_slug":"lam_dong","join_key":"24664","status":"active","dataset_effective_date":"2026-04-30","catalog_version":"2026-07-12","geometry_status":"not_embedded_boundary_available_by_url","boundary_source_url":"https://raw.githubusercontent.com/thanglequoc/vietnamese-provinces-database/master/json/geojson/68_lam_dong/wards/24664_duc_lap.geojson","boundary_source_page":"https://github.com/thanglequoc/vietnamese-provinces-database/blob/master/json/geojson/68_lam_dong/wards/24664_duc_lap.geojson","source_catalog":"https://github.com/thanglequoc/vietnamese-provinces-database"},"geometry":null},{"type":"Feature","id":"24670","properties":{"commune_code":"24670","commune_name":"Đắk Mil","commune_name_en":"Dak Mil","commune_full_name":"Xã Đắk Mil","commune_full_name_en":"Dak Mil Commune","commune_slug":"dak_mil","unit_type":"Xã","unit_type_en":"Commune","admin_level":2,"province_code":"68","province_name":"Lâm Đồng","province_full_name":"Tỉnh Lâm Đồng","province_slug":"lam_dong","join_key":"24670","status":"active","dataset_effective_date":"2026-04-30","catalog_version":"2026-07-12","geometry_status":"not_embedded_boundary_available_by_url","boundary_source_url":"https://raw.githubusercontent.com/thanglequoc/vietnamese-provinces-database/master/json/geojson/68_lam_dong/wards/24670_dak_mil.geojson","boundary_source_page":"https://github.com/thanglequoc/vietnamese-provinces-database/blob/master/json/geojson/68_lam_dong/wards/24670_dak_mil.geojson","source_catalog":"https://github.com/thanglequoc/vietnamese-provinces-database"},"geometry":null},{"type":"Feature","id":"24678","properties":{"commune_code":"24678","commune_name":"Đắk Sắk","commune_name_en":"Dak Sak","commune_full_name":"Xã Đắk Sắk","commune_full_name_en":"Dak Sak Commune","commune_slug":"dak_sak","unit_type":"Xã","unit_type_en":"Commune","admin_level":2,"province_code":"68","province_name":"Lâm Đồng","province_full_name":"Tỉnh Lâm Đồng","province_slug":"lam_dong","join_key":"24678","status":"active","dataset_effective_date":"2026-04-30","catalog_version":"2026-07-12","geometry_status":"not_embedded_boundary_available_by_url","boundary_source_url":"https://raw.githubusercontent.com/thanglequoc/vietnamese-provinces-database/master/json/geojson/68_lam_dong/wards/24678_dak_sak.geojson","boundary_source_page":"https://github.com/thanglequoc/vietnamese-provinces-database/blob/master/json/geojson/68_lam_dong/wards/24678_dak_sak.geojson","source_catalog":"https://github.com/thanglequoc/vietnamese-provinces-database"},"geometry":null},{"type":"Feature","id":"24682","properties":{"commune_code":"24682","commune_name":"Thuận An","commune_name_en":"Thuan An","commune_full_name":"Xã Thuận An","commune_full_name_en":"Thuan An Commune","commune_slug":"thuan_an","unit_type":"Xã","unit_type_en":"Commune","admin_level":2,"province_code":"68","province_name":"Lâm Đồng","province_full_name":"Tỉnh Lâm Đồng","province_slug":"lam_dong","join_key":"24682","status":"active","dataset_effective_date":"2026-04-30","catalog_version":"2026-07-12","geometry_status":"not_embedded_boundary_available_by_url","boundary_source_url":"https://raw.githubusercontent.com/thanglequoc/vietnamese-provinces-database/master/json/geojson/68_lam_dong/wards/24682_thuan_an.geojson","boundary_source_page":"https://github.com/thanglequoc/vietnamese-provinces-database/blob/master/json/geojson/68_lam_dong/wards/24682_thuan_an.geojson","source_catalog":"https://github.com/thanglequoc/vietnamese-provinces-database"},"geometry":null},{"type":"Feature","id":"24688","properties":{"commune_code":"24688","commune_name":"Krông Nô","commune_name_en":"Krong No","commune_full_name":"Xã Krông Nô","commune_full_name_en":"Krong No Commune","commune_slug":"krong_no","unit_type":"Xã","unit_type_en":"Commune","admin_level":2,"province_code":"68","province_name":"Lâm Đồng","province_full_name":"Tỉnh Lâm Đồng","province_slug":"lam_dong","join_key":"24688","status":"active","dataset_effective_date":"2026-04-30","catalog_version":"2026-07-12","geometry_status":"not_embedded_boundary_available_by_url","boundary_source_url":"https://raw.githubusercontent.com/thanglequoc/vietnamese-provinces-database/master/json/geojson/68_lam_dong/wards/24688_krong_no.geojson","boundary_source_page":"https://github.com/thanglequoc/vietnamese-provinces-database/blob/master/json/geojson/68_lam_dong/wards/24688_krong_no.geojson","source_catalog":"https://github.com/thanglequoc/vietnamese-provinces-database"},"geometry":null},{"type":"Feature","id":"24697","properties":{"commune_code":"24697","commune_name":"Nam Đà","commune_name_en":"Nam Da","commune_full_name":"Xã Nam Đà","commune_full_name_en":"Nam Da Commune","commune_slug":"nam_da","unit_type":"Xã","unit_type_en":"Commune","admin_level":2,"province_code":"68","province_name":"Lâm Đồng","province_full_name":"Tỉnh Lâm Đồng","province_slug":"lam_dong","join_key":"24697","status":"active","dataset_effective_date":"2026-04-30","catalog_version":"2026-07-12","geometry_status":"not_embedded_boundary_available_by_url","boundary_source_url":"https://raw.githubusercontent.com/thanglequoc/vietnamese-provinces-database/master/json/geojson/68_lam_dong/wards/24697_nam_da.geojson","boundary_source_page":"https://github.com/thanglequoc/vietnamese-provinces-database/blob/master/json/geojson/68_lam_dong/wards/24697_nam_da.geojson","source_catalog":"https://github.com/thanglequoc/vietnamese-provinces-database"},"geometry":null},{"type":"Feature","id":"24703","properties":{"commune_code":"24703","commune_name":"Nâm Nung","commune_name_en":"Nam Nung","commune_full_name":"Xã Nâm Nung","commune_full_name_en":"Nam Nung Commune","commune_slug":"nam_nung","unit_type":"Xã","unit_type_en":"Commune","admin_level":2,"province_code":"68","province_name":"Lâm Đồng","province_full_name":"Tỉnh Lâm Đồng","province_slug":"lam_dong","join_key":"24703","status":"active","dataset_effective_date":"2026-04-30","catalog_version":"2026-07-12","geometry_status":"not_embedded_boundary_available_by_url","boundary_source_url":"https://raw.githubusercontent.com/thanglequoc/vietnamese-provinces-database/master/json/geojson/68_lam_dong/wards/24703_nam_nung.geojson","boundary_source_page":"https://github.com/thanglequoc/vietnamese-provinces-database/blob/master/json/geojson/68_lam_dong/wards/24703_nam_nung.geojson","source_catalog":"https://github.com/thanglequoc/vietnamese-provinces-database"},"geometry":null},{"type":"Feature","id":"24712","properties":{"commune_code":"24712","commune_name":"Quảng Phú","commune_name_en":"Quang Phu","commune_full_name":"Xã Quảng Phú","commune_full_name_en":"Quang Phu Commune","commune_slug":"quang_phu","unit_type":"Xã","unit_type_en":"Commune","admin_level":2,"province_code":"68","province_name":"Lâm Đồng","province_full_name":"Tỉnh Lâm Đồng","province_slug":"lam_dong","join_key":"24712","status":"active","dataset_effective_date":"2026-04-30","catalog_version":"2026-07-12","geometry_status":"not_embedded_boundary_available_by_url","boundary_source_url":"https://raw.githubusercontent.com/thanglequoc/vietnamese-provinces-database/master/json/geojson/68_lam_dong/wards/24712_quang_phu.geojson","boundary_source_page":"https://github.com/thanglequoc/vietnamese-provinces-database/blob/master/json/geojson/68_lam_dong/wards/24712_quang_phu.geojson","source_catalog":"https://github.com/thanglequoc/vietnamese-provinces-database"},"geometry":null},{"type":"Feature","id":"24717","properties":{"commune_code":"24717","commune_name":"Đức An","commune_name_en":"Duc An","commune_full_name":"Xã Đức An","commune_full_name_en":"Duc An Commune","commune_slug":"duc_an","unit_type":"Xã","unit_type_en":"Commune","admin_level":2,"province_code":"68","province_name":"Lâm Đồng","province_full_name":"Tỉnh Lâm Đồng","province_slug":"lam_dong","join_key":"24717","status":"active","dataset_effective_date":"2026-04-30","catalog_version":"2026-07-12","geometry_status":"not_embedded_boundary_available_by_url","boundary_source_url":"https://raw.githubusercontent.com/thanglequoc/vietnamese-provinces-database/master/json/geojson/68_lam_dong/wards/24717_duc_an.geojson","boundary_source_page":"https://github.com/thanglequoc/vietnamese-provinces-database/blob/master/json/geojson/68_lam_dong/wards/24717_duc_an.geojson","source_catalog":"https://github.com/thanglequoc/vietnamese-provinces-database"},"geometry":null},{"type":"Feature","id":"24718","properties":{"commune_code":"24718","commune_name":"Đắk Song","commune_name_en":"Dak Song","commune_full_name":"Xã Đắk Song","commune_full_name_en":"Dak Song Commune","commune_slug":"dak_song","unit_type":"Xã","unit_type_en":"Commune","admin_level":2,"province_code":"68","province_name":"Lâm Đồng","province_full_name":"Tỉnh Lâm Đồng","province_slug":"lam_dong","join_key":"24718","status":"active","dataset_effective_date":"2026-04-30","catalog_version":"2026-07-12","geometry_status":"not_embedded_boundary_available_by_url","boundary_source_url":"https://raw.githubusercontent.com/thanglequoc/vietnamese-provinces-database/master/json/geojson/68_lam_dong/wards/24718_dak_song.geojson","boundary_source_page":"https://github.com/thanglequoc/vietnamese-provinces-database/blob/master/json/geojson/68_lam_dong/wards/24718_dak_song.geojson","source_catalog":"https://github.com/thanglequoc/vietnamese-provinces-database"},"geometry":null},{"type":"Feature","id":"24722","properties":{"commune_code":"24722","commune_name":"Thuận Hạnh","commune_name_en":"Thuan Hanh","commune_full_name":"Xã Thuận Hạnh","commune_full_name_en":"Thuan Hanh Commune","commune_slug":"thuan_hanh","unit_type":"Xã","unit_type_en":"Commune","admin_level":2,"province_code":"68","province_name":"Lâm Đồng","province_full_name":"Tỉnh Lâm Đồng","province_slug":"lam_dong","join_key":"24722","status":"active","dataset_effective_date":"2026-04-30","catalog_version":"2026-07-12","geometry_status":"not_embedded_boundary_available_by_url","boundary_source_url":"https://raw.githubusercontent.com/thanglequoc/vietnamese-provinces-database/master/json/geojson/68_lam_dong/wards/24722_thuan_hanh.geojson","boundary_source_page":"https://github.com/thanglequoc/vietnamese-provinces-database/blob/master/json/geojson/68_lam_dong/wards/24722_thuan_hanh.geojson","source_catalog":"https://github.com/thanglequoc/vietnamese-provinces-database"},"geometry":null},{"type":"Feature","id":"24730","properties":{"commune_code":"24730","commune_name":"Trường Xuân","commune_name_en":"Truong Xuan","commune_full_name":"Xã Trường Xuân","commune_full_name_en":"Truong Xuan Commune","commune_slug":"truong_xuan","unit_type":"Xã","unit_type_en":"Commune","admin_level":2,"province_code":"68","province_name":"Lâm Đồng","province_full_name":"Tỉnh Lâm Đồng","province_slug":"lam_dong","join_key":"24730","status":"active","dataset_effective_date":"2026-04-30","catalog_version":"2026-07-12","geometry_status":"not_embedded_boundary_available_by_url","boundary_source_url":"https://raw.githubusercontent.com/thanglequoc/vietnamese-provinces-database/master/json/geojson/68_lam_dong/wards/24730_truong_xuan.geojson","boundary_source_page":"https://github.com/thanglequoc/vietnamese-provinces-database/blob/master/json/geojson/68_lam_dong/wards/24730_truong_xuan.geojson","source_catalog":"https://github.com/thanglequoc/vietnamese-provinces-database"},"geometry":null},{"type":"Feature","id":"24733","properties":{"commune_code":"24733","commune_name":"Kiến Đức","commune_name_en":"Kien Duc","commune_full_name":"Xã Kiến Đức","commune_full_name_en":"Kien Duc Commune","commune_slug":"kien_duc","unit_type":"Xã","unit_type_en":"Commune","admin_level":2,"province_code":"68","province_name":"Lâm Đồng","province_full_name":"Tỉnh Lâm Đồng","province_slug":"lam_dong","join_key":"24733","status":"active","dataset_effective_date":"2026-04-30","catalog_version":"2026-07-12","geometry_status":"not_embedded_boundary_available_by_url","boundary_source_url":"https://raw.githubusercontent.com/thanglequoc/vietnamese-provinces-database/master/json/geojson/68_lam_dong/wards/24733_kien_duc.geojson","boundary_source_page":"https://github.com/thanglequoc/vietnamese-provinces-database/blob/master/json/geojson/68_lam_dong/wards/24733_kien_duc.geojson","source_catalog":"https://github.com/thanglequoc/vietnamese-provinces-database"},"geometry":null},{"type":"Feature","id":"24736","properties":{"commune_code":"24736","commune_name":"Quảng Trực","commune_name_en":"Quang Truc","commune_full_name":"Xã Quảng Trực","commune_full_name_en":"Quang Truc Commune","commune_slug":"quang_truc","unit_type":"Xã","unit_type_en":"Commune","admin_level":2,"province_code":"68","province_name":"Lâm Đồng","province_full_name":"Tỉnh Lâm Đồng","province_slug":"lam_dong","join_key":"24736","status":"active","dataset_effective_date":"2026-04-30","catalog_version":"2026-07-12","geometry_status":"not_embedded_boundary_available_by_url","boundary_source_url":"https://raw.githubusercontent.com/thanglequoc/vietnamese-provinces-database/master/json/geojson/68_lam_dong/wards/24736_quang_truc.geojson","boundary_source_page":"https://github.com/thanglequoc/vietnamese-provinces-database/blob/master/json/geojson/68_lam_dong/wards/24736_quang_truc.geojson","source_catalog":"https://github.com/thanglequoc/vietnamese-provinces-database"},"geometry":null},{"type":"Feature","id":"24739","properties":{"commune_code":"24739","commune_name":"Tuy Đức","commune_name_en":"Tuy Duc","commune_full_name":"Xã Tuy Đức","commune_full_name_en":"Tuy Duc Commune","commune_slug":"tuy_duc","unit_type":"Xã","unit_type_en":"Commune","admin_level":2,"province_code":"68","province_name":"Lâm Đồng","province_full_name":"Tỉnh Lâm Đồng","province_slug":"lam_dong","join_key":"24739","status":"active","dataset_effective_date":"2026-04-30","catalog_version":"2026-07-12","geometry_status":"not_embedded_boundary_available_by_url","boundary_source_url":"https://raw.githubusercontent.com/thanglequoc/vietnamese-provinces-database/master/json/geojson/68_lam_dong/wards/24739_tuy_duc.geojson","boundary_source_page":"https://github.com/thanglequoc/vietnamese-provinces-database/blob/master/json/geojson/68_lam_dong/wards/24739_tuy_duc.geojson","source_catalog":"https://github.com/thanglequoc/vietnamese-provinces-database"},"geometry":null},{"type":"Feature","id":"24748","properties":{"commune_code":"24748","commune_name":"Quảng Tân","commune_name_en":"Quang Tan","commune_full_name":"Xã Quảng Tân","commune_full_name_en":"Quang Tan Commune","commune_slug":"quang_tan","unit_type":"Xã","unit_type_en":"Commune","admin_level":2,"province_code":"68","province_name":"Lâm Đồng","province_full_name":"Tỉnh Lâm Đồng","province_slug":"lam_dong","join_key":"24748","status":"active","dataset_effective_date":"2026-04-30","catalog_version":"2026-07-12","geometry_status":"not_embedded_boundary_available_by_url","boundary_source_url":"https://raw.githubusercontent.com/thanglequoc/vietnamese-provinces-database/master/json/geojson/68_lam_dong/wards/24748_quang_tan.geojson","boundary_source_page":"https://github.com/thanglequoc/vietnamese-provinces-database/blob/master/json/geojson/68_lam_dong/wards/24748_quang_tan.geojson","source_catalog":"https://github.com/thanglequoc/vietnamese-provinces-database"},"geometry":null},{"type":"Feature","id":"24751","properties":{"commune_code":"24751","commune_name":"Nhân Cơ","commune_name_en":"Nhan Co","commune_full_name":"Xã Nhân Cơ","commune_full_name_en":"Nhan Co Commune","commune_slug":"nhan_co","unit_type":"Xã","unit_type_en":"Commune","admin_level":2,"province_code":"68","province_name":"Lâm Đồng","province_full_name":"Tỉnh Lâm Đồng","province_slug":"lam_dong","join_key":"24751","status":"active","dataset_effective_date":"2026-04-30","catalog_version":"2026-07-12","geometry_status":"not_embedded_boundary_available_by_url","boundary_source_url":"https://raw.githubusercontent.com/thanglequoc/vietnamese-provinces-database/master/json/geojson/68_lam_dong/wards/24751_nhan_co.geojson","boundary_source_page":"https://github.com/thanglequoc/vietnamese-provinces-database/blob/master/json/geojson/68_lam_dong/wards/24751_nhan_co.geojson","source_catalog":"https://github.com/thanglequoc/vietnamese-provinces-database"},"geometry":null},{"type":"Feature","id":"24760","properties":{"commune_code":"24760","commune_name":"Quảng Tín","commune_name_en":"Quang Tin","commune_full_name":"Xã Quảng Tín","commune_full_name_en":"Quang Tin Commune","commune_slug":"quang_tin","unit_type":"Xã","unit_type_en":"Commune","admin_level":2,"province_code":"68","province_name":"Lâm Đồng","province_full_name":"Tỉnh Lâm Đồng","province_slug":"lam_dong","join_key":"24760","status":"active","dataset_effective_date":"2026-04-30","catalog_version":"2026-07-12","geometry_status":"not_embedded_boundary_available_by_url","boundary_source_url":"https://raw.githubusercontent.com/thanglequoc/vietnamese-provinces-database/master/json/geojson/68_lam_dong/wards/24760_quang_tin.geojson","boundary_source_page":"https://github.com/thanglequoc/vietnamese-provinces-database/blob/master/json/geojson/68_lam_dong/wards/24760_quang_tin.geojson","source_catalog":"https://github.com/thanglequoc/vietnamese-provinces-database"},"geometry":null},{"type":"Feature","id":"24778","properties":{"commune_code":"24778","commune_name":"Lâm Viên - Đà Lạt","commune_name_en":"Lam Vien - Da Lat","commune_full_name":"Phường Lâm Viên - Đà Lạt","commune_full_name_en":"Lam Vien - Da Lat Ward","commune_slug":"lam_vien_da_lat","unit_type":"Phường","unit_type_en":"Ward","admin_level":2,"province_code":"68","province_name":"Lâm Đồng","province_full_name":"Tỉnh Lâm Đồng","province_slug":"lam_dong","join_key":"24778","status":"active","dataset_effective_date":"2026-04-30","catalog_version":"2026-07-12","geometry_status":"not_embedded_boundary_available_by_url","boundary_source_url":"https://raw.githubusercontent.com/thanglequoc/vietnamese-provinces-database/master/json/geojson/68_lam_dong/wards/24778_lam_vien_da_lat.geojson","boundary_source_page":"https://github.com/thanglequoc/vietnamese-provinces-database/blob/master/json/geojson/68_lam_dong/wards/24778_lam_vien_da_lat.geojson","source_catalog":"https://github.com/thanglequoc/vietnamese-provinces-database"},"geometry":null},{"type":"Feature","id":"24781","properties":{"commune_code":"24781","commune_name":"Xuân Hương - Đà Lạt","commune_name_en":"Xuan Huong - Da Lat","commune_full_name":"Phường Xuân Hương - Đà Lạt","commune_full_name_en":"Xuan Huong - Da Lat Ward","commune_slug":"xuan_huong_da_lat","unit_type":"Phường","unit_type_en":"Ward","admin_level":2,"province_code":"68","province_name":"Lâm Đồng","province_full_name":"Tỉnh Lâm Đồng","province_slug":"lam_dong","join_key":"24781","status":"active","dataset_effective_date":"2026-04-30","catalog_version":"2026-07-12","geometry_status":"not_embedded_boundary_available_by_url","boundary_source_url":"https://raw.githubusercontent.com/thanglequoc/vietnamese-provinces-database/master/json/geojson/68_lam_dong/wards/24781_xuan_huong_da_lat.geojson","boundary_source_page":"https://github.com/thanglequoc/vietnamese-provinces-database/blob/master/json/geojson/68_lam_dong/wards/24781_xuan_huong_da_lat.geojson","source_catalog":"https://github.com/thanglequoc/vietnamese-provinces-database"},"geometry":null},{"type":"Feature","id":"24787","properties":{"commune_code":"24787","commune_name":"Cam Ly - Đà Lạt","commune_name_en":"Cam Ly - Da Lat","commune_full_name":"Phường Cam Ly - Đà Lạt","commune_full_name_en":"Cam Ly - Da Lat Ward","commune_slug":"cam_ly_da_lat","unit_type":"Phường","unit_type_en":"Ward","admin_level":2,"province_code":"68","province_name":"Lâm Đồng","province_full_name":"Tỉnh Lâm Đồng","province_slug":"lam_dong","join_key":"24787","status":"active","dataset_effective_date":"2026-04-30","catalog_version":"2026-07-12","geometry_status":"not_embedded_boundary_available_by_url","boundary_source_url":"https://raw.githubusercontent.com/thanglequoc/vietnamese-provinces-database/master/json/geojson/68_lam_dong/wards/24787_cam_ly_da_lat.geojson","boundary_source_page":"https://github.com/thanglequoc/vietnamese-provinces-database/blob/master/json/geojson/68_lam_dong/wards/24787_cam_ly_da_lat.geojson","source_catalog":"https://github.com/thanglequoc/vietnamese-provinces-database"},"geometry":null},{"type":"Feature","id":"24805","properties":{"commune_code":"24805","commune_name":"Xuân Trường - Đà Lạt","commune_name_en":"Xuan Truong - Da Lat","commune_full_name":"Phường Xuân Trường - Đà Lạt","commune_full_name_en":"Xuan Truong - Da Lat Ward","commune_slug":"xuan_truong_da_lat","unit_type":"Phường","unit_type_en":"Ward","admin_level":2,"province_code":"68","province_name":"Lâm Đồng","province_full_name":"Tỉnh Lâm Đồng","province_slug":"lam_dong","join_key":"24805","status":"active","dataset_effective_date":"2026-04-30","catalog_version":"2026-07-12","geometry_status":"not_embedded_boundary_available_by_url","boundary_source_url":"https://raw.githubusercontent.com/thanglequoc/vietnamese-provinces-database/master/json/geojson/68_lam_dong/wards/24805_xuan_truong_da_lat.geojson","boundary_source_page":"https://github.com/thanglequoc/vietnamese-provinces-database/blob/master/json/geojson/68_lam_dong/wards/24805_xuan_truong_da_lat.geojson","source_catalog":"https://github.com/thanglequoc/vietnamese-provinces-database"},"geometry":null},{"type":"Feature","id":"24820","properties":{"commune_code":"24820","commune_name":"2 Bảo Lộc","commune_name_en":"2 Bao Loc","commune_full_name":"Phường 2 Bảo Lộc","commune_full_name_en":"Ward 2 Bao Loc","commune_slug":"2_bao_loc","unit_type":"Phường","unit_type_en":"Ward","admin_level":2,"province_code":"68","province_name":"Lâm Đồng","province_full_name":"Tỉnh Lâm Đồng","province_slug":"lam_dong","join_key":"24820","status":"active","dataset_effective_date":"2026-04-30","catalog_version":"2026-07-12","geometry_status":"not_embedded_boundary_available_by_url","boundary_source_url":"https://raw.githubusercontent.com/thanglequoc/vietnamese-provinces-database/master/json/geojson/68_lam_dong/wards/24820_2_bao_loc.geojson","boundary_source_page":"https://github.com/thanglequoc/vietnamese-provinces-database/blob/master/json/geojson/68_lam_dong/wards/24820_2_bao_loc.geojson","source_catalog":"https://github.com/thanglequoc/vietnamese-provinces-database"},"geometry":null},{"type":"Feature","id":"24823","properties":{"commune_code":"24823","commune_name":"1 Bảo Lộc","commune_name_en":"1 Bao Loc","commune_full_name":"Phường 1 Bảo Lộc","commune_full_name_en":"Ward 1 Bao Loc","commune_slug":"1_bao_loc","unit_type":"Phường","unit_type_en":"Ward","admin_level":2,"province_code":"68","province_name":"Lâm Đồng","province_full_name":"Tỉnh Lâm Đồng","province_slug":"lam_dong","join_key":"24823","status":"active","dataset_effective_date":"2026-04-30","catalog_version":"2026-07-12","geometry_status":"not_embedded_boundary_available_by_url","boundary_source_url":"https://raw.githubusercontent.com/thanglequoc/vietnamese-provinces-database/master/json/geojson/68_lam_dong/wards/24823_1_bao_loc.geojson","boundary_source_page":"https://github.com/thanglequoc/vietnamese-provinces-database/blob/master/json/geojson/68_lam_dong/wards/24823_1_bao_loc.geojson","source_catalog":"https://github.com/thanglequoc/vietnamese-provinces-database"},"geometry":null},{"type":"Feature","id":"24829","properties":{"commune_code":"24829","commune_name":"B'Lao","commune_name_en":"B'Lao","commune_full_name":"Phường B'Lao","commune_full_name_en":"B'Lao Ward","commune_slug":"blao","unit_type":"Phường","unit_type_en":"Ward","admin_level":2,"province_code":"68","province_name":"Lâm Đồng","province_full_name":"Tỉnh Lâm Đồng","province_slug":"lam_dong","join_key":"24829","status":"active","dataset_effective_date":"2026-04-30","catalog_version":"2026-07-12","geometry_status":"not_embedded_boundary_available_by_url","boundary_source_url":"https://raw.githubusercontent.com/thanglequoc/vietnamese-provinces-database/master/json/geojson/68_lam_dong/wards/24829_blao.geojson","boundary_source_page":"https://github.com/thanglequoc/vietnamese-provinces-database/blob/master/json/geojson/68_lam_dong/wards/24829_blao.geojson","source_catalog":"https://github.com/thanglequoc/vietnamese-provinces-database"},"geometry":null},{"type":"Feature","id":"24841","properties":{"commune_code":"24841","commune_name":"3 Bảo Lộc","commune_name_en":"3 Bao Loc","commune_full_name":"Phường 3 Bảo Lộc","commune_full_name_en":"Ward 3 Bao Loc","commune_slug":"3_bao_loc","unit_type":"Phường","unit_type_en":"Ward","admin_level":2,"province_code":"68","province_name":"Lâm Đồng","province_full_name":"Tỉnh Lâm Đồng","province_slug":"lam_dong","join_key":"24841","status":"active","dataset_effective_date":"2026-04-30","catalog_version":"2026-07-12","geometry_status":"not_embedded_boundary_available_by_url","boundary_source_url":"https://raw.githubusercontent.com/thanglequoc/vietnamese-provinces-database/master/json/geojson/68_lam_dong/wards/24841_3_bao_loc.geojson","boundary_source_page":"https://github.com/thanglequoc/vietnamese-provinces-database/blob/master/json/geojson/68_lam_dong/wards/24841_3_bao_loc.geojson","source_catalog":"https://github.com/thanglequoc/vietnamese-provinces-database"},"geometry":null},{"type":"Feature","id":"24846","properties":{"commune_code":"24846","commune_name":"Lang Biang - Đà Lạt","commune_name_en":"Lang Biang - Da Lat","commune_full_name":"Phường Lang Biang - Đà Lạt","commune_full_name_en":"Lang Biang - Da Lat Ward","commune_slug":"lang_biang_da_lat","unit_type":"Phường","unit_type_en":"Ward","admin_level":2,"province_code":"68","province_name":"Lâm Đồng","province_full_name":"Tỉnh Lâm Đồng","province_slug":"lam_dong","join_key":"24846","status":"active","dataset_effective_date":"2026-04-30","catalog_version":"2026-07-12","geometry_status":"not_embedded_boundary_available_by_url","boundary_source_url":"https://raw.githubusercontent.com/thanglequoc/vietnamese-provinces-database/master/json/geojson/68_lam_dong/wards/24846_lang_biang_da_lat.geojson","boundary_source_page":"https://github.com/thanglequoc/vietnamese-provinces-database/blob/master/json/geojson/68_lam_dong/wards/24846_lang_biang_da_lat.geojson","source_catalog":"https://github.com/thanglequoc/vietnamese-provinces-database"},"geometry":null},{"type":"Feature","id":"24848","properties":{"commune_code":"24848","commune_name":"Lạc Dương","commune_name_en":"Lac Duong","commune_full_name":"Xã Lạc Dương","commune_full_name_en":"Lac Duong Commune","commune_slug":"lac_duong","unit_type":"Xã","unit_type_en":"Commune","admin_level":2,"province_code":"68","province_name":"Lâm Đồng","province_full_name":"Tỉnh Lâm Đồng","province_slug":"lam_dong","join_key":"24848","status":"active","dataset_effective_date":"2026-04-30","catalog_version":"2026-07-12","geometry_status":"not_embedded_boundary_available_by_url","boundary_source_url":"https://raw.githubusercontent.com/thanglequoc/vietnamese-provinces-database/master/json/geojson/68_lam_dong/wards/24848_lac_duong.geojson","boundary_source_page":"https://github.com/thanglequoc/vietnamese-provinces-database/blob/master/json/geojson/68_lam_dong/wards/24848_lac_duong.geojson","source_catalog":"https://github.com/thanglequoc/vietnamese-provinces-database"},"geometry":null},{"type":"Feature","id":"24853","properties":{"commune_code":"24853","commune_name":"Đam Rông 4","commune_name_en":"Dam Rong 4","commune_full_name":"Xã Đam Rông 4","commune_full_name_en":"Commune Dam Rong 4","commune_slug":"dam_rong_4","unit_type":"Xã","unit_type_en":"Commune","admin_level":2,"province_code":"68","province_name":"Lâm Đồng","province_full_name":"Tỉnh Lâm Đồng","province_slug":"lam_dong","join_key":"24853","status":"active","dataset_effective_date":"2026-04-30","catalog_version":"2026-07-12","geometry_status":"not_embedded_boundary_available_by_url","boundary_source_url":"https://raw.githubusercontent.com/thanglequoc/vietnamese-provinces-database/master/json/geojson/68_lam_dong/wards/24853_dam_rong_4.geojson","boundary_source_page":"https://github.com/thanglequoc/vietnamese-provinces-database/blob/master/json/geojson/68_lam_dong/wards/24853_dam_rong_4.geojson","source_catalog":"https://github.com/thanglequoc/vietnamese-provinces-database"},"geometry":null},{"type":"Feature","id":"24868","properties":{"commune_code":"24868","commune_name":"Nam Ban Lâm Hà","commune_name_en":"Nam Ban Lam Ha","commune_full_name":"Xã Nam Ban Lâm Hà","commune_full_name_en":"Nam Ban Lam Ha Commune","commune_slug":"nam_ban_lam_ha","unit_type":"Xã","unit_type_en":"Commune","admin_level":2,"province_code":"68","province_name":"Lâm Đồng","province_full_name":"Tỉnh Lâm Đồng","province_slug":"lam_dong","join_key":"24868","status":"active","dataset_effective_date":"2026-04-30","catalog_version":"2026-07-12","geometry_status":"not_embedded_boundary_available_by_url","boundary_source_url":"https://raw.githubusercontent.com/thanglequoc/vietnamese-provinces-database/master/json/geojson/68_lam_dong/wards/24868_nam_ban_lam_ha.geojson","boundary_source_page":"https://github.com/thanglequoc/vietnamese-provinces-database/blob/master/json/geojson/68_lam_dong/wards/24868_nam_ban_lam_ha.geojson","source_catalog":"https://github.com/thanglequoc/vietnamese-provinces-database"},"geometry":null},{"type":"Feature","id":"24871","properties":{"commune_code":"24871","commune_name":"Đinh Văn Lâm Hà","commune_name_en":"Dinh Van Lam Ha","commune_full_name":"Xã Đinh Văn Lâm Hà","commune_full_name_en":"Dinh Van Lam Ha Commune","commune_slug":"dinh_van_lam_ha","unit_type":"Xã","unit_type_en":"Commune","admin_level":2,"province_code":"68","province_name":"Lâm Đồng","province_full_name":"Tỉnh Lâm Đồng","province_slug":"lam_dong","join_key":"24871","status":"active","dataset_effective_date":"2026-04-30","catalog_version":"2026-07-12","geometry_status":"not_embedded_boundary_available_by_url","boundary_source_url":"https://raw.githubusercontent.com/thanglequoc/vietnamese-provinces-database/master/json/geojson/68_lam_dong/wards/24871_dinh_van_lam_ha.geojson","boundary_source_page":"https://github.com/thanglequoc/vietnamese-provinces-database/blob/master/json/geojson/68_lam_dong/wards/24871_dinh_van_lam_ha.geojson","source_catalog":"https://github.com/thanglequoc/vietnamese-provinces-database"},"geometry":null},{"type":"Feature","id":"24875","properties":{"commune_code":"24875","commune_name":"Đam Rông 3","commune_name_en":"Dam Rong 3","commune_full_name":"Xã Đam Rông 3","commune_full_name_en":"Commune Dam Rong 3","commune_slug":"dam_rong_3","unit_type":"Xã","unit_type_en":"Commune","admin_level":2,"province_code":"68","province_name":"Lâm Đồng","province_full_name":"Tỉnh Lâm Đồng","province_slug":"lam_dong","join_key":"24875","status":"active","dataset_effective_date":"2026-04-30","catalog_version":"2026-07-12","geometry_status":"not_embedded_boundary_available_by_url","boundary_source_url":"https://raw.githubusercontent.com/thanglequoc/vietnamese-provinces-database/master/json/geojson/68_lam_dong/wards/24875_dam_rong_3.geojson","boundary_source_page":"https://github.com/thanglequoc/vietnamese-provinces-database/blob/master/json/geojson/68_lam_dong/wards/24875_dam_rong_3.geojson","source_catalog":"https://github.com/thanglequoc/vietnamese-provinces-database"},"geometry":null},{"type":"Feature","id":"24877","properties":{"commune_code":"24877","commune_name":"Đam Rông 2","commune_name_en":"Dam Rong 2","commune_full_name":"Xã Đam Rông 2","commune_full_name_en":"Commune Dam Rong 2","commune_slug":"dam_rong_2","unit_type":"Xã","unit_type_en":"Commune","admin_level":2,"province_code":"68","province_name":"Lâm Đồng","province_full_name":"Tỉnh Lâm Đồng","province_slug":"lam_dong","join_key":"24877","status":"active","dataset_effective_date":"2026-04-30","catalog_version":"2026-07-12","geometry_status":"not_embedded_boundary_available_by_url","boundary_source_url":"https://raw.githubusercontent.com/thanglequoc/vietnamese-provinces-database/master/json/geojson/68_lam_dong/wards/24877_dam_rong_2.geojson","boundary_source_page":"https://github.com/thanglequoc/vietnamese-provinces-database/blob/master/json/geojson/68_lam_dong/wards/24877_dam_rong_2.geojson","source_catalog":"https://github.com/thanglequoc/vietnamese-provinces-database"},"geometry":null},{"type":"Feature","id":"24883","properties":{"commune_code":"24883","commune_name":"Nam Hà Lâm Hà","commune_name_en":"Nam Ha Lam Ha","commune_full_name":"Xã Nam Hà Lâm Hà","commune_full_name_en":"Nam Ha Lam Ha Commune","commune_slug":"nam_ha_lam_ha","unit_type":"Xã","unit_type_en":"Commune","admin_level":2,"province_code":"68","province_name":"Lâm Đồng","province_full_name":"Tỉnh Lâm Đồng","province_slug":"lam_dong","join_key":"24883","status":"active","dataset_effective_date":"2026-04-30","catalog_version":"2026-07-12","geometry_status":"not_embedded_boundary_available_by_url","boundary_source_url":"https://raw.githubusercontent.com/thanglequoc/vietnamese-provinces-database/master/json/geojson/68_lam_dong/wards/24883_nam_ha_lam_ha.geojson","boundary_source_page":"https://github.com/thanglequoc/vietnamese-provinces-database/blob/master/json/geojson/68_lam_dong/wards/24883_nam_ha_lam_ha.geojson","source_catalog":"https://github.com/thanglequoc/vietnamese-provinces-database"},"geometry":null},{"type":"Feature","id":"24886","properties":{"commune_code":"24886","commune_name":"Đam Rông 1","commune_name_en":"Dam Rong 1","commune_full_name":"Xã Đam Rông 1","commune_full_name_en":"Commune Dam Rong 1","commune_slug":"dam_rong_1","unit_type":"Xã","unit_type_en":"Commune","admin_level":2,"province_code":"68","province_name":"Lâm Đồng","province_full_name":"Tỉnh Lâm Đồng","province_slug":"lam_dong","join_key":"24886","status":"active","dataset_effective_date":"2026-04-30","catalog_version":"2026-07-12","geometry_status":"not_embedded_boundary_available_by_url","boundary_source_url":"https://raw.githubusercontent.com/thanglequoc/vietnamese-provinces-database/master/json/geojson/68_lam_dong/wards/24886_dam_rong_1.geojson","boundary_source_page":"https://github.com/thanglequoc/vietnamese-provinces-database/blob/master/json/geojson/68_lam_dong/wards/24886_dam_rong_1.geojson","source_catalog":"https://github.com/thanglequoc/vietnamese-provinces-database"},"geometry":null},{"type":"Feature","id":"24895","properties":{"commune_code":"24895","commune_name":"Phú Sơn Lâm Hà","commune_name_en":"Phu Son Lam Ha","commune_full_name":"Xã Phú Sơn Lâm Hà","commune_full_name_en":"Phu Son Lam Ha Commune","commune_slug":"phu_son_lam_ha","unit_type":"Xã","unit_type_en":"Commune","admin_level":2,"province_code":"68","province_name":"Lâm Đồng","province_full_name":"Tỉnh Lâm Đồng","province_slug":"lam_dong","join_key":"24895","status":"active","dataset_effective_date":"2026-04-30","catalog_version":"2026-07-12","geometry_status":"not_embedded_boundary_available_by_url","boundary_source_url":"https://raw.githubusercontent.com/thanglequoc/vietnamese-provinces-database/master/json/geojson/68_lam_dong/wards/24895_phu_son_lam_ha.geojson","boundary_source_page":"https://github.com/thanglequoc/vietnamese-provinces-database/blob/master/json/geojson/68_lam_dong/wards/24895_phu_son_lam_ha.geojson","source_catalog":"https://github.com/thanglequoc/vietnamese-provinces-database"},"geometry":null},{"type":"Feature","id":"24907","properties":{"commune_code":"24907","commune_name":"Phúc Thọ Lâm Hà","commune_name_en":"Phuc Tho Lam Ha","commune_full_name":"Xã Phúc Thọ Lâm Hà","commune_full_name_en":"Phuc Tho Lam Ha Commune","commune_slug":"phuc_tho_lam_ha","unit_type":"Xã","unit_type_en":"Commune","admin_level":2,"province_code":"68","province_name":"Lâm Đồng","province_full_name":"Tỉnh Lâm Đồng","province_slug":"lam_dong","join_key":"24907","status":"active","dataset_effective_date":"2026-04-30","catalog_version":"2026-07-12","geometry_status":"not_embedded_boundary_available_by_url","boundary_source_url":"https://raw.githubusercontent.com/thanglequoc/vietnamese-provinces-database/master/json/geojson/68_lam_dong/wards/24907_phuc_tho_lam_ha.geojson","boundary_source_page":"https://github.com/thanglequoc/vietnamese-provinces-database/blob/master/json/geojson/68_lam_dong/wards/24907_phuc_tho_lam_ha.geojson","source_catalog":"https://github.com/thanglequoc/vietnamese-provinces-database"},"geometry":null},{"type":"Feature","id":"24916","properties":{"commune_code":"24916","commune_name":"Tân Hà Lâm Hà","commune_name_en":"Tan Ha Lam Ha","commune_full_name":"Xã Tân Hà Lâm Hà","commune_full_name_en":"Tan Ha Lam Ha Commune","commune_slug":"tan_ha_lam_ha","unit_type":"Xã","unit_type_en":"Commune","admin_level":2,"province_code":"68","province_name":"Lâm Đồng","province_full_name":"Tỉnh Lâm Đồng","province_slug":"lam_dong","join_key":"24916","status":"active","dataset_effective_date":"2026-04-30","catalog_version":"2026-07-12","geometry_status":"not_embedded_boundary_available_by_url","boundary_source_url":"https://raw.githubusercontent.com/thanglequoc/vietnamese-provinces-database/master/json/geojson/68_lam_dong/wards/24916_tan_ha_lam_ha.geojson","boundary_source_page":"https://github.com/thanglequoc/vietnamese-provinces-database/blob/master/json/geojson/68_lam_dong/wards/24916_tan_ha_lam_ha.geojson","source_catalog":"https://github.com/thanglequoc/vietnamese-provinces-database"},"geometry":null},{"type":"Feature","id":"24931","properties":{"commune_code":"24931","commune_name":"Đơn Dương","commune_name_en":"Don Duong","commune_full_name":"Xã Đơn Dương","commune_full_name_en":"Don Duong Commune","commune_slug":"don_duong","unit_type":"Xã","unit_type_en":"Commune","admin_level":2,"province_code":"68","province_name":"Lâm Đồng","province_full_name":"Tỉnh Lâm Đồng","province_slug":"lam_dong","join_key":"24931","status":"active","dataset_effective_date":"2026-04-30","catalog_version":"2026-07-12","geometry_status":"not_embedded_boundary_available_by_url","boundary_source_url":"https://raw.githubusercontent.com/thanglequoc/vietnamese-provinces-database/master/json/geojson/68_lam_dong/wards/24931_don_duong.geojson","boundary_source_page":"https://github.com/thanglequoc/vietnamese-provinces-database/blob/master/json/geojson/68_lam_dong/wards/24931_don_duong.geojson","source_catalog":"https://github.com/thanglequoc/vietnamese-provinces-database"},"geometry":null},{"type":"Feature","id":"24934","properties":{"commune_code":"24934","commune_name":"D'Ran","commune_name_en":"D'Ran","commune_full_name":"Xã D'Ran","commune_full_name_en":"D'Ran Commune","commune_slug":"dran","unit_type":"Xã","unit_type_en":"Commune","admin_level":2,"province_code":"68","province_name":"Lâm Đồng","province_full_name":"Tỉnh Lâm Đồng","province_slug":"lam_dong","join_key":"24934","status":"active","dataset_effective_date":"2026-04-30","catalog_version":"2026-07-12","geometry_status":"not_embedded_boundary_available_by_url","boundary_source_url":"https://raw.githubusercontent.com/thanglequoc/vietnamese-provinces-database/master/json/geojson/68_lam_dong/wards/24934_dran.geojson","boundary_source_page":"https://github.com/thanglequoc/vietnamese-provinces-database/blob/master/json/geojson/68_lam_dong/wards/24934_dran.geojson","source_catalog":"https://github.com/thanglequoc/vietnamese-provinces-database"},"geometry":null},{"type":"Feature","id":"24943","properties":{"commune_code":"24943","commune_name":"Ka Đô","commune_name_en":"Ka Do","commune_full_name":"Xã Ka Đô","commune_full_name_en":"Ka Do Commune","commune_slug":"ka_do","unit_type":"Xã","unit_type_en":"Commune","admin_level":2,"province_code":"68","province_name":"Lâm Đồng","province_full_name":"Tỉnh Lâm Đồng","province_slug":"lam_dong","join_key":"24943","status":"active","dataset_effective_date":"2026-04-30","catalog_version":"2026-07-12","geometry_status":"not_embedded_boundary_available_by_url","boundary_source_url":"https://raw.githubusercontent.com/thanglequoc/vietnamese-provinces-database/master/json/geojson/68_lam_dong/wards/24943_ka_do.geojson","boundary_source_page":"https://github.com/thanglequoc/vietnamese-provinces-database/blob/master/json/geojson/68_lam_dong/wards/24943_ka_do.geojson","source_catalog":"https://github.com/thanglequoc/vietnamese-provinces-database"},"geometry":null},{"type":"Feature","id":"24955","properties":{"commune_code":"24955","commune_name":"Quảng Lập","commune_name_en":"Quang Lap","commune_full_name":"Xã Quảng Lập","commune_full_name_en":"Quang Lap Commune","commune_slug":"quang_lap","unit_type":"Xã","unit_type_en":"Commune","admin_level":2,"province_code":"68","province_name":"Lâm Đồng","province_full_name":"Tỉnh Lâm Đồng","province_slug":"lam_dong","join_key":"24955","status":"active","dataset_effective_date":"2026-04-30","catalog_version":"2026-07-12","geometry_status":"not_embedded_boundary_available_by_url","boundary_source_url":"https://raw.githubusercontent.com/thanglequoc/vietnamese-provinces-database/master/json/geojson/68_lam_dong/wards/24955_quang_lap.geojson","boundary_source_page":"https://github.com/thanglequoc/vietnamese-provinces-database/blob/master/json/geojson/68_lam_dong/wards/24955_quang_lap.geojson","source_catalog":"https://github.com/thanglequoc/vietnamese-provinces-database"},"geometry":null},{"type":"Feature","id":"24958","properties":{"commune_code":"24958","commune_name":"Đức Trọng","commune_name_en":"Duc Trong","commune_full_name":"Xã Đức Trọng","commune_full_name_en":"Duc Trong Commune","commune_slug":"duc_trong","unit_type":"Xã","unit_type_en":"Commune","admin_level":2,"province_code":"68","province_name":"Lâm Đồng","province_full_name":"Tỉnh Lâm Đồng","province_slug":"lam_dong","join_key":"24958","status":"active","dataset_effective_date":"2026-04-30","catalog_version":"2026-07-12","geometry_status":"not_embedded_boundary_available_by_url","boundary_source_url":"https://raw.githubusercontent.com/thanglequoc/vietnamese-provinces-database/master/json/geojson/68_lam_dong/wards/24958_duc_trong.geojson","boundary_source_page":"https://github.com/thanglequoc/vietnamese-provinces-database/blob/master/json/geojson/68_lam_dong/wards/24958_duc_trong.geojson","source_catalog":"https://github.com/thanglequoc/vietnamese-provinces-database"},"geometry":null},{"type":"Feature","id":"24967","properties":{"commune_code":"24967","commune_name":"Hiệp Thạnh","commune_name_en":"Hiep Thanh","commune_full_name":"Xã Hiệp Thạnh","commune_full_name_en":"Hiep Thanh Commune","commune_slug":"hiep_thanh","unit_type":"Xã","unit_type_en":"Commune","admin_level":2,"province_code":"68","province_name":"Lâm Đồng","province_full_name":"Tỉnh Lâm Đồng","province_slug":"lam_dong","join_key":"24967","status":"active","dataset_effective_date":"2026-04-30","catalog_version":"2026-07-12","geometry_status":"not_embedded_boundary_available_by_url","boundary_source_url":"https://raw.githubusercontent.com/thanglequoc/vietnamese-provinces-database/master/json/geojson/68_lam_dong/wards/24967_hiep_thanh.geojson","boundary_source_page":"https://github.com/thanglequoc/vietnamese-provinces-database/blob/master/json/geojson/68_lam_dong/wards/24967_hiep_thanh.geojson","source_catalog":"https://github.com/thanglequoc/vietnamese-provinces-database"},"geometry":null},{"type":"Feature","id":"24976","properties":{"commune_code":"24976","commune_name":"Tân Hội","commune_name_en":"Tan Hoi","commune_full_name":"Xã Tân Hội","commune_full_name_en":"Tan Hoi Commune","commune_slug":"tan_hoi","unit_type":"Xã","unit_type_en":"Commune","admin_level":2,"province_code":"68","province_name":"Lâm Đồng","province_full_name":"Tỉnh Lâm Đồng","province_slug":"lam_dong","join_key":"24976","status":"active","dataset_effective_date":"2026-04-30","catalog_version":"2026-07-12","geometry_status":"not_embedded_boundary_available_by_url","boundary_source_url":"https://raw.githubusercontent.com/thanglequoc/vietnamese-provinces-database/master/json/geojson/68_lam_dong/wards/24976_tan_hoi.geojson","boundary_source_page":"https://github.com/thanglequoc/vietnamese-provinces-database/blob/master/json/geojson/68_lam_dong/wards/24976_tan_hoi.geojson","source_catalog":"https://github.com/thanglequoc/vietnamese-provinces-database"},"geometry":null},{"type":"Feature","id":"24985","properties":{"commune_code":"24985","commune_name":"Ninh Gia","commune_name_en":"Ninh Gia","commune_full_name":"Xã Ninh Gia","commune_full_name_en":"Ninh Gia Commune","commune_slug":"ninh_gia","unit_type":"Xã","unit_type_en":"Commune","admin_level":2,"province_code":"68","province_name":"Lâm Đồng","province_full_name":"Tỉnh Lâm Đồng","province_slug":"lam_dong","join_key":"24985","status":"active","dataset_effective_date":"2026-04-30","catalog_version":"2026-07-12","geometry_status":"not_embedded_boundary_available_by_url","boundary_source_url":"https://raw.githubusercontent.com/thanglequoc/vietnamese-provinces-database/master/json/geojson/68_lam_dong/wards/24985_ninh_gia.geojson","boundary_source_page":"https://github.com/thanglequoc/vietnamese-provinces-database/blob/master/json/geojson/68_lam_dong/wards/24985_ninh_gia.geojson","source_catalog":"https://github.com/thanglequoc/vietnamese-provinces-database"},"geometry":null},{"type":"Feature","id":"24988","properties":{"commune_code":"24988","commune_name":"Tà Năng","commune_name_en":"Ta Nang","commune_full_name":"Xã Tà Năng","commune_full_name_en":"Ta Nang Commune","commune_slug":"ta_nang","unit_type":"Xã","unit_type_en":"Commune","admin_level":2,"province_code":"68","province_name":"Lâm Đồng","province_full_name":"Tỉnh Lâm Đồng","province_slug":"lam_dong","join_key":"24988","status":"active","dataset_effective_date":"2026-04-30","catalog_version":"2026-07-12","geometry_status":"not_embedded_boundary_available_by_url","boundary_source_url":"https://raw.githubusercontent.com/thanglequoc/vietnamese-provinces-database/master/json/geojson/68_lam_dong/wards/24988_ta_nang.geojson","boundary_source_page":"https://github.com/thanglequoc/vietnamese-provinces-database/blob/master/json/geojson/68_lam_dong/wards/24988_ta_nang.geojson","source_catalog":"https://github.com/thanglequoc/vietnamese-provinces-database"},"geometry":null},{"type":"Feature","id":"24991","properties":{"commune_code":"24991","commune_name":"Tà Hine","commune_name_en":"Ta Hine","commune_full_name":"Xã Tà Hine","commune_full_name_en":"Ta Hine Commune","commune_slug":"ta_hine","unit_type":"Xã","unit_type_en":"Commune","admin_level":2,"province_code":"68","province_name":"Lâm Đồng","province_full_name":"Tỉnh Lâm Đồng","province_slug":"lam_dong","join_key":"24991","status":"active","dataset_effective_date":"2026-04-30","catalog_version":"2026-07-12","geometry_status":"not_embedded_boundary_available_by_url","boundary_source_url":"https://raw.githubusercontent.com/thanglequoc/vietnamese-provinces-database/master/json/geojson/68_lam_dong/wards/24991_ta_hine.geojson","boundary_source_page":"https://github.com/thanglequoc/vietnamese-provinces-database/blob/master/json/geojson/68_lam_dong/wards/24991_ta_hine.geojson","source_catalog":"https://github.com/thanglequoc/vietnamese-provinces-database"},"geometry":null},{"type":"Feature","id":"25000","properties":{"commune_code":"25000","commune_name":"Di Linh","commune_name_en":"Di Linh","commune_full_name":"Xã Di Linh","commune_full_name_en":"Di Linh Commune","commune_slug":"di_linh","unit_type":"Xã","unit_type_en":"Commune","admin_level":2,"province_code":"68","province_name":"Lâm Đồng","province_full_name":"Tỉnh Lâm Đồng","province_slug":"lam_dong","join_key":"25000","status":"active","dataset_effective_date":"2026-04-30","catalog_version":"2026-07-12","geometry_status":"not_embedded_boundary_available_by_url","boundary_source_url":"https://raw.githubusercontent.com/thanglequoc/vietnamese-provinces-database/master/json/geojson/68_lam_dong/wards/25000_di_linh.geojson","boundary_source_page":"https://github.com/thanglequoc/vietnamese-provinces-database/blob/master/json/geojson/68_lam_dong/wards/25000_di_linh.geojson","source_catalog":"https://github.com/thanglequoc/vietnamese-provinces-database"},"geometry":null},{"type":"Feature","id":"25007","properties":{"commune_code":"25007","commune_name":"Đinh Trang Thượng","commune_name_en":"Dinh Trang Thuong","commune_full_name":"Xã Đinh Trang Thượng","commune_full_name_en":"Dinh Trang Thuong Commune","commune_slug":"dinh_trang_thuong","unit_type":"Xã","unit_type_en":"Commune","admin_level":2,"province_code":"68","province_name":"Lâm Đồng","province_full_name":"Tỉnh Lâm Đồng","province_slug":"lam_dong","join_key":"25007","status":"active","dataset_effective_date":"2026-04-30","catalog_version":"2026-07-12","geometry_status":"not_embedded_boundary_available_by_url","boundary_source_url":"https://raw.githubusercontent.com/thanglequoc/vietnamese-provinces-database/master/json/geojson/68_lam_dong/wards/25007_dinh_trang_thuong.geojson","boundary_source_page":"https://github.com/thanglequoc/vietnamese-provinces-database/blob/master/json/geojson/68_lam_dong/wards/25007_dinh_trang_thuong.geojson","source_catalog":"https://github.com/thanglequoc/vietnamese-provinces-database"},"geometry":null},{"type":"Feature","id":"25015","properties":{"commune_code":"25015","commune_name":"Gia Hiệp","commune_name_en":"Gia Hiep","commune_full_name":"Xã Gia Hiệp","commune_full_name_en":"Gia Hiep Commune","commune_slug":"gia_hiep","unit_type":"Xã","unit_type_en":"Commune","admin_level":2,"province_code":"68","province_name":"Lâm Đồng","province_full_name":"Tỉnh Lâm Đồng","province_slug":"lam_dong","join_key":"25015","status":"active","dataset_effective_date":"2026-04-30","catalog_version":"2026-07-12","geometry_status":"not_embedded_boundary_available_by_url","boundary_source_url":"https://raw.githubusercontent.com/thanglequoc/vietnamese-provinces-database/master/json/geojson/68_lam_dong/wards/25015_gia_hiep.geojson","boundary_source_page":"https://github.com/thanglequoc/vietnamese-provinces-database/blob/master/json/geojson/68_lam_dong/wards/25015_gia_hiep.geojson","source_catalog":"https://github.com/thanglequoc/vietnamese-provinces-database"},"geometry":null},{"type":"Feature","id":"25018","properties":{"commune_code":"25018","commune_name":"Bảo Thuận","commune_name_en":"Bao Thuan","commune_full_name":"Xã Bảo Thuận","commune_full_name_en":"Bao Thuan Commune","commune_slug":"bao_thuan","unit_type":"Xã","unit_type_en":"Commune","admin_level":2,"province_code":"68","province_name":"Lâm Đồng","province_full_name":"Tỉnh Lâm Đồng","province_slug":"lam_dong","join_key":"25018","status":"active","dataset_effective_date":"2026-04-30","catalog_version":"2026-07-12","geometry_status":"not_embedded_boundary_available_by_url","boundary_source_url":"https://raw.githubusercontent.com/thanglequoc/vietnamese-provinces-database/master/json/geojson/68_lam_dong/wards/25018_bao_thuan.geojson","boundary_source_page":"https://github.com/thanglequoc/vietnamese-provinces-database/blob/master/json/geojson/68_lam_dong/wards/25018_bao_thuan.geojson","source_catalog":"https://github.com/thanglequoc/vietnamese-provinces-database"},"geometry":null},{"type":"Feature","id":"25036","properties":{"commune_code":"25036","commune_name":"Hoà Ninh","commune_name_en":"Hoa Ninh","commune_full_name":"Xã Hoà Ninh","commune_full_name_en":"Hoa Ninh Commune","commune_slug":"hoa_ninh","unit_type":"Xã","unit_type_en":"Commune","admin_level":2,"province_code":"68","province_name":"Lâm Đồng","province_full_name":"Tỉnh Lâm Đồng","province_slug":"lam_dong","join_key":"25036","status":"active","dataset_effective_date":"2026-04-30","catalog_version":"2026-07-12","geometry_status":"not_embedded_boundary_available_by_url","boundary_source_url":"https://raw.githubusercontent.com/thanglequoc/vietnamese-provinces-database/master/json/geojson/68_lam_dong/wards/25036_hoa_ninh.geojson","boundary_source_page":"https://github.com/thanglequoc/vietnamese-provinces-database/blob/master/json/geojson/68_lam_dong/wards/25036_hoa_ninh.geojson","source_catalog":"https://github.com/thanglequoc/vietnamese-provinces-database"},"geometry":null},{"type":"Feature","id":"25042","properties":{"commune_code":"25042","commune_name":"Hoà Bắc","commune_name_en":"Hoa Bac","commune_full_name":"Xã Hoà Bắc","commune_full_name_en":"Hoa Bac Commune","commune_slug":"hoa_bac","unit_type":"Xã","unit_type_en":"Commune","admin_level":2,"province_code":"68","province_name":"Lâm Đồng","province_full_name":"Tỉnh Lâm Đồng","province_slug":"lam_dong","join_key":"25042","status":"active","dataset_effective_date":"2026-04-30","catalog_version":"2026-07-12","geometry_status":"not_embedded_boundary_available_by_url","boundary_source_url":"https://raw.githubusercontent.com/thanglequoc/vietnamese-provinces-database/master/json/geojson/68_lam_dong/wards/25042_hoa_bac.geojson","boundary_source_page":"https://github.com/thanglequoc/vietnamese-provinces-database/blob/master/json/geojson/68_lam_dong/wards/25042_hoa_bac.geojson","source_catalog":"https://github.com/thanglequoc/vietnamese-provinces-database"},"geometry":null},{"type":"Feature","id":"25051","properties":{"commune_code":"25051","commune_name":"Sơn Điền","commune_name_en":"Son Dien","commune_full_name":"Xã Sơn Điền","commune_full_name_en":"Son Dien Commune","commune_slug":"son_dien","unit_type":"Xã","unit_type_en":"Commune","admin_level":2,"province_code":"68","province_name":"Lâm Đồng","province_full_name":"Tỉnh Lâm Đồng","province_slug":"lam_dong","join_key":"25051","status":"active","dataset_effective_date":"2026-04-30","catalog_version":"2026-07-12","geometry_status":"not_embedded_boundary_available_by_url","boundary_source_url":"https://raw.githubusercontent.com/thanglequoc/vietnamese-provinces-database/master/json/geojson/68_lam_dong/wards/25051_son_dien.geojson","boundary_source_page":"https://github.com/thanglequoc/vietnamese-provinces-database/blob/master/json/geojson/68_lam_dong/wards/25051_son_dien.geojson","source_catalog":"https://github.com/thanglequoc/vietnamese-provinces-database"},"geometry":null},{"type":"Feature","id":"25054","properties":{"commune_code":"25054","commune_name":"Bảo Lâm 1","commune_name_en":"Bao Lam 1","commune_full_name":"Xã Bảo Lâm 1","commune_full_name_en":"Commune Bao Lam 1","commune_slug":"bao_lam_1","unit_type":"Xã","unit_type_en":"Commune","admin_level":2,"province_code":"68","province_name":"Lâm Đồng","province_full_name":"Tỉnh Lâm Đồng","province_slug":"lam_dong","join_key":"25054","status":"active","dataset_effective_date":"2026-04-30","catalog_version":"2026-07-12","geometry_status":"not_embedded_boundary_available_by_url","boundary_source_url":"https://raw.githubusercontent.com/thanglequoc/vietnamese-provinces-database/master/json/geojson/68_lam_dong/wards/25054_bao_lam_1.geojson","boundary_source_page":"https://github.com/thanglequoc/vietnamese-provinces-database/blob/master/json/geojson/68_lam_dong/wards/25054_bao_lam_1.geojson","source_catalog":"https://github.com/thanglequoc/vietnamese-provinces-database"},"geometry":null},{"type":"Feature","id":"25057","properties":{"commune_code":"25057","commune_name":"Bảo Lâm 5","commune_name_en":"Bao Lam 5","commune_full_name":"Xã Bảo Lâm 5","commune_full_name_en":"Commune Bao Lam 5","commune_slug":"bao_lam_5","unit_type":"Xã","unit_type_en":"Commune","admin_level":2,"province_code":"68","province_name":"Lâm Đồng","province_full_name":"Tỉnh Lâm Đồng","province_slug":"lam_dong","join_key":"25057","status":"active","dataset_effective_date":"2026-04-30","catalog_version":"2026-07-12","geometry_status":"not_embedded_boundary_available_by_url","boundary_source_url":"https://raw.githubusercontent.com/thanglequoc/vietnamese-provinces-database/master/json/geojson/68_lam_dong/wards/25057_bao_lam_5.geojson","boundary_source_page":"https://github.com/thanglequoc/vietnamese-provinces-database/blob/master/json/geojson/68_lam_dong/wards/25057_bao_lam_5.geojson","source_catalog":"https://github.com/thanglequoc/vietnamese-provinces-database"},"geometry":null},{"type":"Feature","id":"25063","properties":{"commune_code":"25063","commune_name":"Bảo Lâm 4","commune_name_en":"Bao Lam 4","commune_full_name":"Xã Bảo Lâm 4","commune_full_name_en":"Commune Bao Lam 4","commune_slug":"bao_lam_4","unit_type":"Xã","unit_type_en":"Commune","admin_level":2,"province_code":"68","province_name":"Lâm Đồng","province_full_name":"Tỉnh Lâm Đồng","province_slug":"lam_dong","join_key":"25063","status":"active","dataset_effective_date":"2026-04-30","catalog_version":"2026-07-12","geometry_status":"not_embedded_boundary_available_by_url","boundary_source_url":"https://raw.githubusercontent.com/thanglequoc/vietnamese-provinces-database/master/json/geojson/68_lam_dong/wards/25063_bao_lam_4.geojson","boundary_source_page":"https://github.com/thanglequoc/vietnamese-provinces-database/blob/master/json/geojson/68_lam_dong/wards/25063_bao_lam_4.geojson","source_catalog":"https://github.com/thanglequoc/vietnamese-provinces-database"},"geometry":null},{"type":"Feature","id":"25084","properties":{"commune_code":"25084","commune_name":"Bảo Lâm 2","commune_name_en":"Bao Lam 2","commune_full_name":"Xã Bảo Lâm 2","commune_full_name_en":"Commune Bao Lam 2","commune_slug":"bao_lam_2","unit_type":"Xã","unit_type_en":"Commune","admin_level":2,"province_code":"68","province_name":"Lâm Đồng","province_full_name":"Tỉnh Lâm Đồng","province_slug":"lam_dong","join_key":"25084","status":"active","dataset_effective_date":"2026-04-30","catalog_version":"2026-07-12","geometry_status":"not_embedded_boundary_available_by_url","boundary_source_url":"https://raw.githubusercontent.com/thanglequoc/vietnamese-provinces-database/master/json/geojson/68_lam_dong/wards/25084_bao_lam_2.geojson","boundary_source_page":"https://github.com/thanglequoc/vietnamese-provinces-database/blob/master/json/geojson/68_lam_dong/wards/25084_bao_lam_2.geojson","source_catalog":"https://github.com/thanglequoc/vietnamese-provinces-database"},"geometry":null},{"type":"Feature","id":"25093","properties":{"commune_code":"25093","commune_name":"Bảo Lâm 3","commune_name_en":"Bao Lam 3","commune_full_name":"Xã Bảo Lâm 3","commune_full_name_en":"Commune Bao Lam 3","commune_slug":"bao_lam_3","unit_type":"Xã","unit_type_en":"Commune","admin_level":2,"province_code":"68","province_name":"Lâm Đồng","province_full_name":"Tỉnh Lâm Đồng","province_slug":"lam_dong","join_key":"25093","status":"active","dataset_effective_date":"2026-04-30","catalog_version":"2026-07-12","geometry_status":"not_embedded_boundary_available_by_url","boundary_source_url":"https://raw.githubusercontent.com/thanglequoc/vietnamese-provinces-database/master/json/geojson/68_lam_dong/wards/25093_bao_lam_3.geojson","boundary_source_page":"https://github.com/thanglequoc/vietnamese-provinces-database/blob/master/json/geojson/68_lam_dong/wards/25093_bao_lam_3.geojson","source_catalog":"https://github.com/thanglequoc/vietnamese-provinces-database"},"geometry":null},{"type":"Feature","id":"25099","properties":{"commune_code":"25099","commune_name":"Đạ Huoai","commune_name_en":"Da Huoai","commune_full_name":"Xã Đạ Huoai","commune_full_name_en":"Da Huoai Commune","commune_slug":"da_huoai","unit_type":"Xã","unit_type_en":"Commune","admin_level":2,"province_code":"68","province_name":"Lâm Đồng","province_full_name":"Tỉnh Lâm Đồng","province_slug":"lam_dong","join_key":"25099","status":"active","dataset_effective_date":"2026-04-30","catalog_version":"2026-07-12","geometry_status":"not_embedded_boundary_available_by_url","boundary_source_url":"https://raw.githubusercontent.com/thanglequoc/vietnamese-provinces-database/master/json/geojson/68_lam_dong/wards/25099_da_huoai.geojson","boundary_source_page":"https://github.com/thanglequoc/vietnamese-provinces-database/blob/master/json/geojson/68_lam_dong/wards/25099_da_huoai.geojson","source_catalog":"https://github.com/thanglequoc/vietnamese-provinces-database"},"geometry":null},{"type":"Feature","id":"25105","properties":{"commune_code":"25105","commune_name":"Đạ Huoai 2","commune_name_en":"Da Huoai 2","commune_full_name":"Xã Đạ Huoai 2","commune_full_name_en":"Commune Da Huoai 2","commune_slug":"da_huoai_2","unit_type":"Xã","unit_type_en":"Commune","admin_level":2,"province_code":"68","province_name":"Lâm Đồng","province_full_name":"Tỉnh Lâm Đồng","province_slug":"lam_dong","join_key":"25105","status":"active","dataset_effective_date":"2026-04-30","catalog_version":"2026-07-12","geometry_status":"not_embedded_boundary_available_by_url","boundary_source_url":"https://raw.githubusercontent.com/thanglequoc/vietnamese-provinces-database/master/json/geojson/68_lam_dong/wards/25105_da_huoai_2.geojson","boundary_source_page":"https://github.com/thanglequoc/vietnamese-provinces-database/blob/master/json/geojson/68_lam_dong/wards/25105_da_huoai_2.geojson","source_catalog":"https://github.com/thanglequoc/vietnamese-provinces-database"},"geometry":null},{"type":"Feature","id":"25114","properties":{"commune_code":"25114","commune_name":"Đạ Huoai 3","commune_name_en":"Da Huoai 3","commune_full_name":"Xã Đạ Huoai 3","commune_full_name_en":"Commune Da Huoai 3","commune_slug":"da_huoai_3","unit_type":"Xã","unit_type_en":"Commune","admin_level":2,"province_code":"68","province_name":"Lâm Đồng","province_full_name":"Tỉnh Lâm Đồng","province_slug":"lam_dong","join_key":"25114","status":"active","dataset_effective_date":"2026-04-30","catalog_version":"2026-07-12","geometry_status":"not_embedded_boundary_available_by_url","boundary_source_url":"https://raw.githubusercontent.com/thanglequoc/vietnamese-provinces-database/master/json/geojson/68_lam_dong/wards/25114_da_huoai_3.geojson","boundary_source_page":"https://github.com/thanglequoc/vietnamese-provinces-database/blob/master/json/geojson/68_lam_dong/wards/25114_da_huoai_3.geojson","source_catalog":"https://github.com/thanglequoc/vietnamese-provinces-database"},"geometry":null},{"type":"Feature","id":"25126","properties":{"commune_code":"25126","commune_name":"Đạ Tẻh","commune_name_en":"Da Teh","commune_full_name":"Xã Đạ Tẻh","commune_full_name_en":"Da Teh Commune","commune_slug":"da_teh","unit_type":"Xã","unit_type_en":"Commune","admin_level":2,"province_code":"68","province_name":"Lâm Đồng","province_full_name":"Tỉnh Lâm Đồng","province_slug":"lam_dong","join_key":"25126","status":"active","dataset_effective_date":"2026-04-30","catalog_version":"2026-07-12","geometry_status":"not_embedded_boundary_available_by_url","boundary_source_url":"https://raw.githubusercontent.com/thanglequoc/vietnamese-provinces-database/master/json/geojson/68_lam_dong/wards/25126_da_teh.geojson","boundary_source_page":"https://github.com/thanglequoc/vietnamese-provinces-database/blob/master/json/geojson/68_lam_dong/wards/25126_da_teh.geojson","source_catalog":"https://github.com/thanglequoc/vietnamese-provinces-database"},"geometry":null},{"type":"Feature","id":"25135","properties":{"commune_code":"25135","commune_name":"Đạ Tẻh 3","commune_name_en":"Da Teh 3","commune_full_name":"Xã Đạ Tẻh 3","commune_full_name_en":"Commune Da Teh 3","commune_slug":"da_teh_3","unit_type":"Xã","unit_type_en":"Commune","admin_level":2,"province_code":"68","province_name":"Lâm Đồng","province_full_name":"Tỉnh Lâm Đồng","province_slug":"lam_dong","join_key":"25135","status":"active","dataset_effective_date":"2026-04-30","catalog_version":"2026-07-12","geometry_status":"not_embedded_boundary_available_by_url","boundary_source_url":"https://raw.githubusercontent.com/thanglequoc/vietnamese-provinces-database/master/json/geojson/68_lam_dong/wards/25135_da_teh_3.geojson","boundary_source_page":"https://github.com/thanglequoc/vietnamese-provinces-database/blob/master/json/geojson/68_lam_dong/wards/25135_da_teh_3.geojson","source_catalog":"https://github.com/thanglequoc/vietnamese-provinces-database"},"geometry":null},{"type":"Feature","id":"25138","properties":{"commune_code":"25138","commune_name":"Đạ Tẻh 2","commune_name_en":"Da Teh 2","commune_full_name":"Xã Đạ Tẻh 2","commune_full_name_en":"Commune Da Teh 2","commune_slug":"da_teh_2","unit_type":"Xã","unit_type_en":"Commune","admin_level":2,"province_code":"68","province_name":"Lâm Đồng","province_full_name":"Tỉnh Lâm Đồng","province_slug":"lam_dong","join_key":"25138","status":"active","dataset_effective_date":"2026-04-30","catalog_version":"2026-07-12","geometry_status":"not_embedded_boundary_available_by_url","boundary_source_url":"https://raw.githubusercontent.com/thanglequoc/vietnamese-provinces-database/master/json/geojson/68_lam_dong/wards/25138_da_teh_2.geojson","boundary_source_page":"https://github.com/thanglequoc/vietnamese-provinces-database/blob/master/json/geojson/68_lam_dong/wards/25138_da_teh_2.geojson","source_catalog":"https://github.com/thanglequoc/vietnamese-provinces-database"},"geometry":null},{"type":"Feature","id":"25159","properties":{"commune_code":"25159","commune_name":"Cát Tiên","commune_name_en":"Cat Tien","commune_full_name":"Xã Cát Tiên","commune_full_name_en":"Cat Tien Commune","commune_slug":"cat_tien","unit_type":"Xã","unit_type_en":"Commune","admin_level":2,"province_code":"68","province_name":"Lâm Đồng","province_full_name":"Tỉnh Lâm Đồng","province_slug":"lam_dong","join_key":"25159","status":"active","dataset_effective_date":"2026-04-30","catalog_version":"2026-07-12","geometry_status":"not_embedded_boundary_available_by_url","boundary_source_url":"https://raw.githubusercontent.com/thanglequoc/vietnamese-provinces-database/master/json/geojson/68_lam_dong/wards/25159_cat_tien.geojson","boundary_source_page":"https://github.com/thanglequoc/vietnamese-provinces-database/blob/master/json/geojson/68_lam_dong/wards/25159_cat_tien.geojson","source_catalog":"https://github.com/thanglequoc/vietnamese-provinces-database"},"geometry":null},{"type":"Feature","id":"25162","properties":{"commune_code":"25162","commune_name":"Cát Tiên 3","commune_name_en":"Cat Tien 3","commune_full_name":"Xã Cát Tiên 3","commune_full_name_en":"Commune Cat Tien 3","commune_slug":"cat_tien_3","unit_type":"Xã","unit_type_en":"Commune","admin_level":2,"province_code":"68","province_name":"Lâm Đồng","province_full_name":"Tỉnh Lâm Đồng","province_slug":"lam_dong","join_key":"25162","status":"active","dataset_effective_date":"2026-04-30","catalog_version":"2026-07-12","geometry_status":"not_embedded_boundary_available_by_url","boundary_source_url":"https://raw.githubusercontent.com/thanglequoc/vietnamese-provinces-database/master/json/geojson/68_lam_dong/wards/25162_cat_tien_3.geojson","boundary_source_page":"https://github.com/thanglequoc/vietnamese-provinces-database/blob/master/json/geojson/68_lam_dong/wards/25162_cat_tien_3.geojson","source_catalog":"https://github.com/thanglequoc/vietnamese-provinces-database"},"geometry":null},{"type":"Feature","id":"25180","properties":{"commune_code":"25180","commune_name":"Cát Tiên 2","commune_name_en":"Cat Tien 2","commune_full_name":"Xã Cát Tiên 2","commune_full_name_en":"Commune Cat Tien 2","commune_slug":"cat_tien_2","unit_type":"Xã","unit_type_en":"Commune","admin_level":2,"province_code":"68","province_name":"Lâm Đồng","province_full_name":"Tỉnh Lâm Đồng","province_slug":"lam_dong","join_key":"25180","status":"active","dataset_effective_date":"2026-04-30","catalog_version":"2026-07-12","geometry_status":"not_embedded_boundary_available_by_url","boundary_source_url":"https://raw.githubusercontent.com/thanglequoc/vietnamese-provinces-database/master/json/geojson/68_lam_dong/wards/25180_cat_tien_2.geojson","boundary_source_page":"https://github.com/thanglequoc/vietnamese-provinces-database/blob/master/json/geojson/68_lam_dong/wards/25180_cat_tien_2.geojson","source_catalog":"https://github.com/thanglequoc/vietnamese-provinces-database"},"geometry":null}]}