{"type":"FeatureCollection","name":"79_ho_chi_minh_communes_attributes","metadata":{"province_code":"79","province_name":"Hồ Chí Minh","feature_count":168,"geometry":null,"join_key":"commune_code"},"features":[{"type":"Feature","id":"25747","properties":{"commune_code":"25747","commune_name":"Thủ Dầu Một","commune_name_en":"Thu Dau Mot","commune_full_name":"Phường Thủ Dầu Một","commune_full_name_en":"Thu Dau Mot Ward","commune_slug":"thu_dau_mot","unit_type":"Phường","unit_type_en":"Ward","admin_level":2,"province_code":"79","province_name":"Hồ Chí Minh","province_full_name":"Thành phố Hồ Chí Minh","province_slug":"ho_chi_minh","join_key":"25747","status":"active","dataset_effective_date":"2026-04-30","catalog_version":"2026-07-12","geometry_status":"not_embedded_boundary_available_by_url","boundary_source_url":"https://raw.githubusercontent.com/thanglequoc/vietnamese-provinces-database/master/json/geojson/79_ho_chi_minh/wards/25747_thu_dau_mot.geojson","boundary_source_page":"https://github.com/thanglequoc/vietnamese-provinces-database/blob/master/json/geojson/79_ho_chi_minh/wards/25747_thu_dau_mot.geojson","source_catalog":"https://github.com/thanglequoc/vietnamese-provinces-database"},"geometry":null},{"type":"Feature","id":"25750","properties":{"commune_code":"25750","commune_name":"Phú Lợi","commune_name_en":"Phu Loi","commune_full_name":"Phường Phú Lợi","commune_full_name_en":"Phu Loi Ward","commune_slug":"phu_loi","unit_type":"Phường","unit_type_en":"Ward","admin_level":2,"province_code":"79","province_name":"Hồ Chí Minh","province_full_name":"Thành phố Hồ Chí Minh","province_slug":"ho_chi_minh","join_key":"25750","status":"active","dataset_effective_date":"2026-04-30","catalog_version":"2026-07-12","geometry_status":"not_embedded_boundary_available_by_url","boundary_source_url":"https://raw.githubusercontent.com/thanglequoc/vietnamese-provinces-database/master/json/geojson/79_ho_chi_minh/wards/25750_phu_loi.geojson","boundary_source_page":"https://github.com/thanglequoc/vietnamese-provinces-database/blob/master/json/geojson/79_ho_chi_minh/wards/25750_phu_loi.geojson","source_catalog":"https://github.com/thanglequoc/vietnamese-provinces-database"},"geometry":null},{"type":"Feature","id":"25760","properties":{"commune_code":"25760","commune_name":"Bình Dương","commune_name_en":"Binh Duong","commune_full_name":"Phường Bình Dương","commune_full_name_en":"Binh Duong Ward","commune_slug":"binh_duong","unit_type":"Phường","unit_type_en":"Ward","admin_level":2,"province_code":"79","province_name":"Hồ Chí Minh","province_full_name":"Thành phố Hồ Chí Minh","province_slug":"ho_chi_minh","join_key":"25760","status":"active","dataset_effective_date":"2026-04-30","catalog_version":"2026-07-12","geometry_status":"not_embedded_boundary_available_by_url","boundary_source_url":"https://raw.githubusercontent.com/thanglequoc/vietnamese-provinces-database/master/json/geojson/79_ho_chi_minh/wards/25760_binh_duong.geojson","boundary_source_page":"https://github.com/thanglequoc/vietnamese-provinces-database/blob/master/json/geojson/79_ho_chi_minh/wards/25760_binh_duong.geojson","source_catalog":"https://github.com/thanglequoc/vietnamese-provinces-database"},"geometry":null},{"type":"Feature","id":"25768","properties":{"commune_code":"25768","commune_name":"Phú An","commune_name_en":"Phu An","commune_full_name":"Phường Phú An","commune_full_name_en":"Phu An Ward","commune_slug":"phu_an","unit_type":"Phường","unit_type_en":"Ward","admin_level":2,"province_code":"79","province_name":"Hồ Chí Minh","province_full_name":"Thành phố Hồ Chí Minh","province_slug":"ho_chi_minh","join_key":"25768","status":"active","dataset_effective_date":"2026-04-30","catalog_version":"2026-07-12","geometry_status":"not_embedded_boundary_available_by_url","boundary_source_url":"https://raw.githubusercontent.com/thanglequoc/vietnamese-provinces-database/master/json/geojson/79_ho_chi_minh/wards/25768_phu_an.geojson","boundary_source_page":"https://github.com/thanglequoc/vietnamese-provinces-database/blob/master/json/geojson/79_ho_chi_minh/wards/25768_phu_an.geojson","source_catalog":"https://github.com/thanglequoc/vietnamese-provinces-database"},"geometry":null},{"type":"Feature","id":"25771","properties":{"commune_code":"25771","commune_name":"Chánh Hiệp","commune_name_en":"Chanh Hiep","commune_full_name":"Phường Chánh Hiệp","commune_full_name_en":"Chanh Hiep Ward","commune_slug":"chanh_hiep","unit_type":"Phường","unit_type_en":"Ward","admin_level":2,"province_code":"79","province_name":"Hồ Chí Minh","province_full_name":"Thành phố Hồ Chí Minh","province_slug":"ho_chi_minh","join_key":"25771","status":"active","dataset_effective_date":"2026-04-30","catalog_version":"2026-07-12","geometry_status":"not_embedded_boundary_available_by_url","boundary_source_url":"https://raw.githubusercontent.com/thanglequoc/vietnamese-provinces-database/master/json/geojson/79_ho_chi_minh/wards/25771_chanh_hiep.geojson","boundary_source_page":"https://github.com/thanglequoc/vietnamese-provinces-database/blob/master/json/geojson/79_ho_chi_minh/wards/25771_chanh_hiep.geojson","source_catalog":"https://github.com/thanglequoc/vietnamese-provinces-database"},"geometry":null},{"type":"Feature","id":"25777","properties":{"commune_code":"25777","commune_name":"Dầu Tiếng","commune_name_en":"Dau Tieng","commune_full_name":"Xã Dầu Tiếng","commune_full_name_en":"Dau Tieng Commune","commune_slug":"dau_tieng","unit_type":"Xã","unit_type_en":"Commune","admin_level":2,"province_code":"79","province_name":"Hồ Chí Minh","province_full_name":"Thành phố Hồ Chí Minh","province_slug":"ho_chi_minh","join_key":"25777","status":"active","dataset_effective_date":"2026-04-30","catalog_version":"2026-07-12","geometry_status":"not_embedded_boundary_available_by_url","boundary_source_url":"https://raw.githubusercontent.com/thanglequoc/vietnamese-provinces-database/master/json/geojson/79_ho_chi_minh/wards/25777_dau_tieng.geojson","boundary_source_page":"https://github.com/thanglequoc/vietnamese-provinces-database/blob/master/json/geojson/79_ho_chi_minh/wards/25777_dau_tieng.geojson","source_catalog":"https://github.com/thanglequoc/vietnamese-provinces-database"},"geometry":null},{"type":"Feature","id":"25780","properties":{"commune_code":"25780","commune_name":"Minh Thạnh","commune_name_en":"Minh Thanh","commune_full_name":"Xã Minh Thạnh","commune_full_name_en":"Minh Thanh Commune","commune_slug":"minh_thanh","unit_type":"Xã","unit_type_en":"Commune","admin_level":2,"province_code":"79","province_name":"Hồ Chí Minh","province_full_name":"Thành phố Hồ Chí Minh","province_slug":"ho_chi_minh","join_key":"25780","status":"active","dataset_effective_date":"2026-04-30","catalog_version":"2026-07-12","geometry_status":"not_embedded_boundary_available_by_url","boundary_source_url":"https://raw.githubusercontent.com/thanglequoc/vietnamese-provinces-database/master/json/geojson/79_ho_chi_minh/wards/25780_minh_thanh.geojson","boundary_source_page":"https://github.com/thanglequoc/vietnamese-provinces-database/blob/master/json/geojson/79_ho_chi_minh/wards/25780_minh_thanh.geojson","source_catalog":"https://github.com/thanglequoc/vietnamese-provinces-database"},"geometry":null},{"type":"Feature","id":"25792","properties":{"commune_code":"25792","commune_name":"Long Hoà","commune_name_en":"Long Hoa","commune_full_name":"Xã Long Hoà","commune_full_name_en":"Long Hoa Commune","commune_slug":"long_hoa","unit_type":"Xã","unit_type_en":"Commune","admin_level":2,"province_code":"79","province_name":"Hồ Chí Minh","province_full_name":"Thành phố Hồ Chí Minh","province_slug":"ho_chi_minh","join_key":"25792","status":"active","dataset_effective_date":"2026-04-30","catalog_version":"2026-07-12","geometry_status":"not_embedded_boundary_available_by_url","boundary_source_url":"https://raw.githubusercontent.com/thanglequoc/vietnamese-provinces-database/master/json/geojson/79_ho_chi_minh/wards/25792_long_hoa.geojson","boundary_source_page":"https://github.com/thanglequoc/vietnamese-provinces-database/blob/master/json/geojson/79_ho_chi_minh/wards/25792_long_hoa.geojson","source_catalog":"https://github.com/thanglequoc/vietnamese-provinces-database"},"geometry":null},{"type":"Feature","id":"25807","properties":{"commune_code":"25807","commune_name":"Thanh An","commune_name_en":"Thanh An","commune_full_name":"Xã Thanh An","commune_full_name_en":"Thanh An Commune","commune_slug":"thanh_an","unit_type":"Xã","unit_type_en":"Commune","admin_level":2,"province_code":"79","province_name":"Hồ Chí Minh","province_full_name":"Thành phố Hồ Chí Minh","province_slug":"ho_chi_minh","join_key":"25807","status":"active","dataset_effective_date":"2026-04-30","catalog_version":"2026-07-12","geometry_status":"not_embedded_boundary_available_by_url","boundary_source_url":"https://raw.githubusercontent.com/thanglequoc/vietnamese-provinces-database/master/json/geojson/79_ho_chi_minh/wards/25807_thanh_an.geojson","boundary_source_page":"https://github.com/thanglequoc/vietnamese-provinces-database/blob/master/json/geojson/79_ho_chi_minh/wards/25807_thanh_an.geojson","source_catalog":"https://github.com/thanglequoc/vietnamese-provinces-database"},"geometry":null},{"type":"Feature","id":"25813","properties":{"commune_code":"25813","commune_name":"Bến Cát","commune_name_en":"Ben Cat","commune_full_name":"Phường Bến Cát","commune_full_name_en":"Ben Cat Ward","commune_slug":"ben_cat","unit_type":"Phường","unit_type_en":"Ward","admin_level":2,"province_code":"79","province_name":"Hồ Chí Minh","province_full_name":"Thành phố Hồ Chí Minh","province_slug":"ho_chi_minh","join_key":"25813","status":"active","dataset_effective_date":"2026-04-30","catalog_version":"2026-07-12","geometry_status":"not_embedded_boundary_available_by_url","boundary_source_url":"https://raw.githubusercontent.com/thanglequoc/vietnamese-provinces-database/master/json/geojson/79_ho_chi_minh/wards/25813_ben_cat.geojson","boundary_source_page":"https://github.com/thanglequoc/vietnamese-provinces-database/blob/master/json/geojson/79_ho_chi_minh/wards/25813_ben_cat.geojson","source_catalog":"https://github.com/thanglequoc/vietnamese-provinces-database"},"geometry":null},{"type":"Feature","id":"25819","properties":{"commune_code":"25819","commune_name":"Trừ Văn Thố","commune_name_en":"Tru Van Tho","commune_full_name":"Xã Trừ Văn Thố","commune_full_name_en":"Tru Van Tho Commune","commune_slug":"tru_van_tho","unit_type":"Xã","unit_type_en":"Commune","admin_level":2,"province_code":"79","province_name":"Hồ Chí Minh","province_full_name":"Thành phố Hồ Chí Minh","province_slug":"ho_chi_minh","join_key":"25819","status":"active","dataset_effective_date":"2026-04-30","catalog_version":"2026-07-12","geometry_status":"not_embedded_boundary_available_by_url","boundary_source_url":"https://raw.githubusercontent.com/thanglequoc/vietnamese-provinces-database/master/json/geojson/79_ho_chi_minh/wards/25819_tru_van_tho.geojson","boundary_source_page":"https://github.com/thanglequoc/vietnamese-provinces-database/blob/master/json/geojson/79_ho_chi_minh/wards/25819_tru_van_tho.geojson","source_catalog":"https://github.com/thanglequoc/vietnamese-provinces-database"},"geometry":null},{"type":"Feature","id":"25822","properties":{"commune_code":"25822","commune_name":"Bàu Bàng","commune_name_en":"Bau Bang","commune_full_name":"Xã Bàu Bàng","commune_full_name_en":"Bau Bang Commune","commune_slug":"bau_bang","unit_type":"Xã","unit_type_en":"Commune","admin_level":2,"province_code":"79","province_name":"Hồ Chí Minh","province_full_name":"Thành phố Hồ Chí Minh","province_slug":"ho_chi_minh","join_key":"25822","status":"active","dataset_effective_date":"2026-04-30","catalog_version":"2026-07-12","geometry_status":"not_embedded_boundary_available_by_url","boundary_source_url":"https://raw.githubusercontent.com/thanglequoc/vietnamese-provinces-database/master/json/geojson/79_ho_chi_minh/wards/25822_bau_bang.geojson","boundary_source_page":"https://github.com/thanglequoc/vietnamese-provinces-database/blob/master/json/geojson/79_ho_chi_minh/wards/25822_bau_bang.geojson","source_catalog":"https://github.com/thanglequoc/vietnamese-provinces-database"},"geometry":null},{"type":"Feature","id":"25837","properties":{"commune_code":"25837","commune_name":"Chánh Phú Hoà","commune_name_en":"Chanh Phu Hoa","commune_full_name":"Phường Chánh Phú Hoà","commune_full_name_en":"Chanh Phu Hoa Ward","commune_slug":"chanh_phu_hoa","unit_type":"Phường","unit_type_en":"Ward","admin_level":2,"province_code":"79","province_name":"Hồ Chí Minh","province_full_name":"Thành phố Hồ Chí Minh","province_slug":"ho_chi_minh","join_key":"25837","status":"active","dataset_effective_date":"2026-04-30","catalog_version":"2026-07-12","geometry_status":"not_embedded_boundary_available_by_url","boundary_source_url":"https://raw.githubusercontent.com/thanglequoc/vietnamese-provinces-database/master/json/geojson/79_ho_chi_minh/wards/25837_chanh_phu_hoa.geojson","boundary_source_page":"https://github.com/thanglequoc/vietnamese-provinces-database/blob/master/json/geojson/79_ho_chi_minh/wards/25837_chanh_phu_hoa.geojson","source_catalog":"https://github.com/thanglequoc/vietnamese-provinces-database"},"geometry":null},{"type":"Feature","id":"25840","properties":{"commune_code":"25840","commune_name":"Long Nguyên","commune_name_en":"Long Nguyen","commune_full_name":"Phường Long Nguyên","commune_full_name_en":"Long Nguyen Ward","commune_slug":"long_nguyen","unit_type":"Phường","unit_type_en":"Ward","admin_level":2,"province_code":"79","province_name":"Hồ Chí Minh","province_full_name":"Thành phố Hồ Chí Minh","province_slug":"ho_chi_minh","join_key":"25840","status":"active","dataset_effective_date":"2026-04-30","catalog_version":"2026-07-12","geometry_status":"not_embedded_boundary_available_by_url","boundary_source_url":"https://raw.githubusercontent.com/thanglequoc/vietnamese-provinces-database/master/json/geojson/79_ho_chi_minh/wards/25840_long_nguyen.geojson","boundary_source_page":"https://github.com/thanglequoc/vietnamese-provinces-database/blob/master/json/geojson/79_ho_chi_minh/wards/25840_long_nguyen.geojson","source_catalog":"https://github.com/thanglequoc/vietnamese-provinces-database"},"geometry":null},{"type":"Feature","id":"25843","properties":{"commune_code":"25843","commune_name":"Tây Nam","commune_name_en":"Tay Nam","commune_full_name":"Phường Tây Nam","commune_full_name_en":"Tay Nam Ward","commune_slug":"tay_nam","unit_type":"Phường","unit_type_en":"Ward","admin_level":2,"province_code":"79","province_name":"Hồ Chí Minh","province_full_name":"Thành phố Hồ Chí Minh","province_slug":"ho_chi_minh","join_key":"25843","status":"active","dataset_effective_date":"2026-04-30","catalog_version":"2026-07-12","geometry_status":"not_embedded_boundary_available_by_url","boundary_source_url":"https://raw.githubusercontent.com/thanglequoc/vietnamese-provinces-database/master/json/geojson/79_ho_chi_minh/wards/25843_tay_nam.geojson","boundary_source_page":"https://github.com/thanglequoc/vietnamese-provinces-database/blob/master/json/geojson/79_ho_chi_minh/wards/25843_tay_nam.geojson","source_catalog":"https://github.com/thanglequoc/vietnamese-provinces-database"},"geometry":null},{"type":"Feature","id":"25846","properties":{"commune_code":"25846","commune_name":"Thới Hoà","commune_name_en":"Thoi Hoa","commune_full_name":"Phường Thới Hoà","commune_full_name_en":"Thoi Hoa Ward","commune_slug":"thoi_hoa","unit_type":"Phường","unit_type_en":"Ward","admin_level":2,"province_code":"79","province_name":"Hồ Chí Minh","province_full_name":"Thành phố Hồ Chí Minh","province_slug":"ho_chi_minh","join_key":"25846","status":"active","dataset_effective_date":"2026-04-30","catalog_version":"2026-07-12","geometry_status":"not_embedded_boundary_available_by_url","boundary_source_url":"https://raw.githubusercontent.com/thanglequoc/vietnamese-provinces-database/master/json/geojson/79_ho_chi_minh/wards/25846_thoi_hoa.geojson","boundary_source_page":"https://github.com/thanglequoc/vietnamese-provinces-database/blob/master/json/geojson/79_ho_chi_minh/wards/25846_thoi_hoa.geojson","source_catalog":"https://github.com/thanglequoc/vietnamese-provinces-database"},"geometry":null},{"type":"Feature","id":"25849","properties":{"commune_code":"25849","commune_name":"Hoà Lợi","commune_name_en":"Hoa Loi","commune_full_name":"Phường Hoà Lợi","commune_full_name_en":"Hoa Loi Ward","commune_slug":"hoa_loi","unit_type":"Phường","unit_type_en":"Ward","admin_level":2,"province_code":"79","province_name":"Hồ Chí Minh","province_full_name":"Thành phố Hồ Chí Minh","province_slug":"ho_chi_minh","join_key":"25849","status":"active","dataset_effective_date":"2026-04-30","catalog_version":"2026-07-12","geometry_status":"not_embedded_boundary_available_by_url","boundary_source_url":"https://raw.githubusercontent.com/thanglequoc/vietnamese-provinces-database/master/json/geojson/79_ho_chi_minh/wards/25849_hoa_loi.geojson","boundary_source_page":"https://github.com/thanglequoc/vietnamese-provinces-database/blob/master/json/geojson/79_ho_chi_minh/wards/25849_hoa_loi.geojson","source_catalog":"https://github.com/thanglequoc/vietnamese-provinces-database"},"geometry":null},{"type":"Feature","id":"25858","properties":{"commune_code":"25858","commune_name":"Phú Giáo","commune_name_en":"Phu Giao","commune_full_name":"Xã Phú Giáo","commune_full_name_en":"Phu Giao Commune","commune_slug":"phu_giao","unit_type":"Xã","unit_type_en":"Commune","admin_level":2,"province_code":"79","province_name":"Hồ Chí Minh","province_full_name":"Thành phố Hồ Chí Minh","province_slug":"ho_chi_minh","join_key":"25858","status":"active","dataset_effective_date":"2026-04-30","catalog_version":"2026-07-12","geometry_status":"not_embedded_boundary_available_by_url","boundary_source_url":"https://raw.githubusercontent.com/thanglequoc/vietnamese-provinces-database/master/json/geojson/79_ho_chi_minh/wards/25858_phu_giao.geojson","boundary_source_page":"https://github.com/thanglequoc/vietnamese-provinces-database/blob/master/json/geojson/79_ho_chi_minh/wards/25858_phu_giao.geojson","source_catalog":"https://github.com/thanglequoc/vietnamese-provinces-database"},"geometry":null},{"type":"Feature","id":"25864","properties":{"commune_code":"25864","commune_name":"Phước Thành","commune_name_en":"Phuoc Thanh","commune_full_name":"Xã Phước Thành","commune_full_name_en":"Phuoc Thanh Commune","commune_slug":"phuoc_thanh","unit_type":"Xã","unit_type_en":"Commune","admin_level":2,"province_code":"79","province_name":"Hồ Chí Minh","province_full_name":"Thành phố Hồ Chí Minh","province_slug":"ho_chi_minh","join_key":"25864","status":"active","dataset_effective_date":"2026-04-30","catalog_version":"2026-07-12","geometry_status":"not_embedded_boundary_available_by_url","boundary_source_url":"https://raw.githubusercontent.com/thanglequoc/vietnamese-provinces-database/master/json/geojson/79_ho_chi_minh/wards/25864_phuoc_thanh.geojson","boundary_source_page":"https://github.com/thanglequoc/vietnamese-provinces-database/blob/master/json/geojson/79_ho_chi_minh/wards/25864_phuoc_thanh.geojson","source_catalog":"https://github.com/thanglequoc/vietnamese-provinces-database"},"geometry":null},{"type":"Feature","id":"25867","properties":{"commune_code":"25867","commune_name":"An Long","commune_name_en":"An Long","commune_full_name":"Xã An Long","commune_full_name_en":"An Long Commune","commune_slug":"an_long","unit_type":"Xã","unit_type_en":"Commune","admin_level":2,"province_code":"79","province_name":"Hồ Chí Minh","province_full_name":"Thành phố Hồ Chí Minh","province_slug":"ho_chi_minh","join_key":"25867","status":"active","dataset_effective_date":"2026-04-30","catalog_version":"2026-07-12","geometry_status":"not_embedded_boundary_available_by_url","boundary_source_url":"https://raw.githubusercontent.com/thanglequoc/vietnamese-provinces-database/master/json/geojson/79_ho_chi_minh/wards/25867_an_long.geojson","boundary_source_page":"https://github.com/thanglequoc/vietnamese-provinces-database/blob/master/json/geojson/79_ho_chi_minh/wards/25867_an_long.geojson","source_catalog":"https://github.com/thanglequoc/vietnamese-provinces-database"},"geometry":null},{"type":"Feature","id":"25882","properties":{"commune_code":"25882","commune_name":"Phước Hoà","commune_name_en":"Phuoc Hoa","commune_full_name":"Xã Phước Hoà","commune_full_name_en":"Phuoc Hoa Commune","commune_slug":"phuoc_hoa","unit_type":"Xã","unit_type_en":"Commune","admin_level":2,"province_code":"79","province_name":"Hồ Chí Minh","province_full_name":"Thành phố Hồ Chí Minh","province_slug":"ho_chi_minh","join_key":"25882","status":"active","dataset_effective_date":"2026-04-30","catalog_version":"2026-07-12","geometry_status":"not_embedded_boundary_available_by_url","boundary_source_url":"https://raw.githubusercontent.com/thanglequoc/vietnamese-provinces-database/master/json/geojson/79_ho_chi_minh/wards/25882_phuoc_hoa.geojson","boundary_source_page":"https://github.com/thanglequoc/vietnamese-provinces-database/blob/master/json/geojson/79_ho_chi_minh/wards/25882_phuoc_hoa.geojson","source_catalog":"https://github.com/thanglequoc/vietnamese-provinces-database"},"geometry":null},{"type":"Feature","id":"25888","properties":{"commune_code":"25888","commune_name":"Tân Uyên","commune_name_en":"Tan Uyen","commune_full_name":"Phường Tân Uyên","commune_full_name_en":"Tan Uyen Ward","commune_slug":"tan_uyen","unit_type":"Phường","unit_type_en":"Ward","admin_level":2,"province_code":"79","province_name":"Hồ Chí Minh","province_full_name":"Thành phố Hồ Chí Minh","province_slug":"ho_chi_minh","join_key":"25888","status":"active","dataset_effective_date":"2026-04-30","catalog_version":"2026-07-12","geometry_status":"not_embedded_boundary_available_by_url","boundary_source_url":"https://raw.githubusercontent.com/thanglequoc/vietnamese-provinces-database/master/json/geojson/79_ho_chi_minh/wards/25888_tan_uyen.geojson","boundary_source_page":"https://github.com/thanglequoc/vietnamese-provinces-database/blob/master/json/geojson/79_ho_chi_minh/wards/25888_tan_uyen.geojson","source_catalog":"https://github.com/thanglequoc/vietnamese-provinces-database"},"geometry":null},{"type":"Feature","id":"25891","properties":{"commune_code":"25891","commune_name":"Tân Khánh","commune_name_en":"Tan Khanh","commune_full_name":"Phường Tân Khánh","commune_full_name_en":"Tan Khanh Ward","commune_slug":"tan_khanh","unit_type":"Phường","unit_type_en":"Ward","admin_level":2,"province_code":"79","province_name":"Hồ Chí Minh","province_full_name":"Thành phố Hồ Chí Minh","province_slug":"ho_chi_minh","join_key":"25891","status":"active","dataset_effective_date":"2026-04-30","catalog_version":"2026-07-12","geometry_status":"not_embedded_boundary_available_by_url","boundary_source_url":"https://raw.githubusercontent.com/thanglequoc/vietnamese-provinces-database/master/json/geojson/79_ho_chi_minh/wards/25891_tan_khanh.geojson","boundary_source_page":"https://github.com/thanglequoc/vietnamese-provinces-database/blob/master/json/geojson/79_ho_chi_minh/wards/25891_tan_khanh.geojson","source_catalog":"https://github.com/thanglequoc/vietnamese-provinces-database"},"geometry":null},{"type":"Feature","id":"25906","properties":{"commune_code":"25906","commune_name":"Bắc Tân Uyên","commune_name_en":"Bac Tan Uyen","commune_full_name":"Xã Bắc Tân Uyên","commune_full_name_en":"Bac Tan Uyen Commune","commune_slug":"bac_tan_uyen","unit_type":"Xã","unit_type_en":"Commune","admin_level":2,"province_code":"79","province_name":"Hồ Chí Minh","province_full_name":"Thành phố Hồ Chí Minh","province_slug":"ho_chi_minh","join_key":"25906","status":"active","dataset_effective_date":"2026-04-30","catalog_version":"2026-07-12","geometry_status":"not_embedded_boundary_available_by_url","boundary_source_url":"https://raw.githubusercontent.com/thanglequoc/vietnamese-provinces-database/master/json/geojson/79_ho_chi_minh/wards/25906_bac_tan_uyen.geojson","boundary_source_page":"https://github.com/thanglequoc/vietnamese-provinces-database/blob/master/json/geojson/79_ho_chi_minh/wards/25906_bac_tan_uyen.geojson","source_catalog":"https://github.com/thanglequoc/vietnamese-provinces-database"},"geometry":null},{"type":"Feature","id":"25909","properties":{"commune_code":"25909","commune_name":"Thường Tân","commune_name_en":"Thuong Tan","commune_full_name":"Xã Thường Tân","commune_full_name_en":"Thuong Tan Commune","commune_slug":"thuong_tan","unit_type":"Xã","unit_type_en":"Commune","admin_level":2,"province_code":"79","province_name":"Hồ Chí Minh","province_full_name":"Thành phố Hồ Chí Minh","province_slug":"ho_chi_minh","join_key":"25909","status":"active","dataset_effective_date":"2026-04-30","catalog_version":"2026-07-12","geometry_status":"not_embedded_boundary_available_by_url","boundary_source_url":"https://raw.githubusercontent.com/thanglequoc/vietnamese-provinces-database/master/json/geojson/79_ho_chi_minh/wards/25909_thuong_tan.geojson","boundary_source_page":"https://github.com/thanglequoc/vietnamese-provinces-database/blob/master/json/geojson/79_ho_chi_minh/wards/25909_thuong_tan.geojson","source_catalog":"https://github.com/thanglequoc/vietnamese-provinces-database"},"geometry":null},{"type":"Feature","id":"25912","properties":{"commune_code":"25912","commune_name":"Vĩnh Tân","commune_name_en":"Vinh Tan","commune_full_name":"Phường Vĩnh Tân","commune_full_name_en":"Vinh Tan Ward","commune_slug":"vinh_tan","unit_type":"Phường","unit_type_en":"Ward","admin_level":2,"province_code":"79","province_name":"Hồ Chí Minh","province_full_name":"Thành phố Hồ Chí Minh","province_slug":"ho_chi_minh","join_key":"25912","status":"active","dataset_effective_date":"2026-04-30","catalog_version":"2026-07-12","geometry_status":"not_embedded_boundary_available_by_url","boundary_source_url":"https://raw.githubusercontent.com/thanglequoc/vietnamese-provinces-database/master/json/geojson/79_ho_chi_minh/wards/25912_vinh_tan.geojson","boundary_source_page":"https://github.com/thanglequoc/vietnamese-provinces-database/blob/master/json/geojson/79_ho_chi_minh/wards/25912_vinh_tan.geojson","source_catalog":"https://github.com/thanglequoc/vietnamese-provinces-database"},"geometry":null},{"type":"Feature","id":"25915","properties":{"commune_code":"25915","commune_name":"Bình Cơ","commune_name_en":"Binh Co","commune_full_name":"Phường Bình Cơ","commune_full_name_en":"Binh Co Ward","commune_slug":"binh_co","unit_type":"Phường","unit_type_en":"Ward","admin_level":2,"province_code":"79","province_name":"Hồ Chí Minh","province_full_name":"Thành phố Hồ Chí Minh","province_slug":"ho_chi_minh","join_key":"25915","status":"active","dataset_effective_date":"2026-04-30","catalog_version":"2026-07-12","geometry_status":"not_embedded_boundary_available_by_url","boundary_source_url":"https://raw.githubusercontent.com/thanglequoc/vietnamese-provinces-database/master/json/geojson/79_ho_chi_minh/wards/25915_binh_co.geojson","boundary_source_page":"https://github.com/thanglequoc/vietnamese-provinces-database/blob/master/json/geojson/79_ho_chi_minh/wards/25915_binh_co.geojson","source_catalog":"https://github.com/thanglequoc/vietnamese-provinces-database"},"geometry":null},{"type":"Feature","id":"25920","properties":{"commune_code":"25920","commune_name":"Tân Hiệp","commune_name_en":"Tan Hiep","commune_full_name":"Phường Tân Hiệp","commune_full_name_en":"Tan Hiep Ward","commune_slug":"tan_hiep","unit_type":"Phường","unit_type_en":"Ward","admin_level":2,"province_code":"79","province_name":"Hồ Chí Minh","province_full_name":"Thành phố Hồ Chí Minh","province_slug":"ho_chi_minh","join_key":"25920","status":"active","dataset_effective_date":"2026-04-30","catalog_version":"2026-07-12","geometry_status":"not_embedded_boundary_available_by_url","boundary_source_url":"https://raw.githubusercontent.com/thanglequoc/vietnamese-provinces-database/master/json/geojson/79_ho_chi_minh/wards/25920_tan_hiep.geojson","boundary_source_page":"https://github.com/thanglequoc/vietnamese-provinces-database/blob/master/json/geojson/79_ho_chi_minh/wards/25920_tan_hiep.geojson","source_catalog":"https://github.com/thanglequoc/vietnamese-provinces-database"},"geometry":null},{"type":"Feature","id":"25942","properties":{"commune_code":"25942","commune_name":"Dĩ An","commune_name_en":"Di An","commune_full_name":"Phường Dĩ An","commune_full_name_en":"Di An Ward","commune_slug":"di_an","unit_type":"Phường","unit_type_en":"Ward","admin_level":2,"province_code":"79","province_name":"Hồ Chí Minh","province_full_name":"Thành phố Hồ Chí Minh","province_slug":"ho_chi_minh","join_key":"25942","status":"active","dataset_effective_date":"2026-04-30","catalog_version":"2026-07-12","geometry_status":"not_embedded_boundary_available_by_url","boundary_source_url":"https://raw.githubusercontent.com/thanglequoc/vietnamese-provinces-database/master/json/geojson/79_ho_chi_minh/wards/25942_di_an.geojson","boundary_source_page":"https://github.com/thanglequoc/vietnamese-provinces-database/blob/master/json/geojson/79_ho_chi_minh/wards/25942_di_an.geojson","source_catalog":"https://github.com/thanglequoc/vietnamese-provinces-database"},"geometry":null},{"type":"Feature","id":"25945","properties":{"commune_code":"25945","commune_name":"Tân Đông Hiệp","commune_name_en":"Tan Dong Hiep","commune_full_name":"Phường Tân Đông Hiệp","commune_full_name_en":"Tan Dong Hiep Ward","commune_slug":"tan_dong_hiep","unit_type":"Phường","unit_type_en":"Ward","admin_level":2,"province_code":"79","province_name":"Hồ Chí Minh","province_full_name":"Thành phố Hồ Chí Minh","province_slug":"ho_chi_minh","join_key":"25945","status":"active","dataset_effective_date":"2026-04-30","catalog_version":"2026-07-12","geometry_status":"not_embedded_boundary_available_by_url","boundary_source_url":"https://raw.githubusercontent.com/thanglequoc/vietnamese-provinces-database/master/json/geojson/79_ho_chi_minh/wards/25945_tan_dong_hiep.geojson","boundary_source_page":"https://github.com/thanglequoc/vietnamese-provinces-database/blob/master/json/geojson/79_ho_chi_minh/wards/25945_tan_dong_hiep.geojson","source_catalog":"https://github.com/thanglequoc/vietnamese-provinces-database"},"geometry":null},{"type":"Feature","id":"25951","properties":{"commune_code":"25951","commune_name":"Đông Hoà","commune_name_en":"Dong Hoa","commune_full_name":"Phường Đông Hoà","commune_full_name_en":"Dong Hoa Ward","commune_slug":"dong_hoa","unit_type":"Phường","unit_type_en":"Ward","admin_level":2,"province_code":"79","province_name":"Hồ Chí Minh","province_full_name":"Thành phố Hồ Chí Minh","province_slug":"ho_chi_minh","join_key":"25951","status":"active","dataset_effective_date":"2026-04-30","catalog_version":"2026-07-12","geometry_status":"not_embedded_boundary_available_by_url","boundary_source_url":"https://raw.githubusercontent.com/thanglequoc/vietnamese-provinces-database/master/json/geojson/79_ho_chi_minh/wards/25951_dong_hoa.geojson","boundary_source_page":"https://github.com/thanglequoc/vietnamese-provinces-database/blob/master/json/geojson/79_ho_chi_minh/wards/25951_dong_hoa.geojson","source_catalog":"https://github.com/thanglequoc/vietnamese-provinces-database"},"geometry":null},{"type":"Feature","id":"25966","properties":{"commune_code":"25966","commune_name":"Lái Thiêu","commune_name_en":"Lai Thieu","commune_full_name":"Phường Lái Thiêu","commune_full_name_en":"Lai Thieu Ward","commune_slug":"lai_thieu","unit_type":"Phường","unit_type_en":"Ward","admin_level":2,"province_code":"79","province_name":"Hồ Chí Minh","province_full_name":"Thành phố Hồ Chí Minh","province_slug":"ho_chi_minh","join_key":"25966","status":"active","dataset_effective_date":"2026-04-30","catalog_version":"2026-07-12","geometry_status":"not_embedded_boundary_available_by_url","boundary_source_url":"https://raw.githubusercontent.com/thanglequoc/vietnamese-provinces-database/master/json/geojson/79_ho_chi_minh/wards/25966_lai_thieu.geojson","boundary_source_page":"https://github.com/thanglequoc/vietnamese-provinces-database/blob/master/json/geojson/79_ho_chi_minh/wards/25966_lai_thieu.geojson","source_catalog":"https://github.com/thanglequoc/vietnamese-provinces-database"},"geometry":null},{"type":"Feature","id":"25969","properties":{"commune_code":"25969","commune_name":"Thuận Giao","commune_name_en":"Thuan Giao","commune_full_name":"Phường Thuận Giao","commune_full_name_en":"Thuan Giao Ward","commune_slug":"thuan_giao","unit_type":"Phường","unit_type_en":"Ward","admin_level":2,"province_code":"79","province_name":"Hồ Chí Minh","province_full_name":"Thành phố Hồ Chí Minh","province_slug":"ho_chi_minh","join_key":"25969","status":"active","dataset_effective_date":"2026-04-30","catalog_version":"2026-07-12","geometry_status":"not_embedded_boundary_available_by_url","boundary_source_url":"https://raw.githubusercontent.com/thanglequoc/vietnamese-provinces-database/master/json/geojson/79_ho_chi_minh/wards/25969_thuan_giao.geojson","boundary_source_page":"https://github.com/thanglequoc/vietnamese-provinces-database/blob/master/json/geojson/79_ho_chi_minh/wards/25969_thuan_giao.geojson","source_catalog":"https://github.com/thanglequoc/vietnamese-provinces-database"},"geometry":null},{"type":"Feature","id":"25975","properties":{"commune_code":"25975","commune_name":"An Phú","commune_name_en":"An Phu","commune_full_name":"Phường An Phú","commune_full_name_en":"An Phu Ward","commune_slug":"an_phu","unit_type":"Phường","unit_type_en":"Ward","admin_level":2,"province_code":"79","province_name":"Hồ Chí Minh","province_full_name":"Thành phố Hồ Chí Minh","province_slug":"ho_chi_minh","join_key":"25975","status":"active","dataset_effective_date":"2026-04-30","catalog_version":"2026-07-12","geometry_status":"not_embedded_boundary_available_by_url","boundary_source_url":"https://raw.githubusercontent.com/thanglequoc/vietnamese-provinces-database/master/json/geojson/79_ho_chi_minh/wards/25975_an_phu.geojson","boundary_source_page":"https://github.com/thanglequoc/vietnamese-provinces-database/blob/master/json/geojson/79_ho_chi_minh/wards/25975_an_phu.geojson","source_catalog":"https://github.com/thanglequoc/vietnamese-provinces-database"},"geometry":null},{"type":"Feature","id":"25978","properties":{"commune_code":"25978","commune_name":"Thuận An","commune_name_en":"Thuan An","commune_full_name":"Phường Thuận An","commune_full_name_en":"Thuan An Ward","commune_slug":"thuan_an","unit_type":"Phường","unit_type_en":"Ward","admin_level":2,"province_code":"79","province_name":"Hồ Chí Minh","province_full_name":"Thành phố Hồ Chí Minh","province_slug":"ho_chi_minh","join_key":"25978","status":"active","dataset_effective_date":"2026-04-30","catalog_version":"2026-07-12","geometry_status":"not_embedded_boundary_available_by_url","boundary_source_url":"https://raw.githubusercontent.com/thanglequoc/vietnamese-provinces-database/master/json/geojson/79_ho_chi_minh/wards/25978_thuan_an.geojson","boundary_source_page":"https://github.com/thanglequoc/vietnamese-provinces-database/blob/master/json/geojson/79_ho_chi_minh/wards/25978_thuan_an.geojson","source_catalog":"https://github.com/thanglequoc/vietnamese-provinces-database"},"geometry":null},{"type":"Feature","id":"25987","properties":{"commune_code":"25987","commune_name":"Bình Hoà","commune_name_en":"Binh Hoa","commune_full_name":"Phường Bình Hoà","commune_full_name_en":"Binh Hoa Ward","commune_slug":"binh_hoa","unit_type":"Phường","unit_type_en":"Ward","admin_level":2,"province_code":"79","province_name":"Hồ Chí Minh","province_full_name":"Thành phố Hồ Chí Minh","province_slug":"ho_chi_minh","join_key":"25987","status":"active","dataset_effective_date":"2026-04-30","catalog_version":"2026-07-12","geometry_status":"not_embedded_boundary_available_by_url","boundary_source_url":"https://raw.githubusercontent.com/thanglequoc/vietnamese-provinces-database/master/json/geojson/79_ho_chi_minh/wards/25987_binh_hoa.geojson","boundary_source_page":"https://github.com/thanglequoc/vietnamese-provinces-database/blob/master/json/geojson/79_ho_chi_minh/wards/25987_binh_hoa.geojson","source_catalog":"https://github.com/thanglequoc/vietnamese-provinces-database"},"geometry":null},{"type":"Feature","id":"26506","properties":{"commune_code":"26506","commune_name":"Vũng Tàu","commune_name_en":"Vung Tau","commune_full_name":"Phường Vũng Tàu","commune_full_name_en":"Vung Tau Ward","commune_slug":"vung_tau","unit_type":"Phường","unit_type_en":"Ward","admin_level":2,"province_code":"79","province_name":"Hồ Chí Minh","province_full_name":"Thành phố Hồ Chí Minh","province_slug":"ho_chi_minh","join_key":"26506","status":"active","dataset_effective_date":"2026-04-30","catalog_version":"2026-07-12","geometry_status":"not_embedded_boundary_available_by_url","boundary_source_url":"https://raw.githubusercontent.com/thanglequoc/vietnamese-provinces-database/master/json/geojson/79_ho_chi_minh/wards/26506_vung_tau.geojson","boundary_source_page":"https://github.com/thanglequoc/vietnamese-provinces-database/blob/master/json/geojson/79_ho_chi_minh/wards/26506_vung_tau.geojson","source_catalog":"https://github.com/thanglequoc/vietnamese-provinces-database"},"geometry":null},{"type":"Feature","id":"26526","properties":{"commune_code":"26526","commune_name":"Tam Thắng","commune_name_en":"Tam Thang","commune_full_name":"Phường Tam Thắng","commune_full_name_en":"Tam Thang Ward","commune_slug":"tam_thang","unit_type":"Phường","unit_type_en":"Ward","admin_level":2,"province_code":"79","province_name":"Hồ Chí Minh","province_full_name":"Thành phố Hồ Chí Minh","province_slug":"ho_chi_minh","join_key":"26526","status":"active","dataset_effective_date":"2026-04-30","catalog_version":"2026-07-12","geometry_status":"not_embedded_boundary_available_by_url","boundary_source_url":"https://raw.githubusercontent.com/thanglequoc/vietnamese-provinces-database/master/json/geojson/79_ho_chi_minh/wards/26526_tam_thang.geojson","boundary_source_page":"https://github.com/thanglequoc/vietnamese-provinces-database/blob/master/json/geojson/79_ho_chi_minh/wards/26526_tam_thang.geojson","source_catalog":"https://github.com/thanglequoc/vietnamese-provinces-database"},"geometry":null},{"type":"Feature","id":"26536","properties":{"commune_code":"26536","commune_name":"Rạch Dừa","commune_name_en":"Rach Dua","commune_full_name":"Phường Rạch Dừa","commune_full_name_en":"Rach Dua Ward","commune_slug":"rach_dua","unit_type":"Phường","unit_type_en":"Ward","admin_level":2,"province_code":"79","province_name":"Hồ Chí Minh","province_full_name":"Thành phố Hồ Chí Minh","province_slug":"ho_chi_minh","join_key":"26536","status":"active","dataset_effective_date":"2026-04-30","catalog_version":"2026-07-12","geometry_status":"not_embedded_boundary_available_by_url","boundary_source_url":"https://raw.githubusercontent.com/thanglequoc/vietnamese-provinces-database/master/json/geojson/79_ho_chi_minh/wards/26536_rach_dua.geojson","boundary_source_page":"https://github.com/thanglequoc/vietnamese-provinces-database/blob/master/json/geojson/79_ho_chi_minh/wards/26536_rach_dua.geojson","source_catalog":"https://github.com/thanglequoc/vietnamese-provinces-database"},"geometry":null},{"type":"Feature","id":"26542","properties":{"commune_code":"26542","commune_name":"Phước Thắng","commune_name_en":"Phuoc Thang","commune_full_name":"Phường Phước Thắng","commune_full_name_en":"Phuoc Thang Ward","commune_slug":"phuoc_thang","unit_type":"Phường","unit_type_en":"Ward","admin_level":2,"province_code":"79","province_name":"Hồ Chí Minh","province_full_name":"Thành phố Hồ Chí Minh","province_slug":"ho_chi_minh","join_key":"26542","status":"active","dataset_effective_date":"2026-04-30","catalog_version":"2026-07-12","geometry_status":"not_embedded_boundary_available_by_url","boundary_source_url":"https://raw.githubusercontent.com/thanglequoc/vietnamese-provinces-database/master/json/geojson/79_ho_chi_minh/wards/26542_phuoc_thang.geojson","boundary_source_page":"https://github.com/thanglequoc/vietnamese-provinces-database/blob/master/json/geojson/79_ho_chi_minh/wards/26542_phuoc_thang.geojson","source_catalog":"https://github.com/thanglequoc/vietnamese-provinces-database"},"geometry":null},{"type":"Feature","id":"26545","properties":{"commune_code":"26545","commune_name":"Long Sơn","commune_name_en":"Long Son","commune_full_name":"Xã Long Sơn","commune_full_name_en":"Long Son Commune","commune_slug":"long_son","unit_type":"Xã","unit_type_en":"Commune","admin_level":2,"province_code":"79","province_name":"Hồ Chí Minh","province_full_name":"Thành phố Hồ Chí Minh","province_slug":"ho_chi_minh","join_key":"26545","status":"active","dataset_effective_date":"2026-04-30","catalog_version":"2026-07-12","geometry_status":"not_embedded_boundary_available_by_url","boundary_source_url":"https://raw.githubusercontent.com/thanglequoc/vietnamese-provinces-database/master/json/geojson/79_ho_chi_minh/wards/26545_long_son.geojson","boundary_source_page":"https://github.com/thanglequoc/vietnamese-provinces-database/blob/master/json/geojson/79_ho_chi_minh/wards/26545_long_son.geojson","source_catalog":"https://github.com/thanglequoc/vietnamese-provinces-database"},"geometry":null},{"type":"Feature","id":"26560","properties":{"commune_code":"26560","commune_name":"Bà Rịa","commune_name_en":"Ba Ria","commune_full_name":"Phường Bà Rịa","commune_full_name_en":"Ba Ria Ward","commune_slug":"ba_ria","unit_type":"Phường","unit_type_en":"Ward","admin_level":2,"province_code":"79","province_name":"Hồ Chí Minh","province_full_name":"Thành phố Hồ Chí Minh","province_slug":"ho_chi_minh","join_key":"26560","status":"active","dataset_effective_date":"2026-04-30","catalog_version":"2026-07-12","geometry_status":"not_embedded_boundary_available_by_url","boundary_source_url":"https://raw.githubusercontent.com/thanglequoc/vietnamese-provinces-database/master/json/geojson/79_ho_chi_minh/wards/26560_ba_ria.geojson","boundary_source_page":"https://github.com/thanglequoc/vietnamese-provinces-database/blob/master/json/geojson/79_ho_chi_minh/wards/26560_ba_ria.geojson","source_catalog":"https://github.com/thanglequoc/vietnamese-provinces-database"},"geometry":null},{"type":"Feature","id":"26566","properties":{"commune_code":"26566","commune_name":"Long Hương","commune_name_en":"Long Huong","commune_full_name":"Phường Long Hương","commune_full_name_en":"Long Huong Ward","commune_slug":"long_huong","unit_type":"Phường","unit_type_en":"Ward","admin_level":2,"province_code":"79","province_name":"Hồ Chí Minh","province_full_name":"Thành phố Hồ Chí Minh","province_slug":"ho_chi_minh","join_key":"26566","status":"active","dataset_effective_date":"2026-04-30","catalog_version":"2026-07-12","geometry_status":"not_embedded_boundary_available_by_url","boundary_source_url":"https://raw.githubusercontent.com/thanglequoc/vietnamese-provinces-database/master/json/geojson/79_ho_chi_minh/wards/26566_long_huong.geojson","boundary_source_page":"https://github.com/thanglequoc/vietnamese-provinces-database/blob/master/json/geojson/79_ho_chi_minh/wards/26566_long_huong.geojson","source_catalog":"https://github.com/thanglequoc/vietnamese-provinces-database"},"geometry":null},{"type":"Feature","id":"26572","properties":{"commune_code":"26572","commune_name":"Tam Long","commune_name_en":"Tam Long","commune_full_name":"Phường Tam Long","commune_full_name_en":"Tam Long Ward","commune_slug":"tam_long","unit_type":"Phường","unit_type_en":"Ward","admin_level":2,"province_code":"79","province_name":"Hồ Chí Minh","province_full_name":"Thành phố Hồ Chí Minh","province_slug":"ho_chi_minh","join_key":"26572","status":"active","dataset_effective_date":"2026-04-30","catalog_version":"2026-07-12","geometry_status":"not_embedded_boundary_available_by_url","boundary_source_url":"https://raw.githubusercontent.com/thanglequoc/vietnamese-provinces-database/master/json/geojson/79_ho_chi_minh/wards/26572_tam_long.geojson","boundary_source_page":"https://github.com/thanglequoc/vietnamese-provinces-database/blob/master/json/geojson/79_ho_chi_minh/wards/26572_tam_long.geojson","source_catalog":"https://github.com/thanglequoc/vietnamese-provinces-database"},"geometry":null},{"type":"Feature","id":"26575","properties":{"commune_code":"26575","commune_name":"Ngãi Giao","commune_name_en":"Ngai Giao","commune_full_name":"Xã Ngãi Giao","commune_full_name_en":"Ngai Giao Commune","commune_slug":"ngai_giao","unit_type":"Xã","unit_type_en":"Commune","admin_level":2,"province_code":"79","province_name":"Hồ Chí Minh","province_full_name":"Thành phố Hồ Chí Minh","province_slug":"ho_chi_minh","join_key":"26575","status":"active","dataset_effective_date":"2026-04-30","catalog_version":"2026-07-12","geometry_status":"not_embedded_boundary_available_by_url","boundary_source_url":"https://raw.githubusercontent.com/thanglequoc/vietnamese-provinces-database/master/json/geojson/79_ho_chi_minh/wards/26575_ngai_giao.geojson","boundary_source_page":"https://github.com/thanglequoc/vietnamese-provinces-database/blob/master/json/geojson/79_ho_chi_minh/wards/26575_ngai_giao.geojson","source_catalog":"https://github.com/thanglequoc/vietnamese-provinces-database"},"geometry":null},{"type":"Feature","id":"26584","properties":{"commune_code":"26584","commune_name":"Xuân Sơn","commune_name_en":"Xuan Son","commune_full_name":"Xã Xuân Sơn","commune_full_name_en":"Xuan Son Commune","commune_slug":"xuan_son","unit_type":"Xã","unit_type_en":"Commune","admin_level":2,"province_code":"79","province_name":"Hồ Chí Minh","province_full_name":"Thành phố Hồ Chí Minh","province_slug":"ho_chi_minh","join_key":"26584","status":"active","dataset_effective_date":"2026-04-30","catalog_version":"2026-07-12","geometry_status":"not_embedded_boundary_available_by_url","boundary_source_url":"https://raw.githubusercontent.com/thanglequoc/vietnamese-provinces-database/master/json/geojson/79_ho_chi_minh/wards/26584_xuan_son.geojson","boundary_source_page":"https://github.com/thanglequoc/vietnamese-provinces-database/blob/master/json/geojson/79_ho_chi_minh/wards/26584_xuan_son.geojson","source_catalog":"https://github.com/thanglequoc/vietnamese-provinces-database"},"geometry":null},{"type":"Feature","id":"26590","properties":{"commune_code":"26590","commune_name":"Bình Giã","commune_name_en":"Binh Gia","commune_full_name":"Xã Bình Giã","commune_full_name_en":"Binh Gia Commune","commune_slug":"binh_gia","unit_type":"Xã","unit_type_en":"Commune","admin_level":2,"province_code":"79","province_name":"Hồ Chí Minh","province_full_name":"Thành phố Hồ Chí Minh","province_slug":"ho_chi_minh","join_key":"26590","status":"active","dataset_effective_date":"2026-04-30","catalog_version":"2026-07-12","geometry_status":"not_embedded_boundary_available_by_url","boundary_source_url":"https://raw.githubusercontent.com/thanglequoc/vietnamese-provinces-database/master/json/geojson/79_ho_chi_minh/wards/26590_binh_gia.geojson","boundary_source_page":"https://github.com/thanglequoc/vietnamese-provinces-database/blob/master/json/geojson/79_ho_chi_minh/wards/26590_binh_gia.geojson","source_catalog":"https://github.com/thanglequoc/vietnamese-provinces-database"},"geometry":null},{"type":"Feature","id":"26596","properties":{"commune_code":"26596","commune_name":"Châu Đức","commune_name_en":"Chau Duc","commune_full_name":"Xã Châu Đức","commune_full_name_en":"Chau Duc Commune","commune_slug":"chau_duc","unit_type":"Xã","unit_type_en":"Commune","admin_level":2,"province_code":"79","province_name":"Hồ Chí Minh","province_full_name":"Thành phố Hồ Chí Minh","province_slug":"ho_chi_minh","join_key":"26596","status":"active","dataset_effective_date":"2026-04-30","catalog_version":"2026-07-12","geometry_status":"not_embedded_boundary_available_by_url","boundary_source_url":"https://raw.githubusercontent.com/thanglequoc/vietnamese-provinces-database/master/json/geojson/79_ho_chi_minh/wards/26596_chau_duc.geojson","boundary_source_page":"https://github.com/thanglequoc/vietnamese-provinces-database/blob/master/json/geojson/79_ho_chi_minh/wards/26596_chau_duc.geojson","source_catalog":"https://github.com/thanglequoc/vietnamese-provinces-database"},"geometry":null},{"type":"Feature","id":"26608","properties":{"commune_code":"26608","commune_name":"Kim Long","commune_name_en":"Kim Long","commune_full_name":"Xã Kim Long","commune_full_name_en":"Kim Long Commune","commune_slug":"kim_long","unit_type":"Xã","unit_type_en":"Commune","admin_level":2,"province_code":"79","province_name":"Hồ Chí Minh","province_full_name":"Thành phố Hồ Chí Minh","province_slug":"ho_chi_minh","join_key":"26608","status":"active","dataset_effective_date":"2026-04-30","catalog_version":"2026-07-12","geometry_status":"not_embedded_boundary_available_by_url","boundary_source_url":"https://raw.githubusercontent.com/thanglequoc/vietnamese-provinces-database/master/json/geojson/79_ho_chi_minh/wards/26608_kim_long.geojson","boundary_source_page":"https://github.com/thanglequoc/vietnamese-provinces-database/blob/master/json/geojson/79_ho_chi_minh/wards/26608_kim_long.geojson","source_catalog":"https://github.com/thanglequoc/vietnamese-provinces-database"},"geometry":null},{"type":"Feature","id":"26617","properties":{"commune_code":"26617","commune_name":"Nghĩa Thành","commune_name_en":"Nghia Thanh","commune_full_name":"Xã Nghĩa Thành","commune_full_name_en":"Nghia Thanh Commune","commune_slug":"nghia_thanh","unit_type":"Xã","unit_type_en":"Commune","admin_level":2,"province_code":"79","province_name":"Hồ Chí Minh","province_full_name":"Thành phố Hồ Chí Minh","province_slug":"ho_chi_minh","join_key":"26617","status":"active","dataset_effective_date":"2026-04-30","catalog_version":"2026-07-12","geometry_status":"not_embedded_boundary_available_by_url","boundary_source_url":"https://raw.githubusercontent.com/thanglequoc/vietnamese-provinces-database/master/json/geojson/79_ho_chi_minh/wards/26617_nghia_thanh.geojson","boundary_source_page":"https://github.com/thanglequoc/vietnamese-provinces-database/blob/master/json/geojson/79_ho_chi_minh/wards/26617_nghia_thanh.geojson","source_catalog":"https://github.com/thanglequoc/vietnamese-provinces-database"},"geometry":null},{"type":"Feature","id":"26620","properties":{"commune_code":"26620","commune_name":"Hồ Tràm","commune_name_en":"Ho Tram","commune_full_name":"Xã Hồ Tràm","commune_full_name_en":"Ho Tram Commune","commune_slug":"ho_tram","unit_type":"Xã","unit_type_en":"Commune","admin_level":2,"province_code":"79","province_name":"Hồ Chí Minh","province_full_name":"Thành phố Hồ Chí Minh","province_slug":"ho_chi_minh","join_key":"26620","status":"active","dataset_effective_date":"2026-04-30","catalog_version":"2026-07-12","geometry_status":"not_embedded_boundary_available_by_url","boundary_source_url":"https://raw.githubusercontent.com/thanglequoc/vietnamese-provinces-database/master/json/geojson/79_ho_chi_minh/wards/26620_ho_tram.geojson","boundary_source_page":"https://github.com/thanglequoc/vietnamese-provinces-database/blob/master/json/geojson/79_ho_chi_minh/wards/26620_ho_tram.geojson","source_catalog":"https://github.com/thanglequoc/vietnamese-provinces-database"},"geometry":null},{"type":"Feature","id":"26632","properties":{"commune_code":"26632","commune_name":"Xuyên Mộc","commune_name_en":"Xuyen Moc","commune_full_name":"Xã Xuyên Mộc","commune_full_name_en":"Xuyen Moc Commune","commune_slug":"xuyen_moc","unit_type":"Xã","unit_type_en":"Commune","admin_level":2,"province_code":"79","province_name":"Hồ Chí Minh","province_full_name":"Thành phố Hồ Chí Minh","province_slug":"ho_chi_minh","join_key":"26632","status":"active","dataset_effective_date":"2026-04-30","catalog_version":"2026-07-12","geometry_status":"not_embedded_boundary_available_by_url","boundary_source_url":"https://raw.githubusercontent.com/thanglequoc/vietnamese-provinces-database/master/json/geojson/79_ho_chi_minh/wards/26632_xuyen_moc.geojson","boundary_source_page":"https://github.com/thanglequoc/vietnamese-provinces-database/blob/master/json/geojson/79_ho_chi_minh/wards/26632_xuyen_moc.geojson","source_catalog":"https://github.com/thanglequoc/vietnamese-provinces-database"},"geometry":null},{"type":"Feature","id":"26638","properties":{"commune_code":"26638","commune_name":"Bàu Lâm","commune_name_en":"Bau Lam","commune_full_name":"Xã Bàu Lâm","commune_full_name_en":"Bau Lam Commune","commune_slug":"bau_lam","unit_type":"Xã","unit_type_en":"Commune","admin_level":2,"province_code":"79","province_name":"Hồ Chí Minh","province_full_name":"Thành phố Hồ Chí Minh","province_slug":"ho_chi_minh","join_key":"26638","status":"active","dataset_effective_date":"2026-04-30","catalog_version":"2026-07-12","geometry_status":"not_embedded_boundary_available_by_url","boundary_source_url":"https://raw.githubusercontent.com/thanglequoc/vietnamese-provinces-database/master/json/geojson/79_ho_chi_minh/wards/26638_bau_lam.geojson","boundary_source_page":"https://github.com/thanglequoc/vietnamese-provinces-database/blob/master/json/geojson/79_ho_chi_minh/wards/26638_bau_lam.geojson","source_catalog":"https://github.com/thanglequoc/vietnamese-provinces-database"},"geometry":null},{"type":"Feature","id":"26641","properties":{"commune_code":"26641","commune_name":"Hoà Hội","commune_name_en":"Hoa Hoi","commune_full_name":"Xã Hoà Hội","commune_full_name_en":"Hoa Hoi Commune","commune_slug":"hoa_hoi","unit_type":"Xã","unit_type_en":"Commune","admin_level":2,"province_code":"79","province_name":"Hồ Chí Minh","province_full_name":"Thành phố Hồ Chí Minh","province_slug":"ho_chi_minh","join_key":"26641","status":"active","dataset_effective_date":"2026-04-30","catalog_version":"2026-07-12","geometry_status":"not_embedded_boundary_available_by_url","boundary_source_url":"https://raw.githubusercontent.com/thanglequoc/vietnamese-provinces-database/master/json/geojson/79_ho_chi_minh/wards/26641_hoa_hoi.geojson","boundary_source_page":"https://github.com/thanglequoc/vietnamese-provinces-database/blob/master/json/geojson/79_ho_chi_minh/wards/26641_hoa_hoi.geojson","source_catalog":"https://github.com/thanglequoc/vietnamese-provinces-database"},"geometry":null},{"type":"Feature","id":"26647","properties":{"commune_code":"26647","commune_name":"Hoà Hiệp","commune_name_en":"Hoa Hiep","commune_full_name":"Xã Hoà Hiệp","commune_full_name_en":"Hoa Hiep Commune","commune_slug":"hoa_hiep","unit_type":"Xã","unit_type_en":"Commune","admin_level":2,"province_code":"79","province_name":"Hồ Chí Minh","province_full_name":"Thành phố Hồ Chí Minh","province_slug":"ho_chi_minh","join_key":"26647","status":"active","dataset_effective_date":"2026-04-30","catalog_version":"2026-07-12","geometry_status":"not_embedded_boundary_available_by_url","boundary_source_url":"https://raw.githubusercontent.com/thanglequoc/vietnamese-provinces-database/master/json/geojson/79_ho_chi_minh/wards/26647_hoa_hiep.geojson","boundary_source_page":"https://github.com/thanglequoc/vietnamese-provinces-database/blob/master/json/geojson/79_ho_chi_minh/wards/26647_hoa_hiep.geojson","source_catalog":"https://github.com/thanglequoc/vietnamese-provinces-database"},"geometry":null},{"type":"Feature","id":"26656","properties":{"commune_code":"26656","commune_name":"Bình Châu","commune_name_en":"Binh Chau","commune_full_name":"Xã Bình Châu","commune_full_name_en":"Binh Chau Commune","commune_slug":"binh_chau","unit_type":"Xã","unit_type_en":"Commune","admin_level":2,"province_code":"79","province_name":"Hồ Chí Minh","province_full_name":"Thành phố Hồ Chí Minh","province_slug":"ho_chi_minh","join_key":"26656","status":"active","dataset_effective_date":"2026-04-30","catalog_version":"2026-07-12","geometry_status":"not_embedded_boundary_available_by_url","boundary_source_url":"https://raw.githubusercontent.com/thanglequoc/vietnamese-provinces-database/master/json/geojson/79_ho_chi_minh/wards/26656_binh_chau.geojson","boundary_source_page":"https://github.com/thanglequoc/vietnamese-provinces-database/blob/master/json/geojson/79_ho_chi_minh/wards/26656_binh_chau.geojson","source_catalog":"https://github.com/thanglequoc/vietnamese-provinces-database"},"geometry":null},{"type":"Feature","id":"26659","properties":{"commune_code":"26659","commune_name":"Long Điền","commune_name_en":"Long Dien","commune_full_name":"Xã Long Điền","commune_full_name_en":"Long Dien Commune","commune_slug":"long_dien","unit_type":"Xã","unit_type_en":"Commune","admin_level":2,"province_code":"79","province_name":"Hồ Chí Minh","province_full_name":"Thành phố Hồ Chí Minh","province_slug":"ho_chi_minh","join_key":"26659","status":"active","dataset_effective_date":"2026-04-30","catalog_version":"2026-07-12","geometry_status":"not_embedded_boundary_available_by_url","boundary_source_url":"https://raw.githubusercontent.com/thanglequoc/vietnamese-provinces-database/master/json/geojson/79_ho_chi_minh/wards/26659_long_dien.geojson","boundary_source_page":"https://github.com/thanglequoc/vietnamese-provinces-database/blob/master/json/geojson/79_ho_chi_minh/wards/26659_long_dien.geojson","source_catalog":"https://github.com/thanglequoc/vietnamese-provinces-database"},"geometry":null},{"type":"Feature","id":"26662","properties":{"commune_code":"26662","commune_name":"Long Hải","commune_name_en":"Long Hai","commune_full_name":"Xã Long Hải","commune_full_name_en":"Long Hai Commune","commune_slug":"long_hai","unit_type":"Xã","unit_type_en":"Commune","admin_level":2,"province_code":"79","province_name":"Hồ Chí Minh","province_full_name":"Thành phố Hồ Chí Minh","province_slug":"ho_chi_minh","join_key":"26662","status":"active","dataset_effective_date":"2026-04-30","catalog_version":"2026-07-12","geometry_status":"not_embedded_boundary_available_by_url","boundary_source_url":"https://raw.githubusercontent.com/thanglequoc/vietnamese-provinces-database/master/json/geojson/79_ho_chi_minh/wards/26662_long_hai.geojson","boundary_source_page":"https://github.com/thanglequoc/vietnamese-provinces-database/blob/master/json/geojson/79_ho_chi_minh/wards/26662_long_hai.geojson","source_catalog":"https://github.com/thanglequoc/vietnamese-provinces-database"},"geometry":null},{"type":"Feature","id":"26680","properties":{"commune_code":"26680","commune_name":"Đất Đỏ","commune_name_en":"Dat Do","commune_full_name":"Xã Đất Đỏ","commune_full_name_en":"Dat Do Commune","commune_slug":"dat_do","unit_type":"Xã","unit_type_en":"Commune","admin_level":2,"province_code":"79","province_name":"Hồ Chí Minh","province_full_name":"Thành phố Hồ Chí Minh","province_slug":"ho_chi_minh","join_key":"26680","status":"active","dataset_effective_date":"2026-04-30","catalog_version":"2026-07-12","geometry_status":"not_embedded_boundary_available_by_url","boundary_source_url":"https://raw.githubusercontent.com/thanglequoc/vietnamese-provinces-database/master/json/geojson/79_ho_chi_minh/wards/26680_dat_do.geojson","boundary_source_page":"https://github.com/thanglequoc/vietnamese-provinces-database/blob/master/json/geojson/79_ho_chi_minh/wards/26680_dat_do.geojson","source_catalog":"https://github.com/thanglequoc/vietnamese-provinces-database"},"geometry":null},{"type":"Feature","id":"26686","properties":{"commune_code":"26686","commune_name":"Phước Hải","commune_name_en":"Phuoc Hai","commune_full_name":"Xã Phước Hải","commune_full_name_en":"Phuoc Hai Commune","commune_slug":"phuoc_hai","unit_type":"Xã","unit_type_en":"Commune","admin_level":2,"province_code":"79","province_name":"Hồ Chí Minh","province_full_name":"Thành phố Hồ Chí Minh","province_slug":"ho_chi_minh","join_key":"26686","status":"active","dataset_effective_date":"2026-04-30","catalog_version":"2026-07-12","geometry_status":"not_embedded_boundary_available_by_url","boundary_source_url":"https://raw.githubusercontent.com/thanglequoc/vietnamese-provinces-database/master/json/geojson/79_ho_chi_minh/wards/26686_phuoc_hai.geojson","boundary_source_page":"https://github.com/thanglequoc/vietnamese-provinces-database/blob/master/json/geojson/79_ho_chi_minh/wards/26686_phuoc_hai.geojson","source_catalog":"https://github.com/thanglequoc/vietnamese-provinces-database"},"geometry":null},{"type":"Feature","id":"26704","properties":{"commune_code":"26704","commune_name":"Phú Mỹ","commune_name_en":"Phu My","commune_full_name":"Phường Phú Mỹ","commune_full_name_en":"Phu My Ward","commune_slug":"phu_my","unit_type":"Phường","unit_type_en":"Ward","admin_level":2,"province_code":"79","province_name":"Hồ Chí Minh","province_full_name":"Thành phố Hồ Chí Minh","province_slug":"ho_chi_minh","join_key":"26704","status":"active","dataset_effective_date":"2026-04-30","catalog_version":"2026-07-12","geometry_status":"not_embedded_boundary_available_by_url","boundary_source_url":"https://raw.githubusercontent.com/thanglequoc/vietnamese-provinces-database/master/json/geojson/79_ho_chi_minh/wards/26704_phu_my.geojson","boundary_source_page":"https://github.com/thanglequoc/vietnamese-provinces-database/blob/master/json/geojson/79_ho_chi_minh/wards/26704_phu_my.geojson","source_catalog":"https://github.com/thanglequoc/vietnamese-provinces-database"},"geometry":null},{"type":"Feature","id":"26710","properties":{"commune_code":"26710","commune_name":"Tân Hải","commune_name_en":"Tan Hai","commune_full_name":"Phường Tân Hải","commune_full_name_en":"Tan Hai Ward","commune_slug":"tan_hai","unit_type":"Phường","unit_type_en":"Ward","admin_level":2,"province_code":"79","province_name":"Hồ Chí Minh","province_full_name":"Thành phố Hồ Chí Minh","province_slug":"ho_chi_minh","join_key":"26710","status":"active","dataset_effective_date":"2026-04-30","catalog_version":"2026-07-12","geometry_status":"not_embedded_boundary_available_by_url","boundary_source_url":"https://raw.githubusercontent.com/thanglequoc/vietnamese-provinces-database/master/json/geojson/79_ho_chi_minh/wards/26710_tan_hai.geojson","boundary_source_page":"https://github.com/thanglequoc/vietnamese-provinces-database/blob/master/json/geojson/79_ho_chi_minh/wards/26710_tan_hai.geojson","source_catalog":"https://github.com/thanglequoc/vietnamese-provinces-database"},"geometry":null},{"type":"Feature","id":"26713","properties":{"commune_code":"26713","commune_name":"Tân Phước","commune_name_en":"Tan Phuoc","commune_full_name":"Phường Tân Phước","commune_full_name_en":"Tan Phuoc Ward","commune_slug":"tan_phuoc","unit_type":"Phường","unit_type_en":"Ward","admin_level":2,"province_code":"79","province_name":"Hồ Chí Minh","province_full_name":"Thành phố Hồ Chí Minh","province_slug":"ho_chi_minh","join_key":"26713","status":"active","dataset_effective_date":"2026-04-30","catalog_version":"2026-07-12","geometry_status":"not_embedded_boundary_available_by_url","boundary_source_url":"https://raw.githubusercontent.com/thanglequoc/vietnamese-provinces-database/master/json/geojson/79_ho_chi_minh/wards/26713_tan_phuoc.geojson","boundary_source_page":"https://github.com/thanglequoc/vietnamese-provinces-database/blob/master/json/geojson/79_ho_chi_minh/wards/26713_tan_phuoc.geojson","source_catalog":"https://github.com/thanglequoc/vietnamese-provinces-database"},"geometry":null},{"type":"Feature","id":"26725","properties":{"commune_code":"26725","commune_name":"Tân Thành","commune_name_en":"Tan Thanh","commune_full_name":"Phường Tân Thành","commune_full_name_en":"Tan Thanh Ward","commune_slug":"tan_thanh","unit_type":"Phường","unit_type_en":"Ward","admin_level":2,"province_code":"79","province_name":"Hồ Chí Minh","province_full_name":"Thành phố Hồ Chí Minh","province_slug":"ho_chi_minh","join_key":"26725","status":"active","dataset_effective_date":"2026-04-30","catalog_version":"2026-07-12","geometry_status":"not_embedded_boundary_available_by_url","boundary_source_url":"https://raw.githubusercontent.com/thanglequoc/vietnamese-provinces-database/master/json/geojson/79_ho_chi_minh/wards/26725_tan_thanh.geojson","boundary_source_page":"https://github.com/thanglequoc/vietnamese-provinces-database/blob/master/json/geojson/79_ho_chi_minh/wards/26725_tan_thanh.geojson","source_catalog":"https://github.com/thanglequoc/vietnamese-provinces-database"},"geometry":null},{"type":"Feature","id":"26728","properties":{"commune_code":"26728","commune_name":"Châu Pha","commune_name_en":"Chau Pha","commune_full_name":"Xã Châu Pha","commune_full_name_en":"Chau Pha Commune","commune_slug":"chau_pha","unit_type":"Xã","unit_type_en":"Commune","admin_level":2,"province_code":"79","province_name":"Hồ Chí Minh","province_full_name":"Thành phố Hồ Chí Minh","province_slug":"ho_chi_minh","join_key":"26728","status":"active","dataset_effective_date":"2026-04-30","catalog_version":"2026-07-12","geometry_status":"not_embedded_boundary_available_by_url","boundary_source_url":"https://raw.githubusercontent.com/thanglequoc/vietnamese-provinces-database/master/json/geojson/79_ho_chi_minh/wards/26728_chau_pha.geojson","boundary_source_page":"https://github.com/thanglequoc/vietnamese-provinces-database/blob/master/json/geojson/79_ho_chi_minh/wards/26728_chau_pha.geojson","source_catalog":"https://github.com/thanglequoc/vietnamese-provinces-database"},"geometry":null},{"type":"Feature","id":"26732","properties":{"commune_code":"26732","commune_name":"Côn Đảo","commune_name_en":"Con Dao","commune_full_name":"Đặc khu Côn Đảo","commune_full_name_en":"Con Dao Special administrative region","commune_slug":"con_dao","unit_type":"Đặc khu","unit_type_en":"Special administrative region","admin_level":2,"province_code":"79","province_name":"Hồ Chí Minh","province_full_name":"Thành phố Hồ Chí Minh","province_slug":"ho_chi_minh","join_key":"26732","status":"active","dataset_effective_date":"2026-04-30","catalog_version":"2026-07-12","geometry_status":"not_embedded_boundary_available_by_url","boundary_source_url":"https://raw.githubusercontent.com/thanglequoc/vietnamese-provinces-database/master/json/geojson/79_ho_chi_minh/wards/26732_con_dao.geojson","boundary_source_page":"https://github.com/thanglequoc/vietnamese-provinces-database/blob/master/json/geojson/79_ho_chi_minh/wards/26732_con_dao.geojson","source_catalog":"https://github.com/thanglequoc/vietnamese-provinces-database"},"geometry":null},{"type":"Feature","id":"26737","properties":{"commune_code":"26737","commune_name":"Tân Định","commune_name_en":"Tan Dinh","commune_full_name":"Phường Tân Định","commune_full_name_en":"Tan Dinh Ward","commune_slug":"tan_dinh","unit_type":"Phường","unit_type_en":"Ward","admin_level":2,"province_code":"79","province_name":"Hồ Chí Minh","province_full_name":"Thành phố Hồ Chí Minh","province_slug":"ho_chi_minh","join_key":"26737","status":"active","dataset_effective_date":"2026-04-30","catalog_version":"2026-07-12","geometry_status":"not_embedded_boundary_available_by_url","boundary_source_url":"https://raw.githubusercontent.com/thanglequoc/vietnamese-provinces-database/master/json/geojson/79_ho_chi_minh/wards/26737_tan_dinh.geojson","boundary_source_page":"https://github.com/thanglequoc/vietnamese-provinces-database/blob/master/json/geojson/79_ho_chi_minh/wards/26737_tan_dinh.geojson","source_catalog":"https://github.com/thanglequoc/vietnamese-provinces-database"},"geometry":null},{"type":"Feature","id":"26740","properties":{"commune_code":"26740","commune_name":"Sài Gòn","commune_name_en":"Sai Gon","commune_full_name":"Phường Sài Gòn","commune_full_name_en":"Sai Gon Ward","commune_slug":"sai_gon","unit_type":"Phường","unit_type_en":"Ward","admin_level":2,"province_code":"79","province_name":"Hồ Chí Minh","province_full_name":"Thành phố Hồ Chí Minh","province_slug":"ho_chi_minh","join_key":"26740","status":"active","dataset_effective_date":"2026-04-30","catalog_version":"2026-07-12","geometry_status":"not_embedded_boundary_available_by_url","boundary_source_url":"https://raw.githubusercontent.com/thanglequoc/vietnamese-provinces-database/master/json/geojson/79_ho_chi_minh/wards/26740_sai_gon.geojson","boundary_source_page":"https://github.com/thanglequoc/vietnamese-provinces-database/blob/master/json/geojson/79_ho_chi_minh/wards/26740_sai_gon.geojson","source_catalog":"https://github.com/thanglequoc/vietnamese-provinces-database"},"geometry":null},{"type":"Feature","id":"26743","properties":{"commune_code":"26743","commune_name":"Bến Thành","commune_name_en":"Ben Thanh","commune_full_name":"Phường Bến Thành","commune_full_name_en":"Ben Thanh Ward","commune_slug":"ben_thanh","unit_type":"Phường","unit_type_en":"Ward","admin_level":2,"province_code":"79","province_name":"Hồ Chí Minh","province_full_name":"Thành phố Hồ Chí Minh","province_slug":"ho_chi_minh","join_key":"26743","status":"active","dataset_effective_date":"2026-04-30","catalog_version":"2026-07-12","geometry_status":"not_embedded_boundary_available_by_url","boundary_source_url":"https://raw.githubusercontent.com/thanglequoc/vietnamese-provinces-database/master/json/geojson/79_ho_chi_minh/wards/26743_ben_thanh.geojson","boundary_source_page":"https://github.com/thanglequoc/vietnamese-provinces-database/blob/master/json/geojson/79_ho_chi_minh/wards/26743_ben_thanh.geojson","source_catalog":"https://github.com/thanglequoc/vietnamese-provinces-database"},"geometry":null},{"type":"Feature","id":"26758","properties":{"commune_code":"26758","commune_name":"Cầu Ông Lãnh","commune_name_en":"Cau Ong Lanh","commune_full_name":"Phường Cầu Ông Lãnh","commune_full_name_en":"Cau Ong Lanh Ward","commune_slug":"cau_ong_lanh","unit_type":"Phường","unit_type_en":"Ward","admin_level":2,"province_code":"79","province_name":"Hồ Chí Minh","province_full_name":"Thành phố Hồ Chí Minh","province_slug":"ho_chi_minh","join_key":"26758","status":"active","dataset_effective_date":"2026-04-30","catalog_version":"2026-07-12","geometry_status":"not_embedded_boundary_available_by_url","boundary_source_url":"https://raw.githubusercontent.com/thanglequoc/vietnamese-provinces-database/master/json/geojson/79_ho_chi_minh/wards/26758_cau_ong_lanh.geojson","boundary_source_page":"https://github.com/thanglequoc/vietnamese-provinces-database/blob/master/json/geojson/79_ho_chi_minh/wards/26758_cau_ong_lanh.geojson","source_catalog":"https://github.com/thanglequoc/vietnamese-provinces-database"},"geometry":null},{"type":"Feature","id":"26767","properties":{"commune_code":"26767","commune_name":"An Phú Đông","commune_name_en":"An Phu Dong","commune_full_name":"Phường An Phú Đông","commune_full_name_en":"An Phu Dong Ward","commune_slug":"an_phu_dong","unit_type":"Phường","unit_type_en":"Ward","admin_level":2,"province_code":"79","province_name":"Hồ Chí Minh","province_full_name":"Thành phố Hồ Chí Minh","province_slug":"ho_chi_minh","join_key":"26767","status":"active","dataset_effective_date":"2026-04-30","catalog_version":"2026-07-12","geometry_status":"not_embedded_boundary_available_by_url","boundary_source_url":"https://raw.githubusercontent.com/thanglequoc/vietnamese-provinces-database/master/json/geojson/79_ho_chi_minh/wards/26767_an_phu_dong.geojson","boundary_source_page":"https://github.com/thanglequoc/vietnamese-provinces-database/blob/master/json/geojson/79_ho_chi_minh/wards/26767_an_phu_dong.geojson","source_catalog":"https://github.com/thanglequoc/vietnamese-provinces-database"},"geometry":null},{"type":"Feature","id":"26773","properties":{"commune_code":"26773","commune_name":"Thới An","commune_name_en":"Thoi An","commune_full_name":"Phường Thới An","commune_full_name_en":"Thoi An Ward","commune_slug":"thoi_an","unit_type":"Phường","unit_type_en":"Ward","admin_level":2,"province_code":"79","province_name":"Hồ Chí Minh","province_full_name":"Thành phố Hồ Chí Minh","province_slug":"ho_chi_minh","join_key":"26773","status":"active","dataset_effective_date":"2026-04-30","catalog_version":"2026-07-12","geometry_status":"not_embedded_boundary_available_by_url","boundary_source_url":"https://raw.githubusercontent.com/thanglequoc/vietnamese-provinces-database/master/json/geojson/79_ho_chi_minh/wards/26773_thoi_an.geojson","boundary_source_page":"https://github.com/thanglequoc/vietnamese-provinces-database/blob/master/json/geojson/79_ho_chi_minh/wards/26773_thoi_an.geojson","source_catalog":"https://github.com/thanglequoc/vietnamese-provinces-database"},"geometry":null},{"type":"Feature","id":"26782","properties":{"commune_code":"26782","commune_name":"Tân Thới Hiệp","commune_name_en":"Tan Thoi Hiep","commune_full_name":"Phường Tân Thới Hiệp","commune_full_name_en":"Tan Thoi Hiep Ward","commune_slug":"tan_thoi_hiep","unit_type":"Phường","unit_type_en":"Ward","admin_level":2,"province_code":"79","province_name":"Hồ Chí Minh","province_full_name":"Thành phố Hồ Chí Minh","province_slug":"ho_chi_minh","join_key":"26782","status":"active","dataset_effective_date":"2026-04-30","catalog_version":"2026-07-12","geometry_status":"not_embedded_boundary_available_by_url","boundary_source_url":"https://raw.githubusercontent.com/thanglequoc/vietnamese-provinces-database/master/json/geojson/79_ho_chi_minh/wards/26782_tan_thoi_hiep.geojson","boundary_source_page":"https://github.com/thanglequoc/vietnamese-provinces-database/blob/master/json/geojson/79_ho_chi_minh/wards/26782_tan_thoi_hiep.geojson","source_catalog":"https://github.com/thanglequoc/vietnamese-provinces-database"},"geometry":null},{"type":"Feature","id":"26785","properties":{"commune_code":"26785","commune_name":"Trung Mỹ Tây","commune_name_en":"Trung My Tay","commune_full_name":"Phường Trung Mỹ Tây","commune_full_name_en":"Trung My Tay Ward","commune_slug":"trung_my_tay","unit_type":"Phường","unit_type_en":"Ward","admin_level":2,"province_code":"79","province_name":"Hồ Chí Minh","province_full_name":"Thành phố Hồ Chí Minh","province_slug":"ho_chi_minh","join_key":"26785","status":"active","dataset_effective_date":"2026-04-30","catalog_version":"2026-07-12","geometry_status":"not_embedded_boundary_available_by_url","boundary_source_url":"https://raw.githubusercontent.com/thanglequoc/vietnamese-provinces-database/master/json/geojson/79_ho_chi_minh/wards/26785_trung_my_tay.geojson","boundary_source_page":"https://github.com/thanglequoc/vietnamese-provinces-database/blob/master/json/geojson/79_ho_chi_minh/wards/26785_trung_my_tay.geojson","source_catalog":"https://github.com/thanglequoc/vietnamese-provinces-database"},"geometry":null},{"type":"Feature","id":"26791","properties":{"commune_code":"26791","commune_name":"Đông Hưng Thuận","commune_name_en":"Dong Hung Thuan","commune_full_name":"Phường Đông Hưng Thuận","commune_full_name_en":"Dong Hung Thuan Ward","commune_slug":"dong_hung_thuan","unit_type":"Phường","unit_type_en":"Ward","admin_level":2,"province_code":"79","province_name":"Hồ Chí Minh","province_full_name":"Thành phố Hồ Chí Minh","province_slug":"ho_chi_minh","join_key":"26791","status":"active","dataset_effective_date":"2026-04-30","catalog_version":"2026-07-12","geometry_status":"not_embedded_boundary_available_by_url","boundary_source_url":"https://raw.githubusercontent.com/thanglequoc/vietnamese-provinces-database/master/json/geojson/79_ho_chi_minh/wards/26791_dong_hung_thuan.geojson","boundary_source_page":"https://github.com/thanglequoc/vietnamese-provinces-database/blob/master/json/geojson/79_ho_chi_minh/wards/26791_dong_hung_thuan.geojson","source_catalog":"https://github.com/thanglequoc/vietnamese-provinces-database"},"geometry":null},{"type":"Feature","id":"26800","properties":{"commune_code":"26800","commune_name":"Linh Xuân","commune_name_en":"Linh Xuan","commune_full_name":"Phường Linh Xuân","commune_full_name_en":"Linh Xuan Ward","commune_slug":"linh_xuan","unit_type":"Phường","unit_type_en":"Ward","admin_level":2,"province_code":"79","province_name":"Hồ Chí Minh","province_full_name":"Thành phố Hồ Chí Minh","province_slug":"ho_chi_minh","join_key":"26800","status":"active","dataset_effective_date":"2026-04-30","catalog_version":"2026-07-12","geometry_status":"not_embedded_boundary_available_by_url","boundary_source_url":"https://raw.githubusercontent.com/thanglequoc/vietnamese-provinces-database/master/json/geojson/79_ho_chi_minh/wards/26800_linh_xuan.geojson","boundary_source_page":"https://github.com/thanglequoc/vietnamese-provinces-database/blob/master/json/geojson/79_ho_chi_minh/wards/26800_linh_xuan.geojson","source_catalog":"https://github.com/thanglequoc/vietnamese-provinces-database"},"geometry":null},{"type":"Feature","id":"26803","properties":{"commune_code":"26803","commune_name":"Tam Bình","commune_name_en":"Tam Binh","commune_full_name":"Phường Tam Bình","commune_full_name_en":"Tam Binh Ward","commune_slug":"tam_binh","unit_type":"Phường","unit_type_en":"Ward","admin_level":2,"province_code":"79","province_name":"Hồ Chí Minh","province_full_name":"Thành phố Hồ Chí Minh","province_slug":"ho_chi_minh","join_key":"26803","status":"active","dataset_effective_date":"2026-04-30","catalog_version":"2026-07-12","geometry_status":"not_embedded_boundary_available_by_url","boundary_source_url":"https://raw.githubusercontent.com/thanglequoc/vietnamese-provinces-database/master/json/geojson/79_ho_chi_minh/wards/26803_tam_binh.geojson","boundary_source_page":"https://github.com/thanglequoc/vietnamese-provinces-database/blob/master/json/geojson/79_ho_chi_minh/wards/26803_tam_binh.geojson","source_catalog":"https://github.com/thanglequoc/vietnamese-provinces-database"},"geometry":null},{"type":"Feature","id":"26809","properties":{"commune_code":"26809","commune_name":"Hiệp Bình","commune_name_en":"Hiep Binh","commune_full_name":"Phường Hiệp Bình","commune_full_name_en":"Hiep Binh Ward","commune_slug":"hiep_binh","unit_type":"Phường","unit_type_en":"Ward","admin_level":2,"province_code":"79","province_name":"Hồ Chí Minh","province_full_name":"Thành phố Hồ Chí Minh","province_slug":"ho_chi_minh","join_key":"26809","status":"active","dataset_effective_date":"2026-04-30","catalog_version":"2026-07-12","geometry_status":"not_embedded_boundary_available_by_url","boundary_source_url":"https://raw.githubusercontent.com/thanglequoc/vietnamese-provinces-database/master/json/geojson/79_ho_chi_minh/wards/26809_hiep_binh.geojson","boundary_source_page":"https://github.com/thanglequoc/vietnamese-provinces-database/blob/master/json/geojson/79_ho_chi_minh/wards/26809_hiep_binh.geojson","source_catalog":"https://github.com/thanglequoc/vietnamese-provinces-database"},"geometry":null},{"type":"Feature","id":"26824","properties":{"commune_code":"26824","commune_name":"Thủ Đức","commune_name_en":"Thu Duc","commune_full_name":"Phường Thủ Đức","commune_full_name_en":"Thu Duc Ward","commune_slug":"thu_duc","unit_type":"Phường","unit_type_en":"Ward","admin_level":2,"province_code":"79","province_name":"Hồ Chí Minh","province_full_name":"Thành phố Hồ Chí Minh","province_slug":"ho_chi_minh","join_key":"26824","status":"active","dataset_effective_date":"2026-04-30","catalog_version":"2026-07-12","geometry_status":"not_embedded_boundary_available_by_url","boundary_source_url":"https://raw.githubusercontent.com/thanglequoc/vietnamese-provinces-database/master/json/geojson/79_ho_chi_minh/wards/26824_thu_duc.geojson","boundary_source_page":"https://github.com/thanglequoc/vietnamese-provinces-database/blob/master/json/geojson/79_ho_chi_minh/wards/26824_thu_duc.geojson","source_catalog":"https://github.com/thanglequoc/vietnamese-provinces-database"},"geometry":null},{"type":"Feature","id":"26833","properties":{"commune_code":"26833","commune_name":"Long Bình","commune_name_en":"Long Binh","commune_full_name":"Phường Long Bình","commune_full_name_en":"Long Binh Ward","commune_slug":"long_binh","unit_type":"Phường","unit_type_en":"Ward","admin_level":2,"province_code":"79","province_name":"Hồ Chí Minh","province_full_name":"Thành phố Hồ Chí Minh","province_slug":"ho_chi_minh","join_key":"26833","status":"active","dataset_effective_date":"2026-04-30","catalog_version":"2026-07-12","geometry_status":"not_embedded_boundary_available_by_url","boundary_source_url":"https://raw.githubusercontent.com/thanglequoc/vietnamese-provinces-database/master/json/geojson/79_ho_chi_minh/wards/26833_long_binh.geojson","boundary_source_page":"https://github.com/thanglequoc/vietnamese-provinces-database/blob/master/json/geojson/79_ho_chi_minh/wards/26833_long_binh.geojson","source_catalog":"https://github.com/thanglequoc/vietnamese-provinces-database"},"geometry":null},{"type":"Feature","id":"26842","properties":{"commune_code":"26842","commune_name":"Tăng Nhơn Phú","commune_name_en":"Tang Nhon Phu","commune_full_name":"Phường Tăng Nhơn Phú","commune_full_name_en":"Tang Nhon Phu Ward","commune_slug":"tang_nhon_phu","unit_type":"Phường","unit_type_en":"Ward","admin_level":2,"province_code":"79","province_name":"Hồ Chí Minh","province_full_name":"Thành phố Hồ Chí Minh","province_slug":"ho_chi_minh","join_key":"26842","status":"active","dataset_effective_date":"2026-04-30","catalog_version":"2026-07-12","geometry_status":"not_embedded_boundary_available_by_url","boundary_source_url":"https://raw.githubusercontent.com/thanglequoc/vietnamese-provinces-database/master/json/geojson/79_ho_chi_minh/wards/26842_tang_nhon_phu.geojson","boundary_source_page":"https://github.com/thanglequoc/vietnamese-provinces-database/blob/master/json/geojson/79_ho_chi_minh/wards/26842_tang_nhon_phu.geojson","source_catalog":"https://github.com/thanglequoc/vietnamese-provinces-database"},"geometry":null},{"type":"Feature","id":"26848","properties":{"commune_code":"26848","commune_name":"Phước Long","commune_name_en":"Phuoc Long","commune_full_name":"Phường Phước Long","commune_full_name_en":"Phuoc Long Ward","commune_slug":"phuoc_long","unit_type":"Phường","unit_type_en":"Ward","admin_level":2,"province_code":"79","province_name":"Hồ Chí Minh","province_full_name":"Thành phố Hồ Chí Minh","province_slug":"ho_chi_minh","join_key":"26848","status":"active","dataset_effective_date":"2026-04-30","catalog_version":"2026-07-12","geometry_status":"not_embedded_boundary_available_by_url","boundary_source_url":"https://raw.githubusercontent.com/thanglequoc/vietnamese-provinces-database/master/json/geojson/79_ho_chi_minh/wards/26848_phuoc_long.geojson","boundary_source_page":"https://github.com/thanglequoc/vietnamese-provinces-database/blob/master/json/geojson/79_ho_chi_minh/wards/26848_phuoc_long.geojson","source_catalog":"https://github.com/thanglequoc/vietnamese-provinces-database"},"geometry":null},{"type":"Feature","id":"26857","properties":{"commune_code":"26857","commune_name":"Long Phước","commune_name_en":"Long Phuoc","commune_full_name":"Phường Long Phước","commune_full_name_en":"Long Phuoc Ward","commune_slug":"long_phuoc","unit_type":"Phường","unit_type_en":"Ward","admin_level":2,"province_code":"79","province_name":"Hồ Chí Minh","province_full_name":"Thành phố Hồ Chí Minh","province_slug":"ho_chi_minh","join_key":"26857","status":"active","dataset_effective_date":"2026-04-30","catalog_version":"2026-07-12","geometry_status":"not_embedded_boundary_available_by_url","boundary_source_url":"https://raw.githubusercontent.com/thanglequoc/vietnamese-provinces-database/master/json/geojson/79_ho_chi_minh/wards/26857_long_phuoc.geojson","boundary_source_page":"https://github.com/thanglequoc/vietnamese-provinces-database/blob/master/json/geojson/79_ho_chi_minh/wards/26857_long_phuoc.geojson","source_catalog":"https://github.com/thanglequoc/vietnamese-provinces-database"},"geometry":null},{"type":"Feature","id":"26860","properties":{"commune_code":"26860","commune_name":"Long Trường","commune_name_en":"Long Truong","commune_full_name":"Phường Long Trường","commune_full_name_en":"Long Truong Ward","commune_slug":"long_truong","unit_type":"Phường","unit_type_en":"Ward","admin_level":2,"province_code":"79","province_name":"Hồ Chí Minh","province_full_name":"Thành phố Hồ Chí Minh","province_slug":"ho_chi_minh","join_key":"26860","status":"active","dataset_effective_date":"2026-04-30","catalog_version":"2026-07-12","geometry_status":"not_embedded_boundary_available_by_url","boundary_source_url":"https://raw.githubusercontent.com/thanglequoc/vietnamese-provinces-database/master/json/geojson/79_ho_chi_minh/wards/26860_long_truong.geojson","boundary_source_page":"https://github.com/thanglequoc/vietnamese-provinces-database/blob/master/json/geojson/79_ho_chi_minh/wards/26860_long_truong.geojson","source_catalog":"https://github.com/thanglequoc/vietnamese-provinces-database"},"geometry":null},{"type":"Feature","id":"26876","properties":{"commune_code":"26876","commune_name":"An Nhơn","commune_name_en":"An Nhon","commune_full_name":"Phường An Nhơn","commune_full_name_en":"An Nhon Ward","commune_slug":"an_nhon","unit_type":"Phường","unit_type_en":"Ward","admin_level":2,"province_code":"79","province_name":"Hồ Chí Minh","province_full_name":"Thành phố Hồ Chí Minh","province_slug":"ho_chi_minh","join_key":"26876","status":"active","dataset_effective_date":"2026-04-30","catalog_version":"2026-07-12","geometry_status":"not_embedded_boundary_available_by_url","boundary_source_url":"https://raw.githubusercontent.com/thanglequoc/vietnamese-provinces-database/master/json/geojson/79_ho_chi_minh/wards/26876_an_nhon.geojson","boundary_source_page":"https://github.com/thanglequoc/vietnamese-provinces-database/blob/master/json/geojson/79_ho_chi_minh/wards/26876_an_nhon.geojson","source_catalog":"https://github.com/thanglequoc/vietnamese-provinces-database"},"geometry":null},{"type":"Feature","id":"26878","properties":{"commune_code":"26878","commune_name":"An Hội Đông","commune_name_en":"An Hoi Dong","commune_full_name":"Phường An Hội Đông","commune_full_name_en":"An Hoi Dong Ward","commune_slug":"an_hoi_dong","unit_type":"Phường","unit_type_en":"Ward","admin_level":2,"province_code":"79","province_name":"Hồ Chí Minh","province_full_name":"Thành phố Hồ Chí Minh","province_slug":"ho_chi_minh","join_key":"26878","status":"active","dataset_effective_date":"2026-04-30","catalog_version":"2026-07-12","geometry_status":"not_embedded_boundary_available_by_url","boundary_source_url":"https://raw.githubusercontent.com/thanglequoc/vietnamese-provinces-database/master/json/geojson/79_ho_chi_minh/wards/26878_an_hoi_dong.geojson","boundary_source_page":"https://github.com/thanglequoc/vietnamese-provinces-database/blob/master/json/geojson/79_ho_chi_minh/wards/26878_an_hoi_dong.geojson","source_catalog":"https://github.com/thanglequoc/vietnamese-provinces-database"},"geometry":null},{"type":"Feature","id":"26882","properties":{"commune_code":"26882","commune_name":"An Hội Tây","commune_name_en":"An Hoi Tay","commune_full_name":"Phường An Hội Tây","commune_full_name_en":"An Hoi Tay Ward","commune_slug":"an_hoi_tay","unit_type":"Phường","unit_type_en":"Ward","admin_level":2,"province_code":"79","province_name":"Hồ Chí Minh","province_full_name":"Thành phố Hồ Chí Minh","province_slug":"ho_chi_minh","join_key":"26882","status":"active","dataset_effective_date":"2026-04-30","catalog_version":"2026-07-12","geometry_status":"not_embedded_boundary_available_by_url","boundary_source_url":"https://raw.githubusercontent.com/thanglequoc/vietnamese-provinces-database/master/json/geojson/79_ho_chi_minh/wards/26882_an_hoi_tay.geojson","boundary_source_page":"https://github.com/thanglequoc/vietnamese-provinces-database/blob/master/json/geojson/79_ho_chi_minh/wards/26882_an_hoi_tay.geojson","source_catalog":"https://github.com/thanglequoc/vietnamese-provinces-database"},"geometry":null},{"type":"Feature","id":"26884","properties":{"commune_code":"26884","commune_name":"Gò Vấp","commune_name_en":"Go Vap","commune_full_name":"Phường Gò Vấp","commune_full_name_en":"Go Vap Ward","commune_slug":"go_vap","unit_type":"Phường","unit_type_en":"Ward","admin_level":2,"province_code":"79","province_name":"Hồ Chí Minh","province_full_name":"Thành phố Hồ Chí Minh","province_slug":"ho_chi_minh","join_key":"26884","status":"active","dataset_effective_date":"2026-04-30","catalog_version":"2026-07-12","geometry_status":"not_embedded_boundary_available_by_url","boundary_source_url":"https://raw.githubusercontent.com/thanglequoc/vietnamese-provinces-database/master/json/geojson/79_ho_chi_minh/wards/26884_go_vap.geojson","boundary_source_page":"https://github.com/thanglequoc/vietnamese-provinces-database/blob/master/json/geojson/79_ho_chi_minh/wards/26884_go_vap.geojson","source_catalog":"https://github.com/thanglequoc/vietnamese-provinces-database"},"geometry":null},{"type":"Feature","id":"26890","properties":{"commune_code":"26890","commune_name":"Hạnh Thông","commune_name_en":"Hanh Thong","commune_full_name":"Phường Hạnh Thông","commune_full_name_en":"Hanh Thong Ward","commune_slug":"hanh_thong","unit_type":"Phường","unit_type_en":"Ward","admin_level":2,"province_code":"79","province_name":"Hồ Chí Minh","province_full_name":"Thành phố Hồ Chí Minh","province_slug":"ho_chi_minh","join_key":"26890","status":"active","dataset_effective_date":"2026-04-30","catalog_version":"2026-07-12","geometry_status":"not_embedded_boundary_available_by_url","boundary_source_url":"https://raw.githubusercontent.com/thanglequoc/vietnamese-provinces-database/master/json/geojson/79_ho_chi_minh/wards/26890_hanh_thong.geojson","boundary_source_page":"https://github.com/thanglequoc/vietnamese-provinces-database/blob/master/json/geojson/79_ho_chi_minh/wards/26890_hanh_thong.geojson","source_catalog":"https://github.com/thanglequoc/vietnamese-provinces-database"},"geometry":null},{"type":"Feature","id":"26898","properties":{"commune_code":"26898","commune_name":"Thông Tây Hội","commune_name_en":"Thong Tay Hoi","commune_full_name":"Phường Thông Tây Hội","commune_full_name_en":"Thong Tay Hoi Ward","commune_slug":"thong_tay_hoi","unit_type":"Phường","unit_type_en":"Ward","admin_level":2,"province_code":"79","province_name":"Hồ Chí Minh","province_full_name":"Thành phố Hồ Chí Minh","province_slug":"ho_chi_minh","join_key":"26898","status":"active","dataset_effective_date":"2026-04-30","catalog_version":"2026-07-12","geometry_status":"not_embedded_boundary_available_by_url","boundary_source_url":"https://raw.githubusercontent.com/thanglequoc/vietnamese-provinces-database/master/json/geojson/79_ho_chi_minh/wards/26898_thong_tay_hoi.geojson","boundary_source_page":"https://github.com/thanglequoc/vietnamese-provinces-database/blob/master/json/geojson/79_ho_chi_minh/wards/26898_thong_tay_hoi.geojson","source_catalog":"https://github.com/thanglequoc/vietnamese-provinces-database"},"geometry":null},{"type":"Feature","id":"26905","properties":{"commune_code":"26905","commune_name":"Bình Lợi Trung","commune_name_en":"Binh Loi Trung","commune_full_name":"Phường Bình Lợi Trung","commune_full_name_en":"Binh Loi Trung Ward","commune_slug":"binh_loi_trung","unit_type":"Phường","unit_type_en":"Ward","admin_level":2,"province_code":"79","province_name":"Hồ Chí Minh","province_full_name":"Thành phố Hồ Chí Minh","province_slug":"ho_chi_minh","join_key":"26905","status":"active","dataset_effective_date":"2026-04-30","catalog_version":"2026-07-12","geometry_status":"not_embedded_boundary_available_by_url","boundary_source_url":"https://raw.githubusercontent.com/thanglequoc/vietnamese-provinces-database/master/json/geojson/79_ho_chi_minh/wards/26905_binh_loi_trung.geojson","boundary_source_page":"https://github.com/thanglequoc/vietnamese-provinces-database/blob/master/json/geojson/79_ho_chi_minh/wards/26905_binh_loi_trung.geojson","source_catalog":"https://github.com/thanglequoc/vietnamese-provinces-database"},"geometry":null},{"type":"Feature","id":"26911","properties":{"commune_code":"26911","commune_name":"Bình Quới","commune_name_en":"Binh Quoi","commune_full_name":"Phường Bình Quới","commune_full_name_en":"Binh Quoi Ward","commune_slug":"binh_quoi","unit_type":"Phường","unit_type_en":"Ward","admin_level":2,"province_code":"79","province_name":"Hồ Chí Minh","province_full_name":"Thành phố Hồ Chí Minh","province_slug":"ho_chi_minh","join_key":"26911","status":"active","dataset_effective_date":"2026-04-30","catalog_version":"2026-07-12","geometry_status":"not_embedded_boundary_available_by_url","boundary_source_url":"https://raw.githubusercontent.com/thanglequoc/vietnamese-provinces-database/master/json/geojson/79_ho_chi_minh/wards/26911_binh_quoi.geojson","boundary_source_page":"https://github.com/thanglequoc/vietnamese-provinces-database/blob/master/json/geojson/79_ho_chi_minh/wards/26911_binh_quoi.geojson","source_catalog":"https://github.com/thanglequoc/vietnamese-provinces-database"},"geometry":null},{"type":"Feature","id":"26929","properties":{"commune_code":"26929","commune_name":"Bình Thạnh","commune_name_en":"Binh Thanh","commune_full_name":"Phường Bình Thạnh","commune_full_name_en":"Binh Thanh Ward","commune_slug":"binh_thanh","unit_type":"Phường","unit_type_en":"Ward","admin_level":2,"province_code":"79","province_name":"Hồ Chí Minh","province_full_name":"Thành phố Hồ Chí Minh","province_slug":"ho_chi_minh","join_key":"26929","status":"active","dataset_effective_date":"2026-04-30","catalog_version":"2026-07-12","geometry_status":"not_embedded_boundary_available_by_url","boundary_source_url":"https://raw.githubusercontent.com/thanglequoc/vietnamese-provinces-database/master/json/geojson/79_ho_chi_minh/wards/26929_binh_thanh.geojson","boundary_source_page":"https://github.com/thanglequoc/vietnamese-provinces-database/blob/master/json/geojson/79_ho_chi_minh/wards/26929_binh_thanh.geojson","source_catalog":"https://github.com/thanglequoc/vietnamese-provinces-database"},"geometry":null},{"type":"Feature","id":"26944","properties":{"commune_code":"26944","commune_name":"Gia Định","commune_name_en":"Gia Dinh","commune_full_name":"Phường Gia Định","commune_full_name_en":"Gia Dinh Ward","commune_slug":"gia_dinh","unit_type":"Phường","unit_type_en":"Ward","admin_level":2,"province_code":"79","province_name":"Hồ Chí Minh","province_full_name":"Thành phố Hồ Chí Minh","province_slug":"ho_chi_minh","join_key":"26944","status":"active","dataset_effective_date":"2026-04-30","catalog_version":"2026-07-12","geometry_status":"not_embedded_boundary_available_by_url","boundary_source_url":"https://raw.githubusercontent.com/thanglequoc/vietnamese-provinces-database/master/json/geojson/79_ho_chi_minh/wards/26944_gia_dinh.geojson","boundary_source_page":"https://github.com/thanglequoc/vietnamese-provinces-database/blob/master/json/geojson/79_ho_chi_minh/wards/26944_gia_dinh.geojson","source_catalog":"https://github.com/thanglequoc/vietnamese-provinces-database"},"geometry":null},{"type":"Feature","id":"26956","properties":{"commune_code":"26956","commune_name":"Thạnh Mỹ Tây","commune_name_en":"Thanh My Tay","commune_full_name":"Phường Thạnh Mỹ Tây","commune_full_name_en":"Thanh My Tay Ward","commune_slug":"thanh_my_tay","unit_type":"Phường","unit_type_en":"Ward","admin_level":2,"province_code":"79","province_name":"Hồ Chí Minh","province_full_name":"Thành phố Hồ Chí Minh","province_slug":"ho_chi_minh","join_key":"26956","status":"active","dataset_effective_date":"2026-04-30","catalog_version":"2026-07-12","geometry_status":"not_embedded_boundary_available_by_url","boundary_source_url":"https://raw.githubusercontent.com/thanglequoc/vietnamese-provinces-database/master/json/geojson/79_ho_chi_minh/wards/26956_thanh_my_tay.geojson","boundary_source_page":"https://github.com/thanglequoc/vietnamese-provinces-database/blob/master/json/geojson/79_ho_chi_minh/wards/26956_thanh_my_tay.geojson","source_catalog":"https://github.com/thanglequoc/vietnamese-provinces-database"},"geometry":null},{"type":"Feature","id":"26968","properties":{"commune_code":"26968","commune_name":"Tân Sơn Nhất","commune_name_en":"Tan Son Nhat","commune_full_name":"Phường Tân Sơn Nhất","commune_full_name_en":"Tan Son Nhat Ward","commune_slug":"tan_son_nhat","unit_type":"Phường","unit_type_en":"Ward","admin_level":2,"province_code":"79","province_name":"Hồ Chí Minh","province_full_name":"Thành phố Hồ Chí Minh","province_slug":"ho_chi_minh","join_key":"26968","status":"active","dataset_effective_date":"2026-04-30","catalog_version":"2026-07-12","geometry_status":"not_embedded_boundary_available_by_url","boundary_source_url":"https://raw.githubusercontent.com/thanglequoc/vietnamese-provinces-database/master/json/geojson/79_ho_chi_minh/wards/26968_tan_son_nhat.geojson","boundary_source_page":"https://github.com/thanglequoc/vietnamese-provinces-database/blob/master/json/geojson/79_ho_chi_minh/wards/26968_tan_son_nhat.geojson","source_catalog":"https://github.com/thanglequoc/vietnamese-provinces-database"},"geometry":null},{"type":"Feature","id":"26977","properties":{"commune_code":"26977","commune_name":"Tân Sơn Hoà","commune_name_en":"Tan Son Hoa","commune_full_name":"Phường Tân Sơn Hoà","commune_full_name_en":"Tan Son Hoa Ward","commune_slug":"tan_son_hoa","unit_type":"Phường","unit_type_en":"Ward","admin_level":2,"province_code":"79","province_name":"Hồ Chí Minh","province_full_name":"Thành phố Hồ Chí Minh","province_slug":"ho_chi_minh","join_key":"26977","status":"active","dataset_effective_date":"2026-04-30","catalog_version":"2026-07-12","geometry_status":"not_embedded_boundary_available_by_url","boundary_source_url":"https://raw.githubusercontent.com/thanglequoc/vietnamese-provinces-database/master/json/geojson/79_ho_chi_minh/wards/26977_tan_son_hoa.geojson","boundary_source_page":"https://github.com/thanglequoc/vietnamese-provinces-database/blob/master/json/geojson/79_ho_chi_minh/wards/26977_tan_son_hoa.geojson","source_catalog":"https://github.com/thanglequoc/vietnamese-provinces-database"},"geometry":null},{"type":"Feature","id":"26983","properties":{"commune_code":"26983","commune_name":"Bảy Hiền","commune_name_en":"Bay Hien","commune_full_name":"Phường Bảy Hiền","commune_full_name_en":"Bay Hien Ward","commune_slug":"bay_hien","unit_type":"Phường","unit_type_en":"Ward","admin_level":2,"province_code":"79","province_name":"Hồ Chí Minh","province_full_name":"Thành phố Hồ Chí Minh","province_slug":"ho_chi_minh","join_key":"26983","status":"active","dataset_effective_date":"2026-04-30","catalog_version":"2026-07-12","geometry_status":"not_embedded_boundary_available_by_url","boundary_source_url":"https://raw.githubusercontent.com/thanglequoc/vietnamese-provinces-database/master/json/geojson/79_ho_chi_minh/wards/26983_bay_hien.geojson","boundary_source_page":"https://github.com/thanglequoc/vietnamese-provinces-database/blob/master/json/geojson/79_ho_chi_minh/wards/26983_bay_hien.geojson","source_catalog":"https://github.com/thanglequoc/vietnamese-provinces-database"},"geometry":null},{"type":"Feature","id":"26995","properties":{"commune_code":"26995","commune_name":"Tân Hoà","commune_name_en":"Tan Hoa","commune_full_name":"Phường Tân Hoà","commune_full_name_en":"Tan Hoa Ward","commune_slug":"tan_hoa","unit_type":"Phường","unit_type_en":"Ward","admin_level":2,"province_code":"79","province_name":"Hồ Chí Minh","province_full_name":"Thành phố Hồ Chí Minh","province_slug":"ho_chi_minh","join_key":"26995","status":"active","dataset_effective_date":"2026-04-30","catalog_version":"2026-07-12","geometry_status":"not_embedded_boundary_available_by_url","boundary_source_url":"https://raw.githubusercontent.com/thanglequoc/vietnamese-provinces-database/master/json/geojson/79_ho_chi_minh/wards/26995_tan_hoa.geojson","boundary_source_page":"https://github.com/thanglequoc/vietnamese-provinces-database/blob/master/json/geojson/79_ho_chi_minh/wards/26995_tan_hoa.geojson","source_catalog":"https://github.com/thanglequoc/vietnamese-provinces-database"},"geometry":null},{"type":"Feature","id":"27004","properties":{"commune_code":"27004","commune_name":"Tân Bình","commune_name_en":"Tan Binh","commune_full_name":"Phường Tân Bình","commune_full_name_en":"Tan Binh Ward","commune_slug":"tan_binh","unit_type":"Phường","unit_type_en":"Ward","admin_level":2,"province_code":"79","province_name":"Hồ Chí Minh","province_full_name":"Thành phố Hồ Chí Minh","province_slug":"ho_chi_minh","join_key":"27004","status":"active","dataset_effective_date":"2026-04-30","catalog_version":"2026-07-12","geometry_status":"not_embedded_boundary_available_by_url","boundary_source_url":"https://raw.githubusercontent.com/thanglequoc/vietnamese-provinces-database/master/json/geojson/79_ho_chi_minh/wards/27004_tan_binh.geojson","boundary_source_page":"https://github.com/thanglequoc/vietnamese-provinces-database/blob/master/json/geojson/79_ho_chi_minh/wards/27004_tan_binh.geojson","source_catalog":"https://github.com/thanglequoc/vietnamese-provinces-database"},"geometry":null},{"type":"Feature","id":"27007","properties":{"commune_code":"27007","commune_name":"Tân Sơn","commune_name_en":"Tan Son","commune_full_name":"Phường Tân Sơn","commune_full_name_en":"Tan Son Ward","commune_slug":"tan_son","unit_type":"Phường","unit_type_en":"Ward","admin_level":2,"province_code":"79","province_name":"Hồ Chí Minh","province_full_name":"Thành phố Hồ Chí Minh","province_slug":"ho_chi_minh","join_key":"27007","status":"active","dataset_effective_date":"2026-04-30","catalog_version":"2026-07-12","geometry_status":"not_embedded_boundary_available_by_url","boundary_source_url":"https://raw.githubusercontent.com/thanglequoc/vietnamese-provinces-database/master/json/geojson/79_ho_chi_minh/wards/27007_tan_son.geojson","boundary_source_page":"https://github.com/thanglequoc/vietnamese-provinces-database/blob/master/json/geojson/79_ho_chi_minh/wards/27007_tan_son.geojson","source_catalog":"https://github.com/thanglequoc/vietnamese-provinces-database"},"geometry":null},{"type":"Feature","id":"27013","properties":{"commune_code":"27013","commune_name":"Tây Thạnh","commune_name_en":"Tay Thanh","commune_full_name":"Phường Tây Thạnh","commune_full_name_en":"Tay Thanh Ward","commune_slug":"tay_thanh","unit_type":"Phường","unit_type_en":"Ward","admin_level":2,"province_code":"79","province_name":"Hồ Chí Minh","province_full_name":"Thành phố Hồ Chí Minh","province_slug":"ho_chi_minh","join_key":"27013","status":"active","dataset_effective_date":"2026-04-30","catalog_version":"2026-07-12","geometry_status":"not_embedded_boundary_available_by_url","boundary_source_url":"https://raw.githubusercontent.com/thanglequoc/vietnamese-provinces-database/master/json/geojson/79_ho_chi_minh/wards/27013_tay_thanh.geojson","boundary_source_page":"https://github.com/thanglequoc/vietnamese-provinces-database/blob/master/json/geojson/79_ho_chi_minh/wards/27013_tay_thanh.geojson","source_catalog":"https://github.com/thanglequoc/vietnamese-provinces-database"},"geometry":null},{"type":"Feature","id":"27019","properties":{"commune_code":"27019","commune_name":"Tân Sơn Nhì","commune_name_en":"Tan Son Nhi","commune_full_name":"Phường Tân Sơn Nhì","commune_full_name_en":"Tan Son Nhi Ward","commune_slug":"tan_son_nhi","unit_type":"Phường","unit_type_en":"Ward","admin_level":2,"province_code":"79","province_name":"Hồ Chí Minh","province_full_name":"Thành phố Hồ Chí Minh","province_slug":"ho_chi_minh","join_key":"27019","status":"active","dataset_effective_date":"2026-04-30","catalog_version":"2026-07-12","geometry_status":"not_embedded_boundary_available_by_url","boundary_source_url":"https://raw.githubusercontent.com/thanglequoc/vietnamese-provinces-database/master/json/geojson/79_ho_chi_minh/wards/27019_tan_son_nhi.geojson","boundary_source_page":"https://github.com/thanglequoc/vietnamese-provinces-database/blob/master/json/geojson/79_ho_chi_minh/wards/27019_tan_son_nhi.geojson","source_catalog":"https://github.com/thanglequoc/vietnamese-provinces-database"},"geometry":null},{"type":"Feature","id":"27022","properties":{"commune_code":"27022","commune_name":"Phú Thọ Hoà","commune_name_en":"Phu Tho Hoa","commune_full_name":"Phường Phú Thọ Hoà","commune_full_name_en":"Phu Tho Hoa Ward","commune_slug":"phu_tho_hoa","unit_type":"Phường","unit_type_en":"Ward","admin_level":2,"province_code":"79","province_name":"Hồ Chí Minh","province_full_name":"Thành phố Hồ Chí Minh","province_slug":"ho_chi_minh","join_key":"27022","status":"active","dataset_effective_date":"2026-04-30","catalog_version":"2026-07-12","geometry_status":"not_embedded_boundary_available_by_url","boundary_source_url":"https://raw.githubusercontent.com/thanglequoc/vietnamese-provinces-database/master/json/geojson/79_ho_chi_minh/wards/27022_phu_tho_hoa.geojson","boundary_source_page":"https://github.com/thanglequoc/vietnamese-provinces-database/blob/master/json/geojson/79_ho_chi_minh/wards/27022_phu_tho_hoa.geojson","source_catalog":"https://github.com/thanglequoc/vietnamese-provinces-database"},"geometry":null},{"type":"Feature","id":"27028","properties":{"commune_code":"27028","commune_name":"Phú Thạnh","commune_name_en":"Phu Thanh","commune_full_name":"Phường Phú Thạnh","commune_full_name_en":"Phu Thanh Ward","commune_slug":"phu_thanh","unit_type":"Phường","unit_type_en":"Ward","admin_level":2,"province_code":"79","province_name":"Hồ Chí Minh","province_full_name":"Thành phố Hồ Chí Minh","province_slug":"ho_chi_minh","join_key":"27028","status":"active","dataset_effective_date":"2026-04-30","catalog_version":"2026-07-12","geometry_status":"not_embedded_boundary_available_by_url","boundary_source_url":"https://raw.githubusercontent.com/thanglequoc/vietnamese-provinces-database/master/json/geojson/79_ho_chi_minh/wards/27028_phu_thanh.geojson","boundary_source_page":"https://github.com/thanglequoc/vietnamese-provinces-database/blob/master/json/geojson/79_ho_chi_minh/wards/27028_phu_thanh.geojson","source_catalog":"https://github.com/thanglequoc/vietnamese-provinces-database"},"geometry":null},{"type":"Feature","id":"27031","properties":{"commune_code":"27031","commune_name":"Tân Phú","commune_name_en":"Tan Phu","commune_full_name":"Phường Tân Phú","commune_full_name_en":"Tan Phu Ward","commune_slug":"tan_phu","unit_type":"Phường","unit_type_en":"Ward","admin_level":2,"province_code":"79","province_name":"Hồ Chí Minh","province_full_name":"Thành phố Hồ Chí Minh","province_slug":"ho_chi_minh","join_key":"27031","status":"active","dataset_effective_date":"2026-04-30","catalog_version":"2026-07-12","geometry_status":"not_embedded_boundary_available_by_url","boundary_source_url":"https://raw.githubusercontent.com/thanglequoc/vietnamese-provinces-database/master/json/geojson/79_ho_chi_minh/wards/27031_tan_phu.geojson","boundary_source_page":"https://github.com/thanglequoc/vietnamese-provinces-database/blob/master/json/geojson/79_ho_chi_minh/wards/27031_tan_phu.geojson","source_catalog":"https://github.com/thanglequoc/vietnamese-provinces-database"},"geometry":null},{"type":"Feature","id":"27043","properties":{"commune_code":"27043","commune_name":"Đức Nhuận","commune_name_en":"Duc Nhuan","commune_full_name":"Phường Đức Nhuận","commune_full_name_en":"Duc Nhuan Ward","commune_slug":"duc_nhuan","unit_type":"Phường","unit_type_en":"Ward","admin_level":2,"province_code":"79","province_name":"Hồ Chí Minh","province_full_name":"Thành phố Hồ Chí Minh","province_slug":"ho_chi_minh","join_key":"27043","status":"active","dataset_effective_date":"2026-04-30","catalog_version":"2026-07-12","geometry_status":"not_embedded_boundary_available_by_url","boundary_source_url":"https://raw.githubusercontent.com/thanglequoc/vietnamese-provinces-database/master/json/geojson/79_ho_chi_minh/wards/27043_duc_nhuan.geojson","boundary_source_page":"https://github.com/thanglequoc/vietnamese-provinces-database/blob/master/json/geojson/79_ho_chi_minh/wards/27043_duc_nhuan.geojson","source_catalog":"https://github.com/thanglequoc/vietnamese-provinces-database"},"geometry":null},{"type":"Feature","id":"27058","properties":{"commune_code":"27058","commune_name":"Cầu Kiệu","commune_name_en":"Cau Kieu","commune_full_name":"Phường Cầu Kiệu","commune_full_name_en":"Cau Kieu Ward","commune_slug":"cau_kieu","unit_type":"Phường","unit_type_en":"Ward","admin_level":2,"province_code":"79","province_name":"Hồ Chí Minh","province_full_name":"Thành phố Hồ Chí Minh","province_slug":"ho_chi_minh","join_key":"27058","status":"active","dataset_effective_date":"2026-04-30","catalog_version":"2026-07-12","geometry_status":"not_embedded_boundary_available_by_url","boundary_source_url":"https://raw.githubusercontent.com/thanglequoc/vietnamese-provinces-database/master/json/geojson/79_ho_chi_minh/wards/27058_cau_kieu.geojson","boundary_source_page":"https://github.com/thanglequoc/vietnamese-provinces-database/blob/master/json/geojson/79_ho_chi_minh/wards/27058_cau_kieu.geojson","source_catalog":"https://github.com/thanglequoc/vietnamese-provinces-database"},"geometry":null},{"type":"Feature","id":"27073","properties":{"commune_code":"27073","commune_name":"Phú Nhuận","commune_name_en":"Phu Nhuan","commune_full_name":"Phường Phú Nhuận","commune_full_name_en":"Phu Nhuan Ward","commune_slug":"phu_nhuan","unit_type":"Phường","unit_type_en":"Ward","admin_level":2,"province_code":"79","province_name":"Hồ Chí Minh","province_full_name":"Thành phố Hồ Chí Minh","province_slug":"ho_chi_minh","join_key":"27073","status":"active","dataset_effective_date":"2026-04-30","catalog_version":"2026-07-12","geometry_status":"not_embedded_boundary_available_by_url","boundary_source_url":"https://raw.githubusercontent.com/thanglequoc/vietnamese-provinces-database/master/json/geojson/79_ho_chi_minh/wards/27073_phu_nhuan.geojson","boundary_source_page":"https://github.com/thanglequoc/vietnamese-provinces-database/blob/master/json/geojson/79_ho_chi_minh/wards/27073_phu_nhuan.geojson","source_catalog":"https://github.com/thanglequoc/vietnamese-provinces-database"},"geometry":null},{"type":"Feature","id":"27094","properties":{"commune_code":"27094","commune_name":"An Khánh","commune_name_en":"An Khanh","commune_full_name":"Phường An Khánh","commune_full_name_en":"An Khanh Ward","commune_slug":"an_khanh","unit_type":"Phường","unit_type_en":"Ward","admin_level":2,"province_code":"79","province_name":"Hồ Chí Minh","province_full_name":"Thành phố Hồ Chí Minh","province_slug":"ho_chi_minh","join_key":"27094","status":"active","dataset_effective_date":"2026-04-30","catalog_version":"2026-07-12","geometry_status":"not_embedded_boundary_available_by_url","boundary_source_url":"https://raw.githubusercontent.com/thanglequoc/vietnamese-provinces-database/master/json/geojson/79_ho_chi_minh/wards/27094_an_khanh.geojson","boundary_source_page":"https://github.com/thanglequoc/vietnamese-provinces-database/blob/master/json/geojson/79_ho_chi_minh/wards/27094_an_khanh.geojson","source_catalog":"https://github.com/thanglequoc/vietnamese-provinces-database"},"geometry":null},{"type":"Feature","id":"27097","properties":{"commune_code":"27097","commune_name":"Bình Trưng","commune_name_en":"Binh Trung","commune_full_name":"Phường Bình Trưng","commune_full_name_en":"Binh Trung Ward","commune_slug":"binh_trung","unit_type":"Phường","unit_type_en":"Ward","admin_level":2,"province_code":"79","province_name":"Hồ Chí Minh","province_full_name":"Thành phố Hồ Chí Minh","province_slug":"ho_chi_minh","join_key":"27097","status":"active","dataset_effective_date":"2026-04-30","catalog_version":"2026-07-12","geometry_status":"not_embedded_boundary_available_by_url","boundary_source_url":"https://raw.githubusercontent.com/thanglequoc/vietnamese-provinces-database/master/json/geojson/79_ho_chi_minh/wards/27097_binh_trung.geojson","boundary_source_page":"https://github.com/thanglequoc/vietnamese-provinces-database/blob/master/json/geojson/79_ho_chi_minh/wards/27097_binh_trung.geojson","source_catalog":"https://github.com/thanglequoc/vietnamese-provinces-database"},"geometry":null},{"type":"Feature","id":"27112","properties":{"commune_code":"27112","commune_name":"Cát Lái","commune_name_en":"Cat Lai","commune_full_name":"Phường Cát Lái","commune_full_name_en":"Cat Lai Ward","commune_slug":"cat_lai","unit_type":"Phường","unit_type_en":"Ward","admin_level":2,"province_code":"79","province_name":"Hồ Chí Minh","province_full_name":"Thành phố Hồ Chí Minh","province_slug":"ho_chi_minh","join_key":"27112","status":"active","dataset_effective_date":"2026-04-30","catalog_version":"2026-07-12","geometry_status":"not_embedded_boundary_available_by_url","boundary_source_url":"https://raw.githubusercontent.com/thanglequoc/vietnamese-provinces-database/master/json/geojson/79_ho_chi_minh/wards/27112_cat_lai.geojson","boundary_source_page":"https://github.com/thanglequoc/vietnamese-provinces-database/blob/master/json/geojson/79_ho_chi_minh/wards/27112_cat_lai.geojson","source_catalog":"https://github.com/thanglequoc/vietnamese-provinces-database"},"geometry":null},{"type":"Feature","id":"27139","properties":{"commune_code":"27139","commune_name":"Xuân Hoà","commune_name_en":"Xuan Hoa","commune_full_name":"Phường Xuân Hoà","commune_full_name_en":"Xuan Hoa Ward","commune_slug":"xuan_hoa","unit_type":"Phường","unit_type_en":"Ward","admin_level":2,"province_code":"79","province_name":"Hồ Chí Minh","province_full_name":"Thành phố Hồ Chí Minh","province_slug":"ho_chi_minh","join_key":"27139","status":"active","dataset_effective_date":"2026-04-30","catalog_version":"2026-07-12","geometry_status":"not_embedded_boundary_available_by_url","boundary_source_url":"https://raw.githubusercontent.com/thanglequoc/vietnamese-provinces-database/master/json/geojson/79_ho_chi_minh/wards/27139_xuan_hoa.geojson","boundary_source_page":"https://github.com/thanglequoc/vietnamese-provinces-database/blob/master/json/geojson/79_ho_chi_minh/wards/27139_xuan_hoa.geojson","source_catalog":"https://github.com/thanglequoc/vietnamese-provinces-database"},"geometry":null},{"type":"Feature","id":"27142","properties":{"commune_code":"27142","commune_name":"Nhiêu Lộc","commune_name_en":"Nhieu Loc","commune_full_name":"Phường Nhiêu Lộc","commune_full_name_en":"Nhieu Loc Ward","commune_slug":"nhieu_loc","unit_type":"Phường","unit_type_en":"Ward","admin_level":2,"province_code":"79","province_name":"Hồ Chí Minh","province_full_name":"Thành phố Hồ Chí Minh","province_slug":"ho_chi_minh","join_key":"27142","status":"active","dataset_effective_date":"2026-04-30","catalog_version":"2026-07-12","geometry_status":"not_embedded_boundary_available_by_url","boundary_source_url":"https://raw.githubusercontent.com/thanglequoc/vietnamese-provinces-database/master/json/geojson/79_ho_chi_minh/wards/27142_nhieu_loc.geojson","boundary_source_page":"https://github.com/thanglequoc/vietnamese-provinces-database/blob/master/json/geojson/79_ho_chi_minh/wards/27142_nhieu_loc.geojson","source_catalog":"https://github.com/thanglequoc/vietnamese-provinces-database"},"geometry":null},{"type":"Feature","id":"27154","properties":{"commune_code":"27154","commune_name":"Bàn Cờ","commune_name_en":"Ban Co","commune_full_name":"Phường Bàn Cờ","commune_full_name_en":"Ban Co Ward","commune_slug":"ban_co","unit_type":"Phường","unit_type_en":"Ward","admin_level":2,"province_code":"79","province_name":"Hồ Chí Minh","province_full_name":"Thành phố Hồ Chí Minh","province_slug":"ho_chi_minh","join_key":"27154","status":"active","dataset_effective_date":"2026-04-30","catalog_version":"2026-07-12","geometry_status":"not_embedded_boundary_available_by_url","boundary_source_url":"https://raw.githubusercontent.com/thanglequoc/vietnamese-provinces-database/master/json/geojson/79_ho_chi_minh/wards/27154_ban_co.geojson","boundary_source_page":"https://github.com/thanglequoc/vietnamese-provinces-database/blob/master/json/geojson/79_ho_chi_minh/wards/27154_ban_co.geojson","source_catalog":"https://github.com/thanglequoc/vietnamese-provinces-database"},"geometry":null},{"type":"Feature","id":"27163","properties":{"commune_code":"27163","commune_name":"Hoà Hưng","commune_name_en":"Hoa Hung","commune_full_name":"Phường Hoà Hưng","commune_full_name_en":"Hoa Hung Ward","commune_slug":"hoa_hung","unit_type":"Phường","unit_type_en":"Ward","admin_level":2,"province_code":"79","province_name":"Hồ Chí Minh","province_full_name":"Thành phố Hồ Chí Minh","province_slug":"ho_chi_minh","join_key":"27163","status":"active","dataset_effective_date":"2026-04-30","catalog_version":"2026-07-12","geometry_status":"not_embedded_boundary_available_by_url","boundary_source_url":"https://raw.githubusercontent.com/thanglequoc/vietnamese-provinces-database/master/json/geojson/79_ho_chi_minh/wards/27163_hoa_hung.geojson","boundary_source_page":"https://github.com/thanglequoc/vietnamese-provinces-database/blob/master/json/geojson/79_ho_chi_minh/wards/27163_hoa_hung.geojson","source_catalog":"https://github.com/thanglequoc/vietnamese-provinces-database"},"geometry":null},{"type":"Feature","id":"27169","properties":{"commune_code":"27169","commune_name":"Diên Hồng","commune_name_en":"Dien Hong","commune_full_name":"Phường Diên Hồng","commune_full_name_en":"Dien Hong Ward","commune_slug":"dien_hong","unit_type":"Phường","unit_type_en":"Ward","admin_level":2,"province_code":"79","province_name":"Hồ Chí Minh","province_full_name":"Thành phố Hồ Chí Minh","province_slug":"ho_chi_minh","join_key":"27169","status":"active","dataset_effective_date":"2026-04-30","catalog_version":"2026-07-12","geometry_status":"not_embedded_boundary_available_by_url","boundary_source_url":"https://raw.githubusercontent.com/thanglequoc/vietnamese-provinces-database/master/json/geojson/79_ho_chi_minh/wards/27169_dien_hong.geojson","boundary_source_page":"https://github.com/thanglequoc/vietnamese-provinces-database/blob/master/json/geojson/79_ho_chi_minh/wards/27169_dien_hong.geojson","source_catalog":"https://github.com/thanglequoc/vietnamese-provinces-database"},"geometry":null},{"type":"Feature","id":"27190","properties":{"commune_code":"27190","commune_name":"Vườn Lài","commune_name_en":"Vuon Lai","commune_full_name":"Phường Vườn Lài","commune_full_name_en":"Vuon Lai Ward","commune_slug":"vuon_lai","unit_type":"Phường","unit_type_en":"Ward","admin_level":2,"province_code":"79","province_name":"Hồ Chí Minh","province_full_name":"Thành phố Hồ Chí Minh","province_slug":"ho_chi_minh","join_key":"27190","status":"active","dataset_effective_date":"2026-04-30","catalog_version":"2026-07-12","geometry_status":"not_embedded_boundary_available_by_url","boundary_source_url":"https://raw.githubusercontent.com/thanglequoc/vietnamese-provinces-database/master/json/geojson/79_ho_chi_minh/wards/27190_vuon_lai.geojson","boundary_source_page":"https://github.com/thanglequoc/vietnamese-provinces-database/blob/master/json/geojson/79_ho_chi_minh/wards/27190_vuon_lai.geojson","source_catalog":"https://github.com/thanglequoc/vietnamese-provinces-database"},"geometry":null},{"type":"Feature","id":"27211","properties":{"commune_code":"27211","commune_name":"Hoà Bình","commune_name_en":"Hoa Binh","commune_full_name":"Phường Hoà Bình","commune_full_name_en":"Hoa Binh Ward","commune_slug":"hoa_binh","unit_type":"Phường","unit_type_en":"Ward","admin_level":2,"province_code":"79","province_name":"Hồ Chí Minh","province_full_name":"Thành phố Hồ Chí Minh","province_slug":"ho_chi_minh","join_key":"27211","status":"active","dataset_effective_date":"2026-04-30","catalog_version":"2026-07-12","geometry_status":"not_embedded_boundary_available_by_url","boundary_source_url":"https://raw.githubusercontent.com/thanglequoc/vietnamese-provinces-database/master/json/geojson/79_ho_chi_minh/wards/27211_hoa_binh.geojson","boundary_source_page":"https://github.com/thanglequoc/vietnamese-provinces-database/blob/master/json/geojson/79_ho_chi_minh/wards/27211_hoa_binh.geojson","source_catalog":"https://github.com/thanglequoc/vietnamese-provinces-database"},"geometry":null},{"type":"Feature","id":"27226","properties":{"commune_code":"27226","commune_name":"Phú Thọ","commune_name_en":"Phu Tho","commune_full_name":"Phường Phú Thọ","commune_full_name_en":"Phu Tho Ward","commune_slug":"phu_tho","unit_type":"Phường","unit_type_en":"Ward","admin_level":2,"province_code":"79","province_name":"Hồ Chí Minh","province_full_name":"Thành phố Hồ Chí Minh","province_slug":"ho_chi_minh","join_key":"27226","status":"active","dataset_effective_date":"2026-04-30","catalog_version":"2026-07-12","geometry_status":"not_embedded_boundary_available_by_url","boundary_source_url":"https://raw.githubusercontent.com/thanglequoc/vietnamese-provinces-database/master/json/geojson/79_ho_chi_minh/wards/27226_phu_tho.geojson","boundary_source_page":"https://github.com/thanglequoc/vietnamese-provinces-database/blob/master/json/geojson/79_ho_chi_minh/wards/27226_phu_tho.geojson","source_catalog":"https://github.com/thanglequoc/vietnamese-provinces-database"},"geometry":null},{"type":"Feature","id":"27232","properties":{"commune_code":"27232","commune_name":"Bình Thới","commune_name_en":"Binh Thoi","commune_full_name":"Phường Bình Thới","commune_full_name_en":"Binh Thoi Ward","commune_slug":"binh_thoi","unit_type":"Phường","unit_type_en":"Ward","admin_level":2,"province_code":"79","province_name":"Hồ Chí Minh","province_full_name":"Thành phố Hồ Chí Minh","province_slug":"ho_chi_minh","join_key":"27232","status":"active","dataset_effective_date":"2026-04-30","catalog_version":"2026-07-12","geometry_status":"not_embedded_boundary_available_by_url","boundary_source_url":"https://raw.githubusercontent.com/thanglequoc/vietnamese-provinces-database/master/json/geojson/79_ho_chi_minh/wards/27232_binh_thoi.geojson","boundary_source_page":"https://github.com/thanglequoc/vietnamese-provinces-database/blob/master/json/geojson/79_ho_chi_minh/wards/27232_binh_thoi.geojson","source_catalog":"https://github.com/thanglequoc/vietnamese-provinces-database"},"geometry":null},{"type":"Feature","id":"27238","properties":{"commune_code":"27238","commune_name":"Minh Phụng","commune_name_en":"Minh Phung","commune_full_name":"Phường Minh Phụng","commune_full_name_en":"Minh Phung Ward","commune_slug":"minh_phung","unit_type":"Phường","unit_type_en":"Ward","admin_level":2,"province_code":"79","province_name":"Hồ Chí Minh","province_full_name":"Thành phố Hồ Chí Minh","province_slug":"ho_chi_minh","join_key":"27238","status":"active","dataset_effective_date":"2026-04-30","catalog_version":"2026-07-12","geometry_status":"not_embedded_boundary_available_by_url","boundary_source_url":"https://raw.githubusercontent.com/thanglequoc/vietnamese-provinces-database/master/json/geojson/79_ho_chi_minh/wards/27238_minh_phung.geojson","boundary_source_page":"https://github.com/thanglequoc/vietnamese-provinces-database/blob/master/json/geojson/79_ho_chi_minh/wards/27238_minh_phung.geojson","source_catalog":"https://github.com/thanglequoc/vietnamese-provinces-database"},"geometry":null},{"type":"Feature","id":"27259","properties":{"commune_code":"27259","commune_name":"Xóm Chiếu","commune_name_en":"Xom Chieu","commune_full_name":"Phường Xóm Chiếu","commune_full_name_en":"Xom Chieu Ward","commune_slug":"xom_chieu","unit_type":"Phường","unit_type_en":"Ward","admin_level":2,"province_code":"79","province_name":"Hồ Chí Minh","province_full_name":"Thành phố Hồ Chí Minh","province_slug":"ho_chi_minh","join_key":"27259","status":"active","dataset_effective_date":"2026-04-30","catalog_version":"2026-07-12","geometry_status":"not_embedded_boundary_available_by_url","boundary_source_url":"https://raw.githubusercontent.com/thanglequoc/vietnamese-provinces-database/master/json/geojson/79_ho_chi_minh/wards/27259_xom_chieu.geojson","boundary_source_page":"https://github.com/thanglequoc/vietnamese-provinces-database/blob/master/json/geojson/79_ho_chi_minh/wards/27259_xom_chieu.geojson","source_catalog":"https://github.com/thanglequoc/vietnamese-provinces-database"},"geometry":null},{"type":"Feature","id":"27265","properties":{"commune_code":"27265","commune_name":"Khánh Hội","commune_name_en":"Khanh Hoi","commune_full_name":"Phường Khánh Hội","commune_full_name_en":"Khanh Hoi Ward","commune_slug":"khanh_hoi","unit_type":"Phường","unit_type_en":"Ward","admin_level":2,"province_code":"79","province_name":"Hồ Chí Minh","province_full_name":"Thành phố Hồ Chí Minh","province_slug":"ho_chi_minh","join_key":"27265","status":"active","dataset_effective_date":"2026-04-30","catalog_version":"2026-07-12","geometry_status":"not_embedded_boundary_available_by_url","boundary_source_url":"https://raw.githubusercontent.com/thanglequoc/vietnamese-provinces-database/master/json/geojson/79_ho_chi_minh/wards/27265_khanh_hoi.geojson","boundary_source_page":"https://github.com/thanglequoc/vietnamese-provinces-database/blob/master/json/geojson/79_ho_chi_minh/wards/27265_khanh_hoi.geojson","source_catalog":"https://github.com/thanglequoc/vietnamese-provinces-database"},"geometry":null},{"type":"Feature","id":"27286","properties":{"commune_code":"27286","commune_name":"Vĩnh Hội","commune_name_en":"Vinh Hoi","commune_full_name":"Phường Vĩnh Hội","commune_full_name_en":"Vinh Hoi Ward","commune_slug":"vinh_hoi","unit_type":"Phường","unit_type_en":"Ward","admin_level":2,"province_code":"79","province_name":"Hồ Chí Minh","province_full_name":"Thành phố Hồ Chí Minh","province_slug":"ho_chi_minh","join_key":"27286","status":"active","dataset_effective_date":"2026-04-30","catalog_version":"2026-07-12","geometry_status":"not_embedded_boundary_available_by_url","boundary_source_url":"https://raw.githubusercontent.com/thanglequoc/vietnamese-provinces-database/master/json/geojson/79_ho_chi_minh/wards/27286_vinh_hoi.geojson","boundary_source_page":"https://github.com/thanglequoc/vietnamese-provinces-database/blob/master/json/geojson/79_ho_chi_minh/wards/27286_vinh_hoi.geojson","source_catalog":"https://github.com/thanglequoc/vietnamese-provinces-database"},"geometry":null},{"type":"Feature","id":"27301","properties":{"commune_code":"27301","commune_name":"Chợ Quán","commune_name_en":"Cho Quan","commune_full_name":"Phường Chợ Quán","commune_full_name_en":"Cho Quan Ward","commune_slug":"cho_quan","unit_type":"Phường","unit_type_en":"Ward","admin_level":2,"province_code":"79","province_name":"Hồ Chí Minh","province_full_name":"Thành phố Hồ Chí Minh","province_slug":"ho_chi_minh","join_key":"27301","status":"active","dataset_effective_date":"2026-04-30","catalog_version":"2026-07-12","geometry_status":"not_embedded_boundary_available_by_url","boundary_source_url":"https://raw.githubusercontent.com/thanglequoc/vietnamese-provinces-database/master/json/geojson/79_ho_chi_minh/wards/27301_cho_quan.geojson","boundary_source_page":"https://github.com/thanglequoc/vietnamese-provinces-database/blob/master/json/geojson/79_ho_chi_minh/wards/27301_cho_quan.geojson","source_catalog":"https://github.com/thanglequoc/vietnamese-provinces-database"},"geometry":null},{"type":"Feature","id":"27316","properties":{"commune_code":"27316","commune_name":"An Đông","commune_name_en":"An Dong","commune_full_name":"Phường An Đông","commune_full_name_en":"An Dong Ward","commune_slug":"an_dong","unit_type":"Phường","unit_type_en":"Ward","admin_level":2,"province_code":"79","province_name":"Hồ Chí Minh","province_full_name":"Thành phố Hồ Chí Minh","province_slug":"ho_chi_minh","join_key":"27316","status":"active","dataset_effective_date":"2026-04-30","catalog_version":"2026-07-12","geometry_status":"not_embedded_boundary_available_by_url","boundary_source_url":"https://raw.githubusercontent.com/thanglequoc/vietnamese-provinces-database/master/json/geojson/79_ho_chi_minh/wards/27316_an_dong.geojson","boundary_source_page":"https://github.com/thanglequoc/vietnamese-provinces-database/blob/master/json/geojson/79_ho_chi_minh/wards/27316_an_dong.geojson","source_catalog":"https://github.com/thanglequoc/vietnamese-provinces-database"},"geometry":null},{"type":"Feature","id":"27343","properties":{"commune_code":"27343","commune_name":"Chợ Lớn","commune_name_en":"Cho Lon","commune_full_name":"Phường Chợ Lớn","commune_full_name_en":"Cho Lon Ward","commune_slug":"cho_lon","unit_type":"Phường","unit_type_en":"Ward","admin_level":2,"province_code":"79","province_name":"Hồ Chí Minh","province_full_name":"Thành phố Hồ Chí Minh","province_slug":"ho_chi_minh","join_key":"27343","status":"active","dataset_effective_date":"2026-04-30","catalog_version":"2026-07-12","geometry_status":"not_embedded_boundary_available_by_url","boundary_source_url":"https://raw.githubusercontent.com/thanglequoc/vietnamese-provinces-database/master/json/geojson/79_ho_chi_minh/wards/27343_cho_lon.geojson","boundary_source_page":"https://github.com/thanglequoc/vietnamese-provinces-database/blob/master/json/geojson/79_ho_chi_minh/wards/27343_cho_lon.geojson","source_catalog":"https://github.com/thanglequoc/vietnamese-provinces-database"},"geometry":null},{"type":"Feature","id":"27349","properties":{"commune_code":"27349","commune_name":"Phú Lâm","commune_name_en":"Phu Lam","commune_full_name":"Phường Phú Lâm","commune_full_name_en":"Phu Lam Ward","commune_slug":"phu_lam","unit_type":"Phường","unit_type_en":"Ward","admin_level":2,"province_code":"79","province_name":"Hồ Chí Minh","province_full_name":"Thành phố Hồ Chí Minh","province_slug":"ho_chi_minh","join_key":"27349","status":"active","dataset_effective_date":"2026-04-30","catalog_version":"2026-07-12","geometry_status":"not_embedded_boundary_available_by_url","boundary_source_url":"https://raw.githubusercontent.com/thanglequoc/vietnamese-provinces-database/master/json/geojson/79_ho_chi_minh/wards/27349_phu_lam.geojson","boundary_source_page":"https://github.com/thanglequoc/vietnamese-provinces-database/blob/master/json/geojson/79_ho_chi_minh/wards/27349_phu_lam.geojson","source_catalog":"https://github.com/thanglequoc/vietnamese-provinces-database"},"geometry":null},{"type":"Feature","id":"27364","properties":{"commune_code":"27364","commune_name":"Bình Phú","commune_name_en":"Binh Phu","commune_full_name":"Phường Bình Phú","commune_full_name_en":"Binh Phu Ward","commune_slug":"binh_phu","unit_type":"Phường","unit_type_en":"Ward","admin_level":2,"province_code":"79","province_name":"Hồ Chí Minh","province_full_name":"Thành phố Hồ Chí Minh","province_slug":"ho_chi_minh","join_key":"27364","status":"active","dataset_effective_date":"2026-04-30","catalog_version":"2026-07-12","geometry_status":"not_embedded_boundary_available_by_url","boundary_source_url":"https://raw.githubusercontent.com/thanglequoc/vietnamese-provinces-database/master/json/geojson/79_ho_chi_minh/wards/27364_binh_phu.geojson","boundary_source_page":"https://github.com/thanglequoc/vietnamese-provinces-database/blob/master/json/geojson/79_ho_chi_minh/wards/27364_binh_phu.geojson","source_catalog":"https://github.com/thanglequoc/vietnamese-provinces-database"},"geometry":null},{"type":"Feature","id":"27367","properties":{"commune_code":"27367","commune_name":"Bình Tây","commune_name_en":"Binh Tay","commune_full_name":"Phường Bình Tây","commune_full_name_en":"Binh Tay Ward","commune_slug":"binh_tay","unit_type":"Phường","unit_type_en":"Ward","admin_level":2,"province_code":"79","province_name":"Hồ Chí Minh","province_full_name":"Thành phố Hồ Chí Minh","province_slug":"ho_chi_minh","join_key":"27367","status":"active","dataset_effective_date":"2026-04-30","catalog_version":"2026-07-12","geometry_status":"not_embedded_boundary_available_by_url","boundary_source_url":"https://raw.githubusercontent.com/thanglequoc/vietnamese-provinces-database/master/json/geojson/79_ho_chi_minh/wards/27367_binh_tay.geojson","boundary_source_page":"https://github.com/thanglequoc/vietnamese-provinces-database/blob/master/json/geojson/79_ho_chi_minh/wards/27367_binh_tay.geojson","source_catalog":"https://github.com/thanglequoc/vietnamese-provinces-database"},"geometry":null},{"type":"Feature","id":"27373","properties":{"commune_code":"27373","commune_name":"Bình Tiên","commune_name_en":"Binh Tien","commune_full_name":"Phường Bình Tiên","commune_full_name_en":"Binh Tien Ward","commune_slug":"binh_tien","unit_type":"Phường","unit_type_en":"Ward","admin_level":2,"province_code":"79","province_name":"Hồ Chí Minh","province_full_name":"Thành phố Hồ Chí Minh","province_slug":"ho_chi_minh","join_key":"27373","status":"active","dataset_effective_date":"2026-04-30","catalog_version":"2026-07-12","geometry_status":"not_embedded_boundary_available_by_url","boundary_source_url":"https://raw.githubusercontent.com/thanglequoc/vietnamese-provinces-database/master/json/geojson/79_ho_chi_minh/wards/27373_binh_tien.geojson","boundary_source_page":"https://github.com/thanglequoc/vietnamese-provinces-database/blob/master/json/geojson/79_ho_chi_minh/wards/27373_binh_tien.geojson","source_catalog":"https://github.com/thanglequoc/vietnamese-provinces-database"},"geometry":null},{"type":"Feature","id":"27418","properties":{"commune_code":"27418","commune_name":"Chánh Hưng","commune_name_en":"Chanh Hung","commune_full_name":"Phường Chánh Hưng","commune_full_name_en":"Chanh Hung Ward","commune_slug":"chanh_hung","unit_type":"Phường","unit_type_en":"Ward","admin_level":2,"province_code":"79","province_name":"Hồ Chí Minh","province_full_name":"Thành phố Hồ Chí Minh","province_slug":"ho_chi_minh","join_key":"27418","status":"active","dataset_effective_date":"2026-04-30","catalog_version":"2026-07-12","geometry_status":"not_embedded_boundary_available_by_url","boundary_source_url":"https://raw.githubusercontent.com/thanglequoc/vietnamese-provinces-database/master/json/geojson/79_ho_chi_minh/wards/27418_chanh_hung.geojson","boundary_source_page":"https://github.com/thanglequoc/vietnamese-provinces-database/blob/master/json/geojson/79_ho_chi_minh/wards/27418_chanh_hung.geojson","source_catalog":"https://github.com/thanglequoc/vietnamese-provinces-database"},"geometry":null},{"type":"Feature","id":"27424","properties":{"commune_code":"27424","commune_name":"Bình Đông","commune_name_en":"Binh Dong","commune_full_name":"Phường Bình Đông","commune_full_name_en":"Binh Dong Ward","commune_slug":"binh_dong","unit_type":"Phường","unit_type_en":"Ward","admin_level":2,"province_code":"79","province_name":"Hồ Chí Minh","province_full_name":"Thành phố Hồ Chí Minh","province_slug":"ho_chi_minh","join_key":"27424","status":"active","dataset_effective_date":"2026-04-30","catalog_version":"2026-07-12","geometry_status":"not_embedded_boundary_available_by_url","boundary_source_url":"https://raw.githubusercontent.com/thanglequoc/vietnamese-provinces-database/master/json/geojson/79_ho_chi_minh/wards/27424_binh_dong.geojson","boundary_source_page":"https://github.com/thanglequoc/vietnamese-provinces-database/blob/master/json/geojson/79_ho_chi_minh/wards/27424_binh_dong.geojson","source_catalog":"https://github.com/thanglequoc/vietnamese-provinces-database"},"geometry":null},{"type":"Feature","id":"27427","properties":{"commune_code":"27427","commune_name":"Phú Định","commune_name_en":"Phu Dinh","commune_full_name":"Phường Phú Định","commune_full_name_en":"Phu Dinh Ward","commune_slug":"phu_dinh","unit_type":"Phường","unit_type_en":"Ward","admin_level":2,"province_code":"79","province_name":"Hồ Chí Minh","province_full_name":"Thành phố Hồ Chí Minh","province_slug":"ho_chi_minh","join_key":"27427","status":"active","dataset_effective_date":"2026-04-30","catalog_version":"2026-07-12","geometry_status":"not_embedded_boundary_available_by_url","boundary_source_url":"https://raw.githubusercontent.com/thanglequoc/vietnamese-provinces-database/master/json/geojson/79_ho_chi_minh/wards/27427_phu_dinh.geojson","boundary_source_page":"https://github.com/thanglequoc/vietnamese-provinces-database/blob/master/json/geojson/79_ho_chi_minh/wards/27427_phu_dinh.geojson","source_catalog":"https://github.com/thanglequoc/vietnamese-provinces-database"},"geometry":null},{"type":"Feature","id":"27439","properties":{"commune_code":"27439","commune_name":"Bình Hưng Hoà","commune_name_en":"Binh Hung Hoa","commune_full_name":"Phường Bình Hưng Hoà","commune_full_name_en":"Binh Hung Hoa Ward","commune_slug":"binh_hung_hoa","unit_type":"Phường","unit_type_en":"Ward","admin_level":2,"province_code":"79","province_name":"Hồ Chí Minh","province_full_name":"Thành phố Hồ Chí Minh","province_slug":"ho_chi_minh","join_key":"27439","status":"active","dataset_effective_date":"2026-04-30","catalog_version":"2026-07-12","geometry_status":"not_embedded_boundary_available_by_url","boundary_source_url":"https://raw.githubusercontent.com/thanglequoc/vietnamese-provinces-database/master/json/geojson/79_ho_chi_minh/wards/27439_binh_hung_hoa.geojson","boundary_source_page":"https://github.com/thanglequoc/vietnamese-provinces-database/blob/master/json/geojson/79_ho_chi_minh/wards/27439_binh_hung_hoa.geojson","source_catalog":"https://github.com/thanglequoc/vietnamese-provinces-database"},"geometry":null},{"type":"Feature","id":"27442","properties":{"commune_code":"27442","commune_name":"Bình Tân","commune_name_en":"Binh Tan","commune_full_name":"Phường Bình Tân","commune_full_name_en":"Binh Tan Ward","commune_slug":"binh_tan","unit_type":"Phường","unit_type_en":"Ward","admin_level":2,"province_code":"79","province_name":"Hồ Chí Minh","province_full_name":"Thành phố Hồ Chí Minh","province_slug":"ho_chi_minh","join_key":"27442","status":"active","dataset_effective_date":"2026-04-30","catalog_version":"2026-07-12","geometry_status":"not_embedded_boundary_available_by_url","boundary_source_url":"https://raw.githubusercontent.com/thanglequoc/vietnamese-provinces-database/master/json/geojson/79_ho_chi_minh/wards/27442_binh_tan.geojson","boundary_source_page":"https://github.com/thanglequoc/vietnamese-provinces-database/blob/master/json/geojson/79_ho_chi_minh/wards/27442_binh_tan.geojson","source_catalog":"https://github.com/thanglequoc/vietnamese-provinces-database"},"geometry":null},{"type":"Feature","id":"27448","properties":{"commune_code":"27448","commune_name":"Bình Trị Đông","commune_name_en":"Binh Tri Dong","commune_full_name":"Phường Bình Trị Đông","commune_full_name_en":"Binh Tri Dong Ward","commune_slug":"binh_tri_dong","unit_type":"Phường","unit_type_en":"Ward","admin_level":2,"province_code":"79","province_name":"Hồ Chí Minh","province_full_name":"Thành phố Hồ Chí Minh","province_slug":"ho_chi_minh","join_key":"27448","status":"active","dataset_effective_date":"2026-04-30","catalog_version":"2026-07-12","geometry_status":"not_embedded_boundary_available_by_url","boundary_source_url":"https://raw.githubusercontent.com/thanglequoc/vietnamese-provinces-database/master/json/geojson/79_ho_chi_minh/wards/27448_binh_tri_dong.geojson","boundary_source_page":"https://github.com/thanglequoc/vietnamese-provinces-database/blob/master/json/geojson/79_ho_chi_minh/wards/27448_binh_tri_dong.geojson","source_catalog":"https://github.com/thanglequoc/vietnamese-provinces-database"},"geometry":null},{"type":"Feature","id":"27457","properties":{"commune_code":"27457","commune_name":"Tân Tạo","commune_name_en":"Tan Tao","commune_full_name":"Phường Tân Tạo","commune_full_name_en":"Tan Tao Ward","commune_slug":"tan_tao","unit_type":"Phường","unit_type_en":"Ward","admin_level":2,"province_code":"79","province_name":"Hồ Chí Minh","province_full_name":"Thành phố Hồ Chí Minh","province_slug":"ho_chi_minh","join_key":"27457","status":"active","dataset_effective_date":"2026-04-30","catalog_version":"2026-07-12","geometry_status":"not_embedded_boundary_available_by_url","boundary_source_url":"https://raw.githubusercontent.com/thanglequoc/vietnamese-provinces-database/master/json/geojson/79_ho_chi_minh/wards/27457_tan_tao.geojson","boundary_source_page":"https://github.com/thanglequoc/vietnamese-provinces-database/blob/master/json/geojson/79_ho_chi_minh/wards/27457_tan_tao.geojson","source_catalog":"https://github.com/thanglequoc/vietnamese-provinces-database"},"geometry":null},{"type":"Feature","id":"27460","properties":{"commune_code":"27460","commune_name":"An Lạc","commune_name_en":"An Lac","commune_full_name":"Phường An Lạc","commune_full_name_en":"An Lac Ward","commune_slug":"an_lac","unit_type":"Phường","unit_type_en":"Ward","admin_level":2,"province_code":"79","province_name":"Hồ Chí Minh","province_full_name":"Thành phố Hồ Chí Minh","province_slug":"ho_chi_minh","join_key":"27460","status":"active","dataset_effective_date":"2026-04-30","catalog_version":"2026-07-12","geometry_status":"not_embedded_boundary_available_by_url","boundary_source_url":"https://raw.githubusercontent.com/thanglequoc/vietnamese-provinces-database/master/json/geojson/79_ho_chi_minh/wards/27460_an_lac.geojson","boundary_source_page":"https://github.com/thanglequoc/vietnamese-provinces-database/blob/master/json/geojson/79_ho_chi_minh/wards/27460_an_lac.geojson","source_catalog":"https://github.com/thanglequoc/vietnamese-provinces-database"},"geometry":null},{"type":"Feature","id":"27475","properties":{"commune_code":"27475","commune_name":"Tân Hưng","commune_name_en":"Tan Hung","commune_full_name":"Phường Tân Hưng","commune_full_name_en":"Tan Hung Ward","commune_slug":"tan_hung","unit_type":"Phường","unit_type_en":"Ward","admin_level":2,"province_code":"79","province_name":"Hồ Chí Minh","province_full_name":"Thành phố Hồ Chí Minh","province_slug":"ho_chi_minh","join_key":"27475","status":"active","dataset_effective_date":"2026-04-30","catalog_version":"2026-07-12","geometry_status":"not_embedded_boundary_available_by_url","boundary_source_url":"https://raw.githubusercontent.com/thanglequoc/vietnamese-provinces-database/master/json/geojson/79_ho_chi_minh/wards/27475_tan_hung.geojson","boundary_source_page":"https://github.com/thanglequoc/vietnamese-provinces-database/blob/master/json/geojson/79_ho_chi_minh/wards/27475_tan_hung.geojson","source_catalog":"https://github.com/thanglequoc/vietnamese-provinces-database"},"geometry":null},{"type":"Feature","id":"27478","properties":{"commune_code":"27478","commune_name":"Tân Thuận","commune_name_en":"Tan Thuan","commune_full_name":"Phường Tân Thuận","commune_full_name_en":"Tan Thuan Ward","commune_slug":"tan_thuan","unit_type":"Phường","unit_type_en":"Ward","admin_level":2,"province_code":"79","province_name":"Hồ Chí Minh","province_full_name":"Thành phố Hồ Chí Minh","province_slug":"ho_chi_minh","join_key":"27478","status":"active","dataset_effective_date":"2026-04-30","catalog_version":"2026-07-12","geometry_status":"not_embedded_boundary_available_by_url","boundary_source_url":"https://raw.githubusercontent.com/thanglequoc/vietnamese-provinces-database/master/json/geojson/79_ho_chi_minh/wards/27478_tan_thuan.geojson","boundary_source_page":"https://github.com/thanglequoc/vietnamese-provinces-database/blob/master/json/geojson/79_ho_chi_minh/wards/27478_tan_thuan.geojson","source_catalog":"https://github.com/thanglequoc/vietnamese-provinces-database"},"geometry":null},{"type":"Feature","id":"27484","properties":{"commune_code":"27484","commune_name":"Phú Thuận","commune_name_en":"Phu Thuan","commune_full_name":"Phường Phú Thuận","commune_full_name_en":"Phu Thuan Ward","commune_slug":"phu_thuan","unit_type":"Phường","unit_type_en":"Ward","admin_level":2,"province_code":"79","province_name":"Hồ Chí Minh","province_full_name":"Thành phố Hồ Chí Minh","province_slug":"ho_chi_minh","join_key":"27484","status":"active","dataset_effective_date":"2026-04-30","catalog_version":"2026-07-12","geometry_status":"not_embedded_boundary_available_by_url","boundary_source_url":"https://raw.githubusercontent.com/thanglequoc/vietnamese-provinces-database/master/json/geojson/79_ho_chi_minh/wards/27484_phu_thuan.geojson","boundary_source_page":"https://github.com/thanglequoc/vietnamese-provinces-database/blob/master/json/geojson/79_ho_chi_minh/wards/27484_phu_thuan.geojson","source_catalog":"https://github.com/thanglequoc/vietnamese-provinces-database"},"geometry":null},{"type":"Feature","id":"27487","properties":{"commune_code":"27487","commune_name":"Tân Mỹ","commune_name_en":"Tan My","commune_full_name":"Phường Tân Mỹ","commune_full_name_en":"Tan My Ward","commune_slug":"tan_my","unit_type":"Phường","unit_type_en":"Ward","admin_level":2,"province_code":"79","province_name":"Hồ Chí Minh","province_full_name":"Thành phố Hồ Chí Minh","province_slug":"ho_chi_minh","join_key":"27487","status":"active","dataset_effective_date":"2026-04-30","catalog_version":"2026-07-12","geometry_status":"not_embedded_boundary_available_by_url","boundary_source_url":"https://raw.githubusercontent.com/thanglequoc/vietnamese-provinces-database/master/json/geojson/79_ho_chi_minh/wards/27487_tan_my.geojson","boundary_source_page":"https://github.com/thanglequoc/vietnamese-provinces-database/blob/master/json/geojson/79_ho_chi_minh/wards/27487_tan_my.geojson","source_catalog":"https://github.com/thanglequoc/vietnamese-provinces-database"},"geometry":null},{"type":"Feature","id":"27496","properties":{"commune_code":"27496","commune_name":"Tân An Hội","commune_name_en":"Tan An Hoi","commune_full_name":"Xã Tân An Hội","commune_full_name_en":"Tan An Hoi Commune","commune_slug":"tan_an_hoi","unit_type":"Xã","unit_type_en":"Commune","admin_level":2,"province_code":"79","province_name":"Hồ Chí Minh","province_full_name":"Thành phố Hồ Chí Minh","province_slug":"ho_chi_minh","join_key":"27496","status":"active","dataset_effective_date":"2026-04-30","catalog_version":"2026-07-12","geometry_status":"not_embedded_boundary_available_by_url","boundary_source_url":"https://raw.githubusercontent.com/thanglequoc/vietnamese-provinces-database/master/json/geojson/79_ho_chi_minh/wards/27496_tan_an_hoi.geojson","boundary_source_page":"https://github.com/thanglequoc/vietnamese-provinces-database/blob/master/json/geojson/79_ho_chi_minh/wards/27496_tan_an_hoi.geojson","source_catalog":"https://github.com/thanglequoc/vietnamese-provinces-database"},"geometry":null},{"type":"Feature","id":"27508","properties":{"commune_code":"27508","commune_name":"An Nhơn Tây","commune_name_en":"An Nhon Tay","commune_full_name":"Xã An Nhơn Tây","commune_full_name_en":"An Nhon Tay Commune","commune_slug":"an_nhon_tay","unit_type":"Xã","unit_type_en":"Commune","admin_level":2,"province_code":"79","province_name":"Hồ Chí Minh","province_full_name":"Thành phố Hồ Chí Minh","province_slug":"ho_chi_minh","join_key":"27508","status":"active","dataset_effective_date":"2026-04-30","catalog_version":"2026-07-12","geometry_status":"not_embedded_boundary_available_by_url","boundary_source_url":"https://raw.githubusercontent.com/thanglequoc/vietnamese-provinces-database/master/json/geojson/79_ho_chi_minh/wards/27508_an_nhon_tay.geojson","boundary_source_page":"https://github.com/thanglequoc/vietnamese-provinces-database/blob/master/json/geojson/79_ho_chi_minh/wards/27508_an_nhon_tay.geojson","source_catalog":"https://github.com/thanglequoc/vietnamese-provinces-database"},"geometry":null},{"type":"Feature","id":"27511","properties":{"commune_code":"27511","commune_name":"Nhuận Đức","commune_name_en":"Nhuan Duc","commune_full_name":"Xã Nhuận Đức","commune_full_name_en":"Nhuan Duc Commune","commune_slug":"nhuan_duc","unit_type":"Xã","unit_type_en":"Commune","admin_level":2,"province_code":"79","province_name":"Hồ Chí Minh","province_full_name":"Thành phố Hồ Chí Minh","province_slug":"ho_chi_minh","join_key":"27511","status":"active","dataset_effective_date":"2026-04-30","catalog_version":"2026-07-12","geometry_status":"not_embedded_boundary_available_by_url","boundary_source_url":"https://raw.githubusercontent.com/thanglequoc/vietnamese-provinces-database/master/json/geojson/79_ho_chi_minh/wards/27511_nhuan_duc.geojson","boundary_source_page":"https://github.com/thanglequoc/vietnamese-provinces-database/blob/master/json/geojson/79_ho_chi_minh/wards/27511_nhuan_duc.geojson","source_catalog":"https://github.com/thanglequoc/vietnamese-provinces-database"},"geometry":null},{"type":"Feature","id":"27526","properties":{"commune_code":"27526","commune_name":"Thái Mỹ","commune_name_en":"Thai My","commune_full_name":"Xã Thái Mỹ","commune_full_name_en":"Thai My Commune","commune_slug":"thai_my","unit_type":"Xã","unit_type_en":"Commune","admin_level":2,"province_code":"79","province_name":"Hồ Chí Minh","province_full_name":"Thành phố Hồ Chí Minh","province_slug":"ho_chi_minh","join_key":"27526","status":"active","dataset_effective_date":"2026-04-30","catalog_version":"2026-07-12","geometry_status":"not_embedded_boundary_available_by_url","boundary_source_url":"https://raw.githubusercontent.com/thanglequoc/vietnamese-provinces-database/master/json/geojson/79_ho_chi_minh/wards/27526_thai_my.geojson","boundary_source_page":"https://github.com/thanglequoc/vietnamese-provinces-database/blob/master/json/geojson/79_ho_chi_minh/wards/27526_thai_my.geojson","source_catalog":"https://github.com/thanglequoc/vietnamese-provinces-database"},"geometry":null},{"type":"Feature","id":"27541","properties":{"commune_code":"27541","commune_name":"Phú Hoà Đông","commune_name_en":"Phu Hoa Dong","commune_full_name":"Xã Phú Hoà Đông","commune_full_name_en":"Phu Hoa Dong Commune","commune_slug":"phu_hoa_dong","unit_type":"Xã","unit_type_en":"Commune","admin_level":2,"province_code":"79","province_name":"Hồ Chí Minh","province_full_name":"Thành phố Hồ Chí Minh","province_slug":"ho_chi_minh","join_key":"27541","status":"active","dataset_effective_date":"2026-04-30","catalog_version":"2026-07-12","geometry_status":"not_embedded_boundary_available_by_url","boundary_source_url":"https://raw.githubusercontent.com/thanglequoc/vietnamese-provinces-database/master/json/geojson/79_ho_chi_minh/wards/27541_phu_hoa_dong.geojson","boundary_source_page":"https://github.com/thanglequoc/vietnamese-provinces-database/blob/master/json/geojson/79_ho_chi_minh/wards/27541_phu_hoa_dong.geojson","source_catalog":"https://github.com/thanglequoc/vietnamese-provinces-database"},"geometry":null},{"type":"Feature","id":"27544","properties":{"commune_code":"27544","commune_name":"Bình Mỹ","commune_name_en":"Binh My","commune_full_name":"Xã Bình Mỹ","commune_full_name_en":"Binh My Commune","commune_slug":"binh_my","unit_type":"Xã","unit_type_en":"Commune","admin_level":2,"province_code":"79","province_name":"Hồ Chí Minh","province_full_name":"Thành phố Hồ Chí Minh","province_slug":"ho_chi_minh","join_key":"27544","status":"active","dataset_effective_date":"2026-04-30","catalog_version":"2026-07-12","geometry_status":"not_embedded_boundary_available_by_url","boundary_source_url":"https://raw.githubusercontent.com/thanglequoc/vietnamese-provinces-database/master/json/geojson/79_ho_chi_minh/wards/27544_binh_my.geojson","boundary_source_page":"https://github.com/thanglequoc/vietnamese-provinces-database/blob/master/json/geojson/79_ho_chi_minh/wards/27544_binh_my.geojson","source_catalog":"https://github.com/thanglequoc/vietnamese-provinces-database"},"geometry":null},{"type":"Feature","id":"27553","properties":{"commune_code":"27553","commune_name":"Củ Chi","commune_name_en":"Cu Chi","commune_full_name":"Xã Củ Chi","commune_full_name_en":"Cu Chi Commune","commune_slug":"cu_chi","unit_type":"Xã","unit_type_en":"Commune","admin_level":2,"province_code":"79","province_name":"Hồ Chí Minh","province_full_name":"Thành phố Hồ Chí Minh","province_slug":"ho_chi_minh","join_key":"27553","status":"active","dataset_effective_date":"2026-04-30","catalog_version":"2026-07-12","geometry_status":"not_embedded_boundary_available_by_url","boundary_source_url":"https://raw.githubusercontent.com/thanglequoc/vietnamese-provinces-database/master/json/geojson/79_ho_chi_minh/wards/27553_cu_chi.geojson","boundary_source_page":"https://github.com/thanglequoc/vietnamese-provinces-database/blob/master/json/geojson/79_ho_chi_minh/wards/27553_cu_chi.geojson","source_catalog":"https://github.com/thanglequoc/vietnamese-provinces-database"},"geometry":null},{"type":"Feature","id":"27559","properties":{"commune_code":"27559","commune_name":"Hóc Môn","commune_name_en":"Hoc Mon","commune_full_name":"Xã Hóc Môn","commune_full_name_en":"Hoc Mon Commune","commune_slug":"hoc_mon","unit_type":"Xã","unit_type_en":"Commune","admin_level":2,"province_code":"79","province_name":"Hồ Chí Minh","province_full_name":"Thành phố Hồ Chí Minh","province_slug":"ho_chi_minh","join_key":"27559","status":"active","dataset_effective_date":"2026-04-30","catalog_version":"2026-07-12","geometry_status":"not_embedded_boundary_available_by_url","boundary_source_url":"https://raw.githubusercontent.com/thanglequoc/vietnamese-provinces-database/master/json/geojson/79_ho_chi_minh/wards/27559_hoc_mon.geojson","boundary_source_page":"https://github.com/thanglequoc/vietnamese-provinces-database/blob/master/json/geojson/79_ho_chi_minh/wards/27559_hoc_mon.geojson","source_catalog":"https://github.com/thanglequoc/vietnamese-provinces-database"},"geometry":null},{"type":"Feature","id":"27568","properties":{"commune_code":"27568","commune_name":"Đông Thạnh","commune_name_en":"Dong Thanh","commune_full_name":"Xã Đông Thạnh","commune_full_name_en":"Dong Thanh Commune","commune_slug":"dong_thanh","unit_type":"Xã","unit_type_en":"Commune","admin_level":2,"province_code":"79","province_name":"Hồ Chí Minh","province_full_name":"Thành phố Hồ Chí Minh","province_slug":"ho_chi_minh","join_key":"27568","status":"active","dataset_effective_date":"2026-04-30","catalog_version":"2026-07-12","geometry_status":"not_embedded_boundary_available_by_url","boundary_source_url":"https://raw.githubusercontent.com/thanglequoc/vietnamese-provinces-database/master/json/geojson/79_ho_chi_minh/wards/27568_dong_thanh.geojson","boundary_source_page":"https://github.com/thanglequoc/vietnamese-provinces-database/blob/master/json/geojson/79_ho_chi_minh/wards/27568_dong_thanh.geojson","source_catalog":"https://github.com/thanglequoc/vietnamese-provinces-database"},"geometry":null},{"type":"Feature","id":"27577","properties":{"commune_code":"27577","commune_name":"Xuân Thới Sơn","commune_name_en":"Xuan Thoi Son","commune_full_name":"Xã Xuân Thới Sơn","commune_full_name_en":"Xuan Thoi Son Commune","commune_slug":"xuan_thoi_son","unit_type":"Xã","unit_type_en":"Commune","admin_level":2,"province_code":"79","province_name":"Hồ Chí Minh","province_full_name":"Thành phố Hồ Chí Minh","province_slug":"ho_chi_minh","join_key":"27577","status":"active","dataset_effective_date":"2026-04-30","catalog_version":"2026-07-12","geometry_status":"not_embedded_boundary_available_by_url","boundary_source_url":"https://raw.githubusercontent.com/thanglequoc/vietnamese-provinces-database/master/json/geojson/79_ho_chi_minh/wards/27577_xuan_thoi_son.geojson","boundary_source_page":"https://github.com/thanglequoc/vietnamese-provinces-database/blob/master/json/geojson/79_ho_chi_minh/wards/27577_xuan_thoi_son.geojson","source_catalog":"https://github.com/thanglequoc/vietnamese-provinces-database"},"geometry":null},{"type":"Feature","id":"27592","properties":{"commune_code":"27592","commune_name":"Bà Điểm","commune_name_en":"Ba Diem","commune_full_name":"Xã Bà Điểm","commune_full_name_en":"Ba Diem Commune","commune_slug":"ba_diem","unit_type":"Xã","unit_type_en":"Commune","admin_level":2,"province_code":"79","province_name":"Hồ Chí Minh","province_full_name":"Thành phố Hồ Chí Minh","province_slug":"ho_chi_minh","join_key":"27592","status":"active","dataset_effective_date":"2026-04-30","catalog_version":"2026-07-12","geometry_status":"not_embedded_boundary_available_by_url","boundary_source_url":"https://raw.githubusercontent.com/thanglequoc/vietnamese-provinces-database/master/json/geojson/79_ho_chi_minh/wards/27592_ba_diem.geojson","boundary_source_page":"https://github.com/thanglequoc/vietnamese-provinces-database/blob/master/json/geojson/79_ho_chi_minh/wards/27592_ba_diem.geojson","source_catalog":"https://github.com/thanglequoc/vietnamese-provinces-database"},"geometry":null},{"type":"Feature","id":"27595","properties":{"commune_code":"27595","commune_name":"Tân Nhựt","commune_name_en":"Tan Nhut","commune_full_name":"Xã Tân Nhựt","commune_full_name_en":"Tan Nhut Commune","commune_slug":"tan_nhut","unit_type":"Xã","unit_type_en":"Commune","admin_level":2,"province_code":"79","province_name":"Hồ Chí Minh","province_full_name":"Thành phố Hồ Chí Minh","province_slug":"ho_chi_minh","join_key":"27595","status":"active","dataset_effective_date":"2026-04-30","catalog_version":"2026-07-12","geometry_status":"not_embedded_boundary_available_by_url","boundary_source_url":"https://raw.githubusercontent.com/thanglequoc/vietnamese-provinces-database/master/json/geojson/79_ho_chi_minh/wards/27595_tan_nhut.geojson","boundary_source_page":"https://github.com/thanglequoc/vietnamese-provinces-database/blob/master/json/geojson/79_ho_chi_minh/wards/27595_tan_nhut.geojson","source_catalog":"https://github.com/thanglequoc/vietnamese-provinces-database"},"geometry":null},{"type":"Feature","id":"27601","properties":{"commune_code":"27601","commune_name":"Vĩnh Lộc","commune_name_en":"Vinh Loc","commune_full_name":"Xã Vĩnh Lộc","commune_full_name_en":"Vinh Loc Commune","commune_slug":"vinh_loc","unit_type":"Xã","unit_type_en":"Commune","admin_level":2,"province_code":"79","province_name":"Hồ Chí Minh","province_full_name":"Thành phố Hồ Chí Minh","province_slug":"ho_chi_minh","join_key":"27601","status":"active","dataset_effective_date":"2026-04-30","catalog_version":"2026-07-12","geometry_status":"not_embedded_boundary_available_by_url","boundary_source_url":"https://raw.githubusercontent.com/thanglequoc/vietnamese-provinces-database/master/json/geojson/79_ho_chi_minh/wards/27601_vinh_loc.geojson","boundary_source_page":"https://github.com/thanglequoc/vietnamese-provinces-database/blob/master/json/geojson/79_ho_chi_minh/wards/27601_vinh_loc.geojson","source_catalog":"https://github.com/thanglequoc/vietnamese-provinces-database"},"geometry":null},{"type":"Feature","id":"27604","properties":{"commune_code":"27604","commune_name":"Tân Vĩnh Lộc","commune_name_en":"Tan Vinh Loc","commune_full_name":"Xã Tân Vĩnh Lộc","commune_full_name_en":"Tan Vinh Loc Commune","commune_slug":"tan_vinh_loc","unit_type":"Xã","unit_type_en":"Commune","admin_level":2,"province_code":"79","province_name":"Hồ Chí Minh","province_full_name":"Thành phố Hồ Chí Minh","province_slug":"ho_chi_minh","join_key":"27604","status":"active","dataset_effective_date":"2026-04-30","catalog_version":"2026-07-12","geometry_status":"not_embedded_boundary_available_by_url","boundary_source_url":"https://raw.githubusercontent.com/thanglequoc/vietnamese-provinces-database/master/json/geojson/79_ho_chi_minh/wards/27604_tan_vinh_loc.geojson","boundary_source_page":"https://github.com/thanglequoc/vietnamese-provinces-database/blob/master/json/geojson/79_ho_chi_minh/wards/27604_tan_vinh_loc.geojson","source_catalog":"https://github.com/thanglequoc/vietnamese-provinces-database"},"geometry":null},{"type":"Feature","id":"27610","properties":{"commune_code":"27610","commune_name":"Bình Lợi","commune_name_en":"Binh Loi","commune_full_name":"Xã Bình Lợi","commune_full_name_en":"Binh Loi Commune","commune_slug":"binh_loi","unit_type":"Xã","unit_type_en":"Commune","admin_level":2,"province_code":"79","province_name":"Hồ Chí Minh","province_full_name":"Thành phố Hồ Chí Minh","province_slug":"ho_chi_minh","join_key":"27610","status":"active","dataset_effective_date":"2026-04-30","catalog_version":"2026-07-12","geometry_status":"not_embedded_boundary_available_by_url","boundary_source_url":"https://raw.githubusercontent.com/thanglequoc/vietnamese-provinces-database/master/json/geojson/79_ho_chi_minh/wards/27610_binh_loi.geojson","boundary_source_page":"https://github.com/thanglequoc/vietnamese-provinces-database/blob/master/json/geojson/79_ho_chi_minh/wards/27610_binh_loi.geojson","source_catalog":"https://github.com/thanglequoc/vietnamese-provinces-database"},"geometry":null},{"type":"Feature","id":"27619","properties":{"commune_code":"27619","commune_name":"Bình Hưng","commune_name_en":"Binh Hung","commune_full_name":"Xã Bình Hưng","commune_full_name_en":"Binh Hung Commune","commune_slug":"binh_hung","unit_type":"Xã","unit_type_en":"Commune","admin_level":2,"province_code":"79","province_name":"Hồ Chí Minh","province_full_name":"Thành phố Hồ Chí Minh","province_slug":"ho_chi_minh","join_key":"27619","status":"active","dataset_effective_date":"2026-04-30","catalog_version":"2026-07-12","geometry_status":"not_embedded_boundary_available_by_url","boundary_source_url":"https://raw.githubusercontent.com/thanglequoc/vietnamese-provinces-database/master/json/geojson/79_ho_chi_minh/wards/27619_binh_hung.geojson","boundary_source_page":"https://github.com/thanglequoc/vietnamese-provinces-database/blob/master/json/geojson/79_ho_chi_minh/wards/27619_binh_hung.geojson","source_catalog":"https://github.com/thanglequoc/vietnamese-provinces-database"},"geometry":null},{"type":"Feature","id":"27628","properties":{"commune_code":"27628","commune_name":"Hưng Long","commune_name_en":"Hung Long","commune_full_name":"Xã Hưng Long","commune_full_name_en":"Hung Long Commune","commune_slug":"hung_long","unit_type":"Xã","unit_type_en":"Commune","admin_level":2,"province_code":"79","province_name":"Hồ Chí Minh","province_full_name":"Thành phố Hồ Chí Minh","province_slug":"ho_chi_minh","join_key":"27628","status":"active","dataset_effective_date":"2026-04-30","catalog_version":"2026-07-12","geometry_status":"not_embedded_boundary_available_by_url","boundary_source_url":"https://raw.githubusercontent.com/thanglequoc/vietnamese-provinces-database/master/json/geojson/79_ho_chi_minh/wards/27628_hung_long.geojson","boundary_source_page":"https://github.com/thanglequoc/vietnamese-provinces-database/blob/master/json/geojson/79_ho_chi_minh/wards/27628_hung_long.geojson","source_catalog":"https://github.com/thanglequoc/vietnamese-provinces-database"},"geometry":null},{"type":"Feature","id":"27637","properties":{"commune_code":"27637","commune_name":"Bình Chánh","commune_name_en":"Binh Chanh","commune_full_name":"Xã Bình Chánh","commune_full_name_en":"Binh Chanh Commune","commune_slug":"binh_chanh","unit_type":"Xã","unit_type_en":"Commune","admin_level":2,"province_code":"79","province_name":"Hồ Chí Minh","province_full_name":"Thành phố Hồ Chí Minh","province_slug":"ho_chi_minh","join_key":"27637","status":"active","dataset_effective_date":"2026-04-30","catalog_version":"2026-07-12","geometry_status":"not_embedded_boundary_available_by_url","boundary_source_url":"https://raw.githubusercontent.com/thanglequoc/vietnamese-provinces-database/master/json/geojson/79_ho_chi_minh/wards/27637_binh_chanh.geojson","boundary_source_page":"https://github.com/thanglequoc/vietnamese-provinces-database/blob/master/json/geojson/79_ho_chi_minh/wards/27637_binh_chanh.geojson","source_catalog":"https://github.com/thanglequoc/vietnamese-provinces-database"},"geometry":null},{"type":"Feature","id":"27655","properties":{"commune_code":"27655","commune_name":"Nhà Bè","commune_name_en":"Nha Be","commune_full_name":"Xã Nhà Bè","commune_full_name_en":"Nha Be Commune","commune_slug":"nha_be","unit_type":"Xã","unit_type_en":"Commune","admin_level":2,"province_code":"79","province_name":"Hồ Chí Minh","province_full_name":"Thành phố Hồ Chí Minh","province_slug":"ho_chi_minh","join_key":"27655","status":"active","dataset_effective_date":"2026-04-30","catalog_version":"2026-07-12","geometry_status":"not_embedded_boundary_available_by_url","boundary_source_url":"https://raw.githubusercontent.com/thanglequoc/vietnamese-provinces-database/master/json/geojson/79_ho_chi_minh/wards/27655_nha_be.geojson","boundary_source_page":"https://github.com/thanglequoc/vietnamese-provinces-database/blob/master/json/geojson/79_ho_chi_minh/wards/27655_nha_be.geojson","source_catalog":"https://github.com/thanglequoc/vietnamese-provinces-database"},"geometry":null},{"type":"Feature","id":"27658","properties":{"commune_code":"27658","commune_name":"Hiệp Phước","commune_name_en":"Hiep Phuoc","commune_full_name":"Xã Hiệp Phước","commune_full_name_en":"Hiep Phuoc Commune","commune_slug":"hiep_phuoc","unit_type":"Xã","unit_type_en":"Commune","admin_level":2,"province_code":"79","province_name":"Hồ Chí Minh","province_full_name":"Thành phố Hồ Chí Minh","province_slug":"ho_chi_minh","join_key":"27658","status":"active","dataset_effective_date":"2026-04-30","catalog_version":"2026-07-12","geometry_status":"not_embedded_boundary_available_by_url","boundary_source_url":"https://raw.githubusercontent.com/thanglequoc/vietnamese-provinces-database/master/json/geojson/79_ho_chi_minh/wards/27658_hiep_phuoc.geojson","boundary_source_page":"https://github.com/thanglequoc/vietnamese-provinces-database/blob/master/json/geojson/79_ho_chi_minh/wards/27658_hiep_phuoc.geojson","source_catalog":"https://github.com/thanglequoc/vietnamese-provinces-database"},"geometry":null},{"type":"Feature","id":"27664","properties":{"commune_code":"27664","commune_name":"Cần Giờ","commune_name_en":"Can Gio","commune_full_name":"Xã Cần Giờ","commune_full_name_en":"Can Gio Commune","commune_slug":"can_gio","unit_type":"Xã","unit_type_en":"Commune","admin_level":2,"province_code":"79","province_name":"Hồ Chí Minh","province_full_name":"Thành phố Hồ Chí Minh","province_slug":"ho_chi_minh","join_key":"27664","status":"active","dataset_effective_date":"2026-04-30","catalog_version":"2026-07-12","geometry_status":"not_embedded_boundary_available_by_url","boundary_source_url":"https://raw.githubusercontent.com/thanglequoc/vietnamese-provinces-database/master/json/geojson/79_ho_chi_minh/wards/27664_can_gio.geojson","boundary_source_page":"https://github.com/thanglequoc/vietnamese-provinces-database/blob/master/json/geojson/79_ho_chi_minh/wards/27664_can_gio.geojson","source_catalog":"https://github.com/thanglequoc/vietnamese-provinces-database"},"geometry":null},{"type":"Feature","id":"27667","properties":{"commune_code":"27667","commune_name":"Bình Khánh","commune_name_en":"Binh Khanh","commune_full_name":"Xã Bình Khánh","commune_full_name_en":"Binh Khanh Commune","commune_slug":"binh_khanh","unit_type":"Xã","unit_type_en":"Commune","admin_level":2,"province_code":"79","province_name":"Hồ Chí Minh","province_full_name":"Thành phố Hồ Chí Minh","province_slug":"ho_chi_minh","join_key":"27667","status":"active","dataset_effective_date":"2026-04-30","catalog_version":"2026-07-12","geometry_status":"not_embedded_boundary_available_by_url","boundary_source_url":"https://raw.githubusercontent.com/thanglequoc/vietnamese-provinces-database/master/json/geojson/79_ho_chi_minh/wards/27667_binh_khanh.geojson","boundary_source_page":"https://github.com/thanglequoc/vietnamese-provinces-database/blob/master/json/geojson/79_ho_chi_minh/wards/27667_binh_khanh.geojson","source_catalog":"https://github.com/thanglequoc/vietnamese-provinces-database"},"geometry":null},{"type":"Feature","id":"27673","properties":{"commune_code":"27673","commune_name":"An Thới Đông","commune_name_en":"An Thoi Dong","commune_full_name":"Xã An Thới Đông","commune_full_name_en":"An Thoi Dong Commune","commune_slug":"an_thoi_dong","unit_type":"Xã","unit_type_en":"Commune","admin_level":2,"province_code":"79","province_name":"Hồ Chí Minh","province_full_name":"Thành phố Hồ Chí Minh","province_slug":"ho_chi_minh","join_key":"27673","status":"active","dataset_effective_date":"2026-04-30","catalog_version":"2026-07-12","geometry_status":"not_embedded_boundary_available_by_url","boundary_source_url":"https://raw.githubusercontent.com/thanglequoc/vietnamese-provinces-database/master/json/geojson/79_ho_chi_minh/wards/27673_an_thoi_dong.geojson","boundary_source_page":"https://github.com/thanglequoc/vietnamese-provinces-database/blob/master/json/geojson/79_ho_chi_minh/wards/27673_an_thoi_dong.geojson","source_catalog":"https://github.com/thanglequoc/vietnamese-provinces-database"},"geometry":null},{"type":"Feature","id":"27676","properties":{"commune_code":"27676","commune_name":"Thạnh An","commune_name_en":"Thanh An","commune_full_name":"Xã Thạnh An","commune_full_name_en":"Thanh An Commune","commune_slug":"thanh_an","unit_type":"Xã","unit_type_en":"Commune","admin_level":2,"province_code":"79","province_name":"Hồ Chí Minh","province_full_name":"Thành phố Hồ Chí Minh","province_slug":"ho_chi_minh","join_key":"27676","status":"active","dataset_effective_date":"2026-04-30","catalog_version":"2026-07-12","geometry_status":"not_embedded_boundary_available_by_url","boundary_source_url":"https://raw.githubusercontent.com/thanglequoc/vietnamese-provinces-database/master/json/geojson/79_ho_chi_minh/wards/27676_thanh_an.geojson","boundary_source_page":"https://github.com/thanglequoc/vietnamese-provinces-database/blob/master/json/geojson/79_ho_chi_minh/wards/27676_thanh_an.geojson","source_catalog":"https://github.com/thanglequoc/vietnamese-provinces-database"},"geometry":null}]}