{"type":"FeatureCollection","name":"82_dong_thap_communes_attributes","metadata":{"province_code":"82","province_name":"Đồng Tháp","feature_count":102,"geometry":null,"join_key":"commune_code"},"features":[{"type":"Feature","id":"28249","properties":{"commune_code":"28249","commune_name":"Đạo Thạnh","commune_name_en":"Dao Thanh","commune_full_name":"Phường Đạo Thạnh","commune_full_name_en":"Dao Thanh Ward","commune_slug":"dao_thanh","unit_type":"Phường","unit_type_en":"Ward","admin_level":2,"province_code":"82","province_name":"Đồng Tháp","province_full_name":"Tỉnh Đồng Tháp","province_slug":"dong_thap","join_key":"28249","status":"active","dataset_effective_date":"2026-04-30","catalog_version":"2026-07-12","geometry_status":"not_embedded_boundary_available_by_url","boundary_source_url":"https://raw.githubusercontent.com/thanglequoc/vietnamese-provinces-database/master/json/geojson/82_dong_thap/wards/28249_dao_thanh.geojson","boundary_source_page":"https://github.com/thanglequoc/vietnamese-provinces-database/blob/master/json/geojson/82_dong_thap/wards/28249_dao_thanh.geojson","source_catalog":"https://github.com/thanglequoc/vietnamese-provinces-database"},"geometry":null},{"type":"Feature","id":"28261","properties":{"commune_code":"28261","commune_name":"Mỹ Tho","commune_name_en":"My Tho","commune_full_name":"Phường Mỹ Tho","commune_full_name_en":"My Tho Ward","commune_slug":"my_tho","unit_type":"Phường","unit_type_en":"Ward","admin_level":2,"province_code":"82","province_name":"Đồng Tháp","province_full_name":"Tỉnh Đồng Tháp","province_slug":"dong_thap","join_key":"28261","status":"active","dataset_effective_date":"2026-04-30","catalog_version":"2026-07-12","geometry_status":"not_embedded_boundary_available_by_url","boundary_source_url":"https://raw.githubusercontent.com/thanglequoc/vietnamese-provinces-database/master/json/geojson/82_dong_thap/wards/28261_my_tho.geojson","boundary_source_page":"https://github.com/thanglequoc/vietnamese-provinces-database/blob/master/json/geojson/82_dong_thap/wards/28261_my_tho.geojson","source_catalog":"https://github.com/thanglequoc/vietnamese-provinces-database"},"geometry":null},{"type":"Feature","id":"28270","properties":{"commune_code":"28270","commune_name":"Thới Sơn","commune_name_en":"Thoi Son","commune_full_name":"Phường Thới Sơn","commune_full_name_en":"Thoi Son Ward","commune_slug":"thoi_son","unit_type":"Phường","unit_type_en":"Ward","admin_level":2,"province_code":"82","province_name":"Đồng Tháp","province_full_name":"Tỉnh Đồng Tháp","province_slug":"dong_thap","join_key":"28270","status":"active","dataset_effective_date":"2026-04-30","catalog_version":"2026-07-12","geometry_status":"not_embedded_boundary_available_by_url","boundary_source_url":"https://raw.githubusercontent.com/thanglequoc/vietnamese-provinces-database/master/json/geojson/82_dong_thap/wards/28270_thoi_son.geojson","boundary_source_page":"https://github.com/thanglequoc/vietnamese-provinces-database/blob/master/json/geojson/82_dong_thap/wards/28270_thoi_son.geojson","source_catalog":"https://github.com/thanglequoc/vietnamese-provinces-database"},"geometry":null},{"type":"Feature","id":"28273","properties":{"commune_code":"28273","commune_name":"Mỹ Phong","commune_name_en":"My Phong","commune_full_name":"Phường Mỹ Phong","commune_full_name_en":"My Phong Ward","commune_slug":"my_phong","unit_type":"Phường","unit_type_en":"Ward","admin_level":2,"province_code":"82","province_name":"Đồng Tháp","province_full_name":"Tỉnh Đồng Tháp","province_slug":"dong_thap","join_key":"28273","status":"active","dataset_effective_date":"2026-04-30","catalog_version":"2026-07-12","geometry_status":"not_embedded_boundary_available_by_url","boundary_source_url":"https://raw.githubusercontent.com/thanglequoc/vietnamese-provinces-database/master/json/geojson/82_dong_thap/wards/28273_my_phong.geojson","boundary_source_page":"https://github.com/thanglequoc/vietnamese-provinces-database/blob/master/json/geojson/82_dong_thap/wards/28273_my_phong.geojson","source_catalog":"https://github.com/thanglequoc/vietnamese-provinces-database"},"geometry":null},{"type":"Feature","id":"28285","properties":{"commune_code":"28285","commune_name":"Trung An","commune_name_en":"Trung An","commune_full_name":"Phường Trung An","commune_full_name_en":"Trung An Ward","commune_slug":"trung_an","unit_type":"Phường","unit_type_en":"Ward","admin_level":2,"province_code":"82","province_name":"Đồng Tháp","province_full_name":"Tỉnh Đồng Tháp","province_slug":"dong_thap","join_key":"28285","status":"active","dataset_effective_date":"2026-04-30","catalog_version":"2026-07-12","geometry_status":"not_embedded_boundary_available_by_url","boundary_source_url":"https://raw.githubusercontent.com/thanglequoc/vietnamese-provinces-database/master/json/geojson/82_dong_thap/wards/28285_trung_an.geojson","boundary_source_page":"https://github.com/thanglequoc/vietnamese-provinces-database/blob/master/json/geojson/82_dong_thap/wards/28285_trung_an.geojson","source_catalog":"https://github.com/thanglequoc/vietnamese-provinces-database"},"geometry":null},{"type":"Feature","id":"28297","properties":{"commune_code":"28297","commune_name":"Long Thuận","commune_name_en":"Long Thuan","commune_full_name":"Phường Long Thuận","commune_full_name_en":"Long Thuan Ward","commune_slug":"long_thuan","unit_type":"Phường","unit_type_en":"Ward","admin_level":2,"province_code":"82","province_name":"Đồng Tháp","province_full_name":"Tỉnh Đồng Tháp","province_slug":"dong_thap","join_key":"28297","status":"active","dataset_effective_date":"2026-04-30","catalog_version":"2026-07-12","geometry_status":"not_embedded_boundary_available_by_url","boundary_source_url":"https://raw.githubusercontent.com/thanglequoc/vietnamese-provinces-database/master/json/geojson/82_dong_thap/wards/28297_long_thuan.geojson","boundary_source_page":"https://github.com/thanglequoc/vietnamese-provinces-database/blob/master/json/geojson/82_dong_thap/wards/28297_long_thuan.geojson","source_catalog":"https://github.com/thanglequoc/vietnamese-provinces-database"},"geometry":null},{"type":"Feature","id":"28306","properties":{"commune_code":"28306","commune_name":"Gò Công","commune_name_en":"Go Cong","commune_full_name":"Phường Gò Công","commune_full_name_en":"Go Cong Ward","commune_slug":"go_cong","unit_type":"Phường","unit_type_en":"Ward","admin_level":2,"province_code":"82","province_name":"Đồng Tháp","province_full_name":"Tỉnh Đồng Tháp","province_slug":"dong_thap","join_key":"28306","status":"active","dataset_effective_date":"2026-04-30","catalog_version":"2026-07-12","geometry_status":"not_embedded_boundary_available_by_url","boundary_source_url":"https://raw.githubusercontent.com/thanglequoc/vietnamese-provinces-database/master/json/geojson/82_dong_thap/wards/28306_go_cong.geojson","boundary_source_page":"https://github.com/thanglequoc/vietnamese-provinces-database/blob/master/json/geojson/82_dong_thap/wards/28306_go_cong.geojson","source_catalog":"https://github.com/thanglequoc/vietnamese-provinces-database"},"geometry":null},{"type":"Feature","id":"28315","properties":{"commune_code":"28315","commune_name":"Bình Xuân","commune_name_en":"Binh Xuan","commune_full_name":"Phường Bình Xuân","commune_full_name_en":"Binh Xuan Ward","commune_slug":"binh_xuan","unit_type":"Phường","unit_type_en":"Ward","admin_level":2,"province_code":"82","province_name":"Đồng Tháp","province_full_name":"Tỉnh Đồng Tháp","province_slug":"dong_thap","join_key":"28315","status":"active","dataset_effective_date":"2026-04-30","catalog_version":"2026-07-12","geometry_status":"not_embedded_boundary_available_by_url","boundary_source_url":"https://raw.githubusercontent.com/thanglequoc/vietnamese-provinces-database/master/json/geojson/82_dong_thap/wards/28315_binh_xuan.geojson","boundary_source_page":"https://github.com/thanglequoc/vietnamese-provinces-database/blob/master/json/geojson/82_dong_thap/wards/28315_binh_xuan.geojson","source_catalog":"https://github.com/thanglequoc/vietnamese-provinces-database"},"geometry":null},{"type":"Feature","id":"28321","properties":{"commune_code":"28321","commune_name":"Tân Phước 1","commune_name_en":"Tan Phuoc 1","commune_full_name":"Xã Tân Phước 1","commune_full_name_en":"Commune Tan Phuoc 1","commune_slug":"tan_phuoc_1","unit_type":"Xã","unit_type_en":"Commune","admin_level":2,"province_code":"82","province_name":"Đồng Tháp","province_full_name":"Tỉnh Đồng Tháp","province_slug":"dong_thap","join_key":"28321","status":"active","dataset_effective_date":"2026-04-30","catalog_version":"2026-07-12","geometry_status":"not_embedded_boundary_available_by_url","boundary_source_url":"https://raw.githubusercontent.com/thanglequoc/vietnamese-provinces-database/master/json/geojson/82_dong_thap/wards/28321_tan_phuoc_1.geojson","boundary_source_page":"https://github.com/thanglequoc/vietnamese-provinces-database/blob/master/json/geojson/82_dong_thap/wards/28321_tan_phuoc_1.geojson","source_catalog":"https://github.com/thanglequoc/vietnamese-provinces-database"},"geometry":null},{"type":"Feature","id":"28327","properties":{"commune_code":"28327","commune_name":"Tân Phước 2","commune_name_en":"Tan Phuoc 2","commune_full_name":"Xã Tân Phước 2","commune_full_name_en":"Commune Tan Phuoc 2","commune_slug":"tan_phuoc_2","unit_type":"Xã","unit_type_en":"Commune","admin_level":2,"province_code":"82","province_name":"Đồng Tháp","province_full_name":"Tỉnh Đồng Tháp","province_slug":"dong_thap","join_key":"28327","status":"active","dataset_effective_date":"2026-04-30","catalog_version":"2026-07-12","geometry_status":"not_embedded_boundary_available_by_url","boundary_source_url":"https://raw.githubusercontent.com/thanglequoc/vietnamese-provinces-database/master/json/geojson/82_dong_thap/wards/28327_tan_phuoc_2.geojson","boundary_source_page":"https://github.com/thanglequoc/vietnamese-provinces-database/blob/master/json/geojson/82_dong_thap/wards/28327_tan_phuoc_2.geojson","source_catalog":"https://github.com/thanglequoc/vietnamese-provinces-database"},"geometry":null},{"type":"Feature","id":"28336","properties":{"commune_code":"28336","commune_name":"Hưng Thạnh","commune_name_en":"Hung Thanh","commune_full_name":"Xã Hưng Thạnh","commune_full_name_en":"Hung Thanh Commune","commune_slug":"hung_thanh","unit_type":"Xã","unit_type_en":"Commune","admin_level":2,"province_code":"82","province_name":"Đồng Tháp","province_full_name":"Tỉnh Đồng Tháp","province_slug":"dong_thap","join_key":"28336","status":"active","dataset_effective_date":"2026-04-30","catalog_version":"2026-07-12","geometry_status":"not_embedded_boundary_available_by_url","boundary_source_url":"https://raw.githubusercontent.com/thanglequoc/vietnamese-provinces-database/master/json/geojson/82_dong_thap/wards/28336_hung_thanh.geojson","boundary_source_page":"https://github.com/thanglequoc/vietnamese-provinces-database/blob/master/json/geojson/82_dong_thap/wards/28336_hung_thanh.geojson","source_catalog":"https://github.com/thanglequoc/vietnamese-provinces-database"},"geometry":null},{"type":"Feature","id":"28345","properties":{"commune_code":"28345","commune_name":"Tân Phước 3","commune_name_en":"Tan Phuoc 3","commune_full_name":"Xã Tân Phước 3","commune_full_name_en":"Commune Tan Phuoc 3","commune_slug":"tan_phuoc_3","unit_type":"Xã","unit_type_en":"Commune","admin_level":2,"province_code":"82","province_name":"Đồng Tháp","province_full_name":"Tỉnh Đồng Tháp","province_slug":"dong_thap","join_key":"28345","status":"active","dataset_effective_date":"2026-04-30","catalog_version":"2026-07-12","geometry_status":"not_embedded_boundary_available_by_url","boundary_source_url":"https://raw.githubusercontent.com/thanglequoc/vietnamese-provinces-database/master/json/geojson/82_dong_thap/wards/28345_tan_phuoc_3.geojson","boundary_source_page":"https://github.com/thanglequoc/vietnamese-provinces-database/blob/master/json/geojson/82_dong_thap/wards/28345_tan_phuoc_3.geojson","source_catalog":"https://github.com/thanglequoc/vietnamese-provinces-database"},"geometry":null},{"type":"Feature","id":"28360","properties":{"commune_code":"28360","commune_name":"Cái Bè","commune_name_en":"Cai Be","commune_full_name":"Xã Cái Bè","commune_full_name_en":"Cai Be Commune","commune_slug":"cai_be","unit_type":"Xã","unit_type_en":"Commune","admin_level":2,"province_code":"82","province_name":"Đồng Tháp","province_full_name":"Tỉnh Đồng Tháp","province_slug":"dong_thap","join_key":"28360","status":"active","dataset_effective_date":"2026-04-30","catalog_version":"2026-07-12","geometry_status":"not_embedded_boundary_available_by_url","boundary_source_url":"https://raw.githubusercontent.com/thanglequoc/vietnamese-provinces-database/master/json/geojson/82_dong_thap/wards/28360_cai_be.geojson","boundary_source_page":"https://github.com/thanglequoc/vietnamese-provinces-database/blob/master/json/geojson/82_dong_thap/wards/28360_cai_be.geojson","source_catalog":"https://github.com/thanglequoc/vietnamese-provinces-database"},"geometry":null},{"type":"Feature","id":"28366","properties":{"commune_code":"28366","commune_name":"Hậu Mỹ","commune_name_en":"Hau My","commune_full_name":"Xã Hậu Mỹ","commune_full_name_en":"Hau My Commune","commune_slug":"hau_my","unit_type":"Xã","unit_type_en":"Commune","admin_level":2,"province_code":"82","province_name":"Đồng Tháp","province_full_name":"Tỉnh Đồng Tháp","province_slug":"dong_thap","join_key":"28366","status":"active","dataset_effective_date":"2026-04-30","catalog_version":"2026-07-12","geometry_status":"not_embedded_boundary_available_by_url","boundary_source_url":"https://raw.githubusercontent.com/thanglequoc/vietnamese-provinces-database/master/json/geojson/82_dong_thap/wards/28366_hau_my.geojson","boundary_source_page":"https://github.com/thanglequoc/vietnamese-provinces-database/blob/master/json/geojson/82_dong_thap/wards/28366_hau_my.geojson","source_catalog":"https://github.com/thanglequoc/vietnamese-provinces-database"},"geometry":null},{"type":"Feature","id":"28378","properties":{"commune_code":"28378","commune_name":"Mỹ Thiện","commune_name_en":"My Thien","commune_full_name":"Xã Mỹ Thiện","commune_full_name_en":"My Thien Commune","commune_slug":"my_thien","unit_type":"Xã","unit_type_en":"Commune","admin_level":2,"province_code":"82","province_name":"Đồng Tháp","province_full_name":"Tỉnh Đồng Tháp","province_slug":"dong_thap","join_key":"28378","status":"active","dataset_effective_date":"2026-04-30","catalog_version":"2026-07-12","geometry_status":"not_embedded_boundary_available_by_url","boundary_source_url":"https://raw.githubusercontent.com/thanglequoc/vietnamese-provinces-database/master/json/geojson/82_dong_thap/wards/28378_my_thien.geojson","boundary_source_page":"https://github.com/thanglequoc/vietnamese-provinces-database/blob/master/json/geojson/82_dong_thap/wards/28378_my_thien.geojson","source_catalog":"https://github.com/thanglequoc/vietnamese-provinces-database"},"geometry":null},{"type":"Feature","id":"28393","properties":{"commune_code":"28393","commune_name":"Hội Cư","commune_name_en":"Hoi Cu","commune_full_name":"Xã Hội Cư","commune_full_name_en":"Hoi Cu Commune","commune_slug":"hoi_cu","unit_type":"Xã","unit_type_en":"Commune","admin_level":2,"province_code":"82","province_name":"Đồng Tháp","province_full_name":"Tỉnh Đồng Tháp","province_slug":"dong_thap","join_key":"28393","status":"active","dataset_effective_date":"2026-04-30","catalog_version":"2026-07-12","geometry_status":"not_embedded_boundary_available_by_url","boundary_source_url":"https://raw.githubusercontent.com/thanglequoc/vietnamese-provinces-database/master/json/geojson/82_dong_thap/wards/28393_hoi_cu.geojson","boundary_source_page":"https://github.com/thanglequoc/vietnamese-provinces-database/blob/master/json/geojson/82_dong_thap/wards/28393_hoi_cu.geojson","source_catalog":"https://github.com/thanglequoc/vietnamese-provinces-database"},"geometry":null},{"type":"Feature","id":"28405","properties":{"commune_code":"28405","commune_name":"Mỹ Đức Tây","commune_name_en":"My Duc Tay","commune_full_name":"Xã Mỹ Đức Tây","commune_full_name_en":"My Duc Tay Commune","commune_slug":"my_duc_tay","unit_type":"Xã","unit_type_en":"Commune","admin_level":2,"province_code":"82","province_name":"Đồng Tháp","province_full_name":"Tỉnh Đồng Tháp","province_slug":"dong_thap","join_key":"28405","status":"active","dataset_effective_date":"2026-04-30","catalog_version":"2026-07-12","geometry_status":"not_embedded_boundary_available_by_url","boundary_source_url":"https://raw.githubusercontent.com/thanglequoc/vietnamese-provinces-database/master/json/geojson/82_dong_thap/wards/28405_my_duc_tay.geojson","boundary_source_page":"https://github.com/thanglequoc/vietnamese-provinces-database/blob/master/json/geojson/82_dong_thap/wards/28405_my_duc_tay.geojson","source_catalog":"https://github.com/thanglequoc/vietnamese-provinces-database"},"geometry":null},{"type":"Feature","id":"28414","properties":{"commune_code":"28414","commune_name":"Mỹ Lợi","commune_name_en":"My Loi","commune_full_name":"Xã Mỹ Lợi","commune_full_name_en":"My Loi Commune","commune_slug":"my_loi","unit_type":"Xã","unit_type_en":"Commune","admin_level":2,"province_code":"82","province_name":"Đồng Tháp","province_full_name":"Tỉnh Đồng Tháp","province_slug":"dong_thap","join_key":"28414","status":"active","dataset_effective_date":"2026-04-30","catalog_version":"2026-07-12","geometry_status":"not_embedded_boundary_available_by_url","boundary_source_url":"https://raw.githubusercontent.com/thanglequoc/vietnamese-provinces-database/master/json/geojson/82_dong_thap/wards/28414_my_loi.geojson","boundary_source_page":"https://github.com/thanglequoc/vietnamese-provinces-database/blob/master/json/geojson/82_dong_thap/wards/28414_my_loi.geojson","source_catalog":"https://github.com/thanglequoc/vietnamese-provinces-database"},"geometry":null},{"type":"Feature","id":"28426","properties":{"commune_code":"28426","commune_name":"Thanh Hưng","commune_name_en":"Thanh Hung","commune_full_name":"Xã Thanh Hưng","commune_full_name_en":"Thanh Hung Commune","commune_slug":"thanh_hung","unit_type":"Xã","unit_type_en":"Commune","admin_level":2,"province_code":"82","province_name":"Đồng Tháp","province_full_name":"Tỉnh Đồng Tháp","province_slug":"dong_thap","join_key":"28426","status":"active","dataset_effective_date":"2026-04-30","catalog_version":"2026-07-12","geometry_status":"not_embedded_boundary_available_by_url","boundary_source_url":"https://raw.githubusercontent.com/thanglequoc/vietnamese-provinces-database/master/json/geojson/82_dong_thap/wards/28426_thanh_hung.geojson","boundary_source_page":"https://github.com/thanglequoc/vietnamese-provinces-database/blob/master/json/geojson/82_dong_thap/wards/28426_thanh_hung.geojson","source_catalog":"https://github.com/thanglequoc/vietnamese-provinces-database"},"geometry":null},{"type":"Feature","id":"28429","properties":{"commune_code":"28429","commune_name":"An Hữu","commune_name_en":"An Huu","commune_full_name":"Xã An Hữu","commune_full_name_en":"An Huu Commune","commune_slug":"an_huu","unit_type":"Xã","unit_type_en":"Commune","admin_level":2,"province_code":"82","province_name":"Đồng Tháp","province_full_name":"Tỉnh Đồng Tháp","province_slug":"dong_thap","join_key":"28429","status":"active","dataset_effective_date":"2026-04-30","catalog_version":"2026-07-12","geometry_status":"not_embedded_boundary_available_by_url","boundary_source_url":"https://raw.githubusercontent.com/thanglequoc/vietnamese-provinces-database/master/json/geojson/82_dong_thap/wards/28429_an_huu.geojson","boundary_source_page":"https://github.com/thanglequoc/vietnamese-provinces-database/blob/master/json/geojson/82_dong_thap/wards/28429_an_huu.geojson","source_catalog":"https://github.com/thanglequoc/vietnamese-provinces-database"},"geometry":null},{"type":"Feature","id":"28435","properties":{"commune_code":"28435","commune_name":"Mỹ Phước Tây","commune_name_en":"My Phuoc Tay","commune_full_name":"Phường Mỹ Phước Tây","commune_full_name_en":"My Phuoc Tay Ward","commune_slug":"my_phuoc_tay","unit_type":"Phường","unit_type_en":"Ward","admin_level":2,"province_code":"82","province_name":"Đồng Tháp","province_full_name":"Tỉnh Đồng Tháp","province_slug":"dong_thap","join_key":"28435","status":"active","dataset_effective_date":"2026-04-30","catalog_version":"2026-07-12","geometry_status":"not_embedded_boundary_available_by_url","boundary_source_url":"https://raw.githubusercontent.com/thanglequoc/vietnamese-provinces-database/master/json/geojson/82_dong_thap/wards/28435_my_phuoc_tay.geojson","boundary_source_page":"https://github.com/thanglequoc/vietnamese-provinces-database/blob/master/json/geojson/82_dong_thap/wards/28435_my_phuoc_tay.geojson","source_catalog":"https://github.com/thanglequoc/vietnamese-provinces-database"},"geometry":null},{"type":"Feature","id":"28436","properties":{"commune_code":"28436","commune_name":"Thanh Hoà","commune_name_en":"Thanh Hoa","commune_full_name":"Phường Thanh Hoà","commune_full_name_en":"Thanh Hoa Ward","commune_slug":"thanh_hoa","unit_type":"Phường","unit_type_en":"Ward","admin_level":2,"province_code":"82","province_name":"Đồng Tháp","province_full_name":"Tỉnh Đồng Tháp","province_slug":"dong_thap","join_key":"28436","status":"active","dataset_effective_date":"2026-04-30","catalog_version":"2026-07-12","geometry_status":"not_embedded_boundary_available_by_url","boundary_source_url":"https://raw.githubusercontent.com/thanglequoc/vietnamese-provinces-database/master/json/geojson/82_dong_thap/wards/28436_thanh_hoa.geojson","boundary_source_page":"https://github.com/thanglequoc/vietnamese-provinces-database/blob/master/json/geojson/82_dong_thap/wards/28436_thanh_hoa.geojson","source_catalog":"https://github.com/thanglequoc/vietnamese-provinces-database"},"geometry":null},{"type":"Feature","id":"28439","properties":{"commune_code":"28439","commune_name":"Cai Lậy","commune_name_en":"Cai Lay","commune_full_name":"Phường Cai Lậy","commune_full_name_en":"Cai Lay Ward","commune_slug":"cai_lay","unit_type":"Phường","unit_type_en":"Ward","admin_level":2,"province_code":"82","province_name":"Đồng Tháp","province_full_name":"Tỉnh Đồng Tháp","province_slug":"dong_thap","join_key":"28439","status":"active","dataset_effective_date":"2026-04-30","catalog_version":"2026-07-12","geometry_status":"not_embedded_boundary_available_by_url","boundary_source_url":"https://raw.githubusercontent.com/thanglequoc/vietnamese-provinces-database/master/json/geojson/82_dong_thap/wards/28439_cai_lay.geojson","boundary_source_page":"https://github.com/thanglequoc/vietnamese-provinces-database/blob/master/json/geojson/82_dong_thap/wards/28439_cai_lay.geojson","source_catalog":"https://github.com/thanglequoc/vietnamese-provinces-database"},"geometry":null},{"type":"Feature","id":"28444","properties":{"commune_code":"28444","commune_name":"Thạnh Phú","commune_name_en":"Thanh Phu","commune_full_name":"Xã Thạnh Phú","commune_full_name_en":"Thanh Phu Commune","commune_slug":"thanh_phu","unit_type":"Xã","unit_type_en":"Commune","admin_level":2,"province_code":"82","province_name":"Đồng Tháp","province_full_name":"Tỉnh Đồng Tháp","province_slug":"dong_thap","join_key":"28444","status":"active","dataset_effective_date":"2026-04-30","catalog_version":"2026-07-12","geometry_status":"not_embedded_boundary_available_by_url","boundary_source_url":"https://raw.githubusercontent.com/thanglequoc/vietnamese-provinces-database/master/json/geojson/82_dong_thap/wards/28444_thanh_phu.geojson","boundary_source_page":"https://github.com/thanglequoc/vietnamese-provinces-database/blob/master/json/geojson/82_dong_thap/wards/28444_thanh_phu.geojson","source_catalog":"https://github.com/thanglequoc/vietnamese-provinces-database"},"geometry":null},{"type":"Feature","id":"28456","properties":{"commune_code":"28456","commune_name":"Mỹ Thành","commune_name_en":"My Thanh","commune_full_name":"Xã Mỹ Thành","commune_full_name_en":"My Thanh Commune","commune_slug":"my_thanh","unit_type":"Xã","unit_type_en":"Commune","admin_level":2,"province_code":"82","province_name":"Đồng Tháp","province_full_name":"Tỉnh Đồng Tháp","province_slug":"dong_thap","join_key":"28456","status":"active","dataset_effective_date":"2026-04-30","catalog_version":"2026-07-12","geometry_status":"not_embedded_boundary_available_by_url","boundary_source_url":"https://raw.githubusercontent.com/thanglequoc/vietnamese-provinces-database/master/json/geojson/82_dong_thap/wards/28456_my_thanh.geojson","boundary_source_page":"https://github.com/thanglequoc/vietnamese-provinces-database/blob/master/json/geojson/82_dong_thap/wards/28456_my_thanh.geojson","source_catalog":"https://github.com/thanglequoc/vietnamese-provinces-database"},"geometry":null},{"type":"Feature","id":"28468","properties":{"commune_code":"28468","commune_name":"Tân Phú","commune_name_en":"Tan Phu","commune_full_name":"Xã Tân Phú","commune_full_name_en":"Tan Phu Commune","commune_slug":"tan_phu","unit_type":"Xã","unit_type_en":"Commune","admin_level":2,"province_code":"82","province_name":"Đồng Tháp","province_full_name":"Tỉnh Đồng Tháp","province_slug":"dong_thap","join_key":"28468","status":"active","dataset_effective_date":"2026-04-30","catalog_version":"2026-07-12","geometry_status":"not_embedded_boundary_available_by_url","boundary_source_url":"https://raw.githubusercontent.com/thanglequoc/vietnamese-provinces-database/master/json/geojson/82_dong_thap/wards/28468_tan_phu.geojson","boundary_source_page":"https://github.com/thanglequoc/vietnamese-provinces-database/blob/master/json/geojson/82_dong_thap/wards/28468_tan_phu.geojson","source_catalog":"https://github.com/thanglequoc/vietnamese-provinces-database"},"geometry":null},{"type":"Feature","id":"28471","properties":{"commune_code":"28471","commune_name":"Bình Phú","commune_name_en":"Binh Phu","commune_full_name":"Xã Bình Phú","commune_full_name_en":"Binh Phu Commune","commune_slug":"binh_phu","unit_type":"Xã","unit_type_en":"Commune","admin_level":2,"province_code":"82","province_name":"Đồng Tháp","province_full_name":"Tỉnh Đồng Tháp","province_slug":"dong_thap","join_key":"28471","status":"active","dataset_effective_date":"2026-04-30","catalog_version":"2026-07-12","geometry_status":"not_embedded_boundary_available_by_url","boundary_source_url":"https://raw.githubusercontent.com/thanglequoc/vietnamese-provinces-database/master/json/geojson/82_dong_thap/wards/28471_binh_phu.geojson","boundary_source_page":"https://github.com/thanglequoc/vietnamese-provinces-database/blob/master/json/geojson/82_dong_thap/wards/28471_binh_phu.geojson","source_catalog":"https://github.com/thanglequoc/vietnamese-provinces-database"},"geometry":null},{"type":"Feature","id":"28477","properties":{"commune_code":"28477","commune_name":"Nhị Quý","commune_name_en":"Nhi Quy","commune_full_name":"Phường Nhị Quý","commune_full_name_en":"Nhi Quy Ward","commune_slug":"nhi_quy","unit_type":"Phường","unit_type_en":"Ward","admin_level":2,"province_code":"82","province_name":"Đồng Tháp","province_full_name":"Tỉnh Đồng Tháp","province_slug":"dong_thap","join_key":"28477","status":"active","dataset_effective_date":"2026-04-30","catalog_version":"2026-07-12","geometry_status":"not_embedded_boundary_available_by_url","boundary_source_url":"https://raw.githubusercontent.com/thanglequoc/vietnamese-provinces-database/master/json/geojson/82_dong_thap/wards/28477_nhi_quy.geojson","boundary_source_page":"https://github.com/thanglequoc/vietnamese-provinces-database/blob/master/json/geojson/82_dong_thap/wards/28477_nhi_quy.geojson","source_catalog":"https://github.com/thanglequoc/vietnamese-provinces-database"},"geometry":null},{"type":"Feature","id":"28501","properties":{"commune_code":"28501","commune_name":"Hiệp Đức","commune_name_en":"Hiep Duc","commune_full_name":"Xã Hiệp Đức","commune_full_name_en":"Hiep Duc Commune","commune_slug":"hiep_duc","unit_type":"Xã","unit_type_en":"Commune","admin_level":2,"province_code":"82","province_name":"Đồng Tháp","province_full_name":"Tỉnh Đồng Tháp","province_slug":"dong_thap","join_key":"28501","status":"active","dataset_effective_date":"2026-04-30","catalog_version":"2026-07-12","geometry_status":"not_embedded_boundary_available_by_url","boundary_source_url":"https://raw.githubusercontent.com/thanglequoc/vietnamese-provinces-database/master/json/geojson/82_dong_thap/wards/28501_hiep_duc.geojson","boundary_source_page":"https://github.com/thanglequoc/vietnamese-provinces-database/blob/master/json/geojson/82_dong_thap/wards/28501_hiep_duc.geojson","source_catalog":"https://github.com/thanglequoc/vietnamese-provinces-database"},"geometry":null},{"type":"Feature","id":"28504","properties":{"commune_code":"28504","commune_name":"Long Tiên","commune_name_en":"Long Tien","commune_full_name":"Xã Long Tiên","commune_full_name_en":"Long Tien Commune","commune_slug":"long_tien","unit_type":"Xã","unit_type_en":"Commune","admin_level":2,"province_code":"82","province_name":"Đồng Tháp","province_full_name":"Tỉnh Đồng Tháp","province_slug":"dong_thap","join_key":"28504","status":"active","dataset_effective_date":"2026-04-30","catalog_version":"2026-07-12","geometry_status":"not_embedded_boundary_available_by_url","boundary_source_url":"https://raw.githubusercontent.com/thanglequoc/vietnamese-provinces-database/master/json/geojson/82_dong_thap/wards/28504_long_tien.geojson","boundary_source_page":"https://github.com/thanglequoc/vietnamese-provinces-database/blob/master/json/geojson/82_dong_thap/wards/28504_long_tien.geojson","source_catalog":"https://github.com/thanglequoc/vietnamese-provinces-database"},"geometry":null},{"type":"Feature","id":"28516","properties":{"commune_code":"28516","commune_name":"Ngũ Hiệp","commune_name_en":"Ngu Hiep","commune_full_name":"Xã Ngũ Hiệp","commune_full_name_en":"Ngu Hiep Commune","commune_slug":"ngu_hiep","unit_type":"Xã","unit_type_en":"Commune","admin_level":2,"province_code":"82","province_name":"Đồng Tháp","province_full_name":"Tỉnh Đồng Tháp","province_slug":"dong_thap","join_key":"28516","status":"active","dataset_effective_date":"2026-04-30","catalog_version":"2026-07-12","geometry_status":"not_embedded_boundary_available_by_url","boundary_source_url":"https://raw.githubusercontent.com/thanglequoc/vietnamese-provinces-database/master/json/geojson/82_dong_thap/wards/28516_ngu_hiep.geojson","boundary_source_page":"https://github.com/thanglequoc/vietnamese-provinces-database/blob/master/json/geojson/82_dong_thap/wards/28516_ngu_hiep.geojson","source_catalog":"https://github.com/thanglequoc/vietnamese-provinces-database"},"geometry":null},{"type":"Feature","id":"28519","properties":{"commune_code":"28519","commune_name":"Châu Thành","commune_name_en":"Chau Thanh","commune_full_name":"Xã Châu Thành","commune_full_name_en":"Chau Thanh Commune","commune_slug":"chau_thanh","unit_type":"Xã","unit_type_en":"Commune","admin_level":2,"province_code":"82","province_name":"Đồng Tháp","province_full_name":"Tỉnh Đồng Tháp","province_slug":"dong_thap","join_key":"28519","status":"active","dataset_effective_date":"2026-04-30","catalog_version":"2026-07-12","geometry_status":"not_embedded_boundary_available_by_url","boundary_source_url":"https://raw.githubusercontent.com/thanglequoc/vietnamese-provinces-database/master/json/geojson/82_dong_thap/wards/28519_chau_thanh.geojson","boundary_source_page":"https://github.com/thanglequoc/vietnamese-provinces-database/blob/master/json/geojson/82_dong_thap/wards/28519_chau_thanh.geojson","source_catalog":"https://github.com/thanglequoc/vietnamese-provinces-database"},"geometry":null},{"type":"Feature","id":"28525","properties":{"commune_code":"28525","commune_name":"Tân Hương","commune_name_en":"Tan Huong","commune_full_name":"Xã Tân Hương","commune_full_name_en":"Tan Huong Commune","commune_slug":"tan_huong","unit_type":"Xã","unit_type_en":"Commune","admin_level":2,"province_code":"82","province_name":"Đồng Tháp","province_full_name":"Tỉnh Đồng Tháp","province_slug":"dong_thap","join_key":"28525","status":"active","dataset_effective_date":"2026-04-30","catalog_version":"2026-07-12","geometry_status":"not_embedded_boundary_available_by_url","boundary_source_url":"https://raw.githubusercontent.com/thanglequoc/vietnamese-provinces-database/master/json/geojson/82_dong_thap/wards/28525_tan_huong.geojson","boundary_source_page":"https://github.com/thanglequoc/vietnamese-provinces-database/blob/master/json/geojson/82_dong_thap/wards/28525_tan_huong.geojson","source_catalog":"https://github.com/thanglequoc/vietnamese-provinces-database"},"geometry":null},{"type":"Feature","id":"28537","properties":{"commune_code":"28537","commune_name":"Long Hưng","commune_name_en":"Long Hung","commune_full_name":"Xã Long Hưng","commune_full_name_en":"Long Hung Commune","commune_slug":"long_hung","unit_type":"Xã","unit_type_en":"Commune","admin_level":2,"province_code":"82","province_name":"Đồng Tháp","province_full_name":"Tỉnh Đồng Tháp","province_slug":"dong_thap","join_key":"28537","status":"active","dataset_effective_date":"2026-04-30","catalog_version":"2026-07-12","geometry_status":"not_embedded_boundary_available_by_url","boundary_source_url":"https://raw.githubusercontent.com/thanglequoc/vietnamese-provinces-database/master/json/geojson/82_dong_thap/wards/28537_long_hung.geojson","boundary_source_page":"https://github.com/thanglequoc/vietnamese-provinces-database/blob/master/json/geojson/82_dong_thap/wards/28537_long_hung.geojson","source_catalog":"https://github.com/thanglequoc/vietnamese-provinces-database"},"geometry":null},{"type":"Feature","id":"28543","properties":{"commune_code":"28543","commune_name":"Long Định","commune_name_en":"Long Dinh","commune_full_name":"Xã Long Định","commune_full_name_en":"Long Dinh Commune","commune_slug":"long_dinh","unit_type":"Xã","unit_type_en":"Commune","admin_level":2,"province_code":"82","province_name":"Đồng Tháp","province_full_name":"Tỉnh Đồng Tháp","province_slug":"dong_thap","join_key":"28543","status":"active","dataset_effective_date":"2026-04-30","catalog_version":"2026-07-12","geometry_status":"not_embedded_boundary_available_by_url","boundary_source_url":"https://raw.githubusercontent.com/thanglequoc/vietnamese-provinces-database/master/json/geojson/82_dong_thap/wards/28543_long_dinh.geojson","boundary_source_page":"https://github.com/thanglequoc/vietnamese-provinces-database/blob/master/json/geojson/82_dong_thap/wards/28543_long_dinh.geojson","source_catalog":"https://github.com/thanglequoc/vietnamese-provinces-database"},"geometry":null},{"type":"Feature","id":"28564","properties":{"commune_code":"28564","commune_name":"Bình Trưng","commune_name_en":"Binh Trung","commune_full_name":"Xã Bình Trưng","commune_full_name_en":"Binh Trung Commune","commune_slug":"binh_trung","unit_type":"Xã","unit_type_en":"Commune","admin_level":2,"province_code":"82","province_name":"Đồng Tháp","province_full_name":"Tỉnh Đồng Tháp","province_slug":"dong_thap","join_key":"28564","status":"active","dataset_effective_date":"2026-04-30","catalog_version":"2026-07-12","geometry_status":"not_embedded_boundary_available_by_url","boundary_source_url":"https://raw.githubusercontent.com/thanglequoc/vietnamese-provinces-database/master/json/geojson/82_dong_thap/wards/28564_binh_trung.geojson","boundary_source_page":"https://github.com/thanglequoc/vietnamese-provinces-database/blob/master/json/geojson/82_dong_thap/wards/28564_binh_trung.geojson","source_catalog":"https://github.com/thanglequoc/vietnamese-provinces-database"},"geometry":null},{"type":"Feature","id":"28576","properties":{"commune_code":"28576","commune_name":"Vĩnh Kim","commune_name_en":"Vinh Kim","commune_full_name":"Xã Vĩnh Kim","commune_full_name_en":"Vinh Kim Commune","commune_slug":"vinh_kim","unit_type":"Xã","unit_type_en":"Commune","admin_level":2,"province_code":"82","province_name":"Đồng Tháp","province_full_name":"Tỉnh Đồng Tháp","province_slug":"dong_thap","join_key":"28576","status":"active","dataset_effective_date":"2026-04-30","catalog_version":"2026-07-12","geometry_status":"not_embedded_boundary_available_by_url","boundary_source_url":"https://raw.githubusercontent.com/thanglequoc/vietnamese-provinces-database/master/json/geojson/82_dong_thap/wards/28576_vinh_kim.geojson","boundary_source_page":"https://github.com/thanglequoc/vietnamese-provinces-database/blob/master/json/geojson/82_dong_thap/wards/28576_vinh_kim.geojson","source_catalog":"https://github.com/thanglequoc/vietnamese-provinces-database"},"geometry":null},{"type":"Feature","id":"28582","properties":{"commune_code":"28582","commune_name":"Kim Sơn","commune_name_en":"Kim Son","commune_full_name":"Xã Kim Sơn","commune_full_name_en":"Kim Son Commune","commune_slug":"kim_son","unit_type":"Xã","unit_type_en":"Commune","admin_level":2,"province_code":"82","province_name":"Đồng Tháp","province_full_name":"Tỉnh Đồng Tháp","province_slug":"dong_thap","join_key":"28582","status":"active","dataset_effective_date":"2026-04-30","catalog_version":"2026-07-12","geometry_status":"not_embedded_boundary_available_by_url","boundary_source_url":"https://raw.githubusercontent.com/thanglequoc/vietnamese-provinces-database/master/json/geojson/82_dong_thap/wards/28582_kim_son.geojson","boundary_source_page":"https://github.com/thanglequoc/vietnamese-provinces-database/blob/master/json/geojson/82_dong_thap/wards/28582_kim_son.geojson","source_catalog":"https://github.com/thanglequoc/vietnamese-provinces-database"},"geometry":null},{"type":"Feature","id":"28594","properties":{"commune_code":"28594","commune_name":"Chợ Gạo","commune_name_en":"Cho Gao","commune_full_name":"Xã Chợ Gạo","commune_full_name_en":"Cho Gao Commune","commune_slug":"cho_gao","unit_type":"Xã","unit_type_en":"Commune","admin_level":2,"province_code":"82","province_name":"Đồng Tháp","province_full_name":"Tỉnh Đồng Tháp","province_slug":"dong_thap","join_key":"28594","status":"active","dataset_effective_date":"2026-04-30","catalog_version":"2026-07-12","geometry_status":"not_embedded_boundary_available_by_url","boundary_source_url":"https://raw.githubusercontent.com/thanglequoc/vietnamese-provinces-database/master/json/geojson/82_dong_thap/wards/28594_cho_gao.geojson","boundary_source_page":"https://github.com/thanglequoc/vietnamese-provinces-database/blob/master/json/geojson/82_dong_thap/wards/28594_cho_gao.geojson","source_catalog":"https://github.com/thanglequoc/vietnamese-provinces-database"},"geometry":null},{"type":"Feature","id":"28603","properties":{"commune_code":"28603","commune_name":"Mỹ Tịnh An","commune_name_en":"My Tinh An","commune_full_name":"Xã Mỹ Tịnh An","commune_full_name_en":"My Tinh An Commune","commune_slug":"my_tinh_an","unit_type":"Xã","unit_type_en":"Commune","admin_level":2,"province_code":"82","province_name":"Đồng Tháp","province_full_name":"Tỉnh Đồng Tháp","province_slug":"dong_thap","join_key":"28603","status":"active","dataset_effective_date":"2026-04-30","catalog_version":"2026-07-12","geometry_status":"not_embedded_boundary_available_by_url","boundary_source_url":"https://raw.githubusercontent.com/thanglequoc/vietnamese-provinces-database/master/json/geojson/82_dong_thap/wards/28603_my_tinh_an.geojson","boundary_source_page":"https://github.com/thanglequoc/vietnamese-provinces-database/blob/master/json/geojson/82_dong_thap/wards/28603_my_tinh_an.geojson","source_catalog":"https://github.com/thanglequoc/vietnamese-provinces-database"},"geometry":null},{"type":"Feature","id":"28615","properties":{"commune_code":"28615","commune_name":"Lương Hoà Lạc","commune_name_en":"Luong Hoa Lac","commune_full_name":"Xã Lương Hoà Lạc","commune_full_name_en":"Luong Hoa Lac Commune","commune_slug":"luong_hoa_lac","unit_type":"Xã","unit_type_en":"Commune","admin_level":2,"province_code":"82","province_name":"Đồng Tháp","province_full_name":"Tỉnh Đồng Tháp","province_slug":"dong_thap","join_key":"28615","status":"active","dataset_effective_date":"2026-04-30","catalog_version":"2026-07-12","geometry_status":"not_embedded_boundary_available_by_url","boundary_source_url":"https://raw.githubusercontent.com/thanglequoc/vietnamese-provinces-database/master/json/geojson/82_dong_thap/wards/28615_luong_hoa_lac.geojson","boundary_source_page":"https://github.com/thanglequoc/vietnamese-provinces-database/blob/master/json/geojson/82_dong_thap/wards/28615_luong_hoa_lac.geojson","source_catalog":"https://github.com/thanglequoc/vietnamese-provinces-database"},"geometry":null},{"type":"Feature","id":"28627","properties":{"commune_code":"28627","commune_name":"Tân Thuận Bình","commune_name_en":"Tan Thuan Binh","commune_full_name":"Xã Tân Thuận Bình","commune_full_name_en":"Tan Thuan Binh Commune","commune_slug":"tan_thuan_binh","unit_type":"Xã","unit_type_en":"Commune","admin_level":2,"province_code":"82","province_name":"Đồng Tháp","province_full_name":"Tỉnh Đồng Tháp","province_slug":"dong_thap","join_key":"28627","status":"active","dataset_effective_date":"2026-04-30","catalog_version":"2026-07-12","geometry_status":"not_embedded_boundary_available_by_url","boundary_source_url":"https://raw.githubusercontent.com/thanglequoc/vietnamese-provinces-database/master/json/geojson/82_dong_thap/wards/28627_tan_thuan_binh.geojson","boundary_source_page":"https://github.com/thanglequoc/vietnamese-provinces-database/blob/master/json/geojson/82_dong_thap/wards/28627_tan_thuan_binh.geojson","source_catalog":"https://github.com/thanglequoc/vietnamese-provinces-database"},"geometry":null},{"type":"Feature","id":"28633","properties":{"commune_code":"28633","commune_name":"An Thạnh Thuỷ","commune_name_en":"An Thanh Thuy","commune_full_name":"Xã An Thạnh Thuỷ","commune_full_name_en":"An Thanh Thuy Commune","commune_slug":"an_thanh_thuy","unit_type":"Xã","unit_type_en":"Commune","admin_level":2,"province_code":"82","province_name":"Đồng Tháp","province_full_name":"Tỉnh Đồng Tháp","province_slug":"dong_thap","join_key":"28633","status":"active","dataset_effective_date":"2026-04-30","catalog_version":"2026-07-12","geometry_status":"not_embedded_boundary_available_by_url","boundary_source_url":"https://raw.githubusercontent.com/thanglequoc/vietnamese-provinces-database/master/json/geojson/82_dong_thap/wards/28633_an_thanh_thuy.geojson","boundary_source_page":"https://github.com/thanglequoc/vietnamese-provinces-database/blob/master/json/geojson/82_dong_thap/wards/28633_an_thanh_thuy.geojson","source_catalog":"https://github.com/thanglequoc/vietnamese-provinces-database"},"geometry":null},{"type":"Feature","id":"28648","properties":{"commune_code":"28648","commune_name":"Bình Ninh","commune_name_en":"Binh Ninh","commune_full_name":"Xã Bình Ninh","commune_full_name_en":"Binh Ninh Commune","commune_slug":"binh_ninh","unit_type":"Xã","unit_type_en":"Commune","admin_level":2,"province_code":"82","province_name":"Đồng Tháp","province_full_name":"Tỉnh Đồng Tháp","province_slug":"dong_thap","join_key":"28648","status":"active","dataset_effective_date":"2026-04-30","catalog_version":"2026-07-12","geometry_status":"not_embedded_boundary_available_by_url","boundary_source_url":"https://raw.githubusercontent.com/thanglequoc/vietnamese-provinces-database/master/json/geojson/82_dong_thap/wards/28648_binh_ninh.geojson","boundary_source_page":"https://github.com/thanglequoc/vietnamese-provinces-database/blob/master/json/geojson/82_dong_thap/wards/28648_binh_ninh.geojson","source_catalog":"https://github.com/thanglequoc/vietnamese-provinces-database"},"geometry":null},{"type":"Feature","id":"28651","properties":{"commune_code":"28651","commune_name":"Vĩnh Bình","commune_name_en":"Vinh Binh","commune_full_name":"Xã Vĩnh Bình","commune_full_name_en":"Vinh Binh Commune","commune_slug":"vinh_binh","unit_type":"Xã","unit_type_en":"Commune","admin_level":2,"province_code":"82","province_name":"Đồng Tháp","province_full_name":"Tỉnh Đồng Tháp","province_slug":"dong_thap","join_key":"28651","status":"active","dataset_effective_date":"2026-04-30","catalog_version":"2026-07-12","geometry_status":"not_embedded_boundary_available_by_url","boundary_source_url":"https://raw.githubusercontent.com/thanglequoc/vietnamese-provinces-database/master/json/geojson/82_dong_thap/wards/28651_vinh_binh.geojson","boundary_source_page":"https://github.com/thanglequoc/vietnamese-provinces-database/blob/master/json/geojson/82_dong_thap/wards/28651_vinh_binh.geojson","source_catalog":"https://github.com/thanglequoc/vietnamese-provinces-database"},"geometry":null},{"type":"Feature","id":"28660","properties":{"commune_code":"28660","commune_name":"Đồng Sơn","commune_name_en":"Dong Son","commune_full_name":"Xã Đồng Sơn","commune_full_name_en":"Dong Son Commune","commune_slug":"dong_son","unit_type":"Xã","unit_type_en":"Commune","admin_level":2,"province_code":"82","province_name":"Đồng Tháp","province_full_name":"Tỉnh Đồng Tháp","province_slug":"dong_thap","join_key":"28660","status":"active","dataset_effective_date":"2026-04-30","catalog_version":"2026-07-12","geometry_status":"not_embedded_boundary_available_by_url","boundary_source_url":"https://raw.githubusercontent.com/thanglequoc/vietnamese-provinces-database/master/json/geojson/82_dong_thap/wards/28660_dong_son.geojson","boundary_source_page":"https://github.com/thanglequoc/vietnamese-provinces-database/blob/master/json/geojson/82_dong_thap/wards/28660_dong_son.geojson","source_catalog":"https://github.com/thanglequoc/vietnamese-provinces-database"},"geometry":null},{"type":"Feature","id":"28663","properties":{"commune_code":"28663","commune_name":"Phú Thành","commune_name_en":"Phu Thanh","commune_full_name":"Xã Phú Thành","commune_full_name_en":"Phu Thanh Commune","commune_slug":"phu_thanh","unit_type":"Xã","unit_type_en":"Commune","admin_level":2,"province_code":"82","province_name":"Đồng Tháp","province_full_name":"Tỉnh Đồng Tháp","province_slug":"dong_thap","join_key":"28663","status":"active","dataset_effective_date":"2026-04-30","catalog_version":"2026-07-12","geometry_status":"not_embedded_boundary_available_by_url","boundary_source_url":"https://raw.githubusercontent.com/thanglequoc/vietnamese-provinces-database/master/json/geojson/82_dong_thap/wards/28663_phu_thanh.geojson","boundary_source_page":"https://github.com/thanglequoc/vietnamese-provinces-database/blob/master/json/geojson/82_dong_thap/wards/28663_phu_thanh.geojson","source_catalog":"https://github.com/thanglequoc/vietnamese-provinces-database"},"geometry":null},{"type":"Feature","id":"28678","properties":{"commune_code":"28678","commune_name":"Vĩnh Hựu","commune_name_en":"Vinh Huu","commune_full_name":"Xã Vĩnh Hựu","commune_full_name_en":"Vinh Huu Commune","commune_slug":"vinh_huu","unit_type":"Xã","unit_type_en":"Commune","admin_level":2,"province_code":"82","province_name":"Đồng Tháp","province_full_name":"Tỉnh Đồng Tháp","province_slug":"dong_thap","join_key":"28678","status":"active","dataset_effective_date":"2026-04-30","catalog_version":"2026-07-12","geometry_status":"not_embedded_boundary_available_by_url","boundary_source_url":"https://raw.githubusercontent.com/thanglequoc/vietnamese-provinces-database/master/json/geojson/82_dong_thap/wards/28678_vinh_huu.geojson","boundary_source_page":"https://github.com/thanglequoc/vietnamese-provinces-database/blob/master/json/geojson/82_dong_thap/wards/28678_vinh_huu.geojson","source_catalog":"https://github.com/thanglequoc/vietnamese-provinces-database"},"geometry":null},{"type":"Feature","id":"28687","properties":{"commune_code":"28687","commune_name":"Long Bình","commune_name_en":"Long Binh","commune_full_name":"Xã Long Bình","commune_full_name_en":"Long Binh Commune","commune_slug":"long_binh","unit_type":"Xã","unit_type_en":"Commune","admin_level":2,"province_code":"82","province_name":"Đồng Tháp","province_full_name":"Tỉnh Đồng Tháp","province_slug":"dong_thap","join_key":"28687","status":"active","dataset_effective_date":"2026-04-30","catalog_version":"2026-07-12","geometry_status":"not_embedded_boundary_available_by_url","boundary_source_url":"https://raw.githubusercontent.com/thanglequoc/vietnamese-provinces-database/master/json/geojson/82_dong_thap/wards/28687_long_binh.geojson","boundary_source_page":"https://github.com/thanglequoc/vietnamese-provinces-database/blob/master/json/geojson/82_dong_thap/wards/28687_long_binh.geojson","source_catalog":"https://github.com/thanglequoc/vietnamese-provinces-database"},"geometry":null},{"type":"Feature","id":"28693","properties":{"commune_code":"28693","commune_name":"Tân Thới","commune_name_en":"Tan Thoi","commune_full_name":"Xã Tân Thới","commune_full_name_en":"Tan Thoi Commune","commune_slug":"tan_thoi","unit_type":"Xã","unit_type_en":"Commune","admin_level":2,"province_code":"82","province_name":"Đồng Tháp","province_full_name":"Tỉnh Đồng Tháp","province_slug":"dong_thap","join_key":"28693","status":"active","dataset_effective_date":"2026-04-30","catalog_version":"2026-07-12","geometry_status":"not_embedded_boundary_available_by_url","boundary_source_url":"https://raw.githubusercontent.com/thanglequoc/vietnamese-provinces-database/master/json/geojson/82_dong_thap/wards/28693_tan_thoi.geojson","boundary_source_page":"https://github.com/thanglequoc/vietnamese-provinces-database/blob/master/json/geojson/82_dong_thap/wards/28693_tan_thoi.geojson","source_catalog":"https://github.com/thanglequoc/vietnamese-provinces-database"},"geometry":null},{"type":"Feature","id":"28696","properties":{"commune_code":"28696","commune_name":"Tân Phú Đông","commune_name_en":"Tan Phu Dong","commune_full_name":"Xã Tân Phú Đông","commune_full_name_en":"Tan Phu Dong Commune","commune_slug":"tan_phu_dong","unit_type":"Xã","unit_type_en":"Commune","admin_level":2,"province_code":"82","province_name":"Đồng Tháp","province_full_name":"Tỉnh Đồng Tháp","province_slug":"dong_thap","join_key":"28696","status":"active","dataset_effective_date":"2026-04-30","catalog_version":"2026-07-12","geometry_status":"not_embedded_boundary_available_by_url","boundary_source_url":"https://raw.githubusercontent.com/thanglequoc/vietnamese-provinces-database/master/json/geojson/82_dong_thap/wards/28696_tan_phu_dong.geojson","boundary_source_page":"https://github.com/thanglequoc/vietnamese-provinces-database/blob/master/json/geojson/82_dong_thap/wards/28696_tan_phu_dong.geojson","source_catalog":"https://github.com/thanglequoc/vietnamese-provinces-database"},"geometry":null},{"type":"Feature","id":"28702","properties":{"commune_code":"28702","commune_name":"Tân Hoà","commune_name_en":"Tan Hoa","commune_full_name":"Xã Tân Hoà","commune_full_name_en":"Tan Hoa Commune","commune_slug":"tan_hoa","unit_type":"Xã","unit_type_en":"Commune","admin_level":2,"province_code":"82","province_name":"Đồng Tháp","province_full_name":"Tỉnh Đồng Tháp","province_slug":"dong_thap","join_key":"28702","status":"active","dataset_effective_date":"2026-04-30","catalog_version":"2026-07-12","geometry_status":"not_embedded_boundary_available_by_url","boundary_source_url":"https://raw.githubusercontent.com/thanglequoc/vietnamese-provinces-database/master/json/geojson/82_dong_thap/wards/28702_tan_hoa.geojson","boundary_source_page":"https://github.com/thanglequoc/vietnamese-provinces-database/blob/master/json/geojson/82_dong_thap/wards/28702_tan_hoa.geojson","source_catalog":"https://github.com/thanglequoc/vietnamese-provinces-database"},"geometry":null},{"type":"Feature","id":"28720","properties":{"commune_code":"28720","commune_name":"Gia Thuận","commune_name_en":"Gia Thuan","commune_full_name":"Xã Gia Thuận","commune_full_name_en":"Gia Thuan Commune","commune_slug":"gia_thuan","unit_type":"Xã","unit_type_en":"Commune","admin_level":2,"province_code":"82","province_name":"Đồng Tháp","province_full_name":"Tỉnh Đồng Tháp","province_slug":"dong_thap","join_key":"28720","status":"active","dataset_effective_date":"2026-04-30","catalog_version":"2026-07-12","geometry_status":"not_embedded_boundary_available_by_url","boundary_source_url":"https://raw.githubusercontent.com/thanglequoc/vietnamese-provinces-database/master/json/geojson/82_dong_thap/wards/28720_gia_thuan.geojson","boundary_source_page":"https://github.com/thanglequoc/vietnamese-provinces-database/blob/master/json/geojson/82_dong_thap/wards/28720_gia_thuan.geojson","source_catalog":"https://github.com/thanglequoc/vietnamese-provinces-database"},"geometry":null},{"type":"Feature","id":"28723","properties":{"commune_code":"28723","commune_name":"Tân Đông","commune_name_en":"Tan Dong","commune_full_name":"Xã Tân Đông","commune_full_name_en":"Tan Dong Commune","commune_slug":"tan_dong","unit_type":"Xã","unit_type_en":"Commune","admin_level":2,"province_code":"82","province_name":"Đồng Tháp","province_full_name":"Tỉnh Đồng Tháp","province_slug":"dong_thap","join_key":"28723","status":"active","dataset_effective_date":"2026-04-30","catalog_version":"2026-07-12","geometry_status":"not_embedded_boundary_available_by_url","boundary_source_url":"https://raw.githubusercontent.com/thanglequoc/vietnamese-provinces-database/master/json/geojson/82_dong_thap/wards/28723_tan_dong.geojson","boundary_source_page":"https://github.com/thanglequoc/vietnamese-provinces-database/blob/master/json/geojson/82_dong_thap/wards/28723_tan_dong.geojson","source_catalog":"https://github.com/thanglequoc/vietnamese-provinces-database"},"geometry":null},{"type":"Feature","id":"28729","properties":{"commune_code":"28729","commune_name":"Sơn Qui","commune_name_en":"Son Qui","commune_full_name":"Phường Sơn Qui","commune_full_name_en":"Son Qui Ward","commune_slug":"son_qui","unit_type":"Phường","unit_type_en":"Ward","admin_level":2,"province_code":"82","province_name":"Đồng Tháp","province_full_name":"Tỉnh Đồng Tháp","province_slug":"dong_thap","join_key":"28729","status":"active","dataset_effective_date":"2026-04-30","catalog_version":"2026-07-12","geometry_status":"not_embedded_boundary_available_by_url","boundary_source_url":"https://raw.githubusercontent.com/thanglequoc/vietnamese-provinces-database/master/json/geojson/82_dong_thap/wards/28729_son_qui.geojson","boundary_source_page":"https://github.com/thanglequoc/vietnamese-provinces-database/blob/master/json/geojson/82_dong_thap/wards/28729_son_qui.geojson","source_catalog":"https://github.com/thanglequoc/vietnamese-provinces-database"},"geometry":null},{"type":"Feature","id":"28738","properties":{"commune_code":"28738","commune_name":"Tân Điền","commune_name_en":"Tan Dien","commune_full_name":"Xã Tân Điền","commune_full_name_en":"Tan Dien Commune","commune_slug":"tan_dien","unit_type":"Xã","unit_type_en":"Commune","admin_level":2,"province_code":"82","province_name":"Đồng Tháp","province_full_name":"Tỉnh Đồng Tháp","province_slug":"dong_thap","join_key":"28738","status":"active","dataset_effective_date":"2026-04-30","catalog_version":"2026-07-12","geometry_status":"not_embedded_boundary_available_by_url","boundary_source_url":"https://raw.githubusercontent.com/thanglequoc/vietnamese-provinces-database/master/json/geojson/82_dong_thap/wards/28738_tan_dien.geojson","boundary_source_page":"https://github.com/thanglequoc/vietnamese-provinces-database/blob/master/json/geojson/82_dong_thap/wards/28738_tan_dien.geojson","source_catalog":"https://github.com/thanglequoc/vietnamese-provinces-database"},"geometry":null},{"type":"Feature","id":"28747","properties":{"commune_code":"28747","commune_name":"Gò Công Đông","commune_name_en":"Go Cong Dong","commune_full_name":"Xã Gò Công Đông","commune_full_name_en":"Go Cong Dong Commune","commune_slug":"go_cong_dong","unit_type":"Xã","unit_type_en":"Commune","admin_level":2,"province_code":"82","province_name":"Đồng Tháp","province_full_name":"Tỉnh Đồng Tháp","province_slug":"dong_thap","join_key":"28747","status":"active","dataset_effective_date":"2026-04-30","catalog_version":"2026-07-12","geometry_status":"not_embedded_boundary_available_by_url","boundary_source_url":"https://raw.githubusercontent.com/thanglequoc/vietnamese-provinces-database/master/json/geojson/82_dong_thap/wards/28747_go_cong_dong.geojson","boundary_source_page":"https://github.com/thanglequoc/vietnamese-provinces-database/blob/master/json/geojson/82_dong_thap/wards/28747_go_cong_dong.geojson","source_catalog":"https://github.com/thanglequoc/vietnamese-provinces-database"},"geometry":null},{"type":"Feature","id":"29869","properties":{"commune_code":"29869","commune_name":"Cao Lãnh","commune_name_en":"Cao Lanh","commune_full_name":"Phường Cao Lãnh","commune_full_name_en":"Cao Lanh Ward","commune_slug":"cao_lanh","unit_type":"Phường","unit_type_en":"Ward","admin_level":2,"province_code":"82","province_name":"Đồng Tháp","province_full_name":"Tỉnh Đồng Tháp","province_slug":"dong_thap","join_key":"29869","status":"active","dataset_effective_date":"2026-04-30","catalog_version":"2026-07-12","geometry_status":"not_embedded_boundary_available_by_url","boundary_source_url":"https://raw.githubusercontent.com/thanglequoc/vietnamese-provinces-database/master/json/geojson/82_dong_thap/wards/29869_cao_lanh.geojson","boundary_source_page":"https://github.com/thanglequoc/vietnamese-provinces-database/blob/master/json/geojson/82_dong_thap/wards/29869_cao_lanh.geojson","source_catalog":"https://github.com/thanglequoc/vietnamese-provinces-database"},"geometry":null},{"type":"Feature","id":"29884","properties":{"commune_code":"29884","commune_name":"Mỹ Ngãi","commune_name_en":"My Ngai","commune_full_name":"Phường Mỹ Ngãi","commune_full_name_en":"My Ngai Ward","commune_slug":"my_ngai","unit_type":"Phường","unit_type_en":"Ward","admin_level":2,"province_code":"82","province_name":"Đồng Tháp","province_full_name":"Tỉnh Đồng Tháp","province_slug":"dong_thap","join_key":"29884","status":"active","dataset_effective_date":"2026-04-30","catalog_version":"2026-07-12","geometry_status":"not_embedded_boundary_available_by_url","boundary_source_url":"https://raw.githubusercontent.com/thanglequoc/vietnamese-provinces-database/master/json/geojson/82_dong_thap/wards/29884_my_ngai.geojson","boundary_source_page":"https://github.com/thanglequoc/vietnamese-provinces-database/blob/master/json/geojson/82_dong_thap/wards/29884_my_ngai.geojson","source_catalog":"https://github.com/thanglequoc/vietnamese-provinces-database"},"geometry":null},{"type":"Feature","id":"29888","properties":{"commune_code":"29888","commune_name":"Mỹ Trà","commune_name_en":"My Tra","commune_full_name":"Phường Mỹ Trà","commune_full_name_en":"My Tra Ward","commune_slug":"my_tra","unit_type":"Phường","unit_type_en":"Ward","admin_level":2,"province_code":"82","province_name":"Đồng Tháp","province_full_name":"Tỉnh Đồng Tháp","province_slug":"dong_thap","join_key":"29888","status":"active","dataset_effective_date":"2026-04-30","catalog_version":"2026-07-12","geometry_status":"not_embedded_boundary_available_by_url","boundary_source_url":"https://raw.githubusercontent.com/thanglequoc/vietnamese-provinces-database/master/json/geojson/82_dong_thap/wards/29888_my_tra.geojson","boundary_source_page":"https://github.com/thanglequoc/vietnamese-provinces-database/blob/master/json/geojson/82_dong_thap/wards/29888_my_tra.geojson","source_catalog":"https://github.com/thanglequoc/vietnamese-provinces-database"},"geometry":null},{"type":"Feature","id":"29905","properties":{"commune_code":"29905","commune_name":"Sa Đéc","commune_name_en":"Sa Dec","commune_full_name":"Phường Sa Đéc","commune_full_name_en":"Sa Dec Ward","commune_slug":"sa_dec","unit_type":"Phường","unit_type_en":"Ward","admin_level":2,"province_code":"82","province_name":"Đồng Tháp","province_full_name":"Tỉnh Đồng Tháp","province_slug":"dong_thap","join_key":"29905","status":"active","dataset_effective_date":"2026-04-30","catalog_version":"2026-07-12","geometry_status":"not_embedded_boundary_available_by_url","boundary_source_url":"https://raw.githubusercontent.com/thanglequoc/vietnamese-provinces-database/master/json/geojson/82_dong_thap/wards/29905_sa_dec.geojson","boundary_source_page":"https://github.com/thanglequoc/vietnamese-provinces-database/blob/master/json/geojson/82_dong_thap/wards/29905_sa_dec.geojson","source_catalog":"https://github.com/thanglequoc/vietnamese-provinces-database"},"geometry":null},{"type":"Feature","id":"29926","properties":{"commune_code":"29926","commune_name":"Tân Hồng","commune_name_en":"Tan Hong","commune_full_name":"Xã Tân Hồng","commune_full_name_en":"Tan Hong Commune","commune_slug":"tan_hong","unit_type":"Xã","unit_type_en":"Commune","admin_level":2,"province_code":"82","province_name":"Đồng Tháp","province_full_name":"Tỉnh Đồng Tháp","province_slug":"dong_thap","join_key":"29926","status":"active","dataset_effective_date":"2026-04-30","catalog_version":"2026-07-12","geometry_status":"not_embedded_boundary_available_by_url","boundary_source_url":"https://raw.githubusercontent.com/thanglequoc/vietnamese-provinces-database/master/json/geojson/82_dong_thap/wards/29926_tan_hong.geojson","boundary_source_page":"https://github.com/thanglequoc/vietnamese-provinces-database/blob/master/json/geojson/82_dong_thap/wards/29926_tan_hong.geojson","source_catalog":"https://github.com/thanglequoc/vietnamese-provinces-database"},"geometry":null},{"type":"Feature","id":"29929","properties":{"commune_code":"29929","commune_name":"Tân Hộ Cơ","commune_name_en":"Tan Ho Co","commune_full_name":"Xã Tân Hộ Cơ","commune_full_name_en":"Tan Ho Co Commune","commune_slug":"tan_ho_co","unit_type":"Xã","unit_type_en":"Commune","admin_level":2,"province_code":"82","province_name":"Đồng Tháp","province_full_name":"Tỉnh Đồng Tháp","province_slug":"dong_thap","join_key":"29929","status":"active","dataset_effective_date":"2026-04-30","catalog_version":"2026-07-12","geometry_status":"not_embedded_boundary_available_by_url","boundary_source_url":"https://raw.githubusercontent.com/thanglequoc/vietnamese-provinces-database/master/json/geojson/82_dong_thap/wards/29929_tan_ho_co.geojson","boundary_source_page":"https://github.com/thanglequoc/vietnamese-provinces-database/blob/master/json/geojson/82_dong_thap/wards/29929_tan_ho_co.geojson","source_catalog":"https://github.com/thanglequoc/vietnamese-provinces-database"},"geometry":null},{"type":"Feature","id":"29938","properties":{"commune_code":"29938","commune_name":"Tân Thành","commune_name_en":"Tan Thanh","commune_full_name":"Xã Tân Thành","commune_full_name_en":"Tan Thanh Commune","commune_slug":"tan_thanh","unit_type":"Xã","unit_type_en":"Commune","admin_level":2,"province_code":"82","province_name":"Đồng Tháp","province_full_name":"Tỉnh Đồng Tháp","province_slug":"dong_thap","join_key":"29938","status":"active","dataset_effective_date":"2026-04-30","catalog_version":"2026-07-12","geometry_status":"not_embedded_boundary_available_by_url","boundary_source_url":"https://raw.githubusercontent.com/thanglequoc/vietnamese-provinces-database/master/json/geojson/82_dong_thap/wards/29938_tan_thanh.geojson","boundary_source_page":"https://github.com/thanglequoc/vietnamese-provinces-database/blob/master/json/geojson/82_dong_thap/wards/29938_tan_thanh.geojson","source_catalog":"https://github.com/thanglequoc/vietnamese-provinces-database"},"geometry":null},{"type":"Feature","id":"29944","properties":{"commune_code":"29944","commune_name":"An Phước","commune_name_en":"An Phuoc","commune_full_name":"Xã An Phước","commune_full_name_en":"An Phuoc Commune","commune_slug":"an_phuoc","unit_type":"Xã","unit_type_en":"Commune","admin_level":2,"province_code":"82","province_name":"Đồng Tháp","province_full_name":"Tỉnh Đồng Tháp","province_slug":"dong_thap","join_key":"29944","status":"active","dataset_effective_date":"2026-04-30","catalog_version":"2026-07-12","geometry_status":"not_embedded_boundary_available_by_url","boundary_source_url":"https://raw.githubusercontent.com/thanglequoc/vietnamese-provinces-database/master/json/geojson/82_dong_thap/wards/29944_an_phuoc.geojson","boundary_source_page":"https://github.com/thanglequoc/vietnamese-provinces-database/blob/master/json/geojson/82_dong_thap/wards/29944_an_phuoc.geojson","source_catalog":"https://github.com/thanglequoc/vietnamese-provinces-database"},"geometry":null},{"type":"Feature","id":"29954","properties":{"commune_code":"29954","commune_name":"An Bình","commune_name_en":"An Binh","commune_full_name":"Phường An Bình","commune_full_name_en":"An Binh Ward","commune_slug":"an_binh","unit_type":"Phường","unit_type_en":"Ward","admin_level":2,"province_code":"82","province_name":"Đồng Tháp","province_full_name":"Tỉnh Đồng Tháp","province_slug":"dong_thap","join_key":"29954","status":"active","dataset_effective_date":"2026-04-30","catalog_version":"2026-07-12","geometry_status":"not_embedded_boundary_available_by_url","boundary_source_url":"https://raw.githubusercontent.com/thanglequoc/vietnamese-provinces-database/master/json/geojson/82_dong_thap/wards/29954_an_binh.geojson","boundary_source_page":"https://github.com/thanglequoc/vietnamese-provinces-database/blob/master/json/geojson/82_dong_thap/wards/29954_an_binh.geojson","source_catalog":"https://github.com/thanglequoc/vietnamese-provinces-database"},"geometry":null},{"type":"Feature","id":"29955","properties":{"commune_code":"29955","commune_name":"Hồng Ngự","commune_name_en":"Hong Ngu","commune_full_name":"Phường Hồng Ngự","commune_full_name_en":"Hong Ngu Ward","commune_slug":"hong_ngu","unit_type":"Phường","unit_type_en":"Ward","admin_level":2,"province_code":"82","province_name":"Đồng Tháp","province_full_name":"Tỉnh Đồng Tháp","province_slug":"dong_thap","join_key":"29955","status":"active","dataset_effective_date":"2026-04-30","catalog_version":"2026-07-12","geometry_status":"not_embedded_boundary_available_by_url","boundary_source_url":"https://raw.githubusercontent.com/thanglequoc/vietnamese-provinces-database/master/json/geojson/82_dong_thap/wards/29955_hong_ngu.geojson","boundary_source_page":"https://github.com/thanglequoc/vietnamese-provinces-database/blob/master/json/geojson/82_dong_thap/wards/29955_hong_ngu.geojson","source_catalog":"https://github.com/thanglequoc/vietnamese-provinces-database"},"geometry":null},{"type":"Feature","id":"29971","properties":{"commune_code":"29971","commune_name":"Thường Phước","commune_name_en":"Thuong Phuoc","commune_full_name":"Xã Thường Phước","commune_full_name_en":"Thuong Phuoc Commune","commune_slug":"thuong_phuoc","unit_type":"Xã","unit_type_en":"Commune","admin_level":2,"province_code":"82","province_name":"Đồng Tháp","province_full_name":"Tỉnh Đồng Tháp","province_slug":"dong_thap","join_key":"29971","status":"active","dataset_effective_date":"2026-04-30","catalog_version":"2026-07-12","geometry_status":"not_embedded_boundary_available_by_url","boundary_source_url":"https://raw.githubusercontent.com/thanglequoc/vietnamese-provinces-database/master/json/geojson/82_dong_thap/wards/29971_thuong_phuoc.geojson","boundary_source_page":"https://github.com/thanglequoc/vietnamese-provinces-database/blob/master/json/geojson/82_dong_thap/wards/29971_thuong_phuoc.geojson","source_catalog":"https://github.com/thanglequoc/vietnamese-provinces-database"},"geometry":null},{"type":"Feature","id":"29978","properties":{"commune_code":"29978","commune_name":"Thường Lạc","commune_name_en":"Thuong Lac","commune_full_name":"Phường Thường Lạc","commune_full_name_en":"Thuong Lac Ward","commune_slug":"thuong_lac","unit_type":"Phường","unit_type_en":"Ward","admin_level":2,"province_code":"82","province_name":"Đồng Tháp","province_full_name":"Tỉnh Đồng Tháp","province_slug":"dong_thap","join_key":"29978","status":"active","dataset_effective_date":"2026-04-30","catalog_version":"2026-07-12","geometry_status":"not_embedded_boundary_available_by_url","boundary_source_url":"https://raw.githubusercontent.com/thanglequoc/vietnamese-provinces-database/master/json/geojson/82_dong_thap/wards/29978_thuong_lac.geojson","boundary_source_page":"https://github.com/thanglequoc/vietnamese-provinces-database/blob/master/json/geojson/82_dong_thap/wards/29978_thuong_lac.geojson","source_catalog":"https://github.com/thanglequoc/vietnamese-provinces-database"},"geometry":null},{"type":"Feature","id":"29983","properties":{"commune_code":"29983","commune_name":"Long Khánh","commune_name_en":"Long Khanh","commune_full_name":"Xã Long Khánh","commune_full_name_en":"Long Khanh Commune","commune_slug":"long_khanh","unit_type":"Xã","unit_type_en":"Commune","admin_level":2,"province_code":"82","province_name":"Đồng Tháp","province_full_name":"Tỉnh Đồng Tháp","province_slug":"dong_thap","join_key":"29983","status":"active","dataset_effective_date":"2026-04-30","catalog_version":"2026-07-12","geometry_status":"not_embedded_boundary_available_by_url","boundary_source_url":"https://raw.githubusercontent.com/thanglequoc/vietnamese-provinces-database/master/json/geojson/82_dong_thap/wards/29983_long_khanh.geojson","boundary_source_page":"https://github.com/thanglequoc/vietnamese-provinces-database/blob/master/json/geojson/82_dong_thap/wards/29983_long_khanh.geojson","source_catalog":"https://github.com/thanglequoc/vietnamese-provinces-database"},"geometry":null},{"type":"Feature","id":"29992","properties":{"commune_code":"29992","commune_name":"Long Phú Thuận","commune_name_en":"Long Phu Thuan","commune_full_name":"Xã Long Phú Thuận","commune_full_name_en":"Long Phu Thuan Commune","commune_slug":"long_phu_thuan","unit_type":"Xã","unit_type_en":"Commune","admin_level":2,"province_code":"82","province_name":"Đồng Tháp","province_full_name":"Tỉnh Đồng Tháp","province_slug":"dong_thap","join_key":"29992","status":"active","dataset_effective_date":"2026-04-30","catalog_version":"2026-07-12","geometry_status":"not_embedded_boundary_available_by_url","boundary_source_url":"https://raw.githubusercontent.com/thanglequoc/vietnamese-provinces-database/master/json/geojson/82_dong_thap/wards/29992_long_phu_thuan.geojson","boundary_source_page":"https://github.com/thanglequoc/vietnamese-provinces-database/blob/master/json/geojson/82_dong_thap/wards/29992_long_phu_thuan.geojson","source_catalog":"https://github.com/thanglequoc/vietnamese-provinces-database"},"geometry":null},{"type":"Feature","id":"30001","properties":{"commune_code":"30001","commune_name":"Tràm Chim","commune_name_en":"Tram Chim","commune_full_name":"Xã Tràm Chim","commune_full_name_en":"Tram Chim Commune","commune_slug":"tram_chim","unit_type":"Xã","unit_type_en":"Commune","admin_level":2,"province_code":"82","province_name":"Đồng Tháp","province_full_name":"Tỉnh Đồng Tháp","province_slug":"dong_thap","join_key":"30001","status":"active","dataset_effective_date":"2026-04-30","catalog_version":"2026-07-12","geometry_status":"not_embedded_boundary_available_by_url","boundary_source_url":"https://raw.githubusercontent.com/thanglequoc/vietnamese-provinces-database/master/json/geojson/82_dong_thap/wards/30001_tram_chim.geojson","boundary_source_page":"https://github.com/thanglequoc/vietnamese-provinces-database/blob/master/json/geojson/82_dong_thap/wards/30001_tram_chim.geojson","source_catalog":"https://github.com/thanglequoc/vietnamese-provinces-database"},"geometry":null},{"type":"Feature","id":"30010","properties":{"commune_code":"30010","commune_name":"Tam Nông","commune_name_en":"Tam Nong","commune_full_name":"Xã Tam Nông","commune_full_name_en":"Tam Nong Commune","commune_slug":"tam_nong","unit_type":"Xã","unit_type_en":"Commune","admin_level":2,"province_code":"82","province_name":"Đồng Tháp","province_full_name":"Tỉnh Đồng Tháp","province_slug":"dong_thap","join_key":"30010","status":"active","dataset_effective_date":"2026-04-30","catalog_version":"2026-07-12","geometry_status":"not_embedded_boundary_available_by_url","boundary_source_url":"https://raw.githubusercontent.com/thanglequoc/vietnamese-provinces-database/master/json/geojson/82_dong_thap/wards/30010_tam_nong.geojson","boundary_source_page":"https://github.com/thanglequoc/vietnamese-provinces-database/blob/master/json/geojson/82_dong_thap/wards/30010_tam_nong.geojson","source_catalog":"https://github.com/thanglequoc/vietnamese-provinces-database"},"geometry":null},{"type":"Feature","id":"30019","properties":{"commune_code":"30019","commune_name":"An Hoà","commune_name_en":"An Hoa","commune_full_name":"Xã An Hoà","commune_full_name_en":"An Hoa Commune","commune_slug":"an_hoa","unit_type":"Xã","unit_type_en":"Commune","admin_level":2,"province_code":"82","province_name":"Đồng Tháp","province_full_name":"Tỉnh Đồng Tháp","province_slug":"dong_thap","join_key":"30019","status":"active","dataset_effective_date":"2026-04-30","catalog_version":"2026-07-12","geometry_status":"not_embedded_boundary_available_by_url","boundary_source_url":"https://raw.githubusercontent.com/thanglequoc/vietnamese-provinces-database/master/json/geojson/82_dong_thap/wards/30019_an_hoa.geojson","boundary_source_page":"https://github.com/thanglequoc/vietnamese-provinces-database/blob/master/json/geojson/82_dong_thap/wards/30019_an_hoa.geojson","source_catalog":"https://github.com/thanglequoc/vietnamese-provinces-database"},"geometry":null},{"type":"Feature","id":"30025","properties":{"commune_code":"30025","commune_name":"Phú Cường","commune_name_en":"Phu Cuong","commune_full_name":"Xã Phú Cường","commune_full_name_en":"Phu Cuong Commune","commune_slug":"phu_cuong","unit_type":"Xã","unit_type_en":"Commune","admin_level":2,"province_code":"82","province_name":"Đồng Tháp","province_full_name":"Tỉnh Đồng Tháp","province_slug":"dong_thap","join_key":"30025","status":"active","dataset_effective_date":"2026-04-30","catalog_version":"2026-07-12","geometry_status":"not_embedded_boundary_available_by_url","boundary_source_url":"https://raw.githubusercontent.com/thanglequoc/vietnamese-provinces-database/master/json/geojson/82_dong_thap/wards/30025_phu_cuong.geojson","boundary_source_page":"https://github.com/thanglequoc/vietnamese-provinces-database/blob/master/json/geojson/82_dong_thap/wards/30025_phu_cuong.geojson","source_catalog":"https://github.com/thanglequoc/vietnamese-provinces-database"},"geometry":null},{"type":"Feature","id":"30028","properties":{"commune_code":"30028","commune_name":"An Long","commune_name_en":"An Long","commune_full_name":"Xã An Long","commune_full_name_en":"An Long Commune","commune_slug":"an_long","unit_type":"Xã","unit_type_en":"Commune","admin_level":2,"province_code":"82","province_name":"Đồng Tháp","province_full_name":"Tỉnh Đồng Tháp","province_slug":"dong_thap","join_key":"30028","status":"active","dataset_effective_date":"2026-04-30","catalog_version":"2026-07-12","geometry_status":"not_embedded_boundary_available_by_url","boundary_source_url":"https://raw.githubusercontent.com/thanglequoc/vietnamese-provinces-database/master/json/geojson/82_dong_thap/wards/30028_an_long.geojson","boundary_source_page":"https://github.com/thanglequoc/vietnamese-provinces-database/blob/master/json/geojson/82_dong_thap/wards/30028_an_long.geojson","source_catalog":"https://github.com/thanglequoc/vietnamese-provinces-database"},"geometry":null},{"type":"Feature","id":"30034","properties":{"commune_code":"30034","commune_name":"Phú Thọ","commune_name_en":"Phu Tho","commune_full_name":"Xã Phú Thọ","commune_full_name_en":"Phu Tho Commune","commune_slug":"phu_tho","unit_type":"Xã","unit_type_en":"Commune","admin_level":2,"province_code":"82","province_name":"Đồng Tháp","province_full_name":"Tỉnh Đồng Tháp","province_slug":"dong_thap","join_key":"30034","status":"active","dataset_effective_date":"2026-04-30","catalog_version":"2026-07-12","geometry_status":"not_embedded_boundary_available_by_url","boundary_source_url":"https://raw.githubusercontent.com/thanglequoc/vietnamese-provinces-database/master/json/geojson/82_dong_thap/wards/30034_phu_tho.geojson","boundary_source_page":"https://github.com/thanglequoc/vietnamese-provinces-database/blob/master/json/geojson/82_dong_thap/wards/30034_phu_tho.geojson","source_catalog":"https://github.com/thanglequoc/vietnamese-provinces-database"},"geometry":null},{"type":"Feature","id":"30037","properties":{"commune_code":"30037","commune_name":"Tháp Mười","commune_name_en":"Thap Muoi","commune_full_name":"Xã Tháp Mười","commune_full_name_en":"Thap Muoi Commune","commune_slug":"thap_muoi","unit_type":"Xã","unit_type_en":"Commune","admin_level":2,"province_code":"82","province_name":"Đồng Tháp","province_full_name":"Tỉnh Đồng Tháp","province_slug":"dong_thap","join_key":"30037","status":"active","dataset_effective_date":"2026-04-30","catalog_version":"2026-07-12","geometry_status":"not_embedded_boundary_available_by_url","boundary_source_url":"https://raw.githubusercontent.com/thanglequoc/vietnamese-provinces-database/master/json/geojson/82_dong_thap/wards/30037_thap_muoi.geojson","boundary_source_page":"https://github.com/thanglequoc/vietnamese-provinces-database/blob/master/json/geojson/82_dong_thap/wards/30037_thap_muoi.geojson","source_catalog":"https://github.com/thanglequoc/vietnamese-provinces-database"},"geometry":null},{"type":"Feature","id":"30043","properties":{"commune_code":"30043","commune_name":"Phương Thịnh","commune_name_en":"Phuong Thinh","commune_full_name":"Xã Phương Thịnh","commune_full_name_en":"Phuong Thinh Commune","commune_slug":"phuong_thinh","unit_type":"Xã","unit_type_en":"Commune","admin_level":2,"province_code":"82","province_name":"Đồng Tháp","province_full_name":"Tỉnh Đồng Tháp","province_slug":"dong_thap","join_key":"30043","status":"active","dataset_effective_date":"2026-04-30","catalog_version":"2026-07-12","geometry_status":"not_embedded_boundary_available_by_url","boundary_source_url":"https://raw.githubusercontent.com/thanglequoc/vietnamese-provinces-database/master/json/geojson/82_dong_thap/wards/30043_phuong_thinh.geojson","boundary_source_page":"https://github.com/thanglequoc/vietnamese-provinces-database/blob/master/json/geojson/82_dong_thap/wards/30043_phuong_thinh.geojson","source_catalog":"https://github.com/thanglequoc/vietnamese-provinces-database"},"geometry":null},{"type":"Feature","id":"30046","properties":{"commune_code":"30046","commune_name":"Trường Xuân","commune_name_en":"Truong Xuan","commune_full_name":"Xã Trường Xuân","commune_full_name_en":"Truong Xuan Commune","commune_slug":"truong_xuan","unit_type":"Xã","unit_type_en":"Commune","admin_level":2,"province_code":"82","province_name":"Đồng Tháp","province_full_name":"Tỉnh Đồng Tháp","province_slug":"dong_thap","join_key":"30046","status":"active","dataset_effective_date":"2026-04-30","catalog_version":"2026-07-12","geometry_status":"not_embedded_boundary_available_by_url","boundary_source_url":"https://raw.githubusercontent.com/thanglequoc/vietnamese-provinces-database/master/json/geojson/82_dong_thap/wards/30046_truong_xuan.geojson","boundary_source_page":"https://github.com/thanglequoc/vietnamese-provinces-database/blob/master/json/geojson/82_dong_thap/wards/30046_truong_xuan.geojson","source_catalog":"https://github.com/thanglequoc/vietnamese-provinces-database"},"geometry":null},{"type":"Feature","id":"30055","properties":{"commune_code":"30055","commune_name":"Mỹ Quí","commune_name_en":"My Qui","commune_full_name":"Xã Mỹ Quí","commune_full_name_en":"My Qui Commune","commune_slug":"my_qui","unit_type":"Xã","unit_type_en":"Commune","admin_level":2,"province_code":"82","province_name":"Đồng Tháp","province_full_name":"Tỉnh Đồng Tháp","province_slug":"dong_thap","join_key":"30055","status":"active","dataset_effective_date":"2026-04-30","catalog_version":"2026-07-12","geometry_status":"not_embedded_boundary_available_by_url","boundary_source_url":"https://raw.githubusercontent.com/thanglequoc/vietnamese-provinces-database/master/json/geojson/82_dong_thap/wards/30055_my_qui.geojson","boundary_source_page":"https://github.com/thanglequoc/vietnamese-provinces-database/blob/master/json/geojson/82_dong_thap/wards/30055_my_qui.geojson","source_catalog":"https://github.com/thanglequoc/vietnamese-provinces-database"},"geometry":null},{"type":"Feature","id":"30061","properties":{"commune_code":"30061","commune_name":"Đốc Binh Kiều","commune_name_en":"Doc Binh Kieu","commune_full_name":"Xã Đốc Binh Kiều","commune_full_name_en":"Doc Binh Kieu Commune","commune_slug":"doc_binh_kieu","unit_type":"Xã","unit_type_en":"Commune","admin_level":2,"province_code":"82","province_name":"Đồng Tháp","province_full_name":"Tỉnh Đồng Tháp","province_slug":"dong_thap","join_key":"30061","status":"active","dataset_effective_date":"2026-04-30","catalog_version":"2026-07-12","geometry_status":"not_embedded_boundary_available_by_url","boundary_source_url":"https://raw.githubusercontent.com/thanglequoc/vietnamese-provinces-database/master/json/geojson/82_dong_thap/wards/30061_doc_binh_kieu.geojson","boundary_source_page":"https://github.com/thanglequoc/vietnamese-provinces-database/blob/master/json/geojson/82_dong_thap/wards/30061_doc_binh_kieu.geojson","source_catalog":"https://github.com/thanglequoc/vietnamese-provinces-database"},"geometry":null},{"type":"Feature","id":"30073","properties":{"commune_code":"30073","commune_name":"Thanh Mỹ","commune_name_en":"Thanh My","commune_full_name":"Xã Thanh Mỹ","commune_full_name_en":"Thanh My Commune","commune_slug":"thanh_my","unit_type":"Xã","unit_type_en":"Commune","admin_level":2,"province_code":"82","province_name":"Đồng Tháp","province_full_name":"Tỉnh Đồng Tháp","province_slug":"dong_thap","join_key":"30073","status":"active","dataset_effective_date":"2026-04-30","catalog_version":"2026-07-12","geometry_status":"not_embedded_boundary_available_by_url","boundary_source_url":"https://raw.githubusercontent.com/thanglequoc/vietnamese-provinces-database/master/json/geojson/82_dong_thap/wards/30073_thanh_my.geojson","boundary_source_page":"https://github.com/thanglequoc/vietnamese-provinces-database/blob/master/json/geojson/82_dong_thap/wards/30073_thanh_my.geojson","source_catalog":"https://github.com/thanglequoc/vietnamese-provinces-database"},"geometry":null},{"type":"Feature","id":"30076","properties":{"commune_code":"30076","commune_name":"Mỹ Thọ","commune_name_en":"My Tho","commune_full_name":"Xã Mỹ Thọ","commune_full_name_en":"My Tho Commune","commune_slug":"my_tho","unit_type":"Xã","unit_type_en":"Commune","admin_level":2,"province_code":"82","province_name":"Đồng Tháp","province_full_name":"Tỉnh Đồng Tháp","province_slug":"dong_thap","join_key":"30076","status":"active","dataset_effective_date":"2026-04-30","catalog_version":"2026-07-12","geometry_status":"not_embedded_boundary_available_by_url","boundary_source_url":"https://raw.githubusercontent.com/thanglequoc/vietnamese-provinces-database/master/json/geojson/82_dong_thap/wards/30076_my_tho.geojson","boundary_source_page":"https://github.com/thanglequoc/vietnamese-provinces-database/blob/master/json/geojson/82_dong_thap/wards/30076_my_tho.geojson","source_catalog":"https://github.com/thanglequoc/vietnamese-provinces-database"},"geometry":null},{"type":"Feature","id":"30085","properties":{"commune_code":"30085","commune_name":"Ba Sao","commune_name_en":"Ba Sao","commune_full_name":"Xã Ba Sao","commune_full_name_en":"Ba Sao Commune","commune_slug":"ba_sao","unit_type":"Xã","unit_type_en":"Commune","admin_level":2,"province_code":"82","province_name":"Đồng Tháp","province_full_name":"Tỉnh Đồng Tháp","province_slug":"dong_thap","join_key":"30085","status":"active","dataset_effective_date":"2026-04-30","catalog_version":"2026-07-12","geometry_status":"not_embedded_boundary_available_by_url","boundary_source_url":"https://raw.githubusercontent.com/thanglequoc/vietnamese-provinces-database/master/json/geojson/82_dong_thap/wards/30085_ba_sao.geojson","boundary_source_page":"https://github.com/thanglequoc/vietnamese-provinces-database/blob/master/json/geojson/82_dong_thap/wards/30085_ba_sao.geojson","source_catalog":"https://github.com/thanglequoc/vietnamese-provinces-database"},"geometry":null},{"type":"Feature","id":"30088","properties":{"commune_code":"30088","commune_name":"Phong Mỹ","commune_name_en":"Phong My","commune_full_name":"Xã Phong Mỹ","commune_full_name_en":"Phong My Commune","commune_slug":"phong_my","unit_type":"Xã","unit_type_en":"Commune","admin_level":2,"province_code":"82","province_name":"Đồng Tháp","province_full_name":"Tỉnh Đồng Tháp","province_slug":"dong_thap","join_key":"30088","status":"active","dataset_effective_date":"2026-04-30","catalog_version":"2026-07-12","geometry_status":"not_embedded_boundary_available_by_url","boundary_source_url":"https://raw.githubusercontent.com/thanglequoc/vietnamese-provinces-database/master/json/geojson/82_dong_thap/wards/30088_phong_my.geojson","boundary_source_page":"https://github.com/thanglequoc/vietnamese-provinces-database/blob/master/json/geojson/82_dong_thap/wards/30088_phong_my.geojson","source_catalog":"https://github.com/thanglequoc/vietnamese-provinces-database"},"geometry":null},{"type":"Feature","id":"30112","properties":{"commune_code":"30112","commune_name":"Mỹ Hiệp","commune_name_en":"My Hiep","commune_full_name":"Xã Mỹ Hiệp","commune_full_name_en":"My Hiep Commune","commune_slug":"my_hiep","unit_type":"Xã","unit_type_en":"Commune","admin_level":2,"province_code":"82","province_name":"Đồng Tháp","province_full_name":"Tỉnh Đồng Tháp","province_slug":"dong_thap","join_key":"30112","status":"active","dataset_effective_date":"2026-04-30","catalog_version":"2026-07-12","geometry_status":"not_embedded_boundary_available_by_url","boundary_source_url":"https://raw.githubusercontent.com/thanglequoc/vietnamese-provinces-database/master/json/geojson/82_dong_thap/wards/30112_my_hiep.geojson","boundary_source_page":"https://github.com/thanglequoc/vietnamese-provinces-database/blob/master/json/geojson/82_dong_thap/wards/30112_my_hiep.geojson","source_catalog":"https://github.com/thanglequoc/vietnamese-provinces-database"},"geometry":null},{"type":"Feature","id":"30118","properties":{"commune_code":"30118","commune_name":"Bình Hàng Trung","commune_name_en":"Binh Hang Trung","commune_full_name":"Xã Bình Hàng Trung","commune_full_name_en":"Binh Hang Trung Commune","commune_slug":"binh_hang_trung","unit_type":"Xã","unit_type_en":"Commune","admin_level":2,"province_code":"82","province_name":"Đồng Tháp","province_full_name":"Tỉnh Đồng Tháp","province_slug":"dong_thap","join_key":"30118","status":"active","dataset_effective_date":"2026-04-30","catalog_version":"2026-07-12","geometry_status":"not_embedded_boundary_available_by_url","boundary_source_url":"https://raw.githubusercontent.com/thanglequoc/vietnamese-provinces-database/master/json/geojson/82_dong_thap/wards/30118_binh_hang_trung.geojson","boundary_source_page":"https://github.com/thanglequoc/vietnamese-provinces-database/blob/master/json/geojson/82_dong_thap/wards/30118_binh_hang_trung.geojson","source_catalog":"https://github.com/thanglequoc/vietnamese-provinces-database"},"geometry":null},{"type":"Feature","id":"30130","properties":{"commune_code":"30130","commune_name":"Thanh Bình","commune_name_en":"Thanh Binh","commune_full_name":"Xã Thanh Bình","commune_full_name_en":"Thanh Binh Commune","commune_slug":"thanh_binh","unit_type":"Xã","unit_type_en":"Commune","admin_level":2,"province_code":"82","province_name":"Đồng Tháp","province_full_name":"Tỉnh Đồng Tháp","province_slug":"dong_thap","join_key":"30130","status":"active","dataset_effective_date":"2026-04-30","catalog_version":"2026-07-12","geometry_status":"not_embedded_boundary_available_by_url","boundary_source_url":"https://raw.githubusercontent.com/thanglequoc/vietnamese-provinces-database/master/json/geojson/82_dong_thap/wards/30130_thanh_binh.geojson","boundary_source_page":"https://github.com/thanglequoc/vietnamese-provinces-database/blob/master/json/geojson/82_dong_thap/wards/30130_thanh_binh.geojson","source_catalog":"https://github.com/thanglequoc/vietnamese-provinces-database"},"geometry":null},{"type":"Feature","id":"30154","properties":{"commune_code":"30154","commune_name":"Tân Long","commune_name_en":"Tan Long","commune_full_name":"Xã Tân Long","commune_full_name_en":"Tan Long Commune","commune_slug":"tan_long","unit_type":"Xã","unit_type_en":"Commune","admin_level":2,"province_code":"82","province_name":"Đồng Tháp","province_full_name":"Tỉnh Đồng Tháp","province_slug":"dong_thap","join_key":"30154","status":"active","dataset_effective_date":"2026-04-30","catalog_version":"2026-07-12","geometry_status":"not_embedded_boundary_available_by_url","boundary_source_url":"https://raw.githubusercontent.com/thanglequoc/vietnamese-provinces-database/master/json/geojson/82_dong_thap/wards/30154_tan_long.geojson","boundary_source_page":"https://github.com/thanglequoc/vietnamese-provinces-database/blob/master/json/geojson/82_dong_thap/wards/30154_tan_long.geojson","source_catalog":"https://github.com/thanglequoc/vietnamese-provinces-database"},"geometry":null},{"type":"Feature","id":"30157","properties":{"commune_code":"30157","commune_name":"Tân Thạnh","commune_name_en":"Tan Thanh","commune_full_name":"Xã Tân Thạnh","commune_full_name_en":"Tan Thanh Commune","commune_slug":"tan_thanh","unit_type":"Xã","unit_type_en":"Commune","admin_level":2,"province_code":"82","province_name":"Đồng Tháp","province_full_name":"Tỉnh Đồng Tháp","province_slug":"dong_thap","join_key":"30157","status":"active","dataset_effective_date":"2026-04-30","catalog_version":"2026-07-12","geometry_status":"not_embedded_boundary_available_by_url","boundary_source_url":"https://raw.githubusercontent.com/thanglequoc/vietnamese-provinces-database/master/json/geojson/82_dong_thap/wards/30157_tan_thanh.geojson","boundary_source_page":"https://github.com/thanglequoc/vietnamese-provinces-database/blob/master/json/geojson/82_dong_thap/wards/30157_tan_thanh.geojson","source_catalog":"https://github.com/thanglequoc/vietnamese-provinces-database"},"geometry":null},{"type":"Feature","id":"30163","properties":{"commune_code":"30163","commune_name":"Bình Thành","commune_name_en":"Binh Thanh","commune_full_name":"Xã Bình Thành","commune_full_name_en":"Binh Thanh Commune","commune_slug":"binh_thanh","unit_type":"Xã","unit_type_en":"Commune","admin_level":2,"province_code":"82","province_name":"Đồng Tháp","province_full_name":"Tỉnh Đồng Tháp","province_slug":"dong_thap","join_key":"30163","status":"active","dataset_effective_date":"2026-04-30","catalog_version":"2026-07-12","geometry_status":"not_embedded_boundary_available_by_url","boundary_source_url":"https://raw.githubusercontent.com/thanglequoc/vietnamese-provinces-database/master/json/geojson/82_dong_thap/wards/30163_binh_thanh.geojson","boundary_source_page":"https://github.com/thanglequoc/vietnamese-provinces-database/blob/master/json/geojson/82_dong_thap/wards/30163_binh_thanh.geojson","source_catalog":"https://github.com/thanglequoc/vietnamese-provinces-database"},"geometry":null},{"type":"Feature","id":"30169","properties":{"commune_code":"30169","commune_name":"Lấp Vò","commune_name_en":"Lap Vo","commune_full_name":"Xã Lấp Vò","commune_full_name_en":"Lap Vo Commune","commune_slug":"lap_vo","unit_type":"Xã","unit_type_en":"Commune","admin_level":2,"province_code":"82","province_name":"Đồng Tháp","province_full_name":"Tỉnh Đồng Tháp","province_slug":"dong_thap","join_key":"30169","status":"active","dataset_effective_date":"2026-04-30","catalog_version":"2026-07-12","geometry_status":"not_embedded_boundary_available_by_url","boundary_source_url":"https://raw.githubusercontent.com/thanglequoc/vietnamese-provinces-database/master/json/geojson/82_dong_thap/wards/30169_lap_vo.geojson","boundary_source_page":"https://github.com/thanglequoc/vietnamese-provinces-database/blob/master/json/geojson/82_dong_thap/wards/30169_lap_vo.geojson","source_catalog":"https://github.com/thanglequoc/vietnamese-provinces-database"},"geometry":null},{"type":"Feature","id":"30178","properties":{"commune_code":"30178","commune_name":"Mỹ An Hưng","commune_name_en":"My An Hung","commune_full_name":"Xã Mỹ An Hưng","commune_full_name_en":"My An Hung Commune","commune_slug":"my_an_hung","unit_type":"Xã","unit_type_en":"Commune","admin_level":2,"province_code":"82","province_name":"Đồng Tháp","province_full_name":"Tỉnh Đồng Tháp","province_slug":"dong_thap","join_key":"30178","status":"active","dataset_effective_date":"2026-04-30","catalog_version":"2026-07-12","geometry_status":"not_embedded_boundary_available_by_url","boundary_source_url":"https://raw.githubusercontent.com/thanglequoc/vietnamese-provinces-database/master/json/geojson/82_dong_thap/wards/30178_my_an_hung.geojson","boundary_source_page":"https://github.com/thanglequoc/vietnamese-provinces-database/blob/master/json/geojson/82_dong_thap/wards/30178_my_an_hung.geojson","source_catalog":"https://github.com/thanglequoc/vietnamese-provinces-database"},"geometry":null},{"type":"Feature","id":"30184","properties":{"commune_code":"30184","commune_name":"Tân Khánh Trung","commune_name_en":"Tan Khanh Trung","commune_full_name":"Xã Tân Khánh Trung","commune_full_name_en":"Tan Khanh Trung Commune","commune_slug":"tan_khanh_trung","unit_type":"Xã","unit_type_en":"Commune","admin_level":2,"province_code":"82","province_name":"Đồng Tháp","province_full_name":"Tỉnh Đồng Tháp","province_slug":"dong_thap","join_key":"30184","status":"active","dataset_effective_date":"2026-04-30","catalog_version":"2026-07-12","geometry_status":"not_embedded_boundary_available_by_url","boundary_source_url":"https://raw.githubusercontent.com/thanglequoc/vietnamese-provinces-database/master/json/geojson/82_dong_thap/wards/30184_tan_khanh_trung.geojson","boundary_source_page":"https://github.com/thanglequoc/vietnamese-provinces-database/blob/master/json/geojson/82_dong_thap/wards/30184_tan_khanh_trung.geojson","source_catalog":"https://github.com/thanglequoc/vietnamese-provinces-database"},"geometry":null},{"type":"Feature","id":"30208","properties":{"commune_code":"30208","commune_name":"Hoà Long","commune_name_en":"Hoa Long","commune_full_name":"Xã Hoà Long","commune_full_name_en":"Hoa Long Commune","commune_slug":"hoa_long","unit_type":"Xã","unit_type_en":"Commune","admin_level":2,"province_code":"82","province_name":"Đồng Tháp","province_full_name":"Tỉnh Đồng Tháp","province_slug":"dong_thap","join_key":"30208","status":"active","dataset_effective_date":"2026-04-30","catalog_version":"2026-07-12","geometry_status":"not_embedded_boundary_available_by_url","boundary_source_url":"https://raw.githubusercontent.com/thanglequoc/vietnamese-provinces-database/master/json/geojson/82_dong_thap/wards/30208_hoa_long.geojson","boundary_source_page":"https://github.com/thanglequoc/vietnamese-provinces-database/blob/master/json/geojson/82_dong_thap/wards/30208_hoa_long.geojson","source_catalog":"https://github.com/thanglequoc/vietnamese-provinces-database"},"geometry":null},{"type":"Feature","id":"30214","properties":{"commune_code":"30214","commune_name":"Tân Dương","commune_name_en":"Tan Duong","commune_full_name":"Xã Tân Dương","commune_full_name_en":"Tan Duong Commune","commune_slug":"tan_duong","unit_type":"Xã","unit_type_en":"Commune","admin_level":2,"province_code":"82","province_name":"Đồng Tháp","province_full_name":"Tỉnh Đồng Tháp","province_slug":"dong_thap","join_key":"30214","status":"active","dataset_effective_date":"2026-04-30","catalog_version":"2026-07-12","geometry_status":"not_embedded_boundary_available_by_url","boundary_source_url":"https://raw.githubusercontent.com/thanglequoc/vietnamese-provinces-database/master/json/geojson/82_dong_thap/wards/30214_tan_duong.geojson","boundary_source_page":"https://github.com/thanglequoc/vietnamese-provinces-database/blob/master/json/geojson/82_dong_thap/wards/30214_tan_duong.geojson","source_catalog":"https://github.com/thanglequoc/vietnamese-provinces-database"},"geometry":null},{"type":"Feature","id":"30226","properties":{"commune_code":"30226","commune_name":"Lai Vung","commune_name_en":"Lai Vung","commune_full_name":"Xã Lai Vung","commune_full_name_en":"Lai Vung Commune","commune_slug":"lai_vung","unit_type":"Xã","unit_type_en":"Commune","admin_level":2,"province_code":"82","province_name":"Đồng Tháp","province_full_name":"Tỉnh Đồng Tháp","province_slug":"dong_thap","join_key":"30226","status":"active","dataset_effective_date":"2026-04-30","catalog_version":"2026-07-12","geometry_status":"not_embedded_boundary_available_by_url","boundary_source_url":"https://raw.githubusercontent.com/thanglequoc/vietnamese-provinces-database/master/json/geojson/82_dong_thap/wards/30226_lai_vung.geojson","boundary_source_page":"https://github.com/thanglequoc/vietnamese-provinces-database/blob/master/json/geojson/82_dong_thap/wards/30226_lai_vung.geojson","source_catalog":"https://github.com/thanglequoc/vietnamese-provinces-database"},"geometry":null},{"type":"Feature","id":"30235","properties":{"commune_code":"30235","commune_name":"Phong Hoà","commune_name_en":"Phong Hoa","commune_full_name":"Xã Phong Hoà","commune_full_name_en":"Phong Hoa Commune","commune_slug":"phong_hoa","unit_type":"Xã","unit_type_en":"Commune","admin_level":2,"province_code":"82","province_name":"Đồng Tháp","province_full_name":"Tỉnh Đồng Tháp","province_slug":"dong_thap","join_key":"30235","status":"active","dataset_effective_date":"2026-04-30","catalog_version":"2026-07-12","geometry_status":"not_embedded_boundary_available_by_url","boundary_source_url":"https://raw.githubusercontent.com/thanglequoc/vietnamese-provinces-database/master/json/geojson/82_dong_thap/wards/30235_phong_hoa.geojson","boundary_source_page":"https://github.com/thanglequoc/vietnamese-provinces-database/blob/master/json/geojson/82_dong_thap/wards/30235_phong_hoa.geojson","source_catalog":"https://github.com/thanglequoc/vietnamese-provinces-database"},"geometry":null},{"type":"Feature","id":"30244","properties":{"commune_code":"30244","commune_name":"Phú Hựu","commune_name_en":"Phu Huu","commune_full_name":"Xã Phú Hựu","commune_full_name_en":"Phu Huu Commune","commune_slug":"phu_huu","unit_type":"Xã","unit_type_en":"Commune","admin_level":2,"province_code":"82","province_name":"Đồng Tháp","province_full_name":"Tỉnh Đồng Tháp","province_slug":"dong_thap","join_key":"30244","status":"active","dataset_effective_date":"2026-04-30","catalog_version":"2026-07-12","geometry_status":"not_embedded_boundary_available_by_url","boundary_source_url":"https://raw.githubusercontent.com/thanglequoc/vietnamese-provinces-database/master/json/geojson/82_dong_thap/wards/30244_phu_huu.geojson","boundary_source_page":"https://github.com/thanglequoc/vietnamese-provinces-database/blob/master/json/geojson/82_dong_thap/wards/30244_phu_huu.geojson","source_catalog":"https://github.com/thanglequoc/vietnamese-provinces-database"},"geometry":null},{"type":"Feature","id":"30253","properties":{"commune_code":"30253","commune_name":"Tân Nhuận Đông","commune_name_en":"Tan Nhuan Dong","commune_full_name":"Xã Tân Nhuận Đông","commune_full_name_en":"Tan Nhuan Dong Commune","commune_slug":"tan_nhuan_dong","unit_type":"Xã","unit_type_en":"Commune","admin_level":2,"province_code":"82","province_name":"Đồng Tháp","province_full_name":"Tỉnh Đồng Tháp","province_slug":"dong_thap","join_key":"30253","status":"active","dataset_effective_date":"2026-04-30","catalog_version":"2026-07-12","geometry_status":"not_embedded_boundary_available_by_url","boundary_source_url":"https://raw.githubusercontent.com/thanglequoc/vietnamese-provinces-database/master/json/geojson/82_dong_thap/wards/30253_tan_nhuan_dong.geojson","boundary_source_page":"https://github.com/thanglequoc/vietnamese-provinces-database/blob/master/json/geojson/82_dong_thap/wards/30253_tan_nhuan_dong.geojson","source_catalog":"https://github.com/thanglequoc/vietnamese-provinces-database"},"geometry":null},{"type":"Feature","id":"30259","properties":{"commune_code":"30259","commune_name":"Tân Phú Trung","commune_name_en":"Tan Phu Trung","commune_full_name":"Xã Tân Phú Trung","commune_full_name_en":"Tan Phu Trung Commune","commune_slug":"tan_phu_trung","unit_type":"Xã","unit_type_en":"Commune","admin_level":2,"province_code":"82","province_name":"Đồng Tháp","province_full_name":"Tỉnh Đồng Tháp","province_slug":"dong_thap","join_key":"30259","status":"active","dataset_effective_date":"2026-04-30","catalog_version":"2026-07-12","geometry_status":"not_embedded_boundary_available_by_url","boundary_source_url":"https://raw.githubusercontent.com/thanglequoc/vietnamese-provinces-database/master/json/geojson/82_dong_thap/wards/30259_tan_phu_trung.geojson","boundary_source_page":"https://github.com/thanglequoc/vietnamese-provinces-database/blob/master/json/geojson/82_dong_thap/wards/30259_tan_phu_trung.geojson","source_catalog":"https://github.com/thanglequoc/vietnamese-provinces-database"},"geometry":null}]}