{"type":"FeatureCollection","name":"86_vinh_long_communes_attributes","metadata":{"province_code":"86","province_name":"Vĩnh Long","feature_count":124,"geometry":null,"join_key":"commune_code"},"features":[{"type":"Feature","id":"28756","properties":{"commune_code":"28756","commune_name":"Phú Khương","commune_name_en":"Phu Khuong","commune_full_name":"Phường Phú Khương","commune_full_name_en":"Phu Khuong Ward","commune_slug":"phu_khuong","unit_type":"Phường","unit_type_en":"Ward","admin_level":2,"province_code":"86","province_name":"Vĩnh Long","province_full_name":"Tỉnh Vĩnh Long","province_slug":"vinh_long","join_key":"28756","status":"active","dataset_effective_date":"2026-04-30","catalog_version":"2026-07-12","geometry_status":"not_embedded_boundary_available_by_url","boundary_source_url":"https://raw.githubusercontent.com/thanglequoc/vietnamese-provinces-database/master/json/geojson/86_vinh_long/wards/28756_phu_khuong.geojson","boundary_source_page":"https://github.com/thanglequoc/vietnamese-provinces-database/blob/master/json/geojson/86_vinh_long/wards/28756_phu_khuong.geojson","source_catalog":"https://github.com/thanglequoc/vietnamese-provinces-database"},"geometry":null},{"type":"Feature","id":"28777","properties":{"commune_code":"28777","commune_name":"An Hội","commune_name_en":"An Hoi","commune_full_name":"Phường An Hội","commune_full_name_en":"An Hoi Ward","commune_slug":"an_hoi","unit_type":"Phường","unit_type_en":"Ward","admin_level":2,"province_code":"86","province_name":"Vĩnh Long","province_full_name":"Tỉnh Vĩnh Long","province_slug":"vinh_long","join_key":"28777","status":"active","dataset_effective_date":"2026-04-30","catalog_version":"2026-07-12","geometry_status":"not_embedded_boundary_available_by_url","boundary_source_url":"https://raw.githubusercontent.com/thanglequoc/vietnamese-provinces-database/master/json/geojson/86_vinh_long/wards/28777_an_hoi.geojson","boundary_source_page":"https://github.com/thanglequoc/vietnamese-provinces-database/blob/master/json/geojson/86_vinh_long/wards/28777_an_hoi.geojson","source_catalog":"https://github.com/thanglequoc/vietnamese-provinces-database"},"geometry":null},{"type":"Feature","id":"28783","properties":{"commune_code":"28783","commune_name":"Sơn Đông","commune_name_en":"Son Dong","commune_full_name":"Phường Sơn Đông","commune_full_name_en":"Son Dong Ward","commune_slug":"son_dong","unit_type":"Phường","unit_type_en":"Ward","admin_level":2,"province_code":"86","province_name":"Vĩnh Long","province_full_name":"Tỉnh Vĩnh Long","province_slug":"vinh_long","join_key":"28783","status":"active","dataset_effective_date":"2026-04-30","catalog_version":"2026-07-12","geometry_status":"not_embedded_boundary_available_by_url","boundary_source_url":"https://raw.githubusercontent.com/thanglequoc/vietnamese-provinces-database/master/json/geojson/86_vinh_long/wards/28783_son_dong.geojson","boundary_source_page":"https://github.com/thanglequoc/vietnamese-provinces-database/blob/master/json/geojson/86_vinh_long/wards/28783_son_dong.geojson","source_catalog":"https://github.com/thanglequoc/vietnamese-provinces-database"},"geometry":null},{"type":"Feature","id":"28789","properties":{"commune_code":"28789","commune_name":"Bến Tre","commune_name_en":"Ben Tre","commune_full_name":"Phường Bến Tre","commune_full_name_en":"Ben Tre Ward","commune_slug":"ben_tre","unit_type":"Phường","unit_type_en":"Ward","admin_level":2,"province_code":"86","province_name":"Vĩnh Long","province_full_name":"Tỉnh Vĩnh Long","province_slug":"vinh_long","join_key":"28789","status":"active","dataset_effective_date":"2026-04-30","catalog_version":"2026-07-12","geometry_status":"not_embedded_boundary_available_by_url","boundary_source_url":"https://raw.githubusercontent.com/thanglequoc/vietnamese-provinces-database/master/json/geojson/86_vinh_long/wards/28789_ben_tre.geojson","boundary_source_page":"https://github.com/thanglequoc/vietnamese-provinces-database/blob/master/json/geojson/86_vinh_long/wards/28789_ben_tre.geojson","source_catalog":"https://github.com/thanglequoc/vietnamese-provinces-database"},"geometry":null},{"type":"Feature","id":"28807","properties":{"commune_code":"28807","commune_name":"Giao Long","commune_name_en":"Giao Long","commune_full_name":"Xã Giao Long","commune_full_name_en":"Giao Long Commune","commune_slug":"giao_long","unit_type":"Xã","unit_type_en":"Commune","admin_level":2,"province_code":"86","province_name":"Vĩnh Long","province_full_name":"Tỉnh Vĩnh Long","province_slug":"vinh_long","join_key":"28807","status":"active","dataset_effective_date":"2026-04-30","catalog_version":"2026-07-12","geometry_status":"not_embedded_boundary_available_by_url","boundary_source_url":"https://raw.githubusercontent.com/thanglequoc/vietnamese-provinces-database/master/json/geojson/86_vinh_long/wards/28807_giao_long.geojson","boundary_source_page":"https://github.com/thanglequoc/vietnamese-provinces-database/blob/master/json/geojson/86_vinh_long/wards/28807_giao_long.geojson","source_catalog":"https://github.com/thanglequoc/vietnamese-provinces-database"},"geometry":null},{"type":"Feature","id":"28810","properties":{"commune_code":"28810","commune_name":"Phú Túc","commune_name_en":"Phu Tuc","commune_full_name":"Xã Phú Túc","commune_full_name_en":"Phu Tuc Commune","commune_slug":"phu_tuc","unit_type":"Xã","unit_type_en":"Commune","admin_level":2,"province_code":"86","province_name":"Vĩnh Long","province_full_name":"Tỉnh Vĩnh Long","province_slug":"vinh_long","join_key":"28810","status":"active","dataset_effective_date":"2026-04-30","catalog_version":"2026-07-12","geometry_status":"not_embedded_boundary_available_by_url","boundary_source_url":"https://raw.githubusercontent.com/thanglequoc/vietnamese-provinces-database/master/json/geojson/86_vinh_long/wards/28810_phu_tuc.geojson","boundary_source_page":"https://github.com/thanglequoc/vietnamese-provinces-database/blob/master/json/geojson/86_vinh_long/wards/28810_phu_tuc.geojson","source_catalog":"https://github.com/thanglequoc/vietnamese-provinces-database"},"geometry":null},{"type":"Feature","id":"28840","properties":{"commune_code":"28840","commune_name":"Tân Phú","commune_name_en":"Tan Phu","commune_full_name":"Xã Tân Phú","commune_full_name_en":"Tan Phu Commune","commune_slug":"tan_phu","unit_type":"Xã","unit_type_en":"Commune","admin_level":2,"province_code":"86","province_name":"Vĩnh Long","province_full_name":"Tỉnh Vĩnh Long","province_slug":"vinh_long","join_key":"28840","status":"active","dataset_effective_date":"2026-04-30","catalog_version":"2026-07-12","geometry_status":"not_embedded_boundary_available_by_url","boundary_source_url":"https://raw.githubusercontent.com/thanglequoc/vietnamese-provinces-database/master/json/geojson/86_vinh_long/wards/28840_tan_phu.geojson","boundary_source_page":"https://github.com/thanglequoc/vietnamese-provinces-database/blob/master/json/geojson/86_vinh_long/wards/28840_tan_phu.geojson","source_catalog":"https://github.com/thanglequoc/vietnamese-provinces-database"},"geometry":null},{"type":"Feature","id":"28858","properties":{"commune_code":"28858","commune_name":"Phú Tân","commune_name_en":"Phu Tan","commune_full_name":"Phường Phú Tân","commune_full_name_en":"Phu Tan Ward","commune_slug":"phu_tan","unit_type":"Phường","unit_type_en":"Ward","admin_level":2,"province_code":"86","province_name":"Vĩnh Long","province_full_name":"Tỉnh Vĩnh Long","province_slug":"vinh_long","join_key":"28858","status":"active","dataset_effective_date":"2026-04-30","catalog_version":"2026-07-12","geometry_status":"not_embedded_boundary_available_by_url","boundary_source_url":"https://raw.githubusercontent.com/thanglequoc/vietnamese-provinces-database/master/json/geojson/86_vinh_long/wards/28858_phu_tan.geojson","boundary_source_page":"https://github.com/thanglequoc/vietnamese-provinces-database/blob/master/json/geojson/86_vinh_long/wards/28858_phu_tan.geojson","source_catalog":"https://github.com/thanglequoc/vietnamese-provinces-database"},"geometry":null},{"type":"Feature","id":"28861","properties":{"commune_code":"28861","commune_name":"Tiên Thuỷ","commune_name_en":"Tien Thuy","commune_full_name":"Xã Tiên Thuỷ","commune_full_name_en":"Tien Thuy Commune","commune_slug":"tien_thuy","unit_type":"Xã","unit_type_en":"Commune","admin_level":2,"province_code":"86","province_name":"Vĩnh Long","province_full_name":"Tỉnh Vĩnh Long","province_slug":"vinh_long","join_key":"28861","status":"active","dataset_effective_date":"2026-04-30","catalog_version":"2026-07-12","geometry_status":"not_embedded_boundary_available_by_url","boundary_source_url":"https://raw.githubusercontent.com/thanglequoc/vietnamese-provinces-database/master/json/geojson/86_vinh_long/wards/28861_tien_thuy.geojson","boundary_source_page":"https://github.com/thanglequoc/vietnamese-provinces-database/blob/master/json/geojson/86_vinh_long/wards/28861_tien_thuy.geojson","source_catalog":"https://github.com/thanglequoc/vietnamese-provinces-database"},"geometry":null},{"type":"Feature","id":"28870","properties":{"commune_code":"28870","commune_name":"Chợ Lách","commune_name_en":"Cho Lach","commune_full_name":"Xã Chợ Lách","commune_full_name_en":"Cho Lach Commune","commune_slug":"cho_lach","unit_type":"Xã","unit_type_en":"Commune","admin_level":2,"province_code":"86","province_name":"Vĩnh Long","province_full_name":"Tỉnh Vĩnh Long","province_slug":"vinh_long","join_key":"28870","status":"active","dataset_effective_date":"2026-04-30","catalog_version":"2026-07-12","geometry_status":"not_embedded_boundary_available_by_url","boundary_source_url":"https://raw.githubusercontent.com/thanglequoc/vietnamese-provinces-database/master/json/geojson/86_vinh_long/wards/28870_cho_lach.geojson","boundary_source_page":"https://github.com/thanglequoc/vietnamese-provinces-database/blob/master/json/geojson/86_vinh_long/wards/28870_cho_lach.geojson","source_catalog":"https://github.com/thanglequoc/vietnamese-provinces-database"},"geometry":null},{"type":"Feature","id":"28879","properties":{"commune_code":"28879","commune_name":"Phú Phụng","commune_name_en":"Phu Phung","commune_full_name":"Xã Phú Phụng","commune_full_name_en":"Phu Phung Commune","commune_slug":"phu_phung","unit_type":"Xã","unit_type_en":"Commune","admin_level":2,"province_code":"86","province_name":"Vĩnh Long","province_full_name":"Tỉnh Vĩnh Long","province_slug":"vinh_long","join_key":"28879","status":"active","dataset_effective_date":"2026-04-30","catalog_version":"2026-07-12","geometry_status":"not_embedded_boundary_available_by_url","boundary_source_url":"https://raw.githubusercontent.com/thanglequoc/vietnamese-provinces-database/master/json/geojson/86_vinh_long/wards/28879_phu_phung.geojson","boundary_source_page":"https://github.com/thanglequoc/vietnamese-provinces-database/blob/master/json/geojson/86_vinh_long/wards/28879_phu_phung.geojson","source_catalog":"https://github.com/thanglequoc/vietnamese-provinces-database"},"geometry":null},{"type":"Feature","id":"28894","properties":{"commune_code":"28894","commune_name":"Vĩnh Thành","commune_name_en":"Vinh Thanh","commune_full_name":"Xã Vĩnh Thành","commune_full_name_en":"Vinh Thanh Commune","commune_slug":"vinh_thanh","unit_type":"Xã","unit_type_en":"Commune","admin_level":2,"province_code":"86","province_name":"Vĩnh Long","province_full_name":"Tỉnh Vĩnh Long","province_slug":"vinh_long","join_key":"28894","status":"active","dataset_effective_date":"2026-04-30","catalog_version":"2026-07-12","geometry_status":"not_embedded_boundary_available_by_url","boundary_source_url":"https://raw.githubusercontent.com/thanglequoc/vietnamese-provinces-database/master/json/geojson/86_vinh_long/wards/28894_vinh_thanh.geojson","boundary_source_page":"https://github.com/thanglequoc/vietnamese-provinces-database/blob/master/json/geojson/86_vinh_long/wards/28894_vinh_thanh.geojson","source_catalog":"https://github.com/thanglequoc/vietnamese-provinces-database"},"geometry":null},{"type":"Feature","id":"28901","properties":{"commune_code":"28901","commune_name":"Hưng Khánh Trung","commune_name_en":"Hung Khanh Trung","commune_full_name":"Xã Hưng Khánh Trung","commune_full_name_en":"Hung Khanh Trung Commune","commune_slug":"hung_khanh_trung","unit_type":"Xã","unit_type_en":"Commune","admin_level":2,"province_code":"86","province_name":"Vĩnh Long","province_full_name":"Tỉnh Vĩnh Long","province_slug":"vinh_long","join_key":"28901","status":"active","dataset_effective_date":"2026-04-30","catalog_version":"2026-07-12","geometry_status":"not_embedded_boundary_available_by_url","boundary_source_url":"https://raw.githubusercontent.com/thanglequoc/vietnamese-provinces-database/master/json/geojson/86_vinh_long/wards/28901_hung_khanh_trung.geojson","boundary_source_page":"https://github.com/thanglequoc/vietnamese-provinces-database/blob/master/json/geojson/86_vinh_long/wards/28901_hung_khanh_trung.geojson","source_catalog":"https://github.com/thanglequoc/vietnamese-provinces-database"},"geometry":null},{"type":"Feature","id":"28903","properties":{"commune_code":"28903","commune_name":"Mỏ Cày","commune_name_en":"Mo Cay","commune_full_name":"Xã Mỏ Cày","commune_full_name_en":"Mo Cay Commune","commune_slug":"mo_cay","unit_type":"Xã","unit_type_en":"Commune","admin_level":2,"province_code":"86","province_name":"Vĩnh Long","province_full_name":"Tỉnh Vĩnh Long","province_slug":"vinh_long","join_key":"28903","status":"active","dataset_effective_date":"2026-04-30","catalog_version":"2026-07-12","geometry_status":"not_embedded_boundary_available_by_url","boundary_source_url":"https://raw.githubusercontent.com/thanglequoc/vietnamese-provinces-database/master/json/geojson/86_vinh_long/wards/28903_mo_cay.geojson","boundary_source_page":"https://github.com/thanglequoc/vietnamese-provinces-database/blob/master/json/geojson/86_vinh_long/wards/28903_mo_cay.geojson","source_catalog":"https://github.com/thanglequoc/vietnamese-provinces-database"},"geometry":null},{"type":"Feature","id":"28915","properties":{"commune_code":"28915","commune_name":"Phước Mỹ Trung","commune_name_en":"Phuoc My Trung","commune_full_name":"Xã Phước Mỹ Trung","commune_full_name_en":"Phuoc My Trung Commune","commune_slug":"phuoc_my_trung","unit_type":"Xã","unit_type_en":"Commune","admin_level":2,"province_code":"86","province_name":"Vĩnh Long","province_full_name":"Tỉnh Vĩnh Long","province_slug":"vinh_long","join_key":"28915","status":"active","dataset_effective_date":"2026-04-30","catalog_version":"2026-07-12","geometry_status":"not_embedded_boundary_available_by_url","boundary_source_url":"https://raw.githubusercontent.com/thanglequoc/vietnamese-provinces-database/master/json/geojson/86_vinh_long/wards/28915_phuoc_my_trung.geojson","boundary_source_page":"https://github.com/thanglequoc/vietnamese-provinces-database/blob/master/json/geojson/86_vinh_long/wards/28915_phuoc_my_trung.geojson","source_catalog":"https://github.com/thanglequoc/vietnamese-provinces-database"},"geometry":null},{"type":"Feature","id":"28921","properties":{"commune_code":"28921","commune_name":"Tân Thành Bình","commune_name_en":"Tan Thanh Binh","commune_full_name":"Xã Tân Thành Bình","commune_full_name_en":"Tan Thanh Binh Commune","commune_slug":"tan_thanh_binh","unit_type":"Xã","unit_type_en":"Commune","admin_level":2,"province_code":"86","province_name":"Vĩnh Long","province_full_name":"Tỉnh Vĩnh Long","province_slug":"vinh_long","join_key":"28921","status":"active","dataset_effective_date":"2026-04-30","catalog_version":"2026-07-12","geometry_status":"not_embedded_boundary_available_by_url","boundary_source_url":"https://raw.githubusercontent.com/thanglequoc/vietnamese-provinces-database/master/json/geojson/86_vinh_long/wards/28921_tan_thanh_binh.geojson","boundary_source_page":"https://github.com/thanglequoc/vietnamese-provinces-database/blob/master/json/geojson/86_vinh_long/wards/28921_tan_thanh_binh.geojson","source_catalog":"https://github.com/thanglequoc/vietnamese-provinces-database"},"geometry":null},{"type":"Feature","id":"28945","properties":{"commune_code":"28945","commune_name":"Đồng Khởi","commune_name_en":"Dong Khoi","commune_full_name":"Xã Đồng Khởi","commune_full_name_en":"Dong Khoi Commune","commune_slug":"dong_khoi","unit_type":"Xã","unit_type_en":"Commune","admin_level":2,"province_code":"86","province_name":"Vĩnh Long","province_full_name":"Tỉnh Vĩnh Long","province_slug":"vinh_long","join_key":"28945","status":"active","dataset_effective_date":"2026-04-30","catalog_version":"2026-07-12","geometry_status":"not_embedded_boundary_available_by_url","boundary_source_url":"https://raw.githubusercontent.com/thanglequoc/vietnamese-provinces-database/master/json/geojson/86_vinh_long/wards/28945_dong_khoi.geojson","boundary_source_page":"https://github.com/thanglequoc/vietnamese-provinces-database/blob/master/json/geojson/86_vinh_long/wards/28945_dong_khoi.geojson","source_catalog":"https://github.com/thanglequoc/vietnamese-provinces-database"},"geometry":null},{"type":"Feature","id":"28948","properties":{"commune_code":"28948","commune_name":"Nhuận Phú Tân","commune_name_en":"Nhuan Phu Tan","commune_full_name":"Xã Nhuận Phú Tân","commune_full_name_en":"Nhuan Phu Tan Commune","commune_slug":"nhuan_phu_tan","unit_type":"Xã","unit_type_en":"Commune","admin_level":2,"province_code":"86","province_name":"Vĩnh Long","province_full_name":"Tỉnh Vĩnh Long","province_slug":"vinh_long","join_key":"28948","status":"active","dataset_effective_date":"2026-04-30","catalog_version":"2026-07-12","geometry_status":"not_embedded_boundary_available_by_url","boundary_source_url":"https://raw.githubusercontent.com/thanglequoc/vietnamese-provinces-database/master/json/geojson/86_vinh_long/wards/28948_nhuan_phu_tan.geojson","boundary_source_page":"https://github.com/thanglequoc/vietnamese-provinces-database/blob/master/json/geojson/86_vinh_long/wards/28948_nhuan_phu_tan.geojson","source_catalog":"https://github.com/thanglequoc/vietnamese-provinces-database"},"geometry":null},{"type":"Feature","id":"28957","properties":{"commune_code":"28957","commune_name":"An Định","commune_name_en":"An Dinh","commune_full_name":"Xã An Định","commune_full_name_en":"An Dinh Commune","commune_slug":"an_dinh","unit_type":"Xã","unit_type_en":"Commune","admin_level":2,"province_code":"86","province_name":"Vĩnh Long","province_full_name":"Tỉnh Vĩnh Long","province_slug":"vinh_long","join_key":"28957","status":"active","dataset_effective_date":"2026-04-30","catalog_version":"2026-07-12","geometry_status":"not_embedded_boundary_available_by_url","boundary_source_url":"https://raw.githubusercontent.com/thanglequoc/vietnamese-provinces-database/master/json/geojson/86_vinh_long/wards/28957_an_dinh.geojson","boundary_source_page":"https://github.com/thanglequoc/vietnamese-provinces-database/blob/master/json/geojson/86_vinh_long/wards/28957_an_dinh.geojson","source_catalog":"https://github.com/thanglequoc/vietnamese-provinces-database"},"geometry":null},{"type":"Feature","id":"28969","properties":{"commune_code":"28969","commune_name":"Thành Thới","commune_name_en":"Thanh Thoi","commune_full_name":"Xã Thành Thới","commune_full_name_en":"Thanh Thoi Commune","commune_slug":"thanh_thoi","unit_type":"Xã","unit_type_en":"Commune","admin_level":2,"province_code":"86","province_name":"Vĩnh Long","province_full_name":"Tỉnh Vĩnh Long","province_slug":"vinh_long","join_key":"28969","status":"active","dataset_effective_date":"2026-04-30","catalog_version":"2026-07-12","geometry_status":"not_embedded_boundary_available_by_url","boundary_source_url":"https://raw.githubusercontent.com/thanglequoc/vietnamese-provinces-database/master/json/geojson/86_vinh_long/wards/28969_thanh_thoi.geojson","boundary_source_page":"https://github.com/thanglequoc/vietnamese-provinces-database/blob/master/json/geojson/86_vinh_long/wards/28969_thanh_thoi.geojson","source_catalog":"https://github.com/thanglequoc/vietnamese-provinces-database"},"geometry":null},{"type":"Feature","id":"28981","properties":{"commune_code":"28981","commune_name":"Hương Mỹ","commune_name_en":"Huong My","commune_full_name":"Xã Hương Mỹ","commune_full_name_en":"Huong My Commune","commune_slug":"huong_my","unit_type":"Xã","unit_type_en":"Commune","admin_level":2,"province_code":"86","province_name":"Vĩnh Long","province_full_name":"Tỉnh Vĩnh Long","province_slug":"vinh_long","join_key":"28981","status":"active","dataset_effective_date":"2026-04-30","catalog_version":"2026-07-12","geometry_status":"not_embedded_boundary_available_by_url","boundary_source_url":"https://raw.githubusercontent.com/thanglequoc/vietnamese-provinces-database/master/json/geojson/86_vinh_long/wards/28981_huong_my.geojson","boundary_source_page":"https://github.com/thanglequoc/vietnamese-provinces-database/blob/master/json/geojson/86_vinh_long/wards/28981_huong_my.geojson","source_catalog":"https://github.com/thanglequoc/vietnamese-provinces-database"},"geometry":null},{"type":"Feature","id":"28984","properties":{"commune_code":"28984","commune_name":"Giồng Trôm","commune_name_en":"Giong Trom","commune_full_name":"Xã Giồng Trôm","commune_full_name_en":"Giong Trom Commune","commune_slug":"giong_trom","unit_type":"Xã","unit_type_en":"Commune","admin_level":2,"province_code":"86","province_name":"Vĩnh Long","province_full_name":"Tỉnh Vĩnh Long","province_slug":"vinh_long","join_key":"28984","status":"active","dataset_effective_date":"2026-04-30","catalog_version":"2026-07-12","geometry_status":"not_embedded_boundary_available_by_url","boundary_source_url":"https://raw.githubusercontent.com/thanglequoc/vietnamese-provinces-database/master/json/geojson/86_vinh_long/wards/28984_giong_trom.geojson","boundary_source_page":"https://github.com/thanglequoc/vietnamese-provinces-database/blob/master/json/geojson/86_vinh_long/wards/28984_giong_trom.geojson","source_catalog":"https://github.com/thanglequoc/vietnamese-provinces-database"},"geometry":null},{"type":"Feature","id":"28987","properties":{"commune_code":"28987","commune_name":"Lương Hoà","commune_name_en":"Luong Hoa","commune_full_name":"Xã Lương Hoà","commune_full_name_en":"Luong Hoa Commune","commune_slug":"luong_hoa","unit_type":"Xã","unit_type_en":"Commune","admin_level":2,"province_code":"86","province_name":"Vĩnh Long","province_full_name":"Tỉnh Vĩnh Long","province_slug":"vinh_long","join_key":"28987","status":"active","dataset_effective_date":"2026-04-30","catalog_version":"2026-07-12","geometry_status":"not_embedded_boundary_available_by_url","boundary_source_url":"https://raw.githubusercontent.com/thanglequoc/vietnamese-provinces-database/master/json/geojson/86_vinh_long/wards/28987_luong_hoa.geojson","boundary_source_page":"https://github.com/thanglequoc/vietnamese-provinces-database/blob/master/json/geojson/86_vinh_long/wards/28987_luong_hoa.geojson","source_catalog":"https://github.com/thanglequoc/vietnamese-provinces-database"},"geometry":null},{"type":"Feature","id":"28993","properties":{"commune_code":"28993","commune_name":"Lương Phú","commune_name_en":"Luong Phu","commune_full_name":"Xã Lương Phú","commune_full_name_en":"Luong Phu Commune","commune_slug":"luong_phu","unit_type":"Xã","unit_type_en":"Commune","admin_level":2,"province_code":"86","province_name":"Vĩnh Long","province_full_name":"Tỉnh Vĩnh Long","province_slug":"vinh_long","join_key":"28993","status":"active","dataset_effective_date":"2026-04-30","catalog_version":"2026-07-12","geometry_status":"not_embedded_boundary_available_by_url","boundary_source_url":"https://raw.githubusercontent.com/thanglequoc/vietnamese-provinces-database/master/json/geojson/86_vinh_long/wards/28993_luong_phu.geojson","boundary_source_page":"https://github.com/thanglequoc/vietnamese-provinces-database/blob/master/json/geojson/86_vinh_long/wards/28993_luong_phu.geojson","source_catalog":"https://github.com/thanglequoc/vietnamese-provinces-database"},"geometry":null},{"type":"Feature","id":"28996","properties":{"commune_code":"28996","commune_name":"Châu Hoà","commune_name_en":"Chau Hoa","commune_full_name":"Xã Châu Hoà","commune_full_name_en":"Chau Hoa Commune","commune_slug":"chau_hoa","unit_type":"Xã","unit_type_en":"Commune","admin_level":2,"province_code":"86","province_name":"Vĩnh Long","province_full_name":"Tỉnh Vĩnh Long","province_slug":"vinh_long","join_key":"28996","status":"active","dataset_effective_date":"2026-04-30","catalog_version":"2026-07-12","geometry_status":"not_embedded_boundary_available_by_url","boundary_source_url":"https://raw.githubusercontent.com/thanglequoc/vietnamese-provinces-database/master/json/geojson/86_vinh_long/wards/28996_chau_hoa.geojson","boundary_source_page":"https://github.com/thanglequoc/vietnamese-provinces-database/blob/master/json/geojson/86_vinh_long/wards/28996_chau_hoa.geojson","source_catalog":"https://github.com/thanglequoc/vietnamese-provinces-database"},"geometry":null},{"type":"Feature","id":"29020","properties":{"commune_code":"29020","commune_name":"Phước Long","commune_name_en":"Phuoc Long","commune_full_name":"Xã Phước Long","commune_full_name_en":"Phuoc Long Commune","commune_slug":"phuoc_long","unit_type":"Xã","unit_type_en":"Commune","admin_level":2,"province_code":"86","province_name":"Vĩnh Long","province_full_name":"Tỉnh Vĩnh Long","province_slug":"vinh_long","join_key":"29020","status":"active","dataset_effective_date":"2026-04-30","catalog_version":"2026-07-12","geometry_status":"not_embedded_boundary_available_by_url","boundary_source_url":"https://raw.githubusercontent.com/thanglequoc/vietnamese-provinces-database/master/json/geojson/86_vinh_long/wards/29020_phuoc_long.geojson","boundary_source_page":"https://github.com/thanglequoc/vietnamese-provinces-database/blob/master/json/geojson/86_vinh_long/wards/29020_phuoc_long.geojson","source_catalog":"https://github.com/thanglequoc/vietnamese-provinces-database"},"geometry":null},{"type":"Feature","id":"29029","properties":{"commune_code":"29029","commune_name":"Tân Hào","commune_name_en":"Tan Hao","commune_full_name":"Xã Tân Hào","commune_full_name_en":"Tan Hao Commune","commune_slug":"tan_hao","unit_type":"Xã","unit_type_en":"Commune","admin_level":2,"province_code":"86","province_name":"Vĩnh Long","province_full_name":"Tỉnh Vĩnh Long","province_slug":"vinh_long","join_key":"29029","status":"active","dataset_effective_date":"2026-04-30","catalog_version":"2026-07-12","geometry_status":"not_embedded_boundary_available_by_url","boundary_source_url":"https://raw.githubusercontent.com/thanglequoc/vietnamese-provinces-database/master/json/geojson/86_vinh_long/wards/29029_tan_hao.geojson","boundary_source_page":"https://github.com/thanglequoc/vietnamese-provinces-database/blob/master/json/geojson/86_vinh_long/wards/29029_tan_hao.geojson","source_catalog":"https://github.com/thanglequoc/vietnamese-provinces-database"},"geometry":null},{"type":"Feature","id":"29044","properties":{"commune_code":"29044","commune_name":"Hưng Nhượng","commune_name_en":"Hung Nhuong","commune_full_name":"Xã Hưng Nhượng","commune_full_name_en":"Hung Nhuong Commune","commune_slug":"hung_nhuong","unit_type":"Xã","unit_type_en":"Commune","admin_level":2,"province_code":"86","province_name":"Vĩnh Long","province_full_name":"Tỉnh Vĩnh Long","province_slug":"vinh_long","join_key":"29044","status":"active","dataset_effective_date":"2026-04-30","catalog_version":"2026-07-12","geometry_status":"not_embedded_boundary_available_by_url","boundary_source_url":"https://raw.githubusercontent.com/thanglequoc/vietnamese-provinces-database/master/json/geojson/86_vinh_long/wards/29044_hung_nhuong.geojson","boundary_source_page":"https://github.com/thanglequoc/vietnamese-provinces-database/blob/master/json/geojson/86_vinh_long/wards/29044_hung_nhuong.geojson","source_catalog":"https://github.com/thanglequoc/vietnamese-provinces-database"},"geometry":null},{"type":"Feature","id":"29050","properties":{"commune_code":"29050","commune_name":"Bình Đại","commune_name_en":"Binh Dai","commune_full_name":"Xã Bình Đại","commune_full_name_en":"Binh Dai Commune","commune_slug":"binh_dai","unit_type":"Xã","unit_type_en":"Commune","admin_level":2,"province_code":"86","province_name":"Vĩnh Long","province_full_name":"Tỉnh Vĩnh Long","province_slug":"vinh_long","join_key":"29050","status":"active","dataset_effective_date":"2026-04-30","catalog_version":"2026-07-12","geometry_status":"not_embedded_boundary_available_by_url","boundary_source_url":"https://raw.githubusercontent.com/thanglequoc/vietnamese-provinces-database/master/json/geojson/86_vinh_long/wards/29050_binh_dai.geojson","boundary_source_page":"https://github.com/thanglequoc/vietnamese-provinces-database/blob/master/json/geojson/86_vinh_long/wards/29050_binh_dai.geojson","source_catalog":"https://github.com/thanglequoc/vietnamese-provinces-database"},"geometry":null},{"type":"Feature","id":"29062","properties":{"commune_code":"29062","commune_name":"Phú Thuận","commune_name_en":"Phu Thuan","commune_full_name":"Xã Phú Thuận","commune_full_name_en":"Phu Thuan Commune","commune_slug":"phu_thuan","unit_type":"Xã","unit_type_en":"Commune","admin_level":2,"province_code":"86","province_name":"Vĩnh Long","province_full_name":"Tỉnh Vĩnh Long","province_slug":"vinh_long","join_key":"29062","status":"active","dataset_effective_date":"2026-04-30","catalog_version":"2026-07-12","geometry_status":"not_embedded_boundary_available_by_url","boundary_source_url":"https://raw.githubusercontent.com/thanglequoc/vietnamese-provinces-database/master/json/geojson/86_vinh_long/wards/29062_phu_thuan.geojson","boundary_source_page":"https://github.com/thanglequoc/vietnamese-provinces-database/blob/master/json/geojson/86_vinh_long/wards/29062_phu_thuan.geojson","source_catalog":"https://github.com/thanglequoc/vietnamese-provinces-database"},"geometry":null},{"type":"Feature","id":"29077","properties":{"commune_code":"29077","commune_name":"Lộc Thuận","commune_name_en":"Loc Thuan","commune_full_name":"Xã Lộc Thuận","commune_full_name_en":"Loc Thuan Commune","commune_slug":"loc_thuan","unit_type":"Xã","unit_type_en":"Commune","admin_level":2,"province_code":"86","province_name":"Vĩnh Long","province_full_name":"Tỉnh Vĩnh Long","province_slug":"vinh_long","join_key":"29077","status":"active","dataset_effective_date":"2026-04-30","catalog_version":"2026-07-12","geometry_status":"not_embedded_boundary_available_by_url","boundary_source_url":"https://raw.githubusercontent.com/thanglequoc/vietnamese-provinces-database/master/json/geojson/86_vinh_long/wards/29077_loc_thuan.geojson","boundary_source_page":"https://github.com/thanglequoc/vietnamese-provinces-database/blob/master/json/geojson/86_vinh_long/wards/29077_loc_thuan.geojson","source_catalog":"https://github.com/thanglequoc/vietnamese-provinces-database"},"geometry":null},{"type":"Feature","id":"29083","properties":{"commune_code":"29083","commune_name":"Châu Hưng","commune_name_en":"Chau Hung","commune_full_name":"Xã Châu Hưng","commune_full_name_en":"Chau Hung Commune","commune_slug":"chau_hung","unit_type":"Xã","unit_type_en":"Commune","admin_level":2,"province_code":"86","province_name":"Vĩnh Long","province_full_name":"Tỉnh Vĩnh Long","province_slug":"vinh_long","join_key":"29083","status":"active","dataset_effective_date":"2026-04-30","catalog_version":"2026-07-12","geometry_status":"not_embedded_boundary_available_by_url","boundary_source_url":"https://raw.githubusercontent.com/thanglequoc/vietnamese-provinces-database/master/json/geojson/86_vinh_long/wards/29083_chau_hung.geojson","boundary_source_page":"https://github.com/thanglequoc/vietnamese-provinces-database/blob/master/json/geojson/86_vinh_long/wards/29083_chau_hung.geojson","source_catalog":"https://github.com/thanglequoc/vietnamese-provinces-database"},"geometry":null},{"type":"Feature","id":"29089","properties":{"commune_code":"29089","commune_name":"Thạnh Trị","commune_name_en":"Thanh Tri","commune_full_name":"Xã Thạnh Trị","commune_full_name_en":"Thanh Tri Commune","commune_slug":"thanh_tri","unit_type":"Xã","unit_type_en":"Commune","admin_level":2,"province_code":"86","province_name":"Vĩnh Long","province_full_name":"Tỉnh Vĩnh Long","province_slug":"vinh_long","join_key":"29089","status":"active","dataset_effective_date":"2026-04-30","catalog_version":"2026-07-12","geometry_status":"not_embedded_boundary_available_by_url","boundary_source_url":"https://raw.githubusercontent.com/thanglequoc/vietnamese-provinces-database/master/json/geojson/86_vinh_long/wards/29089_thanh_tri.geojson","boundary_source_page":"https://github.com/thanglequoc/vietnamese-provinces-database/blob/master/json/geojson/86_vinh_long/wards/29089_thanh_tri.geojson","source_catalog":"https://github.com/thanglequoc/vietnamese-provinces-database"},"geometry":null},{"type":"Feature","id":"29104","properties":{"commune_code":"29104","commune_name":"Thạnh Phước","commune_name_en":"Thanh Phuoc","commune_full_name":"Xã Thạnh Phước","commune_full_name_en":"Thanh Phuoc Commune","commune_slug":"thanh_phuoc","unit_type":"Xã","unit_type_en":"Commune","admin_level":2,"province_code":"86","province_name":"Vĩnh Long","province_full_name":"Tỉnh Vĩnh Long","province_slug":"vinh_long","join_key":"29104","status":"active","dataset_effective_date":"2026-04-30","catalog_version":"2026-07-12","geometry_status":"not_embedded_boundary_available_by_url","boundary_source_url":"https://raw.githubusercontent.com/thanglequoc/vietnamese-provinces-database/master/json/geojson/86_vinh_long/wards/29104_thanh_phuoc.geojson","boundary_source_page":"https://github.com/thanglequoc/vietnamese-provinces-database/blob/master/json/geojson/86_vinh_long/wards/29104_thanh_phuoc.geojson","source_catalog":"https://github.com/thanglequoc/vietnamese-provinces-database"},"geometry":null},{"type":"Feature","id":"29107","properties":{"commune_code":"29107","commune_name":"Thới Thuận","commune_name_en":"Thoi Thuan","commune_full_name":"Xã Thới Thuận","commune_full_name_en":"Thoi Thuan Commune","commune_slug":"thoi_thuan","unit_type":"Xã","unit_type_en":"Commune","admin_level":2,"province_code":"86","province_name":"Vĩnh Long","province_full_name":"Tỉnh Vĩnh Long","province_slug":"vinh_long","join_key":"29107","status":"active","dataset_effective_date":"2026-04-30","catalog_version":"2026-07-12","geometry_status":"not_embedded_boundary_available_by_url","boundary_source_url":"https://raw.githubusercontent.com/thanglequoc/vietnamese-provinces-database/master/json/geojson/86_vinh_long/wards/29107_thoi_thuan.geojson","boundary_source_page":"https://github.com/thanglequoc/vietnamese-provinces-database/blob/master/json/geojson/86_vinh_long/wards/29107_thoi_thuan.geojson","source_catalog":"https://github.com/thanglequoc/vietnamese-provinces-database"},"geometry":null},{"type":"Feature","id":"29110","properties":{"commune_code":"29110","commune_name":"Ba Tri","commune_name_en":"Ba Tri","commune_full_name":"Xã Ba Tri","commune_full_name_en":"Ba Tri Commune","commune_slug":"ba_tri","unit_type":"Xã","unit_type_en":"Commune","admin_level":2,"province_code":"86","province_name":"Vĩnh Long","province_full_name":"Tỉnh Vĩnh Long","province_slug":"vinh_long","join_key":"29110","status":"active","dataset_effective_date":"2026-04-30","catalog_version":"2026-07-12","geometry_status":"not_embedded_boundary_available_by_url","boundary_source_url":"https://raw.githubusercontent.com/thanglequoc/vietnamese-provinces-database/master/json/geojson/86_vinh_long/wards/29110_ba_tri.geojson","boundary_source_page":"https://github.com/thanglequoc/vietnamese-provinces-database/blob/master/json/geojson/86_vinh_long/wards/29110_ba_tri.geojson","source_catalog":"https://github.com/thanglequoc/vietnamese-provinces-database"},"geometry":null},{"type":"Feature","id":"29122","properties":{"commune_code":"29122","commune_name":"Mỹ Chánh Hoà","commune_name_en":"My Chanh Hoa","commune_full_name":"Xã Mỹ Chánh Hoà","commune_full_name_en":"My Chanh Hoa Commune","commune_slug":"my_chanh_hoa","unit_type":"Xã","unit_type_en":"Commune","admin_level":2,"province_code":"86","province_name":"Vĩnh Long","province_full_name":"Tỉnh Vĩnh Long","province_slug":"vinh_long","join_key":"29122","status":"active","dataset_effective_date":"2026-04-30","catalog_version":"2026-07-12","geometry_status":"not_embedded_boundary_available_by_url","boundary_source_url":"https://raw.githubusercontent.com/thanglequoc/vietnamese-provinces-database/master/json/geojson/86_vinh_long/wards/29122_my_chanh_hoa.geojson","boundary_source_page":"https://github.com/thanglequoc/vietnamese-provinces-database/blob/master/json/geojson/86_vinh_long/wards/29122_my_chanh_hoa.geojson","source_catalog":"https://github.com/thanglequoc/vietnamese-provinces-database"},"geometry":null},{"type":"Feature","id":"29125","properties":{"commune_code":"29125","commune_name":"Bảo Thạnh","commune_name_en":"Bao Thanh","commune_full_name":"Xã Bảo Thạnh","commune_full_name_en":"Bao Thanh Commune","commune_slug":"bao_thanh","unit_type":"Xã","unit_type_en":"Commune","admin_level":2,"province_code":"86","province_name":"Vĩnh Long","province_full_name":"Tỉnh Vĩnh Long","province_slug":"vinh_long","join_key":"29125","status":"active","dataset_effective_date":"2026-04-30","catalog_version":"2026-07-12","geometry_status":"not_embedded_boundary_available_by_url","boundary_source_url":"https://raw.githubusercontent.com/thanglequoc/vietnamese-provinces-database/master/json/geojson/86_vinh_long/wards/29125_bao_thanh.geojson","boundary_source_page":"https://github.com/thanglequoc/vietnamese-provinces-database/blob/master/json/geojson/86_vinh_long/wards/29125_bao_thanh.geojson","source_catalog":"https://github.com/thanglequoc/vietnamese-provinces-database"},"geometry":null},{"type":"Feature","id":"29137","properties":{"commune_code":"29137","commune_name":"Tân Xuân","commune_name_en":"Tan Xuan","commune_full_name":"Xã Tân Xuân","commune_full_name_en":"Tan Xuan Commune","commune_slug":"tan_xuan","unit_type":"Xã","unit_type_en":"Commune","admin_level":2,"province_code":"86","province_name":"Vĩnh Long","province_full_name":"Tỉnh Vĩnh Long","province_slug":"vinh_long","join_key":"29137","status":"active","dataset_effective_date":"2026-04-30","catalog_version":"2026-07-12","geometry_status":"not_embedded_boundary_available_by_url","boundary_source_url":"https://raw.githubusercontent.com/thanglequoc/vietnamese-provinces-database/master/json/geojson/86_vinh_long/wards/29137_tan_xuan.geojson","boundary_source_page":"https://github.com/thanglequoc/vietnamese-provinces-database/blob/master/json/geojson/86_vinh_long/wards/29137_tan_xuan.geojson","source_catalog":"https://github.com/thanglequoc/vietnamese-provinces-database"},"geometry":null},{"type":"Feature","id":"29143","properties":{"commune_code":"29143","commune_name":"An Ngãi Trung","commune_name_en":"An Ngai Trung","commune_full_name":"Xã An Ngãi Trung","commune_full_name_en":"An Ngai Trung Commune","commune_slug":"an_ngai_trung","unit_type":"Xã","unit_type_en":"Commune","admin_level":2,"province_code":"86","province_name":"Vĩnh Long","province_full_name":"Tỉnh Vĩnh Long","province_slug":"vinh_long","join_key":"29143","status":"active","dataset_effective_date":"2026-04-30","catalog_version":"2026-07-12","geometry_status":"not_embedded_boundary_available_by_url","boundary_source_url":"https://raw.githubusercontent.com/thanglequoc/vietnamese-provinces-database/master/json/geojson/86_vinh_long/wards/29143_an_ngai_trung.geojson","boundary_source_page":"https://github.com/thanglequoc/vietnamese-provinces-database/blob/master/json/geojson/86_vinh_long/wards/29143_an_ngai_trung.geojson","source_catalog":"https://github.com/thanglequoc/vietnamese-provinces-database"},"geometry":null},{"type":"Feature","id":"29158","properties":{"commune_code":"29158","commune_name":"An Hiệp","commune_name_en":"An Hiep","commune_full_name":"Xã An Hiệp","commune_full_name_en":"An Hiep Commune","commune_slug":"an_hiep","unit_type":"Xã","unit_type_en":"Commune","admin_level":2,"province_code":"86","province_name":"Vĩnh Long","province_full_name":"Tỉnh Vĩnh Long","province_slug":"vinh_long","join_key":"29158","status":"active","dataset_effective_date":"2026-04-30","catalog_version":"2026-07-12","geometry_status":"not_embedded_boundary_available_by_url","boundary_source_url":"https://raw.githubusercontent.com/thanglequoc/vietnamese-provinces-database/master/json/geojson/86_vinh_long/wards/29158_an_hiep.geojson","boundary_source_page":"https://github.com/thanglequoc/vietnamese-provinces-database/blob/master/json/geojson/86_vinh_long/wards/29158_an_hiep.geojson","source_catalog":"https://github.com/thanglequoc/vietnamese-provinces-database"},"geometry":null},{"type":"Feature","id":"29167","properties":{"commune_code":"29167","commune_name":"Tân Thuỷ","commune_name_en":"Tan Thuy","commune_full_name":"Xã Tân Thuỷ","commune_full_name_en":"Tan Thuy Commune","commune_slug":"tan_thuy","unit_type":"Xã","unit_type_en":"Commune","admin_level":2,"province_code":"86","province_name":"Vĩnh Long","province_full_name":"Tỉnh Vĩnh Long","province_slug":"vinh_long","join_key":"29167","status":"active","dataset_effective_date":"2026-04-30","catalog_version":"2026-07-12","geometry_status":"not_embedded_boundary_available_by_url","boundary_source_url":"https://raw.githubusercontent.com/thanglequoc/vietnamese-provinces-database/master/json/geojson/86_vinh_long/wards/29167_tan_thuy.geojson","boundary_source_page":"https://github.com/thanglequoc/vietnamese-provinces-database/blob/master/json/geojson/86_vinh_long/wards/29167_tan_thuy.geojson","source_catalog":"https://github.com/thanglequoc/vietnamese-provinces-database"},"geometry":null},{"type":"Feature","id":"29182","properties":{"commune_code":"29182","commune_name":"Thạnh Phú","commune_name_en":"Thanh Phu","commune_full_name":"Xã Thạnh Phú","commune_full_name_en":"Thanh Phu Commune","commune_slug":"thanh_phu","unit_type":"Xã","unit_type_en":"Commune","admin_level":2,"province_code":"86","province_name":"Vĩnh Long","province_full_name":"Tỉnh Vĩnh Long","province_slug":"vinh_long","join_key":"29182","status":"active","dataset_effective_date":"2026-04-30","catalog_version":"2026-07-12","geometry_status":"not_embedded_boundary_available_by_url","boundary_source_url":"https://raw.githubusercontent.com/thanglequoc/vietnamese-provinces-database/master/json/geojson/86_vinh_long/wards/29182_thanh_phu.geojson","boundary_source_page":"https://github.com/thanglequoc/vietnamese-provinces-database/blob/master/json/geojson/86_vinh_long/wards/29182_thanh_phu.geojson","source_catalog":"https://github.com/thanglequoc/vietnamese-provinces-database"},"geometry":null},{"type":"Feature","id":"29191","properties":{"commune_code":"29191","commune_name":"Quới Điền","commune_name_en":"Quoi Dien","commune_full_name":"Xã Quới Điền","commune_full_name_en":"Quoi Dien Commune","commune_slug":"quoi_dien","unit_type":"Xã","unit_type_en":"Commune","admin_level":2,"province_code":"86","province_name":"Vĩnh Long","province_full_name":"Tỉnh Vĩnh Long","province_slug":"vinh_long","join_key":"29191","status":"active","dataset_effective_date":"2026-04-30","catalog_version":"2026-07-12","geometry_status":"not_embedded_boundary_available_by_url","boundary_source_url":"https://raw.githubusercontent.com/thanglequoc/vietnamese-provinces-database/master/json/geojson/86_vinh_long/wards/29191_quoi_dien.geojson","boundary_source_page":"https://github.com/thanglequoc/vietnamese-provinces-database/blob/master/json/geojson/86_vinh_long/wards/29191_quoi_dien.geojson","source_catalog":"https://github.com/thanglequoc/vietnamese-provinces-database"},"geometry":null},{"type":"Feature","id":"29194","properties":{"commune_code":"29194","commune_name":"Đại Điền","commune_name_en":"Dai Dien","commune_full_name":"Xã Đại Điền","commune_full_name_en":"Dai Dien Commune","commune_slug":"dai_dien","unit_type":"Xã","unit_type_en":"Commune","admin_level":2,"province_code":"86","province_name":"Vĩnh Long","province_full_name":"Tỉnh Vĩnh Long","province_slug":"vinh_long","join_key":"29194","status":"active","dataset_effective_date":"2026-04-30","catalog_version":"2026-07-12","geometry_status":"not_embedded_boundary_available_by_url","boundary_source_url":"https://raw.githubusercontent.com/thanglequoc/vietnamese-provinces-database/master/json/geojson/86_vinh_long/wards/29194_dai_dien.geojson","boundary_source_page":"https://github.com/thanglequoc/vietnamese-provinces-database/blob/master/json/geojson/86_vinh_long/wards/29194_dai_dien.geojson","source_catalog":"https://github.com/thanglequoc/vietnamese-provinces-database"},"geometry":null},{"type":"Feature","id":"29221","properties":{"commune_code":"29221","commune_name":"Thạnh Hải","commune_name_en":"Thanh Hai","commune_full_name":"Xã Thạnh Hải","commune_full_name_en":"Thanh Hai Commune","commune_slug":"thanh_hai","unit_type":"Xã","unit_type_en":"Commune","admin_level":2,"province_code":"86","province_name":"Vĩnh Long","province_full_name":"Tỉnh Vĩnh Long","province_slug":"vinh_long","join_key":"29221","status":"active","dataset_effective_date":"2026-04-30","catalog_version":"2026-07-12","geometry_status":"not_embedded_boundary_available_by_url","boundary_source_url":"https://raw.githubusercontent.com/thanglequoc/vietnamese-provinces-database/master/json/geojson/86_vinh_long/wards/29221_thanh_hai.geojson","boundary_source_page":"https://github.com/thanglequoc/vietnamese-provinces-database/blob/master/json/geojson/86_vinh_long/wards/29221_thanh_hai.geojson","source_catalog":"https://github.com/thanglequoc/vietnamese-provinces-database"},"geometry":null},{"type":"Feature","id":"29224","properties":{"commune_code":"29224","commune_name":"An Qui","commune_name_en":"An Qui","commune_full_name":"Xã An Qui","commune_full_name_en":"An Qui Commune","commune_slug":"an_qui","unit_type":"Xã","unit_type_en":"Commune","admin_level":2,"province_code":"86","province_name":"Vĩnh Long","province_full_name":"Tỉnh Vĩnh Long","province_slug":"vinh_long","join_key":"29224","status":"active","dataset_effective_date":"2026-04-30","catalog_version":"2026-07-12","geometry_status":"not_embedded_boundary_available_by_url","boundary_source_url":"https://raw.githubusercontent.com/thanglequoc/vietnamese-provinces-database/master/json/geojson/86_vinh_long/wards/29224_an_qui.geojson","boundary_source_page":"https://github.com/thanglequoc/vietnamese-provinces-database/blob/master/json/geojson/86_vinh_long/wards/29224_an_qui.geojson","source_catalog":"https://github.com/thanglequoc/vietnamese-provinces-database"},"geometry":null},{"type":"Feature","id":"29227","properties":{"commune_code":"29227","commune_name":"Thạnh Phong","commune_name_en":"Thanh Phong","commune_full_name":"Xã Thạnh Phong","commune_full_name_en":"Thanh Phong Commune","commune_slug":"thanh_phong","unit_type":"Xã","unit_type_en":"Commune","admin_level":2,"province_code":"86","province_name":"Vĩnh Long","province_full_name":"Tỉnh Vĩnh Long","province_slug":"vinh_long","join_key":"29227","status":"active","dataset_effective_date":"2026-04-30","catalog_version":"2026-07-12","geometry_status":"not_embedded_boundary_available_by_url","boundary_source_url":"https://raw.githubusercontent.com/thanglequoc/vietnamese-provinces-database/master/json/geojson/86_vinh_long/wards/29227_thanh_phong.geojson","boundary_source_page":"https://github.com/thanglequoc/vietnamese-provinces-database/blob/master/json/geojson/86_vinh_long/wards/29227_thanh_phong.geojson","source_catalog":"https://github.com/thanglequoc/vietnamese-provinces-database"},"geometry":null},{"type":"Feature","id":"29242","properties":{"commune_code":"29242","commune_name":"Trà Vinh","commune_name_en":"Tra Vinh","commune_full_name":"Phường Trà Vinh","commune_full_name_en":"Tra Vinh Ward","commune_slug":"tra_vinh","unit_type":"Phường","unit_type_en":"Ward","admin_level":2,"province_code":"86","province_name":"Vĩnh Long","province_full_name":"Tỉnh Vĩnh Long","province_slug":"vinh_long","join_key":"29242","status":"active","dataset_effective_date":"2026-04-30","catalog_version":"2026-07-12","geometry_status":"not_embedded_boundary_available_by_url","boundary_source_url":"https://raw.githubusercontent.com/thanglequoc/vietnamese-provinces-database/master/json/geojson/86_vinh_long/wards/29242_tra_vinh.geojson","boundary_source_page":"https://github.com/thanglequoc/vietnamese-provinces-database/blob/master/json/geojson/86_vinh_long/wards/29242_tra_vinh.geojson","source_catalog":"https://github.com/thanglequoc/vietnamese-provinces-database"},"geometry":null},{"type":"Feature","id":"29254","properties":{"commune_code":"29254","commune_name":"Nguyệt Hoá","commune_name_en":"Nguyet Hoa","commune_full_name":"Phường Nguyệt Hoá","commune_full_name_en":"Nguyet Hoa Ward","commune_slug":"nguyet_hoa","unit_type":"Phường","unit_type_en":"Ward","admin_level":2,"province_code":"86","province_name":"Vĩnh Long","province_full_name":"Tỉnh Vĩnh Long","province_slug":"vinh_long","join_key":"29254","status":"active","dataset_effective_date":"2026-04-30","catalog_version":"2026-07-12","geometry_status":"not_embedded_boundary_available_by_url","boundary_source_url":"https://raw.githubusercontent.com/thanglequoc/vietnamese-provinces-database/master/json/geojson/86_vinh_long/wards/29254_nguyet_hoa.geojson","boundary_source_page":"https://github.com/thanglequoc/vietnamese-provinces-database/blob/master/json/geojson/86_vinh_long/wards/29254_nguyet_hoa.geojson","source_catalog":"https://github.com/thanglequoc/vietnamese-provinces-database"},"geometry":null},{"type":"Feature","id":"29263","properties":{"commune_code":"29263","commune_name":"Long Đức","commune_name_en":"Long Duc","commune_full_name":"Phường Long Đức","commune_full_name_en":"Long Duc Ward","commune_slug":"long_duc","unit_type":"Phường","unit_type_en":"Ward","admin_level":2,"province_code":"86","province_name":"Vĩnh Long","province_full_name":"Tỉnh Vĩnh Long","province_slug":"vinh_long","join_key":"29263","status":"active","dataset_effective_date":"2026-04-30","catalog_version":"2026-07-12","geometry_status":"not_embedded_boundary_available_by_url","boundary_source_url":"https://raw.githubusercontent.com/thanglequoc/vietnamese-provinces-database/master/json/geojson/86_vinh_long/wards/29263_long_duc.geojson","boundary_source_page":"https://github.com/thanglequoc/vietnamese-provinces-database/blob/master/json/geojson/86_vinh_long/wards/29263_long_duc.geojson","source_catalog":"https://github.com/thanglequoc/vietnamese-provinces-database"},"geometry":null},{"type":"Feature","id":"29266","properties":{"commune_code":"29266","commune_name":"Càng Long","commune_name_en":"Cang Long","commune_full_name":"Xã Càng Long","commune_full_name_en":"Cang Long Commune","commune_slug":"cang_long","unit_type":"Xã","unit_type_en":"Commune","admin_level":2,"province_code":"86","province_name":"Vĩnh Long","province_full_name":"Tỉnh Vĩnh Long","province_slug":"vinh_long","join_key":"29266","status":"active","dataset_effective_date":"2026-04-30","catalog_version":"2026-07-12","geometry_status":"not_embedded_boundary_available_by_url","boundary_source_url":"https://raw.githubusercontent.com/thanglequoc/vietnamese-provinces-database/master/json/geojson/86_vinh_long/wards/29266_cang_long.geojson","boundary_source_page":"https://github.com/thanglequoc/vietnamese-provinces-database/blob/master/json/geojson/86_vinh_long/wards/29266_cang_long.geojson","source_catalog":"https://github.com/thanglequoc/vietnamese-provinces-database"},"geometry":null},{"type":"Feature","id":"29275","properties":{"commune_code":"29275","commune_name":"An Trường","commune_name_en":"An Truong","commune_full_name":"Xã An Trường","commune_full_name_en":"An Truong Commune","commune_slug":"an_truong","unit_type":"Xã","unit_type_en":"Commune","admin_level":2,"province_code":"86","province_name":"Vĩnh Long","province_full_name":"Tỉnh Vĩnh Long","province_slug":"vinh_long","join_key":"29275","status":"active","dataset_effective_date":"2026-04-30","catalog_version":"2026-07-12","geometry_status":"not_embedded_boundary_available_by_url","boundary_source_url":"https://raw.githubusercontent.com/thanglequoc/vietnamese-provinces-database/master/json/geojson/86_vinh_long/wards/29275_an_truong.geojson","boundary_source_page":"https://github.com/thanglequoc/vietnamese-provinces-database/blob/master/json/geojson/86_vinh_long/wards/29275_an_truong.geojson","source_catalog":"https://github.com/thanglequoc/vietnamese-provinces-database"},"geometry":null},{"type":"Feature","id":"29278","properties":{"commune_code":"29278","commune_name":"Tân An","commune_name_en":"Tan An","commune_full_name":"Xã Tân An","commune_full_name_en":"Tan An Commune","commune_slug":"tan_an","unit_type":"Xã","unit_type_en":"Commune","admin_level":2,"province_code":"86","province_name":"Vĩnh Long","province_full_name":"Tỉnh Vĩnh Long","province_slug":"vinh_long","join_key":"29278","status":"active","dataset_effective_date":"2026-04-30","catalog_version":"2026-07-12","geometry_status":"not_embedded_boundary_available_by_url","boundary_source_url":"https://raw.githubusercontent.com/thanglequoc/vietnamese-provinces-database/master/json/geojson/86_vinh_long/wards/29278_tan_an.geojson","boundary_source_page":"https://github.com/thanglequoc/vietnamese-provinces-database/blob/master/json/geojson/86_vinh_long/wards/29278_tan_an.geojson","source_catalog":"https://github.com/thanglequoc/vietnamese-provinces-database"},"geometry":null},{"type":"Feature","id":"29287","properties":{"commune_code":"29287","commune_name":"Bình Phú","commune_name_en":"Binh Phu","commune_full_name":"Xã Bình Phú","commune_full_name_en":"Binh Phu Commune","commune_slug":"binh_phu","unit_type":"Xã","unit_type_en":"Commune","admin_level":2,"province_code":"86","province_name":"Vĩnh Long","province_full_name":"Tỉnh Vĩnh Long","province_slug":"vinh_long","join_key":"29287","status":"active","dataset_effective_date":"2026-04-30","catalog_version":"2026-07-12","geometry_status":"not_embedded_boundary_available_by_url","boundary_source_url":"https://raw.githubusercontent.com/thanglequoc/vietnamese-provinces-database/master/json/geojson/86_vinh_long/wards/29287_binh_phu.geojson","boundary_source_page":"https://github.com/thanglequoc/vietnamese-provinces-database/blob/master/json/geojson/86_vinh_long/wards/29287_binh_phu.geojson","source_catalog":"https://github.com/thanglequoc/vietnamese-provinces-database"},"geometry":null},{"type":"Feature","id":"29302","properties":{"commune_code":"29302","commune_name":"Nhị Long","commune_name_en":"Nhi Long","commune_full_name":"Xã Nhị Long","commune_full_name_en":"Nhi Long Commune","commune_slug":"nhi_long","unit_type":"Xã","unit_type_en":"Commune","admin_level":2,"province_code":"86","province_name":"Vĩnh Long","province_full_name":"Tỉnh Vĩnh Long","province_slug":"vinh_long","join_key":"29302","status":"active","dataset_effective_date":"2026-04-30","catalog_version":"2026-07-12","geometry_status":"not_embedded_boundary_available_by_url","boundary_source_url":"https://raw.githubusercontent.com/thanglequoc/vietnamese-provinces-database/master/json/geojson/86_vinh_long/wards/29302_nhi_long.geojson","boundary_source_page":"https://github.com/thanglequoc/vietnamese-provinces-database/blob/master/json/geojson/86_vinh_long/wards/29302_nhi_long.geojson","source_catalog":"https://github.com/thanglequoc/vietnamese-provinces-database"},"geometry":null},{"type":"Feature","id":"29308","properties":{"commune_code":"29308","commune_name":"Cầu Kè","commune_name_en":"Cau Ke","commune_full_name":"Xã Cầu Kè","commune_full_name_en":"Cau Ke Commune","commune_slug":"cau_ke","unit_type":"Xã","unit_type_en":"Commune","admin_level":2,"province_code":"86","province_name":"Vĩnh Long","province_full_name":"Tỉnh Vĩnh Long","province_slug":"vinh_long","join_key":"29308","status":"active","dataset_effective_date":"2026-04-30","catalog_version":"2026-07-12","geometry_status":"not_embedded_boundary_available_by_url","boundary_source_url":"https://raw.githubusercontent.com/thanglequoc/vietnamese-provinces-database/master/json/geojson/86_vinh_long/wards/29308_cau_ke.geojson","boundary_source_page":"https://github.com/thanglequoc/vietnamese-provinces-database/blob/master/json/geojson/86_vinh_long/wards/29308_cau_ke.geojson","source_catalog":"https://github.com/thanglequoc/vietnamese-provinces-database"},"geometry":null},{"type":"Feature","id":"29317","properties":{"commune_code":"29317","commune_name":"An Phú Tân","commune_name_en":"An Phu Tan","commune_full_name":"Xã An Phú Tân","commune_full_name_en":"An Phu Tan Commune","commune_slug":"an_phu_tan","unit_type":"Xã","unit_type_en":"Commune","admin_level":2,"province_code":"86","province_name":"Vĩnh Long","province_full_name":"Tỉnh Vĩnh Long","province_slug":"vinh_long","join_key":"29317","status":"active","dataset_effective_date":"2026-04-30","catalog_version":"2026-07-12","geometry_status":"not_embedded_boundary_available_by_url","boundary_source_url":"https://raw.githubusercontent.com/thanglequoc/vietnamese-provinces-database/master/json/geojson/86_vinh_long/wards/29317_an_phu_tan.geojson","boundary_source_page":"https://github.com/thanglequoc/vietnamese-provinces-database/blob/master/json/geojson/86_vinh_long/wards/29317_an_phu_tan.geojson","source_catalog":"https://github.com/thanglequoc/vietnamese-provinces-database"},"geometry":null},{"type":"Feature","id":"29329","properties":{"commune_code":"29329","commune_name":"Phong Thạnh","commune_name_en":"Phong Thanh","commune_full_name":"Xã Phong Thạnh","commune_full_name_en":"Phong Thanh Commune","commune_slug":"phong_thanh","unit_type":"Xã","unit_type_en":"Commune","admin_level":2,"province_code":"86","province_name":"Vĩnh Long","province_full_name":"Tỉnh Vĩnh Long","province_slug":"vinh_long","join_key":"29329","status":"active","dataset_effective_date":"2026-04-30","catalog_version":"2026-07-12","geometry_status":"not_embedded_boundary_available_by_url","boundary_source_url":"https://raw.githubusercontent.com/thanglequoc/vietnamese-provinces-database/master/json/geojson/86_vinh_long/wards/29329_phong_thanh.geojson","boundary_source_page":"https://github.com/thanglequoc/vietnamese-provinces-database/blob/master/json/geojson/86_vinh_long/wards/29329_phong_thanh.geojson","source_catalog":"https://github.com/thanglequoc/vietnamese-provinces-database"},"geometry":null},{"type":"Feature","id":"29335","properties":{"commune_code":"29335","commune_name":"Tam Ngãi","commune_name_en":"Tam Ngai","commune_full_name":"Xã Tam Ngãi","commune_full_name_en":"Tam Ngai Commune","commune_slug":"tam_ngai","unit_type":"Xã","unit_type_en":"Commune","admin_level":2,"province_code":"86","province_name":"Vĩnh Long","province_full_name":"Tỉnh Vĩnh Long","province_slug":"vinh_long","join_key":"29335","status":"active","dataset_effective_date":"2026-04-30","catalog_version":"2026-07-12","geometry_status":"not_embedded_boundary_available_by_url","boundary_source_url":"https://raw.githubusercontent.com/thanglequoc/vietnamese-provinces-database/master/json/geojson/86_vinh_long/wards/29335_tam_ngai.geojson","boundary_source_page":"https://github.com/thanglequoc/vietnamese-provinces-database/blob/master/json/geojson/86_vinh_long/wards/29335_tam_ngai.geojson","source_catalog":"https://github.com/thanglequoc/vietnamese-provinces-database"},"geometry":null},{"type":"Feature","id":"29341","properties":{"commune_code":"29341","commune_name":"Tiểu Cần","commune_name_en":"Tieu Can","commune_full_name":"Xã Tiểu Cần","commune_full_name_en":"Tieu Can Commune","commune_slug":"tieu_can","unit_type":"Xã","unit_type_en":"Commune","admin_level":2,"province_code":"86","province_name":"Vĩnh Long","province_full_name":"Tỉnh Vĩnh Long","province_slug":"vinh_long","join_key":"29341","status":"active","dataset_effective_date":"2026-04-30","catalog_version":"2026-07-12","geometry_status":"not_embedded_boundary_available_by_url","boundary_source_url":"https://raw.githubusercontent.com/thanglequoc/vietnamese-provinces-database/master/json/geojson/86_vinh_long/wards/29341_tieu_can.geojson","boundary_source_page":"https://github.com/thanglequoc/vietnamese-provinces-database/blob/master/json/geojson/86_vinh_long/wards/29341_tieu_can.geojson","source_catalog":"https://github.com/thanglequoc/vietnamese-provinces-database"},"geometry":null},{"type":"Feature","id":"29362","properties":{"commune_code":"29362","commune_name":"Hùng Hoà","commune_name_en":"Hung Hoa","commune_full_name":"Xã Hùng Hoà","commune_full_name_en":"Hung Hoa Commune","commune_slug":"hung_hoa","unit_type":"Xã","unit_type_en":"Commune","admin_level":2,"province_code":"86","province_name":"Vĩnh Long","province_full_name":"Tỉnh Vĩnh Long","province_slug":"vinh_long","join_key":"29362","status":"active","dataset_effective_date":"2026-04-30","catalog_version":"2026-07-12","geometry_status":"not_embedded_boundary_available_by_url","boundary_source_url":"https://raw.githubusercontent.com/thanglequoc/vietnamese-provinces-database/master/json/geojson/86_vinh_long/wards/29362_hung_hoa.geojson","boundary_source_page":"https://github.com/thanglequoc/vietnamese-provinces-database/blob/master/json/geojson/86_vinh_long/wards/29362_hung_hoa.geojson","source_catalog":"https://github.com/thanglequoc/vietnamese-provinces-database"},"geometry":null},{"type":"Feature","id":"29365","properties":{"commune_code":"29365","commune_name":"Tập Ngãi","commune_name_en":"Tap Ngai","commune_full_name":"Xã Tập Ngãi","commune_full_name_en":"Tap Ngai Commune","commune_slug":"tap_ngai","unit_type":"Xã","unit_type_en":"Commune","admin_level":2,"province_code":"86","province_name":"Vĩnh Long","province_full_name":"Tỉnh Vĩnh Long","province_slug":"vinh_long","join_key":"29365","status":"active","dataset_effective_date":"2026-04-30","catalog_version":"2026-07-12","geometry_status":"not_embedded_boundary_available_by_url","boundary_source_url":"https://raw.githubusercontent.com/thanglequoc/vietnamese-provinces-database/master/json/geojson/86_vinh_long/wards/29365_tap_ngai.geojson","boundary_source_page":"https://github.com/thanglequoc/vietnamese-provinces-database/blob/master/json/geojson/86_vinh_long/wards/29365_tap_ngai.geojson","source_catalog":"https://github.com/thanglequoc/vietnamese-provinces-database"},"geometry":null},{"type":"Feature","id":"29371","properties":{"commune_code":"29371","commune_name":"Tân Hoà","commune_name_en":"Tan Hoa","commune_full_name":"Xã Tân Hoà","commune_full_name_en":"Tan Hoa Commune","commune_slug":"tan_hoa","unit_type":"Xã","unit_type_en":"Commune","admin_level":2,"province_code":"86","province_name":"Vĩnh Long","province_full_name":"Tỉnh Vĩnh Long","province_slug":"vinh_long","join_key":"29371","status":"active","dataset_effective_date":"2026-04-30","catalog_version":"2026-07-12","geometry_status":"not_embedded_boundary_available_by_url","boundary_source_url":"https://raw.githubusercontent.com/thanglequoc/vietnamese-provinces-database/master/json/geojson/86_vinh_long/wards/29371_tan_hoa.geojson","boundary_source_page":"https://github.com/thanglequoc/vietnamese-provinces-database/blob/master/json/geojson/86_vinh_long/wards/29371_tan_hoa.geojson","source_catalog":"https://github.com/thanglequoc/vietnamese-provinces-database"},"geometry":null},{"type":"Feature","id":"29374","properties":{"commune_code":"29374","commune_name":"Châu Thành","commune_name_en":"Chau Thanh","commune_full_name":"Xã Châu Thành","commune_full_name_en":"Chau Thanh Commune","commune_slug":"chau_thanh","unit_type":"Xã","unit_type_en":"Commune","admin_level":2,"province_code":"86","province_name":"Vĩnh Long","province_full_name":"Tỉnh Vĩnh Long","province_slug":"vinh_long","join_key":"29374","status":"active","dataset_effective_date":"2026-04-30","catalog_version":"2026-07-12","geometry_status":"not_embedded_boundary_available_by_url","boundary_source_url":"https://raw.githubusercontent.com/thanglequoc/vietnamese-provinces-database/master/json/geojson/86_vinh_long/wards/29374_chau_thanh.geojson","boundary_source_page":"https://github.com/thanglequoc/vietnamese-provinces-database/blob/master/json/geojson/86_vinh_long/wards/29374_chau_thanh.geojson","source_catalog":"https://github.com/thanglequoc/vietnamese-provinces-database"},"geometry":null},{"type":"Feature","id":"29386","properties":{"commune_code":"29386","commune_name":"Song Lộc","commune_name_en":"Song Loc","commune_full_name":"Xã Song Lộc","commune_full_name_en":"Song Loc Commune","commune_slug":"song_loc","unit_type":"Xã","unit_type_en":"Commune","admin_level":2,"province_code":"86","province_name":"Vĩnh Long","province_full_name":"Tỉnh Vĩnh Long","province_slug":"vinh_long","join_key":"29386","status":"active","dataset_effective_date":"2026-04-30","catalog_version":"2026-07-12","geometry_status":"not_embedded_boundary_available_by_url","boundary_source_url":"https://raw.githubusercontent.com/thanglequoc/vietnamese-provinces-database/master/json/geojson/86_vinh_long/wards/29386_song_loc.geojson","boundary_source_page":"https://github.com/thanglequoc/vietnamese-provinces-database/blob/master/json/geojson/86_vinh_long/wards/29386_song_loc.geojson","source_catalog":"https://github.com/thanglequoc/vietnamese-provinces-database"},"geometry":null},{"type":"Feature","id":"29398","properties":{"commune_code":"29398","commune_name":"Hoà Thuận","commune_name_en":"Hoa Thuan","commune_full_name":"Phường Hoà Thuận","commune_full_name_en":"Hoa Thuan Ward","commune_slug":"hoa_thuan","unit_type":"Phường","unit_type_en":"Ward","admin_level":2,"province_code":"86","province_name":"Vĩnh Long","province_full_name":"Tỉnh Vĩnh Long","province_slug":"vinh_long","join_key":"29398","status":"active","dataset_effective_date":"2026-04-30","catalog_version":"2026-07-12","geometry_status":"not_embedded_boundary_available_by_url","boundary_source_url":"https://raw.githubusercontent.com/thanglequoc/vietnamese-provinces-database/master/json/geojson/86_vinh_long/wards/29398_hoa_thuan.geojson","boundary_source_page":"https://github.com/thanglequoc/vietnamese-provinces-database/blob/master/json/geojson/86_vinh_long/wards/29398_hoa_thuan.geojson","source_catalog":"https://github.com/thanglequoc/vietnamese-provinces-database"},"geometry":null},{"type":"Feature","id":"29407","properties":{"commune_code":"29407","commune_name":"Hưng Mỹ","commune_name_en":"Hung My","commune_full_name":"Xã Hưng Mỹ","commune_full_name_en":"Hung My Commune","commune_slug":"hung_my","unit_type":"Xã","unit_type_en":"Commune","admin_level":2,"province_code":"86","province_name":"Vĩnh Long","province_full_name":"Tỉnh Vĩnh Long","province_slug":"vinh_long","join_key":"29407","status":"active","dataset_effective_date":"2026-04-30","catalog_version":"2026-07-12","geometry_status":"not_embedded_boundary_available_by_url","boundary_source_url":"https://raw.githubusercontent.com/thanglequoc/vietnamese-provinces-database/master/json/geojson/86_vinh_long/wards/29407_hung_my.geojson","boundary_source_page":"https://github.com/thanglequoc/vietnamese-provinces-database/blob/master/json/geojson/86_vinh_long/wards/29407_hung_my.geojson","source_catalog":"https://github.com/thanglequoc/vietnamese-provinces-database"},"geometry":null},{"type":"Feature","id":"29410","properties":{"commune_code":"29410","commune_name":"Hoà Minh","commune_name_en":"Hoa Minh","commune_full_name":"Xã Hoà Minh","commune_full_name_en":"Hoa Minh Commune","commune_slug":"hoa_minh","unit_type":"Xã","unit_type_en":"Commune","admin_level":2,"province_code":"86","province_name":"Vĩnh Long","province_full_name":"Tỉnh Vĩnh Long","province_slug":"vinh_long","join_key":"29410","status":"active","dataset_effective_date":"2026-04-30","catalog_version":"2026-07-12","geometry_status":"not_embedded_boundary_available_by_url","boundary_source_url":"https://raw.githubusercontent.com/thanglequoc/vietnamese-provinces-database/master/json/geojson/86_vinh_long/wards/29410_hoa_minh.geojson","boundary_source_page":"https://github.com/thanglequoc/vietnamese-provinces-database/blob/master/json/geojson/86_vinh_long/wards/29410_hoa_minh.geojson","source_catalog":"https://github.com/thanglequoc/vietnamese-provinces-database"},"geometry":null},{"type":"Feature","id":"29413","properties":{"commune_code":"29413","commune_name":"Long Hoà","commune_name_en":"Long Hoa","commune_full_name":"Xã Long Hoà","commune_full_name_en":"Long Hoa Commune","commune_slug":"long_hoa","unit_type":"Xã","unit_type_en":"Commune","admin_level":2,"province_code":"86","province_name":"Vĩnh Long","province_full_name":"Tỉnh Vĩnh Long","province_slug":"vinh_long","join_key":"29413","status":"active","dataset_effective_date":"2026-04-30","catalog_version":"2026-07-12","geometry_status":"not_embedded_boundary_available_by_url","boundary_source_url":"https://raw.githubusercontent.com/thanglequoc/vietnamese-provinces-database/master/json/geojson/86_vinh_long/wards/29413_long_hoa.geojson","boundary_source_page":"https://github.com/thanglequoc/vietnamese-provinces-database/blob/master/json/geojson/86_vinh_long/wards/29413_long_hoa.geojson","source_catalog":"https://github.com/thanglequoc/vietnamese-provinces-database"},"geometry":null},{"type":"Feature","id":"29416","properties":{"commune_code":"29416","commune_name":"Cầu Ngang","commune_name_en":"Cau Ngang","commune_full_name":"Xã Cầu Ngang","commune_full_name_en":"Cau Ngang Commune","commune_slug":"cau_ngang","unit_type":"Xã","unit_type_en":"Commune","admin_level":2,"province_code":"86","province_name":"Vĩnh Long","province_full_name":"Tỉnh Vĩnh Long","province_slug":"vinh_long","join_key":"29416","status":"active","dataset_effective_date":"2026-04-30","catalog_version":"2026-07-12","geometry_status":"not_embedded_boundary_available_by_url","boundary_source_url":"https://raw.githubusercontent.com/thanglequoc/vietnamese-provinces-database/master/json/geojson/86_vinh_long/wards/29416_cau_ngang.geojson","boundary_source_page":"https://github.com/thanglequoc/vietnamese-provinces-database/blob/master/json/geojson/86_vinh_long/wards/29416_cau_ngang.geojson","source_catalog":"https://github.com/thanglequoc/vietnamese-provinces-database"},"geometry":null},{"type":"Feature","id":"29419","properties":{"commune_code":"29419","commune_name":"Mỹ Long","commune_name_en":"My Long","commune_full_name":"Xã Mỹ Long","commune_full_name_en":"My Long Commune","commune_slug":"my_long","unit_type":"Xã","unit_type_en":"Commune","admin_level":2,"province_code":"86","province_name":"Vĩnh Long","province_full_name":"Tỉnh Vĩnh Long","province_slug":"vinh_long","join_key":"29419","status":"active","dataset_effective_date":"2026-04-30","catalog_version":"2026-07-12","geometry_status":"not_embedded_boundary_available_by_url","boundary_source_url":"https://raw.githubusercontent.com/thanglequoc/vietnamese-provinces-database/master/json/geojson/86_vinh_long/wards/29419_my_long.geojson","boundary_source_page":"https://github.com/thanglequoc/vietnamese-provinces-database/blob/master/json/geojson/86_vinh_long/wards/29419_my_long.geojson","source_catalog":"https://github.com/thanglequoc/vietnamese-provinces-database"},"geometry":null},{"type":"Feature","id":"29431","properties":{"commune_code":"29431","commune_name":"Vinh Kim","commune_name_en":"Vinh Kim","commune_full_name":"Xã Vinh Kim","commune_full_name_en":"Vinh Kim Commune","commune_slug":"vinh_kim","unit_type":"Xã","unit_type_en":"Commune","admin_level":2,"province_code":"86","province_name":"Vĩnh Long","province_full_name":"Tỉnh Vĩnh Long","province_slug":"vinh_long","join_key":"29431","status":"active","dataset_effective_date":"2026-04-30","catalog_version":"2026-07-12","geometry_status":"not_embedded_boundary_available_by_url","boundary_source_url":"https://raw.githubusercontent.com/thanglequoc/vietnamese-provinces-database/master/json/geojson/86_vinh_long/wards/29431_vinh_kim.geojson","boundary_source_page":"https://github.com/thanglequoc/vietnamese-provinces-database/blob/master/json/geojson/86_vinh_long/wards/29431_vinh_kim.geojson","source_catalog":"https://github.com/thanglequoc/vietnamese-provinces-database"},"geometry":null},{"type":"Feature","id":"29446","properties":{"commune_code":"29446","commune_name":"Nhị Trường","commune_name_en":"Nhi Truong","commune_full_name":"Xã Nhị Trường","commune_full_name_en":"Nhi Truong Commune","commune_slug":"nhi_truong","unit_type":"Xã","unit_type_en":"Commune","admin_level":2,"province_code":"86","province_name":"Vĩnh Long","province_full_name":"Tỉnh Vĩnh Long","province_slug":"vinh_long","join_key":"29446","status":"active","dataset_effective_date":"2026-04-30","catalog_version":"2026-07-12","geometry_status":"not_embedded_boundary_available_by_url","boundary_source_url":"https://raw.githubusercontent.com/thanglequoc/vietnamese-provinces-database/master/json/geojson/86_vinh_long/wards/29446_nhi_truong.geojson","boundary_source_page":"https://github.com/thanglequoc/vietnamese-provinces-database/blob/master/json/geojson/86_vinh_long/wards/29446_nhi_truong.geojson","source_catalog":"https://github.com/thanglequoc/vietnamese-provinces-database"},"geometry":null},{"type":"Feature","id":"29455","properties":{"commune_code":"29455","commune_name":"Hiệp Mỹ","commune_name_en":"Hiep My","commune_full_name":"Xã Hiệp Mỹ","commune_full_name_en":"Hiep My Commune","commune_slug":"hiep_my","unit_type":"Xã","unit_type_en":"Commune","admin_level":2,"province_code":"86","province_name":"Vĩnh Long","province_full_name":"Tỉnh Vĩnh Long","province_slug":"vinh_long","join_key":"29455","status":"active","dataset_effective_date":"2026-04-30","catalog_version":"2026-07-12","geometry_status":"not_embedded_boundary_available_by_url","boundary_source_url":"https://raw.githubusercontent.com/thanglequoc/vietnamese-provinces-database/master/json/geojson/86_vinh_long/wards/29455_hiep_my.geojson","boundary_source_page":"https://github.com/thanglequoc/vietnamese-provinces-database/blob/master/json/geojson/86_vinh_long/wards/29455_hiep_my.geojson","source_catalog":"https://github.com/thanglequoc/vietnamese-provinces-database"},"geometry":null},{"type":"Feature","id":"29461","properties":{"commune_code":"29461","commune_name":"Trà Cú","commune_name_en":"Tra Cu","commune_full_name":"Xã Trà Cú","commune_full_name_en":"Tra Cu Commune","commune_slug":"tra_cu","unit_type":"Xã","unit_type_en":"Commune","admin_level":2,"province_code":"86","province_name":"Vĩnh Long","province_full_name":"Tỉnh Vĩnh Long","province_slug":"vinh_long","join_key":"29461","status":"active","dataset_effective_date":"2026-04-30","catalog_version":"2026-07-12","geometry_status":"not_embedded_boundary_available_by_url","boundary_source_url":"https://raw.githubusercontent.com/thanglequoc/vietnamese-provinces-database/master/json/geojson/86_vinh_long/wards/29461_tra_cu.geojson","boundary_source_page":"https://github.com/thanglequoc/vietnamese-provinces-database/blob/master/json/geojson/86_vinh_long/wards/29461_tra_cu.geojson","source_catalog":"https://github.com/thanglequoc/vietnamese-provinces-database"},"geometry":null},{"type":"Feature","id":"29467","properties":{"commune_code":"29467","commune_name":"Tập Sơn","commune_name_en":"Tap Son","commune_full_name":"Xã Tập Sơn","commune_full_name_en":"Tap Son Commune","commune_slug":"tap_son","unit_type":"Xã","unit_type_en":"Commune","admin_level":2,"province_code":"86","province_name":"Vĩnh Long","province_full_name":"Tỉnh Vĩnh Long","province_slug":"vinh_long","join_key":"29467","status":"active","dataset_effective_date":"2026-04-30","catalog_version":"2026-07-12","geometry_status":"not_embedded_boundary_available_by_url","boundary_source_url":"https://raw.githubusercontent.com/thanglequoc/vietnamese-provinces-database/master/json/geojson/86_vinh_long/wards/29467_tap_son.geojson","boundary_source_page":"https://github.com/thanglequoc/vietnamese-provinces-database/blob/master/json/geojson/86_vinh_long/wards/29467_tap_son.geojson","source_catalog":"https://github.com/thanglequoc/vietnamese-provinces-database"},"geometry":null},{"type":"Feature","id":"29476","properties":{"commune_code":"29476","commune_name":"Lưu Nghiệp Anh","commune_name_en":"Luu Nghiep Anh","commune_full_name":"Xã Lưu Nghiệp Anh","commune_full_name_en":"Luu Nghiep Anh Commune","commune_slug":"luu_nghiep_anh","unit_type":"Xã","unit_type_en":"Commune","admin_level":2,"province_code":"86","province_name":"Vĩnh Long","province_full_name":"Tỉnh Vĩnh Long","province_slug":"vinh_long","join_key":"29476","status":"active","dataset_effective_date":"2026-04-30","catalog_version":"2026-07-12","geometry_status":"not_embedded_boundary_available_by_url","boundary_source_url":"https://raw.githubusercontent.com/thanglequoc/vietnamese-provinces-database/master/json/geojson/86_vinh_long/wards/29476_luu_nghiep_anh.geojson","boundary_source_page":"https://github.com/thanglequoc/vietnamese-provinces-database/blob/master/json/geojson/86_vinh_long/wards/29476_luu_nghiep_anh.geojson","source_catalog":"https://github.com/thanglequoc/vietnamese-provinces-database"},"geometry":null},{"type":"Feature","id":"29489","properties":{"commune_code":"29489","commune_name":"Hàm Giang","commune_name_en":"Ham Giang","commune_full_name":"Xã Hàm Giang","commune_full_name_en":"Ham Giang Commune","commune_slug":"ham_giang","unit_type":"Xã","unit_type_en":"Commune","admin_level":2,"province_code":"86","province_name":"Vĩnh Long","province_full_name":"Tỉnh Vĩnh Long","province_slug":"vinh_long","join_key":"29489","status":"active","dataset_effective_date":"2026-04-30","catalog_version":"2026-07-12","geometry_status":"not_embedded_boundary_available_by_url","boundary_source_url":"https://raw.githubusercontent.com/thanglequoc/vietnamese-provinces-database/master/json/geojson/86_vinh_long/wards/29489_ham_giang.geojson","boundary_source_page":"https://github.com/thanglequoc/vietnamese-provinces-database/blob/master/json/geojson/86_vinh_long/wards/29489_ham_giang.geojson","source_catalog":"https://github.com/thanglequoc/vietnamese-provinces-database"},"geometry":null},{"type":"Feature","id":"29491","properties":{"commune_code":"29491","commune_name":"Đại An","commune_name_en":"Dai An","commune_full_name":"Xã Đại An","commune_full_name_en":"Dai An Commune","commune_slug":"dai_an","unit_type":"Xã","unit_type_en":"Commune","admin_level":2,"province_code":"86","province_name":"Vĩnh Long","province_full_name":"Tỉnh Vĩnh Long","province_slug":"vinh_long","join_key":"29491","status":"active","dataset_effective_date":"2026-04-30","catalog_version":"2026-07-12","geometry_status":"not_embedded_boundary_available_by_url","boundary_source_url":"https://raw.githubusercontent.com/thanglequoc/vietnamese-provinces-database/master/json/geojson/86_vinh_long/wards/29491_dai_an.geojson","boundary_source_page":"https://github.com/thanglequoc/vietnamese-provinces-database/blob/master/json/geojson/86_vinh_long/wards/29491_dai_an.geojson","source_catalog":"https://github.com/thanglequoc/vietnamese-provinces-database"},"geometry":null},{"type":"Feature","id":"29497","properties":{"commune_code":"29497","commune_name":"Đôn Châu","commune_name_en":"Don Chau","commune_full_name":"Xã Đôn Châu","commune_full_name_en":"Don Chau Commune","commune_slug":"don_chau","unit_type":"Xã","unit_type_en":"Commune","admin_level":2,"province_code":"86","province_name":"Vĩnh Long","province_full_name":"Tỉnh Vĩnh Long","province_slug":"vinh_long","join_key":"29497","status":"active","dataset_effective_date":"2026-04-30","catalog_version":"2026-07-12","geometry_status":"not_embedded_boundary_available_by_url","boundary_source_url":"https://raw.githubusercontent.com/thanglequoc/vietnamese-provinces-database/master/json/geojson/86_vinh_long/wards/29497_don_chau.geojson","boundary_source_page":"https://github.com/thanglequoc/vietnamese-provinces-database/blob/master/json/geojson/86_vinh_long/wards/29497_don_chau.geojson","source_catalog":"https://github.com/thanglequoc/vietnamese-provinces-database"},"geometry":null},{"type":"Feature","id":"29506","properties":{"commune_code":"29506","commune_name":"Long Hiệp","commune_name_en":"Long Hiep","commune_full_name":"Xã Long Hiệp","commune_full_name_en":"Long Hiep Commune","commune_slug":"long_hiep","unit_type":"Xã","unit_type_en":"Commune","admin_level":2,"province_code":"86","province_name":"Vĩnh Long","province_full_name":"Tỉnh Vĩnh Long","province_slug":"vinh_long","join_key":"29506","status":"active","dataset_effective_date":"2026-04-30","catalog_version":"2026-07-12","geometry_status":"not_embedded_boundary_available_by_url","boundary_source_url":"https://raw.githubusercontent.com/thanglequoc/vietnamese-provinces-database/master/json/geojson/86_vinh_long/wards/29506_long_hiep.geojson","boundary_source_page":"https://github.com/thanglequoc/vietnamese-provinces-database/blob/master/json/geojson/86_vinh_long/wards/29506_long_hiep.geojson","source_catalog":"https://github.com/thanglequoc/vietnamese-provinces-database"},"geometry":null},{"type":"Feature","id":"29512","properties":{"commune_code":"29512","commune_name":"Duyên Hải","commune_name_en":"Duyen Hai","commune_full_name":"Phường Duyên Hải","commune_full_name_en":"Duyen Hai Ward","commune_slug":"duyen_hai","unit_type":"Phường","unit_type_en":"Ward","admin_level":2,"province_code":"86","province_name":"Vĩnh Long","province_full_name":"Tỉnh Vĩnh Long","province_slug":"vinh_long","join_key":"29512","status":"active","dataset_effective_date":"2026-04-30","catalog_version":"2026-07-12","geometry_status":"not_embedded_boundary_available_by_url","boundary_source_url":"https://raw.githubusercontent.com/thanglequoc/vietnamese-provinces-database/master/json/geojson/86_vinh_long/wards/29512_duyen_hai.geojson","boundary_source_page":"https://github.com/thanglequoc/vietnamese-provinces-database/blob/master/json/geojson/86_vinh_long/wards/29512_duyen_hai.geojson","source_catalog":"https://github.com/thanglequoc/vietnamese-provinces-database"},"geometry":null},{"type":"Feature","id":"29513","properties":{"commune_code":"29513","commune_name":"Long Thành","commune_name_en":"Long Thanh","commune_full_name":"Xã Long Thành","commune_full_name_en":"Long Thanh Commune","commune_slug":"long_thanh","unit_type":"Xã","unit_type_en":"Commune","admin_level":2,"province_code":"86","province_name":"Vĩnh Long","province_full_name":"Tỉnh Vĩnh Long","province_slug":"vinh_long","join_key":"29513","status":"active","dataset_effective_date":"2026-04-30","catalog_version":"2026-07-12","geometry_status":"not_embedded_boundary_available_by_url","boundary_source_url":"https://raw.githubusercontent.com/thanglequoc/vietnamese-provinces-database/master/json/geojson/86_vinh_long/wards/29513_long_thanh.geojson","boundary_source_page":"https://github.com/thanglequoc/vietnamese-provinces-database/blob/master/json/geojson/86_vinh_long/wards/29513_long_thanh.geojson","source_catalog":"https://github.com/thanglequoc/vietnamese-provinces-database"},"geometry":null},{"type":"Feature","id":"29516","properties":{"commune_code":"29516","commune_name":"Trường Long Hoà","commune_name_en":"Truong Long Hoa","commune_full_name":"Phường Trường Long Hoà","commune_full_name_en":"Truong Long Hoa Ward","commune_slug":"truong_long_hoa","unit_type":"Phường","unit_type_en":"Ward","admin_level":2,"province_code":"86","province_name":"Vĩnh Long","province_full_name":"Tỉnh Vĩnh Long","province_slug":"vinh_long","join_key":"29516","status":"active","dataset_effective_date":"2026-04-30","catalog_version":"2026-07-12","geometry_status":"not_embedded_boundary_available_by_url","boundary_source_url":"https://raw.githubusercontent.com/thanglequoc/vietnamese-provinces-database/master/json/geojson/86_vinh_long/wards/29516_truong_long_hoa.geojson","boundary_source_page":"https://github.com/thanglequoc/vietnamese-provinces-database/blob/master/json/geojson/86_vinh_long/wards/29516_truong_long_hoa.geojson","source_catalog":"https://github.com/thanglequoc/vietnamese-provinces-database"},"geometry":null},{"type":"Feature","id":"29518","properties":{"commune_code":"29518","commune_name":"Long Hữu","commune_name_en":"Long Huu","commune_full_name":"Xã Long Hữu","commune_full_name_en":"Long Huu Commune","commune_slug":"long_huu","unit_type":"Xã","unit_type_en":"Commune","admin_level":2,"province_code":"86","province_name":"Vĩnh Long","province_full_name":"Tỉnh Vĩnh Long","province_slug":"vinh_long","join_key":"29518","status":"active","dataset_effective_date":"2026-04-30","catalog_version":"2026-07-12","geometry_status":"not_embedded_boundary_available_by_url","boundary_source_url":"https://raw.githubusercontent.com/thanglequoc/vietnamese-provinces-database/master/json/geojson/86_vinh_long/wards/29518_long_huu.geojson","boundary_source_page":"https://github.com/thanglequoc/vietnamese-provinces-database/blob/master/json/geojson/86_vinh_long/wards/29518_long_huu.geojson","source_catalog":"https://github.com/thanglequoc/vietnamese-provinces-database"},"geometry":null},{"type":"Feature","id":"29530","properties":{"commune_code":"29530","commune_name":"Ngũ Lạc","commune_name_en":"Ngu Lac","commune_full_name":"Xã Ngũ Lạc","commune_full_name_en":"Ngu Lac Commune","commune_slug":"ngu_lac","unit_type":"Xã","unit_type_en":"Commune","admin_level":2,"province_code":"86","province_name":"Vĩnh Long","province_full_name":"Tỉnh Vĩnh Long","province_slug":"vinh_long","join_key":"29530","status":"active","dataset_effective_date":"2026-04-30","catalog_version":"2026-07-12","geometry_status":"not_embedded_boundary_available_by_url","boundary_source_url":"https://raw.githubusercontent.com/thanglequoc/vietnamese-provinces-database/master/json/geojson/86_vinh_long/wards/29530_ngu_lac.geojson","boundary_source_page":"https://github.com/thanglequoc/vietnamese-provinces-database/blob/master/json/geojson/86_vinh_long/wards/29530_ngu_lac.geojson","source_catalog":"https://github.com/thanglequoc/vietnamese-provinces-database"},"geometry":null},{"type":"Feature","id":"29533","properties":{"commune_code":"29533","commune_name":"Long Vĩnh","commune_name_en":"Long Vinh","commune_full_name":"Xã Long Vĩnh","commune_full_name_en":"Long Vinh Commune","commune_slug":"long_vinh","unit_type":"Xã","unit_type_en":"Commune","admin_level":2,"province_code":"86","province_name":"Vĩnh Long","province_full_name":"Tỉnh Vĩnh Long","province_slug":"vinh_long","join_key":"29533","status":"active","dataset_effective_date":"2026-04-30","catalog_version":"2026-07-12","geometry_status":"not_embedded_boundary_available_by_url","boundary_source_url":"https://raw.githubusercontent.com/thanglequoc/vietnamese-provinces-database/master/json/geojson/86_vinh_long/wards/29533_long_vinh.geojson","boundary_source_page":"https://github.com/thanglequoc/vietnamese-provinces-database/blob/master/json/geojson/86_vinh_long/wards/29533_long_vinh.geojson","source_catalog":"https://github.com/thanglequoc/vietnamese-provinces-database"},"geometry":null},{"type":"Feature","id":"29536","properties":{"commune_code":"29536","commune_name":"Đông Hải","commune_name_en":"Dong Hai","commune_full_name":"Xã Đông Hải","commune_full_name_en":"Dong Hai Commune","commune_slug":"dong_hai","unit_type":"Xã","unit_type_en":"Commune","admin_level":2,"province_code":"86","province_name":"Vĩnh Long","province_full_name":"Tỉnh Vĩnh Long","province_slug":"vinh_long","join_key":"29536","status":"active","dataset_effective_date":"2026-04-30","catalog_version":"2026-07-12","geometry_status":"not_embedded_boundary_available_by_url","boundary_source_url":"https://raw.githubusercontent.com/thanglequoc/vietnamese-provinces-database/master/json/geojson/86_vinh_long/wards/29536_dong_hai.geojson","boundary_source_page":"https://github.com/thanglequoc/vietnamese-provinces-database/blob/master/json/geojson/86_vinh_long/wards/29536_dong_hai.geojson","source_catalog":"https://github.com/thanglequoc/vietnamese-provinces-database"},"geometry":null},{"type":"Feature","id":"29551","properties":{"commune_code":"29551","commune_name":"Long Châu","commune_name_en":"Long Chau","commune_full_name":"Phường Long Châu","commune_full_name_en":"Long Chau Ward","commune_slug":"long_chau","unit_type":"Phường","unit_type_en":"Ward","admin_level":2,"province_code":"86","province_name":"Vĩnh Long","province_full_name":"Tỉnh Vĩnh Long","province_slug":"vinh_long","join_key":"29551","status":"active","dataset_effective_date":"2026-04-30","catalog_version":"2026-07-12","geometry_status":"not_embedded_boundary_available_by_url","boundary_source_url":"https://raw.githubusercontent.com/thanglequoc/vietnamese-provinces-database/master/json/geojson/86_vinh_long/wards/29551_long_chau.geojson","boundary_source_page":"https://github.com/thanglequoc/vietnamese-provinces-database/blob/master/json/geojson/86_vinh_long/wards/29551_long_chau.geojson","source_catalog":"https://github.com/thanglequoc/vietnamese-provinces-database"},"geometry":null},{"type":"Feature","id":"29557","properties":{"commune_code":"29557","commune_name":"Phước Hậu","commune_name_en":"Phuoc Hau","commune_full_name":"Phường Phước Hậu","commune_full_name_en":"Phuoc Hau Ward","commune_slug":"phuoc_hau","unit_type":"Phường","unit_type_en":"Ward","admin_level":2,"province_code":"86","province_name":"Vĩnh Long","province_full_name":"Tỉnh Vĩnh Long","province_slug":"vinh_long","join_key":"29557","status":"active","dataset_effective_date":"2026-04-30","catalog_version":"2026-07-12","geometry_status":"not_embedded_boundary_available_by_url","boundary_source_url":"https://raw.githubusercontent.com/thanglequoc/vietnamese-provinces-database/master/json/geojson/86_vinh_long/wards/29557_phuoc_hau.geojson","boundary_source_page":"https://github.com/thanglequoc/vietnamese-provinces-database/blob/master/json/geojson/86_vinh_long/wards/29557_phuoc_hau.geojson","source_catalog":"https://github.com/thanglequoc/vietnamese-provinces-database"},"geometry":null},{"type":"Feature","id":"29566","properties":{"commune_code":"29566","commune_name":"Tân Ngãi","commune_name_en":"Tan Ngai","commune_full_name":"Phường Tân Ngãi","commune_full_name_en":"Tan Ngai Ward","commune_slug":"tan_ngai","unit_type":"Phường","unit_type_en":"Ward","admin_level":2,"province_code":"86","province_name":"Vĩnh Long","province_full_name":"Tỉnh Vĩnh Long","province_slug":"vinh_long","join_key":"29566","status":"active","dataset_effective_date":"2026-04-30","catalog_version":"2026-07-12","geometry_status":"not_embedded_boundary_available_by_url","boundary_source_url":"https://raw.githubusercontent.com/thanglequoc/vietnamese-provinces-database/master/json/geojson/86_vinh_long/wards/29566_tan_ngai.geojson","boundary_source_page":"https://github.com/thanglequoc/vietnamese-provinces-database/blob/master/json/geojson/86_vinh_long/wards/29566_tan_ngai.geojson","source_catalog":"https://github.com/thanglequoc/vietnamese-provinces-database"},"geometry":null},{"type":"Feature","id":"29584","properties":{"commune_code":"29584","commune_name":"An Bình","commune_name_en":"An Binh","commune_full_name":"Xã An Bình","commune_full_name_en":"An Binh Commune","commune_slug":"an_binh","unit_type":"Xã","unit_type_en":"Commune","admin_level":2,"province_code":"86","province_name":"Vĩnh Long","province_full_name":"Tỉnh Vĩnh Long","province_slug":"vinh_long","join_key":"29584","status":"active","dataset_effective_date":"2026-04-30","catalog_version":"2026-07-12","geometry_status":"not_embedded_boundary_available_by_url","boundary_source_url":"https://raw.githubusercontent.com/thanglequoc/vietnamese-provinces-database/master/json/geojson/86_vinh_long/wards/29584_an_binh.geojson","boundary_source_page":"https://github.com/thanglequoc/vietnamese-provinces-database/blob/master/json/geojson/86_vinh_long/wards/29584_an_binh.geojson","source_catalog":"https://github.com/thanglequoc/vietnamese-provinces-database"},"geometry":null},{"type":"Feature","id":"29590","properties":{"commune_code":"29590","commune_name":"Thanh Đức","commune_name_en":"Thanh Duc","commune_full_name":"Phường Thanh Đức","commune_full_name_en":"Thanh Duc Ward","commune_slug":"thanh_duc","unit_type":"Phường","unit_type_en":"Ward","admin_level":2,"province_code":"86","province_name":"Vĩnh Long","province_full_name":"Tỉnh Vĩnh Long","province_slug":"vinh_long","join_key":"29590","status":"active","dataset_effective_date":"2026-04-30","catalog_version":"2026-07-12","geometry_status":"not_embedded_boundary_available_by_url","boundary_source_url":"https://raw.githubusercontent.com/thanglequoc/vietnamese-provinces-database/master/json/geojson/86_vinh_long/wards/29590_thanh_duc.geojson","boundary_source_page":"https://github.com/thanglequoc/vietnamese-provinces-database/blob/master/json/geojson/86_vinh_long/wards/29590_thanh_duc.geojson","source_catalog":"https://github.com/thanglequoc/vietnamese-provinces-database"},"geometry":null},{"type":"Feature","id":"29593","properties":{"commune_code":"29593","commune_name":"Tân Hạnh","commune_name_en":"Tan Hanh","commune_full_name":"Phường Tân Hạnh","commune_full_name_en":"Tan Hanh Ward","commune_slug":"tan_hanh","unit_type":"Phường","unit_type_en":"Ward","admin_level":2,"province_code":"86","province_name":"Vĩnh Long","province_full_name":"Tỉnh Vĩnh Long","province_slug":"vinh_long","join_key":"29593","status":"active","dataset_effective_date":"2026-04-30","catalog_version":"2026-07-12","geometry_status":"not_embedded_boundary_available_by_url","boundary_source_url":"https://raw.githubusercontent.com/thanglequoc/vietnamese-provinces-database/master/json/geojson/86_vinh_long/wards/29593_tan_hanh.geojson","boundary_source_page":"https://github.com/thanglequoc/vietnamese-provinces-database/blob/master/json/geojson/86_vinh_long/wards/29593_tan_hanh.geojson","source_catalog":"https://github.com/thanglequoc/vietnamese-provinces-database"},"geometry":null},{"type":"Feature","id":"29602","properties":{"commune_code":"29602","commune_name":"Long Hồ","commune_name_en":"Long Ho","commune_full_name":"Xã Long Hồ","commune_full_name_en":"Long Ho Commune","commune_slug":"long_ho","unit_type":"Xã","unit_type_en":"Commune","admin_level":2,"province_code":"86","province_name":"Vĩnh Long","province_full_name":"Tỉnh Vĩnh Long","province_slug":"vinh_long","join_key":"29602","status":"active","dataset_effective_date":"2026-04-30","catalog_version":"2026-07-12","geometry_status":"not_embedded_boundary_available_by_url","boundary_source_url":"https://raw.githubusercontent.com/thanglequoc/vietnamese-provinces-database/master/json/geojson/86_vinh_long/wards/29602_long_ho.geojson","boundary_source_page":"https://github.com/thanglequoc/vietnamese-provinces-database/blob/master/json/geojson/86_vinh_long/wards/29602_long_ho.geojson","source_catalog":"https://github.com/thanglequoc/vietnamese-provinces-database"},"geometry":null},{"type":"Feature","id":"29611","properties":{"commune_code":"29611","commune_name":"Phú Quới","commune_name_en":"Phu Quoi","commune_full_name":"Xã Phú Quới","commune_full_name_en":"Phu Quoi Commune","commune_slug":"phu_quoi","unit_type":"Xã","unit_type_en":"Commune","admin_level":2,"province_code":"86","province_name":"Vĩnh Long","province_full_name":"Tỉnh Vĩnh Long","province_slug":"vinh_long","join_key":"29611","status":"active","dataset_effective_date":"2026-04-30","catalog_version":"2026-07-12","geometry_status":"not_embedded_boundary_available_by_url","boundary_source_url":"https://raw.githubusercontent.com/thanglequoc/vietnamese-provinces-database/master/json/geojson/86_vinh_long/wards/29611_phu_quoi.geojson","boundary_source_page":"https://github.com/thanglequoc/vietnamese-provinces-database/blob/master/json/geojson/86_vinh_long/wards/29611_phu_quoi.geojson","source_catalog":"https://github.com/thanglequoc/vietnamese-provinces-database"},"geometry":null},{"type":"Feature","id":"29623","properties":{"commune_code":"29623","commune_name":"Nhơn Phú","commune_name_en":"Nhon Phu","commune_full_name":"Xã Nhơn Phú","commune_full_name_en":"Nhon Phu Commune","commune_slug":"nhon_phu","unit_type":"Xã","unit_type_en":"Commune","admin_level":2,"province_code":"86","province_name":"Vĩnh Long","province_full_name":"Tỉnh Vĩnh Long","province_slug":"vinh_long","join_key":"29623","status":"active","dataset_effective_date":"2026-04-30","catalog_version":"2026-07-12","geometry_status":"not_embedded_boundary_available_by_url","boundary_source_url":"https://raw.githubusercontent.com/thanglequoc/vietnamese-provinces-database/master/json/geojson/86_vinh_long/wards/29623_nhon_phu.geojson","boundary_source_page":"https://github.com/thanglequoc/vietnamese-provinces-database/blob/master/json/geojson/86_vinh_long/wards/29623_nhon_phu.geojson","source_catalog":"https://github.com/thanglequoc/vietnamese-provinces-database"},"geometry":null},{"type":"Feature","id":"29638","properties":{"commune_code":"29638","commune_name":"Bình Phước","commune_name_en":"Binh Phuoc","commune_full_name":"Xã Bình Phước","commune_full_name_en":"Binh Phuoc Commune","commune_slug":"binh_phuoc","unit_type":"Xã","unit_type_en":"Commune","admin_level":2,"province_code":"86","province_name":"Vĩnh Long","province_full_name":"Tỉnh Vĩnh Long","province_slug":"vinh_long","join_key":"29638","status":"active","dataset_effective_date":"2026-04-30","catalog_version":"2026-07-12","geometry_status":"not_embedded_boundary_available_by_url","boundary_source_url":"https://raw.githubusercontent.com/thanglequoc/vietnamese-provinces-database/master/json/geojson/86_vinh_long/wards/29638_binh_phuoc.geojson","boundary_source_page":"https://github.com/thanglequoc/vietnamese-provinces-database/blob/master/json/geojson/86_vinh_long/wards/29638_binh_phuoc.geojson","source_catalog":"https://github.com/thanglequoc/vietnamese-provinces-database"},"geometry":null},{"type":"Feature","id":"29641","properties":{"commune_code":"29641","commune_name":"Cái Nhum","commune_name_en":"Cai Nhum","commune_full_name":"Xã Cái Nhum","commune_full_name_en":"Cai Nhum Commune","commune_slug":"cai_nhum","unit_type":"Xã","unit_type_en":"Commune","admin_level":2,"province_code":"86","province_name":"Vĩnh Long","province_full_name":"Tỉnh Vĩnh Long","province_slug":"vinh_long","join_key":"29641","status":"active","dataset_effective_date":"2026-04-30","catalog_version":"2026-07-12","geometry_status":"not_embedded_boundary_available_by_url","boundary_source_url":"https://raw.githubusercontent.com/thanglequoc/vietnamese-provinces-database/master/json/geojson/86_vinh_long/wards/29641_cai_nhum.geojson","boundary_source_page":"https://github.com/thanglequoc/vietnamese-provinces-database/blob/master/json/geojson/86_vinh_long/wards/29641_cai_nhum.geojson","source_catalog":"https://github.com/thanglequoc/vietnamese-provinces-database"},"geometry":null},{"type":"Feature","id":"29653","properties":{"commune_code":"29653","commune_name":"Tân Long Hội","commune_name_en":"Tan Long Hoi","commune_full_name":"Xã Tân Long Hội","commune_full_name_en":"Tan Long Hoi Commune","commune_slug":"tan_long_hoi","unit_type":"Xã","unit_type_en":"Commune","admin_level":2,"province_code":"86","province_name":"Vĩnh Long","province_full_name":"Tỉnh Vĩnh Long","province_slug":"vinh_long","join_key":"29653","status":"active","dataset_effective_date":"2026-04-30","catalog_version":"2026-07-12","geometry_status":"not_embedded_boundary_available_by_url","boundary_source_url":"https://raw.githubusercontent.com/thanglequoc/vietnamese-provinces-database/master/json/geojson/86_vinh_long/wards/29653_tan_long_hoi.geojson","boundary_source_page":"https://github.com/thanglequoc/vietnamese-provinces-database/blob/master/json/geojson/86_vinh_long/wards/29653_tan_long_hoi.geojson","source_catalog":"https://github.com/thanglequoc/vietnamese-provinces-database"},"geometry":null},{"type":"Feature","id":"29659","properties":{"commune_code":"29659","commune_name":"Trung Thành","commune_name_en":"Trung Thanh","commune_full_name":"Xã Trung Thành","commune_full_name_en":"Trung Thanh Commune","commune_slug":"trung_thanh","unit_type":"Xã","unit_type_en":"Commune","admin_level":2,"province_code":"86","province_name":"Vĩnh Long","province_full_name":"Tỉnh Vĩnh Long","province_slug":"vinh_long","join_key":"29659","status":"active","dataset_effective_date":"2026-04-30","catalog_version":"2026-07-12","geometry_status":"not_embedded_boundary_available_by_url","boundary_source_url":"https://raw.githubusercontent.com/thanglequoc/vietnamese-provinces-database/master/json/geojson/86_vinh_long/wards/29659_trung_thanh.geojson","boundary_source_page":"https://github.com/thanglequoc/vietnamese-provinces-database/blob/master/json/geojson/86_vinh_long/wards/29659_trung_thanh.geojson","source_catalog":"https://github.com/thanglequoc/vietnamese-provinces-database"},"geometry":null},{"type":"Feature","id":"29668","properties":{"commune_code":"29668","commune_name":"Quới An","commune_name_en":"Quoi An","commune_full_name":"Xã Quới An","commune_full_name_en":"Quoi An Commune","commune_slug":"quoi_an","unit_type":"Xã","unit_type_en":"Commune","admin_level":2,"province_code":"86","province_name":"Vĩnh Long","province_full_name":"Tỉnh Vĩnh Long","province_slug":"vinh_long","join_key":"29668","status":"active","dataset_effective_date":"2026-04-30","catalog_version":"2026-07-12","geometry_status":"not_embedded_boundary_available_by_url","boundary_source_url":"https://raw.githubusercontent.com/thanglequoc/vietnamese-provinces-database/master/json/geojson/86_vinh_long/wards/29668_quoi_an.geojson","boundary_source_page":"https://github.com/thanglequoc/vietnamese-provinces-database/blob/master/json/geojson/86_vinh_long/wards/29668_quoi_an.geojson","source_catalog":"https://github.com/thanglequoc/vietnamese-provinces-database"},"geometry":null},{"type":"Feature","id":"29677","properties":{"commune_code":"29677","commune_name":"Quới Thiện","commune_name_en":"Quoi Thien","commune_full_name":"Xã Quới Thiện","commune_full_name_en":"Quoi Thien Commune","commune_slug":"quoi_thien","unit_type":"Xã","unit_type_en":"Commune","admin_level":2,"province_code":"86","province_name":"Vĩnh Long","province_full_name":"Tỉnh Vĩnh Long","province_slug":"vinh_long","join_key":"29677","status":"active","dataset_effective_date":"2026-04-30","catalog_version":"2026-07-12","geometry_status":"not_embedded_boundary_available_by_url","boundary_source_url":"https://raw.githubusercontent.com/thanglequoc/vietnamese-provinces-database/master/json/geojson/86_vinh_long/wards/29677_quoi_thien.geojson","boundary_source_page":"https://github.com/thanglequoc/vietnamese-provinces-database/blob/master/json/geojson/86_vinh_long/wards/29677_quoi_thien.geojson","source_catalog":"https://github.com/thanglequoc/vietnamese-provinces-database"},"geometry":null},{"type":"Feature","id":"29683","properties":{"commune_code":"29683","commune_name":"Trung Hiệp","commune_name_en":"Trung Hiep","commune_full_name":"Xã Trung Hiệp","commune_full_name_en":"Trung Hiep Commune","commune_slug":"trung_hiep","unit_type":"Xã","unit_type_en":"Commune","admin_level":2,"province_code":"86","province_name":"Vĩnh Long","province_full_name":"Tỉnh Vĩnh Long","province_slug":"vinh_long","join_key":"29683","status":"active","dataset_effective_date":"2026-04-30","catalog_version":"2026-07-12","geometry_status":"not_embedded_boundary_available_by_url","boundary_source_url":"https://raw.githubusercontent.com/thanglequoc/vietnamese-provinces-database/master/json/geojson/86_vinh_long/wards/29683_trung_hiep.geojson","boundary_source_page":"https://github.com/thanglequoc/vietnamese-provinces-database/blob/master/json/geojson/86_vinh_long/wards/29683_trung_hiep.geojson","source_catalog":"https://github.com/thanglequoc/vietnamese-provinces-database"},"geometry":null},{"type":"Feature","id":"29698","properties":{"commune_code":"29698","commune_name":"Trung Ngãi","commune_name_en":"Trung Ngai","commune_full_name":"Xã Trung Ngãi","commune_full_name_en":"Trung Ngai Commune","commune_slug":"trung_ngai","unit_type":"Xã","unit_type_en":"Commune","admin_level":2,"province_code":"86","province_name":"Vĩnh Long","province_full_name":"Tỉnh Vĩnh Long","province_slug":"vinh_long","join_key":"29698","status":"active","dataset_effective_date":"2026-04-30","catalog_version":"2026-07-12","geometry_status":"not_embedded_boundary_available_by_url","boundary_source_url":"https://raw.githubusercontent.com/thanglequoc/vietnamese-provinces-database/master/json/geojson/86_vinh_long/wards/29698_trung_ngai.geojson","boundary_source_page":"https://github.com/thanglequoc/vietnamese-provinces-database/blob/master/json/geojson/86_vinh_long/wards/29698_trung_ngai.geojson","source_catalog":"https://github.com/thanglequoc/vietnamese-provinces-database"},"geometry":null},{"type":"Feature","id":"29701","properties":{"commune_code":"29701","commune_name":"Hiếu Phụng","commune_name_en":"Hieu Phung","commune_full_name":"Xã Hiếu Phụng","commune_full_name_en":"Hieu Phung Commune","commune_slug":"hieu_phung","unit_type":"Xã","unit_type_en":"Commune","admin_level":2,"province_code":"86","province_name":"Vĩnh Long","province_full_name":"Tỉnh Vĩnh Long","province_slug":"vinh_long","join_key":"29701","status":"active","dataset_effective_date":"2026-04-30","catalog_version":"2026-07-12","geometry_status":"not_embedded_boundary_available_by_url","boundary_source_url":"https://raw.githubusercontent.com/thanglequoc/vietnamese-provinces-database/master/json/geojson/86_vinh_long/wards/29701_hieu_phung.geojson","boundary_source_page":"https://github.com/thanglequoc/vietnamese-provinces-database/blob/master/json/geojson/86_vinh_long/wards/29701_hieu_phung.geojson","source_catalog":"https://github.com/thanglequoc/vietnamese-provinces-database"},"geometry":null},{"type":"Feature","id":"29713","properties":{"commune_code":"29713","commune_name":"Hiếu Thành","commune_name_en":"Hieu Thanh","commune_full_name":"Xã Hiếu Thành","commune_full_name_en":"Hieu Thanh Commune","commune_slug":"hieu_thanh","unit_type":"Xã","unit_type_en":"Commune","admin_level":2,"province_code":"86","province_name":"Vĩnh Long","province_full_name":"Tỉnh Vĩnh Long","province_slug":"vinh_long","join_key":"29713","status":"active","dataset_effective_date":"2026-04-30","catalog_version":"2026-07-12","geometry_status":"not_embedded_boundary_available_by_url","boundary_source_url":"https://raw.githubusercontent.com/thanglequoc/vietnamese-provinces-database/master/json/geojson/86_vinh_long/wards/29713_hieu_thanh.geojson","boundary_source_page":"https://github.com/thanglequoc/vietnamese-provinces-database/blob/master/json/geojson/86_vinh_long/wards/29713_hieu_thanh.geojson","source_catalog":"https://github.com/thanglequoc/vietnamese-provinces-database"},"geometry":null},{"type":"Feature","id":"29719","properties":{"commune_code":"29719","commune_name":"Tam Bình","commune_name_en":"Tam Binh","commune_full_name":"Xã Tam Bình","commune_full_name_en":"Tam Binh Commune","commune_slug":"tam_binh","unit_type":"Xã","unit_type_en":"Commune","admin_level":2,"province_code":"86","province_name":"Vĩnh Long","province_full_name":"Tỉnh Vĩnh Long","province_slug":"vinh_long","join_key":"29719","status":"active","dataset_effective_date":"2026-04-30","catalog_version":"2026-07-12","geometry_status":"not_embedded_boundary_available_by_url","boundary_source_url":"https://raw.githubusercontent.com/thanglequoc/vietnamese-provinces-database/master/json/geojson/86_vinh_long/wards/29719_tam_binh.geojson","boundary_source_page":"https://github.com/thanglequoc/vietnamese-provinces-database/blob/master/json/geojson/86_vinh_long/wards/29719_tam_binh.geojson","source_catalog":"https://github.com/thanglequoc/vietnamese-provinces-database"},"geometry":null},{"type":"Feature","id":"29728","properties":{"commune_code":"29728","commune_name":"Cái Ngang","commune_name_en":"Cai Ngang","commune_full_name":"Xã Cái Ngang","commune_full_name_en":"Cai Ngang Commune","commune_slug":"cai_ngang","unit_type":"Xã","unit_type_en":"Commune","admin_level":2,"province_code":"86","province_name":"Vĩnh Long","province_full_name":"Tỉnh Vĩnh Long","province_slug":"vinh_long","join_key":"29728","status":"active","dataset_effective_date":"2026-04-30","catalog_version":"2026-07-12","geometry_status":"not_embedded_boundary_available_by_url","boundary_source_url":"https://raw.githubusercontent.com/thanglequoc/vietnamese-provinces-database/master/json/geojson/86_vinh_long/wards/29728_cai_ngang.geojson","boundary_source_page":"https://github.com/thanglequoc/vietnamese-provinces-database/blob/master/json/geojson/86_vinh_long/wards/29728_cai_ngang.geojson","source_catalog":"https://github.com/thanglequoc/vietnamese-provinces-database"},"geometry":null},{"type":"Feature","id":"29734","properties":{"commune_code":"29734","commune_name":"Hoà Hiệp","commune_name_en":"Hoa Hiep","commune_full_name":"Xã Hoà Hiệp","commune_full_name_en":"Hoa Hiep Commune","commune_slug":"hoa_hiep","unit_type":"Xã","unit_type_en":"Commune","admin_level":2,"province_code":"86","province_name":"Vĩnh Long","province_full_name":"Tỉnh Vĩnh Long","province_slug":"vinh_long","join_key":"29734","status":"active","dataset_effective_date":"2026-04-30","catalog_version":"2026-07-12","geometry_status":"not_embedded_boundary_available_by_url","boundary_source_url":"https://raw.githubusercontent.com/thanglequoc/vietnamese-provinces-database/master/json/geojson/86_vinh_long/wards/29734_hoa_hiep.geojson","boundary_source_page":"https://github.com/thanglequoc/vietnamese-provinces-database/blob/master/json/geojson/86_vinh_long/wards/29734_hoa_hiep.geojson","source_catalog":"https://github.com/thanglequoc/vietnamese-provinces-database"},"geometry":null},{"type":"Feature","id":"29740","properties":{"commune_code":"29740","commune_name":"Song Phú","commune_name_en":"Song Phu","commune_full_name":"Xã Song Phú","commune_full_name_en":"Song Phu Commune","commune_slug":"song_phu","unit_type":"Xã","unit_type_en":"Commune","admin_level":2,"province_code":"86","province_name":"Vĩnh Long","province_full_name":"Tỉnh Vĩnh Long","province_slug":"vinh_long","join_key":"29740","status":"active","dataset_effective_date":"2026-04-30","catalog_version":"2026-07-12","geometry_status":"not_embedded_boundary_available_by_url","boundary_source_url":"https://raw.githubusercontent.com/thanglequoc/vietnamese-provinces-database/master/json/geojson/86_vinh_long/wards/29740_song_phu.geojson","boundary_source_page":"https://github.com/thanglequoc/vietnamese-provinces-database/blob/master/json/geojson/86_vinh_long/wards/29740_song_phu.geojson","source_catalog":"https://github.com/thanglequoc/vietnamese-provinces-database"},"geometry":null},{"type":"Feature","id":"29767","properties":{"commune_code":"29767","commune_name":"Ngãi Tứ","commune_name_en":"Ngai Tu","commune_full_name":"Xã Ngãi Tứ","commune_full_name_en":"Ngai Tu Commune","commune_slug":"ngai_tu","unit_type":"Xã","unit_type_en":"Commune","admin_level":2,"province_code":"86","province_name":"Vĩnh Long","province_full_name":"Tỉnh Vĩnh Long","province_slug":"vinh_long","join_key":"29767","status":"active","dataset_effective_date":"2026-04-30","catalog_version":"2026-07-12","geometry_status":"not_embedded_boundary_available_by_url","boundary_source_url":"https://raw.githubusercontent.com/thanglequoc/vietnamese-provinces-database/master/json/geojson/86_vinh_long/wards/29767_ngai_tu.geojson","boundary_source_page":"https://github.com/thanglequoc/vietnamese-provinces-database/blob/master/json/geojson/86_vinh_long/wards/29767_ngai_tu.geojson","source_catalog":"https://github.com/thanglequoc/vietnamese-provinces-database"},"geometry":null},{"type":"Feature","id":"29770","properties":{"commune_code":"29770","commune_name":"Cái Vồn","commune_name_en":"Cai Von","commune_full_name":"Phường Cái Vồn","commune_full_name_en":"Cai Von Ward","commune_slug":"cai_von","unit_type":"Phường","unit_type_en":"Ward","admin_level":2,"province_code":"86","province_name":"Vĩnh Long","province_full_name":"Tỉnh Vĩnh Long","province_slug":"vinh_long","join_key":"29770","status":"active","dataset_effective_date":"2026-04-30","catalog_version":"2026-07-12","geometry_status":"not_embedded_boundary_available_by_url","boundary_source_url":"https://raw.githubusercontent.com/thanglequoc/vietnamese-provinces-database/master/json/geojson/86_vinh_long/wards/29770_cai_von.geojson","boundary_source_page":"https://github.com/thanglequoc/vietnamese-provinces-database/blob/master/json/geojson/86_vinh_long/wards/29770_cai_von.geojson","source_catalog":"https://github.com/thanglequoc/vietnamese-provinces-database"},"geometry":null},{"type":"Feature","id":"29771","properties":{"commune_code":"29771","commune_name":"Bình Minh","commune_name_en":"Binh Minh","commune_full_name":"Phường Bình Minh","commune_full_name_en":"Binh Minh Ward","commune_slug":"binh_minh","unit_type":"Phường","unit_type_en":"Ward","admin_level":2,"province_code":"86","province_name":"Vĩnh Long","province_full_name":"Tỉnh Vĩnh Long","province_slug":"vinh_long","join_key":"29771","status":"active","dataset_effective_date":"2026-04-30","catalog_version":"2026-07-12","geometry_status":"not_embedded_boundary_available_by_url","boundary_source_url":"https://raw.githubusercontent.com/thanglequoc/vietnamese-provinces-database/master/json/geojson/86_vinh_long/wards/29771_binh_minh.geojson","boundary_source_page":"https://github.com/thanglequoc/vietnamese-provinces-database/blob/master/json/geojson/86_vinh_long/wards/29771_binh_minh.geojson","source_catalog":"https://github.com/thanglequoc/vietnamese-provinces-database"},"geometry":null},{"type":"Feature","id":"29785","properties":{"commune_code":"29785","commune_name":"Tân Lược","commune_name_en":"Tan Luoc","commune_full_name":"Xã Tân Lược","commune_full_name_en":"Tan Luoc Commune","commune_slug":"tan_luoc","unit_type":"Xã","unit_type_en":"Commune","admin_level":2,"province_code":"86","province_name":"Vĩnh Long","province_full_name":"Tỉnh Vĩnh Long","province_slug":"vinh_long","join_key":"29785","status":"active","dataset_effective_date":"2026-04-30","catalog_version":"2026-07-12","geometry_status":"not_embedded_boundary_available_by_url","boundary_source_url":"https://raw.githubusercontent.com/thanglequoc/vietnamese-provinces-database/master/json/geojson/86_vinh_long/wards/29785_tan_luoc.geojson","boundary_source_page":"https://github.com/thanglequoc/vietnamese-provinces-database/blob/master/json/geojson/86_vinh_long/wards/29785_tan_luoc.geojson","source_catalog":"https://github.com/thanglequoc/vietnamese-provinces-database"},"geometry":null},{"type":"Feature","id":"29788","properties":{"commune_code":"29788","commune_name":"Mỹ Thuận","commune_name_en":"My Thuan","commune_full_name":"Xã Mỹ Thuận","commune_full_name_en":"My Thuan Commune","commune_slug":"my_thuan","unit_type":"Xã","unit_type_en":"Commune","admin_level":2,"province_code":"86","province_name":"Vĩnh Long","province_full_name":"Tỉnh Vĩnh Long","province_slug":"vinh_long","join_key":"29788","status":"active","dataset_effective_date":"2026-04-30","catalog_version":"2026-07-12","geometry_status":"not_embedded_boundary_available_by_url","boundary_source_url":"https://raw.githubusercontent.com/thanglequoc/vietnamese-provinces-database/master/json/geojson/86_vinh_long/wards/29788_my_thuan.geojson","boundary_source_page":"https://github.com/thanglequoc/vietnamese-provinces-database/blob/master/json/geojson/86_vinh_long/wards/29788_my_thuan.geojson","source_catalog":"https://github.com/thanglequoc/vietnamese-provinces-database"},"geometry":null},{"type":"Feature","id":"29800","properties":{"commune_code":"29800","commune_name":"Tân Quới","commune_name_en":"Tan Quoi","commune_full_name":"Xã Tân Quới","commune_full_name_en":"Tan Quoi Commune","commune_slug":"tan_quoi","unit_type":"Xã","unit_type_en":"Commune","admin_level":2,"province_code":"86","province_name":"Vĩnh Long","province_full_name":"Tỉnh Vĩnh Long","province_slug":"vinh_long","join_key":"29800","status":"active","dataset_effective_date":"2026-04-30","catalog_version":"2026-07-12","geometry_status":"not_embedded_boundary_available_by_url","boundary_source_url":"https://raw.githubusercontent.com/thanglequoc/vietnamese-provinces-database/master/json/geojson/86_vinh_long/wards/29800_tan_quoi.geojson","boundary_source_page":"https://github.com/thanglequoc/vietnamese-provinces-database/blob/master/json/geojson/86_vinh_long/wards/29800_tan_quoi.geojson","source_catalog":"https://github.com/thanglequoc/vietnamese-provinces-database"},"geometry":null},{"type":"Feature","id":"29812","properties":{"commune_code":"29812","commune_name":"Đông Thành","commune_name_en":"Dong Thanh","commune_full_name":"Phường Đông Thành","commune_full_name_en":"Dong Thanh Ward","commune_slug":"dong_thanh","unit_type":"Phường","unit_type_en":"Ward","admin_level":2,"province_code":"86","province_name":"Vĩnh Long","province_full_name":"Tỉnh Vĩnh Long","province_slug":"vinh_long","join_key":"29812","status":"active","dataset_effective_date":"2026-04-30","catalog_version":"2026-07-12","geometry_status":"not_embedded_boundary_available_by_url","boundary_source_url":"https://raw.githubusercontent.com/thanglequoc/vietnamese-provinces-database/master/json/geojson/86_vinh_long/wards/29812_dong_thanh.geojson","boundary_source_page":"https://github.com/thanglequoc/vietnamese-provinces-database/blob/master/json/geojson/86_vinh_long/wards/29812_dong_thanh.geojson","source_catalog":"https://github.com/thanglequoc/vietnamese-provinces-database"},"geometry":null},{"type":"Feature","id":"29821","properties":{"commune_code":"29821","commune_name":"Trà Ôn","commune_name_en":"Tra On","commune_full_name":"Xã Trà Ôn","commune_full_name_en":"Tra On Commune","commune_slug":"tra_on","unit_type":"Xã","unit_type_en":"Commune","admin_level":2,"province_code":"86","province_name":"Vĩnh Long","province_full_name":"Tỉnh Vĩnh Long","province_slug":"vinh_long","join_key":"29821","status":"active","dataset_effective_date":"2026-04-30","catalog_version":"2026-07-12","geometry_status":"not_embedded_boundary_available_by_url","boundary_source_url":"https://raw.githubusercontent.com/thanglequoc/vietnamese-provinces-database/master/json/geojson/86_vinh_long/wards/29821_tra_on.geojson","boundary_source_page":"https://github.com/thanglequoc/vietnamese-provinces-database/blob/master/json/geojson/86_vinh_long/wards/29821_tra_on.geojson","source_catalog":"https://github.com/thanglequoc/vietnamese-provinces-database"},"geometry":null},{"type":"Feature","id":"29830","properties":{"commune_code":"29830","commune_name":"Hoà Bình","commune_name_en":"Hoa Binh","commune_full_name":"Xã Hoà Bình","commune_full_name_en":"Hoa Binh Commune","commune_slug":"hoa_binh","unit_type":"Xã","unit_type_en":"Commune","admin_level":2,"province_code":"86","province_name":"Vĩnh Long","province_full_name":"Tỉnh Vĩnh Long","province_slug":"vinh_long","join_key":"29830","status":"active","dataset_effective_date":"2026-04-30","catalog_version":"2026-07-12","geometry_status":"not_embedded_boundary_available_by_url","boundary_source_url":"https://raw.githubusercontent.com/thanglequoc/vietnamese-provinces-database/master/json/geojson/86_vinh_long/wards/29830_hoa_binh.geojson","boundary_source_page":"https://github.com/thanglequoc/vietnamese-provinces-database/blob/master/json/geojson/86_vinh_long/wards/29830_hoa_binh.geojson","source_catalog":"https://github.com/thanglequoc/vietnamese-provinces-database"},"geometry":null},{"type":"Feature","id":"29836","properties":{"commune_code":"29836","commune_name":"Trà Côn","commune_name_en":"Tra Con","commune_full_name":"Xã Trà Côn","commune_full_name_en":"Tra Con Commune","commune_slug":"tra_con","unit_type":"Xã","unit_type_en":"Commune","admin_level":2,"province_code":"86","province_name":"Vĩnh Long","province_full_name":"Tỉnh Vĩnh Long","province_slug":"vinh_long","join_key":"29836","status":"active","dataset_effective_date":"2026-04-30","catalog_version":"2026-07-12","geometry_status":"not_embedded_boundary_available_by_url","boundary_source_url":"https://raw.githubusercontent.com/thanglequoc/vietnamese-provinces-database/master/json/geojson/86_vinh_long/wards/29836_tra_con.geojson","boundary_source_page":"https://github.com/thanglequoc/vietnamese-provinces-database/blob/master/json/geojson/86_vinh_long/wards/29836_tra_con.geojson","source_catalog":"https://github.com/thanglequoc/vietnamese-provinces-database"},"geometry":null},{"type":"Feature","id":"29845","properties":{"commune_code":"29845","commune_name":"Vĩnh Xuân","commune_name_en":"Vinh Xuan","commune_full_name":"Xã Vĩnh Xuân","commune_full_name_en":"Vinh Xuan Commune","commune_slug":"vinh_xuan","unit_type":"Xã","unit_type_en":"Commune","admin_level":2,"province_code":"86","province_name":"Vĩnh Long","province_full_name":"Tỉnh Vĩnh Long","province_slug":"vinh_long","join_key":"29845","status":"active","dataset_effective_date":"2026-04-30","catalog_version":"2026-07-12","geometry_status":"not_embedded_boundary_available_by_url","boundary_source_url":"https://raw.githubusercontent.com/thanglequoc/vietnamese-provinces-database/master/json/geojson/86_vinh_long/wards/29845_vinh_xuan.geojson","boundary_source_page":"https://github.com/thanglequoc/vietnamese-provinces-database/blob/master/json/geojson/86_vinh_long/wards/29845_vinh_xuan.geojson","source_catalog":"https://github.com/thanglequoc/vietnamese-provinces-database"},"geometry":null},{"type":"Feature","id":"29857","properties":{"commune_code":"29857","commune_name":"Lục Sĩ Thành","commune_name_en":"Luc Si Thanh","commune_full_name":"Xã Lục Sĩ Thành","commune_full_name_en":"Luc Si Thanh Commune","commune_slug":"luc_si_thanh","unit_type":"Xã","unit_type_en":"Commune","admin_level":2,"province_code":"86","province_name":"Vĩnh Long","province_full_name":"Tỉnh Vĩnh Long","province_slug":"vinh_long","join_key":"29857","status":"active","dataset_effective_date":"2026-04-30","catalog_version":"2026-07-12","geometry_status":"not_embedded_boundary_available_by_url","boundary_source_url":"https://raw.githubusercontent.com/thanglequoc/vietnamese-provinces-database/master/json/geojson/86_vinh_long/wards/29857_luc_si_thanh.geojson","boundary_source_page":"https://github.com/thanglequoc/vietnamese-provinces-database/blob/master/json/geojson/86_vinh_long/wards/29857_luc_si_thanh.geojson","source_catalog":"https://github.com/thanglequoc/vietnamese-provinces-database"},"geometry":null}]}