{"type":"FeatureCollection","name":"92_can_tho_communes_attributes","metadata":{"province_code":"92","province_name":"Cần Thơ","feature_count":103,"geometry":null,"join_key":"commune_code"},"features":[{"type":"Feature","id":"31120","properties":{"commune_code":"31120","commune_name":"Cái Khế","commune_name_en":"Cai Khe","commune_full_name":"Phường Cái Khế","commune_full_name_en":"Cai Khe Ward","commune_slug":"cai_khe","unit_type":"Phường","unit_type_en":"Ward","admin_level":2,"province_code":"92","province_name":"Cần Thơ","province_full_name":"Thành phố Cần Thơ","province_slug":"can_tho","join_key":"31120","status":"active","dataset_effective_date":"2026-04-30","catalog_version":"2026-07-12","geometry_status":"not_embedded_boundary_available_by_url","boundary_source_url":"https://raw.githubusercontent.com/thanglequoc/vietnamese-provinces-database/master/json/geojson/92_can_tho/wards/31120_cai_khe.geojson","boundary_source_page":"https://github.com/thanglequoc/vietnamese-provinces-database/blob/master/json/geojson/92_can_tho/wards/31120_cai_khe.geojson","source_catalog":"https://github.com/thanglequoc/vietnamese-provinces-database"},"geometry":null},{"type":"Feature","id":"31135","properties":{"commune_code":"31135","commune_name":"Ninh Kiều","commune_name_en":"Ninh Kieu","commune_full_name":"Phường Ninh Kiều","commune_full_name_en":"Ninh Kieu Ward","commune_slug":"ninh_kieu","unit_type":"Phường","unit_type_en":"Ward","admin_level":2,"province_code":"92","province_name":"Cần Thơ","province_full_name":"Thành phố Cần Thơ","province_slug":"can_tho","join_key":"31135","status":"active","dataset_effective_date":"2026-04-30","catalog_version":"2026-07-12","geometry_status":"not_embedded_boundary_available_by_url","boundary_source_url":"https://raw.githubusercontent.com/thanglequoc/vietnamese-provinces-database/master/json/geojson/92_can_tho/wards/31135_ninh_kieu.geojson","boundary_source_page":"https://github.com/thanglequoc/vietnamese-provinces-database/blob/master/json/geojson/92_can_tho/wards/31135_ninh_kieu.geojson","source_catalog":"https://github.com/thanglequoc/vietnamese-provinces-database"},"geometry":null},{"type":"Feature","id":"31147","properties":{"commune_code":"31147","commune_name":"Tân An","commune_name_en":"Tan An","commune_full_name":"Phường Tân An","commune_full_name_en":"Tan An Ward","commune_slug":"tan_an","unit_type":"Phường","unit_type_en":"Ward","admin_level":2,"province_code":"92","province_name":"Cần Thơ","province_full_name":"Thành phố Cần Thơ","province_slug":"can_tho","join_key":"31147","status":"active","dataset_effective_date":"2026-04-30","catalog_version":"2026-07-12","geometry_status":"not_embedded_boundary_available_by_url","boundary_source_url":"https://raw.githubusercontent.com/thanglequoc/vietnamese-provinces-database/master/json/geojson/92_can_tho/wards/31147_tan_an.geojson","boundary_source_page":"https://github.com/thanglequoc/vietnamese-provinces-database/blob/master/json/geojson/92_can_tho/wards/31147_tan_an.geojson","source_catalog":"https://github.com/thanglequoc/vietnamese-provinces-database"},"geometry":null},{"type":"Feature","id":"31150","properties":{"commune_code":"31150","commune_name":"An Bình","commune_name_en":"An Binh","commune_full_name":"Phường An Bình","commune_full_name_en":"An Binh Ward","commune_slug":"an_binh","unit_type":"Phường","unit_type_en":"Ward","admin_level":2,"province_code":"92","province_name":"Cần Thơ","province_full_name":"Thành phố Cần Thơ","province_slug":"can_tho","join_key":"31150","status":"active","dataset_effective_date":"2026-04-30","catalog_version":"2026-07-12","geometry_status":"not_embedded_boundary_available_by_url","boundary_source_url":"https://raw.githubusercontent.com/thanglequoc/vietnamese-provinces-database/master/json/geojson/92_can_tho/wards/31150_an_binh.geojson","boundary_source_page":"https://github.com/thanglequoc/vietnamese-provinces-database/blob/master/json/geojson/92_can_tho/wards/31150_an_binh.geojson","source_catalog":"https://github.com/thanglequoc/vietnamese-provinces-database"},"geometry":null},{"type":"Feature","id":"31153","properties":{"commune_code":"31153","commune_name":"Ô Môn","commune_name_en":"O Mon","commune_full_name":"Phường Ô Môn","commune_full_name_en":"O Mon Ward","commune_slug":"o_mon","unit_type":"Phường","unit_type_en":"Ward","admin_level":2,"province_code":"92","province_name":"Cần Thơ","province_full_name":"Thành phố Cần Thơ","province_slug":"can_tho","join_key":"31153","status":"active","dataset_effective_date":"2026-04-30","catalog_version":"2026-07-12","geometry_status":"not_embedded_boundary_available_by_url","boundary_source_url":"https://raw.githubusercontent.com/thanglequoc/vietnamese-provinces-database/master/json/geojson/92_can_tho/wards/31153_o_mon.geojson","boundary_source_page":"https://github.com/thanglequoc/vietnamese-provinces-database/blob/master/json/geojson/92_can_tho/wards/31153_o_mon.geojson","source_catalog":"https://github.com/thanglequoc/vietnamese-provinces-database"},"geometry":null},{"type":"Feature","id":"31157","properties":{"commune_code":"31157","commune_name":"Thới Long","commune_name_en":"Thoi Long","commune_full_name":"Phường Thới Long","commune_full_name_en":"Thoi Long Ward","commune_slug":"thoi_long","unit_type":"Phường","unit_type_en":"Ward","admin_level":2,"province_code":"92","province_name":"Cần Thơ","province_full_name":"Thành phố Cần Thơ","province_slug":"can_tho","join_key":"31157","status":"active","dataset_effective_date":"2026-04-30","catalog_version":"2026-07-12","geometry_status":"not_embedded_boundary_available_by_url","boundary_source_url":"https://raw.githubusercontent.com/thanglequoc/vietnamese-provinces-database/master/json/geojson/92_can_tho/wards/31157_thoi_long.geojson","boundary_source_page":"https://github.com/thanglequoc/vietnamese-provinces-database/blob/master/json/geojson/92_can_tho/wards/31157_thoi_long.geojson","source_catalog":"https://github.com/thanglequoc/vietnamese-provinces-database"},"geometry":null},{"type":"Feature","id":"31162","properties":{"commune_code":"31162","commune_name":"Phước Thới","commune_name_en":"Phuoc Thoi","commune_full_name":"Phường Phước Thới","commune_full_name_en":"Phuoc Thoi Ward","commune_slug":"phuoc_thoi","unit_type":"Phường","unit_type_en":"Ward","admin_level":2,"province_code":"92","province_name":"Cần Thơ","province_full_name":"Thành phố Cần Thơ","province_slug":"can_tho","join_key":"31162","status":"active","dataset_effective_date":"2026-04-30","catalog_version":"2026-07-12","geometry_status":"not_embedded_boundary_available_by_url","boundary_source_url":"https://raw.githubusercontent.com/thanglequoc/vietnamese-provinces-database/master/json/geojson/92_can_tho/wards/31162_phuoc_thoi.geojson","boundary_source_page":"https://github.com/thanglequoc/vietnamese-provinces-database/blob/master/json/geojson/92_can_tho/wards/31162_phuoc_thoi.geojson","source_catalog":"https://github.com/thanglequoc/vietnamese-provinces-database"},"geometry":null},{"type":"Feature","id":"31168","properties":{"commune_code":"31168","commune_name":"Bình Thuỷ","commune_name_en":"Binh Thuy","commune_full_name":"Phường Bình Thuỷ","commune_full_name_en":"Binh Thuy Ward","commune_slug":"binh_thuy","unit_type":"Phường","unit_type_en":"Ward","admin_level":2,"province_code":"92","province_name":"Cần Thơ","province_full_name":"Thành phố Cần Thơ","province_slug":"can_tho","join_key":"31168","status":"active","dataset_effective_date":"2026-04-30","catalog_version":"2026-07-12","geometry_status":"not_embedded_boundary_available_by_url","boundary_source_url":"https://raw.githubusercontent.com/thanglequoc/vietnamese-provinces-database/master/json/geojson/92_can_tho/wards/31168_binh_thuy.geojson","boundary_source_page":"https://github.com/thanglequoc/vietnamese-provinces-database/blob/master/json/geojson/92_can_tho/wards/31168_binh_thuy.geojson","source_catalog":"https://github.com/thanglequoc/vietnamese-provinces-database"},"geometry":null},{"type":"Feature","id":"31174","properties":{"commune_code":"31174","commune_name":"Thới An Đông","commune_name_en":"Thoi An Dong","commune_full_name":"Phường Thới An Đông","commune_full_name_en":"Thoi An Dong Ward","commune_slug":"thoi_an_dong","unit_type":"Phường","unit_type_en":"Ward","admin_level":2,"province_code":"92","province_name":"Cần Thơ","province_full_name":"Thành phố Cần Thơ","province_slug":"can_tho","join_key":"31174","status":"active","dataset_effective_date":"2026-04-30","catalog_version":"2026-07-12","geometry_status":"not_embedded_boundary_available_by_url","boundary_source_url":"https://raw.githubusercontent.com/thanglequoc/vietnamese-provinces-database/master/json/geojson/92_can_tho/wards/31174_thoi_an_dong.geojson","boundary_source_page":"https://github.com/thanglequoc/vietnamese-provinces-database/blob/master/json/geojson/92_can_tho/wards/31174_thoi_an_dong.geojson","source_catalog":"https://github.com/thanglequoc/vietnamese-provinces-database"},"geometry":null},{"type":"Feature","id":"31183","properties":{"commune_code":"31183","commune_name":"Long Tuyền","commune_name_en":"Long Tuyen","commune_full_name":"Phường Long Tuyền","commune_full_name_en":"Long Tuyen Ward","commune_slug":"long_tuyen","unit_type":"Phường","unit_type_en":"Ward","admin_level":2,"province_code":"92","province_name":"Cần Thơ","province_full_name":"Thành phố Cần Thơ","province_slug":"can_tho","join_key":"31183","status":"active","dataset_effective_date":"2026-04-30","catalog_version":"2026-07-12","geometry_status":"not_embedded_boundary_available_by_url","boundary_source_url":"https://raw.githubusercontent.com/thanglequoc/vietnamese-provinces-database/master/json/geojson/92_can_tho/wards/31183_long_tuyen.geojson","boundary_source_page":"https://github.com/thanglequoc/vietnamese-provinces-database/blob/master/json/geojson/92_can_tho/wards/31183_long_tuyen.geojson","source_catalog":"https://github.com/thanglequoc/vietnamese-provinces-database"},"geometry":null},{"type":"Feature","id":"31186","properties":{"commune_code":"31186","commune_name":"Cái Răng","commune_name_en":"Cai Rang","commune_full_name":"Phường Cái Răng","commune_full_name_en":"Cai Rang Ward","commune_slug":"cai_rang","unit_type":"Phường","unit_type_en":"Ward","admin_level":2,"province_code":"92","province_name":"Cần Thơ","province_full_name":"Thành phố Cần Thơ","province_slug":"can_tho","join_key":"31186","status":"active","dataset_effective_date":"2026-04-30","catalog_version":"2026-07-12","geometry_status":"not_embedded_boundary_available_by_url","boundary_source_url":"https://raw.githubusercontent.com/thanglequoc/vietnamese-provinces-database/master/json/geojson/92_can_tho/wards/31186_cai_rang.geojson","boundary_source_page":"https://github.com/thanglequoc/vietnamese-provinces-database/blob/master/json/geojson/92_can_tho/wards/31186_cai_rang.geojson","source_catalog":"https://github.com/thanglequoc/vietnamese-provinces-database"},"geometry":null},{"type":"Feature","id":"31201","properties":{"commune_code":"31201","commune_name":"Hưng Phú","commune_name_en":"Hung Phu","commune_full_name":"Phường Hưng Phú","commune_full_name_en":"Hung Phu Ward","commune_slug":"hung_phu","unit_type":"Phường","unit_type_en":"Ward","admin_level":2,"province_code":"92","province_name":"Cần Thơ","province_full_name":"Thành phố Cần Thơ","province_slug":"can_tho","join_key":"31201","status":"active","dataset_effective_date":"2026-04-30","catalog_version":"2026-07-12","geometry_status":"not_embedded_boundary_available_by_url","boundary_source_url":"https://raw.githubusercontent.com/thanglequoc/vietnamese-provinces-database/master/json/geojson/92_can_tho/wards/31201_hung_phu.geojson","boundary_source_page":"https://github.com/thanglequoc/vietnamese-provinces-database/blob/master/json/geojson/92_can_tho/wards/31201_hung_phu.geojson","source_catalog":"https://github.com/thanglequoc/vietnamese-provinces-database"},"geometry":null},{"type":"Feature","id":"31207","properties":{"commune_code":"31207","commune_name":"Thốt Nốt","commune_name_en":"Thot Not","commune_full_name":"Phường Thốt Nốt","commune_full_name_en":"Thot Not Ward","commune_slug":"thot_not","unit_type":"Phường","unit_type_en":"Ward","admin_level":2,"province_code":"92","province_name":"Cần Thơ","province_full_name":"Thành phố Cần Thơ","province_slug":"can_tho","join_key":"31207","status":"active","dataset_effective_date":"2026-04-30","catalog_version":"2026-07-12","geometry_status":"not_embedded_boundary_available_by_url","boundary_source_url":"https://raw.githubusercontent.com/thanglequoc/vietnamese-provinces-database/master/json/geojson/92_can_tho/wards/31207_thot_not.geojson","boundary_source_page":"https://github.com/thanglequoc/vietnamese-provinces-database/blob/master/json/geojson/92_can_tho/wards/31207_thot_not.geojson","source_catalog":"https://github.com/thanglequoc/vietnamese-provinces-database"},"geometry":null},{"type":"Feature","id":"31213","properties":{"commune_code":"31213","commune_name":"Tân Lộc","commune_name_en":"Tan Loc","commune_full_name":"Phường Tân Lộc","commune_full_name_en":"Tan Loc Ward","commune_slug":"tan_loc","unit_type":"Phường","unit_type_en":"Ward","admin_level":2,"province_code":"92","province_name":"Cần Thơ","province_full_name":"Thành phố Cần Thơ","province_slug":"can_tho","join_key":"31213","status":"active","dataset_effective_date":"2026-04-30","catalog_version":"2026-07-12","geometry_status":"not_embedded_boundary_available_by_url","boundary_source_url":"https://raw.githubusercontent.com/thanglequoc/vietnamese-provinces-database/master/json/geojson/92_can_tho/wards/31213_tan_loc.geojson","boundary_source_page":"https://github.com/thanglequoc/vietnamese-provinces-database/blob/master/json/geojson/92_can_tho/wards/31213_tan_loc.geojson","source_catalog":"https://github.com/thanglequoc/vietnamese-provinces-database"},"geometry":null},{"type":"Feature","id":"31217","properties":{"commune_code":"31217","commune_name":"Trung Nhứt","commune_name_en":"Trung Nhut","commune_full_name":"Phường Trung Nhứt","commune_full_name_en":"Trung Nhut Ward","commune_slug":"trung_nhut","unit_type":"Phường","unit_type_en":"Ward","admin_level":2,"province_code":"92","province_name":"Cần Thơ","province_full_name":"Thành phố Cần Thơ","province_slug":"can_tho","join_key":"31217","status":"active","dataset_effective_date":"2026-04-30","catalog_version":"2026-07-12","geometry_status":"not_embedded_boundary_available_by_url","boundary_source_url":"https://raw.githubusercontent.com/thanglequoc/vietnamese-provinces-database/master/json/geojson/92_can_tho/wards/31217_trung_nhut.geojson","boundary_source_page":"https://github.com/thanglequoc/vietnamese-provinces-database/blob/master/json/geojson/92_can_tho/wards/31217_trung_nhut.geojson","source_catalog":"https://github.com/thanglequoc/vietnamese-provinces-database"},"geometry":null},{"type":"Feature","id":"31228","properties":{"commune_code":"31228","commune_name":"Thuận Hưng","commune_name_en":"Thuan Hung","commune_full_name":"Phường Thuận Hưng","commune_full_name_en":"Thuan Hung Ward","commune_slug":"thuan_hung","unit_type":"Phường","unit_type_en":"Ward","admin_level":2,"province_code":"92","province_name":"Cần Thơ","province_full_name":"Thành phố Cần Thơ","province_slug":"can_tho","join_key":"31228","status":"active","dataset_effective_date":"2026-04-30","catalog_version":"2026-07-12","geometry_status":"not_embedded_boundary_available_by_url","boundary_source_url":"https://raw.githubusercontent.com/thanglequoc/vietnamese-provinces-database/master/json/geojson/92_can_tho/wards/31228_thuan_hung.geojson","boundary_source_page":"https://github.com/thanglequoc/vietnamese-provinces-database/blob/master/json/geojson/92_can_tho/wards/31228_thuan_hung.geojson","source_catalog":"https://github.com/thanglequoc/vietnamese-provinces-database"},"geometry":null},{"type":"Feature","id":"31231","properties":{"commune_code":"31231","commune_name":"Thạnh An","commune_name_en":"Thanh An","commune_full_name":"Xã Thạnh An","commune_full_name_en":"Thanh An Commune","commune_slug":"thanh_an","unit_type":"Xã","unit_type_en":"Commune","admin_level":2,"province_code":"92","province_name":"Cần Thơ","province_full_name":"Thành phố Cần Thơ","province_slug":"can_tho","join_key":"31231","status":"active","dataset_effective_date":"2026-04-30","catalog_version":"2026-07-12","geometry_status":"not_embedded_boundary_available_by_url","boundary_source_url":"https://raw.githubusercontent.com/thanglequoc/vietnamese-provinces-database/master/json/geojson/92_can_tho/wards/31231_thanh_an.geojson","boundary_source_page":"https://github.com/thanglequoc/vietnamese-provinces-database/blob/master/json/geojson/92_can_tho/wards/31231_thanh_an.geojson","source_catalog":"https://github.com/thanglequoc/vietnamese-provinces-database"},"geometry":null},{"type":"Feature","id":"31232","properties":{"commune_code":"31232","commune_name":"Vĩnh Thạnh","commune_name_en":"Vinh Thanh","commune_full_name":"Xã Vĩnh Thạnh","commune_full_name_en":"Vinh Thanh Commune","commune_slug":"vinh_thanh","unit_type":"Xã","unit_type_en":"Commune","admin_level":2,"province_code":"92","province_name":"Cần Thơ","province_full_name":"Thành phố Cần Thơ","province_slug":"can_tho","join_key":"31232","status":"active","dataset_effective_date":"2026-04-30","catalog_version":"2026-07-12","geometry_status":"not_embedded_boundary_available_by_url","boundary_source_url":"https://raw.githubusercontent.com/thanglequoc/vietnamese-provinces-database/master/json/geojson/92_can_tho/wards/31232_vinh_thanh.geojson","boundary_source_page":"https://github.com/thanglequoc/vietnamese-provinces-database/blob/master/json/geojson/92_can_tho/wards/31232_vinh_thanh.geojson","source_catalog":"https://github.com/thanglequoc/vietnamese-provinces-database"},"geometry":null},{"type":"Feature","id":"31237","properties":{"commune_code":"31237","commune_name":"Vĩnh Trinh","commune_name_en":"Vinh Trinh","commune_full_name":"Xã Vĩnh Trinh","commune_full_name_en":"Vinh Trinh Commune","commune_slug":"vinh_trinh","unit_type":"Xã","unit_type_en":"Commune","admin_level":2,"province_code":"92","province_name":"Cần Thơ","province_full_name":"Thành phố Cần Thơ","province_slug":"can_tho","join_key":"31237","status":"active","dataset_effective_date":"2026-04-30","catalog_version":"2026-07-12","geometry_status":"not_embedded_boundary_available_by_url","boundary_source_url":"https://raw.githubusercontent.com/thanglequoc/vietnamese-provinces-database/master/json/geojson/92_can_tho/wards/31237_vinh_trinh.geojson","boundary_source_page":"https://github.com/thanglequoc/vietnamese-provinces-database/blob/master/json/geojson/92_can_tho/wards/31237_vinh_trinh.geojson","source_catalog":"https://github.com/thanglequoc/vietnamese-provinces-database"},"geometry":null},{"type":"Feature","id":"31246","properties":{"commune_code":"31246","commune_name":"Thạnh Quới","commune_name_en":"Thanh Quoi","commune_full_name":"Xã Thạnh Quới","commune_full_name_en":"Thanh Quoi Commune","commune_slug":"thanh_quoi","unit_type":"Xã","unit_type_en":"Commune","admin_level":2,"province_code":"92","province_name":"Cần Thơ","province_full_name":"Thành phố Cần Thơ","province_slug":"can_tho","join_key":"31246","status":"active","dataset_effective_date":"2026-04-30","catalog_version":"2026-07-12","geometry_status":"not_embedded_boundary_available_by_url","boundary_source_url":"https://raw.githubusercontent.com/thanglequoc/vietnamese-provinces-database/master/json/geojson/92_can_tho/wards/31246_thanh_quoi.geojson","boundary_source_page":"https://github.com/thanglequoc/vietnamese-provinces-database/blob/master/json/geojson/92_can_tho/wards/31246_thanh_quoi.geojson","source_catalog":"https://github.com/thanglequoc/vietnamese-provinces-database"},"geometry":null},{"type":"Feature","id":"31249","properties":{"commune_code":"31249","commune_name":"Thạnh Phú","commune_name_en":"Thanh Phu","commune_full_name":"Xã Thạnh Phú","commune_full_name_en":"Thanh Phu Commune","commune_slug":"thanh_phu","unit_type":"Xã","unit_type_en":"Commune","admin_level":2,"province_code":"92","province_name":"Cần Thơ","province_full_name":"Thành phố Cần Thơ","province_slug":"can_tho","join_key":"31249","status":"active","dataset_effective_date":"2026-04-30","catalog_version":"2026-07-12","geometry_status":"not_embedded_boundary_available_by_url","boundary_source_url":"https://raw.githubusercontent.com/thanglequoc/vietnamese-provinces-database/master/json/geojson/92_can_tho/wards/31249_thanh_phu.geojson","boundary_source_page":"https://github.com/thanglequoc/vietnamese-provinces-database/blob/master/json/geojson/92_can_tho/wards/31249_thanh_phu.geojson","source_catalog":"https://github.com/thanglequoc/vietnamese-provinces-database"},"geometry":null},{"type":"Feature","id":"31255","properties":{"commune_code":"31255","commune_name":"Trung Hưng","commune_name_en":"Trung Hung","commune_full_name":"Xã Trung Hưng","commune_full_name_en":"Trung Hung Commune","commune_slug":"trung_hung","unit_type":"Xã","unit_type_en":"Commune","admin_level":2,"province_code":"92","province_name":"Cần Thơ","province_full_name":"Thành phố Cần Thơ","province_slug":"can_tho","join_key":"31255","status":"active","dataset_effective_date":"2026-04-30","catalog_version":"2026-07-12","geometry_status":"not_embedded_boundary_available_by_url","boundary_source_url":"https://raw.githubusercontent.com/thanglequoc/vietnamese-provinces-database/master/json/geojson/92_can_tho/wards/31255_trung_hung.geojson","boundary_source_page":"https://github.com/thanglequoc/vietnamese-provinces-database/blob/master/json/geojson/92_can_tho/wards/31255_trung_hung.geojson","source_catalog":"https://github.com/thanglequoc/vietnamese-provinces-database"},"geometry":null},{"type":"Feature","id":"31258","properties":{"commune_code":"31258","commune_name":"Thới Lai","commune_name_en":"Thoi Lai","commune_full_name":"Xã Thới Lai","commune_full_name_en":"Thoi Lai Commune","commune_slug":"thoi_lai","unit_type":"Xã","unit_type_en":"Commune","admin_level":2,"province_code":"92","province_name":"Cần Thơ","province_full_name":"Thành phố Cần Thơ","province_slug":"can_tho","join_key":"31258","status":"active","dataset_effective_date":"2026-04-30","catalog_version":"2026-07-12","geometry_status":"not_embedded_boundary_available_by_url","boundary_source_url":"https://raw.githubusercontent.com/thanglequoc/vietnamese-provinces-database/master/json/geojson/92_can_tho/wards/31258_thoi_lai.geojson","boundary_source_page":"https://github.com/thanglequoc/vietnamese-provinces-database/blob/master/json/geojson/92_can_tho/wards/31258_thoi_lai.geojson","source_catalog":"https://github.com/thanglequoc/vietnamese-provinces-database"},"geometry":null},{"type":"Feature","id":"31261","properties":{"commune_code":"31261","commune_name":"Cờ Đỏ","commune_name_en":"Co Do","commune_full_name":"Xã Cờ Đỏ","commune_full_name_en":"Co Do Commune","commune_slug":"co_do","unit_type":"Xã","unit_type_en":"Commune","admin_level":2,"province_code":"92","province_name":"Cần Thơ","province_full_name":"Thành phố Cần Thơ","province_slug":"can_tho","join_key":"31261","status":"active","dataset_effective_date":"2026-04-30","catalog_version":"2026-07-12","geometry_status":"not_embedded_boundary_available_by_url","boundary_source_url":"https://raw.githubusercontent.com/thanglequoc/vietnamese-provinces-database/master/json/geojson/92_can_tho/wards/31261_co_do.geojson","boundary_source_page":"https://github.com/thanglequoc/vietnamese-provinces-database/blob/master/json/geojson/92_can_tho/wards/31261_co_do.geojson","source_catalog":"https://github.com/thanglequoc/vietnamese-provinces-database"},"geometry":null},{"type":"Feature","id":"31264","properties":{"commune_code":"31264","commune_name":"Thới Hưng","commune_name_en":"Thoi Hung","commune_full_name":"Xã Thới Hưng","commune_full_name_en":"Thoi Hung Commune","commune_slug":"thoi_hung","unit_type":"Xã","unit_type_en":"Commune","admin_level":2,"province_code":"92","province_name":"Cần Thơ","province_full_name":"Thành phố Cần Thơ","province_slug":"can_tho","join_key":"31264","status":"active","dataset_effective_date":"2026-04-30","catalog_version":"2026-07-12","geometry_status":"not_embedded_boundary_available_by_url","boundary_source_url":"https://raw.githubusercontent.com/thanglequoc/vietnamese-provinces-database/master/json/geojson/92_can_tho/wards/31264_thoi_hung.geojson","boundary_source_page":"https://github.com/thanglequoc/vietnamese-provinces-database/blob/master/json/geojson/92_can_tho/wards/31264_thoi_hung.geojson","source_catalog":"https://github.com/thanglequoc/vietnamese-provinces-database"},"geometry":null},{"type":"Feature","id":"31273","properties":{"commune_code":"31273","commune_name":"Đông Hiệp","commune_name_en":"Dong Hiep","commune_full_name":"Xã Đông Hiệp","commune_full_name_en":"Dong Hiep Commune","commune_slug":"dong_hiep","unit_type":"Xã","unit_type_en":"Commune","admin_level":2,"province_code":"92","province_name":"Cần Thơ","province_full_name":"Thành phố Cần Thơ","province_slug":"can_tho","join_key":"31273","status":"active","dataset_effective_date":"2026-04-30","catalog_version":"2026-07-12","geometry_status":"not_embedded_boundary_available_by_url","boundary_source_url":"https://raw.githubusercontent.com/thanglequoc/vietnamese-provinces-database/master/json/geojson/92_can_tho/wards/31273_dong_hiep.geojson","boundary_source_page":"https://github.com/thanglequoc/vietnamese-provinces-database/blob/master/json/geojson/92_can_tho/wards/31273_dong_hiep.geojson","source_catalog":"https://github.com/thanglequoc/vietnamese-provinces-database"},"geometry":null},{"type":"Feature","id":"31282","properties":{"commune_code":"31282","commune_name":"Đông Thuận","commune_name_en":"Dong Thuan","commune_full_name":"Xã Đông Thuận","commune_full_name_en":"Dong Thuan Commune","commune_slug":"dong_thuan","unit_type":"Xã","unit_type_en":"Commune","admin_level":2,"province_code":"92","province_name":"Cần Thơ","province_full_name":"Thành phố Cần Thơ","province_slug":"can_tho","join_key":"31282","status":"active","dataset_effective_date":"2026-04-30","catalog_version":"2026-07-12","geometry_status":"not_embedded_boundary_available_by_url","boundary_source_url":"https://raw.githubusercontent.com/thanglequoc/vietnamese-provinces-database/master/json/geojson/92_can_tho/wards/31282_dong_thuan.geojson","boundary_source_page":"https://github.com/thanglequoc/vietnamese-provinces-database/blob/master/json/geojson/92_can_tho/wards/31282_dong_thuan.geojson","source_catalog":"https://github.com/thanglequoc/vietnamese-provinces-database"},"geometry":null},{"type":"Feature","id":"31288","properties":{"commune_code":"31288","commune_name":"Trường Thành","commune_name_en":"Truong Thanh","commune_full_name":"Xã Trường Thành","commune_full_name_en":"Truong Thanh Commune","commune_slug":"truong_thanh","unit_type":"Xã","unit_type_en":"Commune","admin_level":2,"province_code":"92","province_name":"Cần Thơ","province_full_name":"Thành phố Cần Thơ","province_slug":"can_tho","join_key":"31288","status":"active","dataset_effective_date":"2026-04-30","catalog_version":"2026-07-12","geometry_status":"not_embedded_boundary_available_by_url","boundary_source_url":"https://raw.githubusercontent.com/thanglequoc/vietnamese-provinces-database/master/json/geojson/92_can_tho/wards/31288_truong_thanh.geojson","boundary_source_page":"https://github.com/thanglequoc/vietnamese-provinces-database/blob/master/json/geojson/92_can_tho/wards/31288_truong_thanh.geojson","source_catalog":"https://github.com/thanglequoc/vietnamese-provinces-database"},"geometry":null},{"type":"Feature","id":"31294","properties":{"commune_code":"31294","commune_name":"Trường Xuân","commune_name_en":"Truong Xuan","commune_full_name":"Xã Trường Xuân","commune_full_name_en":"Truong Xuan Commune","commune_slug":"truong_xuan","unit_type":"Xã","unit_type_en":"Commune","admin_level":2,"province_code":"92","province_name":"Cần Thơ","province_full_name":"Thành phố Cần Thơ","province_slug":"can_tho","join_key":"31294","status":"active","dataset_effective_date":"2026-04-30","catalog_version":"2026-07-12","geometry_status":"not_embedded_boundary_available_by_url","boundary_source_url":"https://raw.githubusercontent.com/thanglequoc/vietnamese-provinces-database/master/json/geojson/92_can_tho/wards/31294_truong_xuan.geojson","boundary_source_page":"https://github.com/thanglequoc/vietnamese-provinces-database/blob/master/json/geojson/92_can_tho/wards/31294_truong_xuan.geojson","source_catalog":"https://github.com/thanglequoc/vietnamese-provinces-database"},"geometry":null},{"type":"Feature","id":"31299","properties":{"commune_code":"31299","commune_name":"Phong Điền","commune_name_en":"Phong Dien","commune_full_name":"Xã Phong Điền","commune_full_name_en":"Phong Dien Commune","commune_slug":"phong_dien","unit_type":"Xã","unit_type_en":"Commune","admin_level":2,"province_code":"92","province_name":"Cần Thơ","province_full_name":"Thành phố Cần Thơ","province_slug":"can_tho","join_key":"31299","status":"active","dataset_effective_date":"2026-04-30","catalog_version":"2026-07-12","geometry_status":"not_embedded_boundary_available_by_url","boundary_source_url":"https://raw.githubusercontent.com/thanglequoc/vietnamese-provinces-database/master/json/geojson/92_can_tho/wards/31299_phong_dien.geojson","boundary_source_page":"https://github.com/thanglequoc/vietnamese-provinces-database/blob/master/json/geojson/92_can_tho/wards/31299_phong_dien.geojson","source_catalog":"https://github.com/thanglequoc/vietnamese-provinces-database"},"geometry":null},{"type":"Feature","id":"31309","properties":{"commune_code":"31309","commune_name":"Trường Long","commune_name_en":"Truong Long","commune_full_name":"Xã Trường Long","commune_full_name_en":"Truong Long Commune","commune_slug":"truong_long","unit_type":"Xã","unit_type_en":"Commune","admin_level":2,"province_code":"92","province_name":"Cần Thơ","province_full_name":"Thành phố Cần Thơ","province_slug":"can_tho","join_key":"31309","status":"active","dataset_effective_date":"2026-04-30","catalog_version":"2026-07-12","geometry_status":"not_embedded_boundary_available_by_url","boundary_source_url":"https://raw.githubusercontent.com/thanglequoc/vietnamese-provinces-database/master/json/geojson/92_can_tho/wards/31309_truong_long.geojson","boundary_source_page":"https://github.com/thanglequoc/vietnamese-provinces-database/blob/master/json/geojson/92_can_tho/wards/31309_truong_long.geojson","source_catalog":"https://github.com/thanglequoc/vietnamese-provinces-database"},"geometry":null},{"type":"Feature","id":"31315","properties":{"commune_code":"31315","commune_name":"Nhơn Ái","commune_name_en":"Nhon Ai","commune_full_name":"Xã Nhơn Ái","commune_full_name_en":"Nhon Ai Commune","commune_slug":"nhon_ai","unit_type":"Xã","unit_type_en":"Commune","admin_level":2,"province_code":"92","province_name":"Cần Thơ","province_full_name":"Thành phố Cần Thơ","province_slug":"can_tho","join_key":"31315","status":"active","dataset_effective_date":"2026-04-30","catalog_version":"2026-07-12","geometry_status":"not_embedded_boundary_available_by_url","boundary_source_url":"https://raw.githubusercontent.com/thanglequoc/vietnamese-provinces-database/master/json/geojson/92_can_tho/wards/31315_nhon_ai.geojson","boundary_source_page":"https://github.com/thanglequoc/vietnamese-provinces-database/blob/master/json/geojson/92_can_tho/wards/31315_nhon_ai.geojson","source_catalog":"https://github.com/thanglequoc/vietnamese-provinces-database"},"geometry":null},{"type":"Feature","id":"31321","properties":{"commune_code":"31321","commune_name":"Vị Thanh","commune_name_en":"Vi Thanh","commune_full_name":"Phường Vị Thanh","commune_full_name_en":"Vi Thanh Ward","commune_slug":"vi_thanh","unit_type":"Phường","unit_type_en":"Ward","admin_level":2,"province_code":"92","province_name":"Cần Thơ","province_full_name":"Thành phố Cần Thơ","province_slug":"can_tho","join_key":"31321","status":"active","dataset_effective_date":"2026-04-30","catalog_version":"2026-07-12","geometry_status":"not_embedded_boundary_available_by_url","boundary_source_url":"https://raw.githubusercontent.com/thanglequoc/vietnamese-provinces-database/master/json/geojson/92_can_tho/wards/31321_vi_thanh.geojson","boundary_source_page":"https://github.com/thanglequoc/vietnamese-provinces-database/blob/master/json/geojson/92_can_tho/wards/31321_vi_thanh.geojson","source_catalog":"https://github.com/thanglequoc/vietnamese-provinces-database"},"geometry":null},{"type":"Feature","id":"31333","properties":{"commune_code":"31333","commune_name":"Vị Tân","commune_name_en":"Vi Tan","commune_full_name":"Phường Vị Tân","commune_full_name_en":"Vi Tan Ward","commune_slug":"vi_tan","unit_type":"Phường","unit_type_en":"Ward","admin_level":2,"province_code":"92","province_name":"Cần Thơ","province_full_name":"Thành phố Cần Thơ","province_slug":"can_tho","join_key":"31333","status":"active","dataset_effective_date":"2026-04-30","catalog_version":"2026-07-12","geometry_status":"not_embedded_boundary_available_by_url","boundary_source_url":"https://raw.githubusercontent.com/thanglequoc/vietnamese-provinces-database/master/json/geojson/92_can_tho/wards/31333_vi_tan.geojson","boundary_source_page":"https://github.com/thanglequoc/vietnamese-provinces-database/blob/master/json/geojson/92_can_tho/wards/31333_vi_tan.geojson","source_catalog":"https://github.com/thanglequoc/vietnamese-provinces-database"},"geometry":null},{"type":"Feature","id":"31338","properties":{"commune_code":"31338","commune_name":"Hoả Lựu","commune_name_en":"Hoa Luu","commune_full_name":"Xã Hoả Lựu","commune_full_name_en":"Hoa Luu Commune","commune_slug":"hoa_luu","unit_type":"Xã","unit_type_en":"Commune","admin_level":2,"province_code":"92","province_name":"Cần Thơ","province_full_name":"Thành phố Cần Thơ","province_slug":"can_tho","join_key":"31338","status":"active","dataset_effective_date":"2026-04-30","catalog_version":"2026-07-12","geometry_status":"not_embedded_boundary_available_by_url","boundary_source_url":"https://raw.githubusercontent.com/thanglequoc/vietnamese-provinces-database/master/json/geojson/92_can_tho/wards/31338_hoa_luu.geojson","boundary_source_page":"https://github.com/thanglequoc/vietnamese-provinces-database/blob/master/json/geojson/92_can_tho/wards/31338_hoa_luu.geojson","source_catalog":"https://github.com/thanglequoc/vietnamese-provinces-database"},"geometry":null},{"type":"Feature","id":"31340","properties":{"commune_code":"31340","commune_name":"Ngã Bảy","commune_name_en":"Nga Bay","commune_full_name":"Phường Ngã Bảy","commune_full_name_en":"Nga Bay Ward","commune_slug":"nga_bay","unit_type":"Phường","unit_type_en":"Ward","admin_level":2,"province_code":"92","province_name":"Cần Thơ","province_full_name":"Thành phố Cần Thơ","province_slug":"can_tho","join_key":"31340","status":"active","dataset_effective_date":"2026-04-30","catalog_version":"2026-07-12","geometry_status":"not_embedded_boundary_available_by_url","boundary_source_url":"https://raw.githubusercontent.com/thanglequoc/vietnamese-provinces-database/master/json/geojson/92_can_tho/wards/31340_nga_bay.geojson","boundary_source_page":"https://github.com/thanglequoc/vietnamese-provinces-database/blob/master/json/geojson/92_can_tho/wards/31340_nga_bay.geojson","source_catalog":"https://github.com/thanglequoc/vietnamese-provinces-database"},"geometry":null},{"type":"Feature","id":"31342","properties":{"commune_code":"31342","commune_name":"Tân Hoà","commune_name_en":"Tan Hoa","commune_full_name":"Xã Tân Hoà","commune_full_name_en":"Tan Hoa Commune","commune_slug":"tan_hoa","unit_type":"Xã","unit_type_en":"Commune","admin_level":2,"province_code":"92","province_name":"Cần Thơ","province_full_name":"Thành phố Cần Thơ","province_slug":"can_tho","join_key":"31342","status":"active","dataset_effective_date":"2026-04-30","catalog_version":"2026-07-12","geometry_status":"not_embedded_boundary_available_by_url","boundary_source_url":"https://raw.githubusercontent.com/thanglequoc/vietnamese-provinces-database/master/json/geojson/92_can_tho/wards/31342_tan_hoa.geojson","boundary_source_page":"https://github.com/thanglequoc/vietnamese-provinces-database/blob/master/json/geojson/92_can_tho/wards/31342_tan_hoa.geojson","source_catalog":"https://github.com/thanglequoc/vietnamese-provinces-database"},"geometry":null},{"type":"Feature","id":"31348","properties":{"commune_code":"31348","commune_name":"Trường Long Tây","commune_name_en":"Truong Long Tay","commune_full_name":"Xã Trường Long Tây","commune_full_name_en":"Truong Long Tay Commune","commune_slug":"truong_long_tay","unit_type":"Xã","unit_type_en":"Commune","admin_level":2,"province_code":"92","province_name":"Cần Thơ","province_full_name":"Thành phố Cần Thơ","province_slug":"can_tho","join_key":"31348","status":"active","dataset_effective_date":"2026-04-30","catalog_version":"2026-07-12","geometry_status":"not_embedded_boundary_available_by_url","boundary_source_url":"https://raw.githubusercontent.com/thanglequoc/vietnamese-provinces-database/master/json/geojson/92_can_tho/wards/31348_truong_long_tay.geojson","boundary_source_page":"https://github.com/thanglequoc/vietnamese-provinces-database/blob/master/json/geojson/92_can_tho/wards/31348_truong_long_tay.geojson","source_catalog":"https://github.com/thanglequoc/vietnamese-provinces-database"},"geometry":null},{"type":"Feature","id":"31360","properties":{"commune_code":"31360","commune_name":"Thạnh Xuân","commune_name_en":"Thanh Xuan","commune_full_name":"Xã Thạnh Xuân","commune_full_name_en":"Thanh Xuan Commune","commune_slug":"thanh_xuan","unit_type":"Xã","unit_type_en":"Commune","admin_level":2,"province_code":"92","province_name":"Cần Thơ","province_full_name":"Thành phố Cần Thơ","province_slug":"can_tho","join_key":"31360","status":"active","dataset_effective_date":"2026-04-30","catalog_version":"2026-07-12","geometry_status":"not_embedded_boundary_available_by_url","boundary_source_url":"https://raw.githubusercontent.com/thanglequoc/vietnamese-provinces-database/master/json/geojson/92_can_tho/wards/31360_thanh_xuan.geojson","boundary_source_page":"https://github.com/thanglequoc/vietnamese-provinces-database/blob/master/json/geojson/92_can_tho/wards/31360_thanh_xuan.geojson","source_catalog":"https://github.com/thanglequoc/vietnamese-provinces-database"},"geometry":null},{"type":"Feature","id":"31366","properties":{"commune_code":"31366","commune_name":"Châu Thành","commune_name_en":"Chau Thanh","commune_full_name":"Xã Châu Thành","commune_full_name_en":"Chau Thanh Commune","commune_slug":"chau_thanh","unit_type":"Xã","unit_type_en":"Commune","admin_level":2,"province_code":"92","province_name":"Cần Thơ","province_full_name":"Thành phố Cần Thơ","province_slug":"can_tho","join_key":"31366","status":"active","dataset_effective_date":"2026-04-30","catalog_version":"2026-07-12","geometry_status":"not_embedded_boundary_available_by_url","boundary_source_url":"https://raw.githubusercontent.com/thanglequoc/vietnamese-provinces-database/master/json/geojson/92_can_tho/wards/31366_chau_thanh.geojson","boundary_source_page":"https://github.com/thanglequoc/vietnamese-provinces-database/blob/master/json/geojson/92_can_tho/wards/31366_chau_thanh.geojson","source_catalog":"https://github.com/thanglequoc/vietnamese-provinces-database"},"geometry":null},{"type":"Feature","id":"31369","properties":{"commune_code":"31369","commune_name":"Đông Phước","commune_name_en":"Dong Phuoc","commune_full_name":"Xã Đông Phước","commune_full_name_en":"Dong Phuoc Commune","commune_slug":"dong_phuoc","unit_type":"Xã","unit_type_en":"Commune","admin_level":2,"province_code":"92","province_name":"Cần Thơ","province_full_name":"Thành phố Cần Thơ","province_slug":"can_tho","join_key":"31369","status":"active","dataset_effective_date":"2026-04-30","catalog_version":"2026-07-12","geometry_status":"not_embedded_boundary_available_by_url","boundary_source_url":"https://raw.githubusercontent.com/thanglequoc/vietnamese-provinces-database/master/json/geojson/92_can_tho/wards/31369_dong_phuoc.geojson","boundary_source_page":"https://github.com/thanglequoc/vietnamese-provinces-database/blob/master/json/geojson/92_can_tho/wards/31369_dong_phuoc.geojson","source_catalog":"https://github.com/thanglequoc/vietnamese-provinces-database"},"geometry":null},{"type":"Feature","id":"31378","properties":{"commune_code":"31378","commune_name":"Phú Hữu","commune_name_en":"Phu Huu","commune_full_name":"Xã Phú Hữu","commune_full_name_en":"Phu Huu Commune","commune_slug":"phu_huu","unit_type":"Xã","unit_type_en":"Commune","admin_level":2,"province_code":"92","province_name":"Cần Thơ","province_full_name":"Thành phố Cần Thơ","province_slug":"can_tho","join_key":"31378","status":"active","dataset_effective_date":"2026-04-30","catalog_version":"2026-07-12","geometry_status":"not_embedded_boundary_available_by_url","boundary_source_url":"https://raw.githubusercontent.com/thanglequoc/vietnamese-provinces-database/master/json/geojson/92_can_tho/wards/31378_phu_huu.geojson","boundary_source_page":"https://github.com/thanglequoc/vietnamese-provinces-database/blob/master/json/geojson/92_can_tho/wards/31378_phu_huu.geojson","source_catalog":"https://github.com/thanglequoc/vietnamese-provinces-database"},"geometry":null},{"type":"Feature","id":"31393","properties":{"commune_code":"31393","commune_name":"Hoà An","commune_name_en":"Hoa An","commune_full_name":"Xã Hoà An","commune_full_name_en":"Hoa An Commune","commune_slug":"hoa_an","unit_type":"Xã","unit_type_en":"Commune","admin_level":2,"province_code":"92","province_name":"Cần Thơ","province_full_name":"Thành phố Cần Thơ","province_slug":"can_tho","join_key":"31393","status":"active","dataset_effective_date":"2026-04-30","catalog_version":"2026-07-12","geometry_status":"not_embedded_boundary_available_by_url","boundary_source_url":"https://raw.githubusercontent.com/thanglequoc/vietnamese-provinces-database/master/json/geojson/92_can_tho/wards/31393_hoa_an.geojson","boundary_source_page":"https://github.com/thanglequoc/vietnamese-provinces-database/blob/master/json/geojson/92_can_tho/wards/31393_hoa_an.geojson","source_catalog":"https://github.com/thanglequoc/vietnamese-provinces-database"},"geometry":null},{"type":"Feature","id":"31396","properties":{"commune_code":"31396","commune_name":"Hiệp Hưng","commune_name_en":"Hiep Hung","commune_full_name":"Xã Hiệp Hưng","commune_full_name_en":"Hiep Hung Commune","commune_slug":"hiep_hung","unit_type":"Xã","unit_type_en":"Commune","admin_level":2,"province_code":"92","province_name":"Cần Thơ","province_full_name":"Thành phố Cần Thơ","province_slug":"can_tho","join_key":"31396","status":"active","dataset_effective_date":"2026-04-30","catalog_version":"2026-07-12","geometry_status":"not_embedded_boundary_available_by_url","boundary_source_url":"https://raw.githubusercontent.com/thanglequoc/vietnamese-provinces-database/master/json/geojson/92_can_tho/wards/31396_hiep_hung.geojson","boundary_source_page":"https://github.com/thanglequoc/vietnamese-provinces-database/blob/master/json/geojson/92_can_tho/wards/31396_hiep_hung.geojson","source_catalog":"https://github.com/thanglequoc/vietnamese-provinces-database"},"geometry":null},{"type":"Feature","id":"31399","properties":{"commune_code":"31399","commune_name":"Tân Bình","commune_name_en":"Tan Binh","commune_full_name":"Xã Tân Bình","commune_full_name_en":"Tan Binh Commune","commune_slug":"tan_binh","unit_type":"Xã","unit_type_en":"Commune","admin_level":2,"province_code":"92","province_name":"Cần Thơ","province_full_name":"Thành phố Cần Thơ","province_slug":"can_tho","join_key":"31399","status":"active","dataset_effective_date":"2026-04-30","catalog_version":"2026-07-12","geometry_status":"not_embedded_boundary_available_by_url","boundary_source_url":"https://raw.githubusercontent.com/thanglequoc/vietnamese-provinces-database/master/json/geojson/92_can_tho/wards/31399_tan_binh.geojson","boundary_source_page":"https://github.com/thanglequoc/vietnamese-provinces-database/blob/master/json/geojson/92_can_tho/wards/31399_tan_binh.geojson","source_catalog":"https://github.com/thanglequoc/vietnamese-provinces-database"},"geometry":null},{"type":"Feature","id":"31408","properties":{"commune_code":"31408","commune_name":"Thạnh Hoà","commune_name_en":"Thanh Hoa","commune_full_name":"Xã Thạnh Hoà","commune_full_name_en":"Thanh Hoa Commune","commune_slug":"thanh_hoa","unit_type":"Xã","unit_type_en":"Commune","admin_level":2,"province_code":"92","province_name":"Cần Thơ","province_full_name":"Thành phố Cần Thơ","province_slug":"can_tho","join_key":"31408","status":"active","dataset_effective_date":"2026-04-30","catalog_version":"2026-07-12","geometry_status":"not_embedded_boundary_available_by_url","boundary_source_url":"https://raw.githubusercontent.com/thanglequoc/vietnamese-provinces-database/master/json/geojson/92_can_tho/wards/31408_thanh_hoa.geojson","boundary_source_page":"https://github.com/thanglequoc/vietnamese-provinces-database/blob/master/json/geojson/92_can_tho/wards/31408_thanh_hoa.geojson","source_catalog":"https://github.com/thanglequoc/vietnamese-provinces-database"},"geometry":null},{"type":"Feature","id":"31411","properties":{"commune_code":"31411","commune_name":"Đại Thành","commune_name_en":"Dai Thanh","commune_full_name":"Phường Đại Thành","commune_full_name_en":"Dai Thanh Ward","commune_slug":"dai_thanh","unit_type":"Phường","unit_type_en":"Ward","admin_level":2,"province_code":"92","province_name":"Cần Thơ","province_full_name":"Thành phố Cần Thơ","province_slug":"can_tho","join_key":"31411","status":"active","dataset_effective_date":"2026-04-30","catalog_version":"2026-07-12","geometry_status":"not_embedded_boundary_available_by_url","boundary_source_url":"https://raw.githubusercontent.com/thanglequoc/vietnamese-provinces-database/master/json/geojson/92_can_tho/wards/31411_dai_thanh.geojson","boundary_source_page":"https://github.com/thanglequoc/vietnamese-provinces-database/blob/master/json/geojson/92_can_tho/wards/31411_dai_thanh.geojson","source_catalog":"https://github.com/thanglequoc/vietnamese-provinces-database"},"geometry":null},{"type":"Feature","id":"31420","properties":{"commune_code":"31420","commune_name":"Phụng Hiệp","commune_name_en":"Phung Hiep","commune_full_name":"Xã Phụng Hiệp","commune_full_name_en":"Phung Hiep Commune","commune_slug":"phung_hiep","unit_type":"Xã","unit_type_en":"Commune","admin_level":2,"province_code":"92","province_name":"Cần Thơ","province_full_name":"Thành phố Cần Thơ","province_slug":"can_tho","join_key":"31420","status":"active","dataset_effective_date":"2026-04-30","catalog_version":"2026-07-12","geometry_status":"not_embedded_boundary_available_by_url","boundary_source_url":"https://raw.githubusercontent.com/thanglequoc/vietnamese-provinces-database/master/json/geojson/92_can_tho/wards/31420_phung_hiep.geojson","boundary_source_page":"https://github.com/thanglequoc/vietnamese-provinces-database/blob/master/json/geojson/92_can_tho/wards/31420_phung_hiep.geojson","source_catalog":"https://github.com/thanglequoc/vietnamese-provinces-database"},"geometry":null},{"type":"Feature","id":"31426","properties":{"commune_code":"31426","commune_name":"Phương Bình","commune_name_en":"Phuong Binh","commune_full_name":"Xã Phương Bình","commune_full_name_en":"Phuong Binh Commune","commune_slug":"phuong_binh","unit_type":"Xã","unit_type_en":"Commune","admin_level":2,"province_code":"92","province_name":"Cần Thơ","province_full_name":"Thành phố Cần Thơ","province_slug":"can_tho","join_key":"31426","status":"active","dataset_effective_date":"2026-04-30","catalog_version":"2026-07-12","geometry_status":"not_embedded_boundary_available_by_url","boundary_source_url":"https://raw.githubusercontent.com/thanglequoc/vietnamese-provinces-database/master/json/geojson/92_can_tho/wards/31426_phuong_binh.geojson","boundary_source_page":"https://github.com/thanglequoc/vietnamese-provinces-database/blob/master/json/geojson/92_can_tho/wards/31426_phuong_binh.geojson","source_catalog":"https://github.com/thanglequoc/vietnamese-provinces-database"},"geometry":null},{"type":"Feature","id":"31432","properties":{"commune_code":"31432","commune_name":"Tân Phước Hưng","commune_name_en":"Tan Phuoc Hung","commune_full_name":"Xã Tân Phước Hưng","commune_full_name_en":"Tan Phuoc Hung Commune","commune_slug":"tan_phuoc_hung","unit_type":"Xã","unit_type_en":"Commune","admin_level":2,"province_code":"92","province_name":"Cần Thơ","province_full_name":"Thành phố Cần Thơ","province_slug":"can_tho","join_key":"31432","status":"active","dataset_effective_date":"2026-04-30","catalog_version":"2026-07-12","geometry_status":"not_embedded_boundary_available_by_url","boundary_source_url":"https://raw.githubusercontent.com/thanglequoc/vietnamese-provinces-database/master/json/geojson/92_can_tho/wards/31432_tan_phuoc_hung.geojson","boundary_source_page":"https://github.com/thanglequoc/vietnamese-provinces-database/blob/master/json/geojson/92_can_tho/wards/31432_tan_phuoc_hung.geojson","source_catalog":"https://github.com/thanglequoc/vietnamese-provinces-database"},"geometry":null},{"type":"Feature","id":"31441","properties":{"commune_code":"31441","commune_name":"Vị Thuỷ","commune_name_en":"Vi Thuy","commune_full_name":"Xã Vị Thuỷ","commune_full_name_en":"Vi Thuy Commune","commune_slug":"vi_thuy","unit_type":"Xã","unit_type_en":"Commune","admin_level":2,"province_code":"92","province_name":"Cần Thơ","province_full_name":"Thành phố Cần Thơ","province_slug":"can_tho","join_key":"31441","status":"active","dataset_effective_date":"2026-04-30","catalog_version":"2026-07-12","geometry_status":"not_embedded_boundary_available_by_url","boundary_source_url":"https://raw.githubusercontent.com/thanglequoc/vietnamese-provinces-database/master/json/geojson/92_can_tho/wards/31441_vi_thuy.geojson","boundary_source_page":"https://github.com/thanglequoc/vietnamese-provinces-database/blob/master/json/geojson/92_can_tho/wards/31441_vi_thuy.geojson","source_catalog":"https://github.com/thanglequoc/vietnamese-provinces-database"},"geometry":null},{"type":"Feature","id":"31453","properties":{"commune_code":"31453","commune_name":"Vĩnh Thuận Đông","commune_name_en":"Vinh Thuan Dong","commune_full_name":"Xã Vĩnh Thuận Đông","commune_full_name_en":"Vinh Thuan Dong Commune","commune_slug":"vinh_thuan_dong","unit_type":"Xã","unit_type_en":"Commune","admin_level":2,"province_code":"92","province_name":"Cần Thơ","province_full_name":"Thành phố Cần Thơ","province_slug":"can_tho","join_key":"31453","status":"active","dataset_effective_date":"2026-04-30","catalog_version":"2026-07-12","geometry_status":"not_embedded_boundary_available_by_url","boundary_source_url":"https://raw.githubusercontent.com/thanglequoc/vietnamese-provinces-database/master/json/geojson/92_can_tho/wards/31453_vinh_thuan_dong.geojson","boundary_source_page":"https://github.com/thanglequoc/vietnamese-provinces-database/blob/master/json/geojson/92_can_tho/wards/31453_vinh_thuan_dong.geojson","source_catalog":"https://github.com/thanglequoc/vietnamese-provinces-database"},"geometry":null},{"type":"Feature","id":"31459","properties":{"commune_code":"31459","commune_name":"Vĩnh Tường","commune_name_en":"Vinh Tuong","commune_full_name":"Xã Vĩnh Tường","commune_full_name_en":"Vinh Tuong Commune","commune_slug":"vinh_tuong","unit_type":"Xã","unit_type_en":"Commune","admin_level":2,"province_code":"92","province_name":"Cần Thơ","province_full_name":"Thành phố Cần Thơ","province_slug":"can_tho","join_key":"31459","status":"active","dataset_effective_date":"2026-04-30","catalog_version":"2026-07-12","geometry_status":"not_embedded_boundary_available_by_url","boundary_source_url":"https://raw.githubusercontent.com/thanglequoc/vietnamese-provinces-database/master/json/geojson/92_can_tho/wards/31459_vinh_tuong.geojson","boundary_source_page":"https://github.com/thanglequoc/vietnamese-provinces-database/blob/master/json/geojson/92_can_tho/wards/31459_vinh_tuong.geojson","source_catalog":"https://github.com/thanglequoc/vietnamese-provinces-database"},"geometry":null},{"type":"Feature","id":"31465","properties":{"commune_code":"31465","commune_name":"Vị Thanh 1","commune_name_en":"Vi Thanh 1","commune_full_name":"Xã Vị Thanh 1","commune_full_name_en":"Commune Vi Thanh 1","commune_slug":"vi_thanh_1","unit_type":"Xã","unit_type_en":"Commune","admin_level":2,"province_code":"92","province_name":"Cần Thơ","province_full_name":"Thành phố Cần Thơ","province_slug":"can_tho","join_key":"31465","status":"active","dataset_effective_date":"2026-04-30","catalog_version":"2026-07-12","geometry_status":"not_embedded_boundary_available_by_url","boundary_source_url":"https://raw.githubusercontent.com/thanglequoc/vietnamese-provinces-database/master/json/geojson/92_can_tho/wards/31465_vi_thanh_1.geojson","boundary_source_page":"https://github.com/thanglequoc/vietnamese-provinces-database/blob/master/json/geojson/92_can_tho/wards/31465_vi_thanh_1.geojson","source_catalog":"https://github.com/thanglequoc/vietnamese-provinces-database"},"geometry":null},{"type":"Feature","id":"31471","properties":{"commune_code":"31471","commune_name":"Long Mỹ","commune_name_en":"Long My","commune_full_name":"Phường Long Mỹ","commune_full_name_en":"Long My Ward","commune_slug":"long_my","unit_type":"Phường","unit_type_en":"Ward","admin_level":2,"province_code":"92","province_name":"Cần Thơ","province_full_name":"Thành phố Cần Thơ","province_slug":"can_tho","join_key":"31471","status":"active","dataset_effective_date":"2026-04-30","catalog_version":"2026-07-12","geometry_status":"not_embedded_boundary_available_by_url","boundary_source_url":"https://raw.githubusercontent.com/thanglequoc/vietnamese-provinces-database/master/json/geojson/92_can_tho/wards/31471_long_my.geojson","boundary_source_page":"https://github.com/thanglequoc/vietnamese-provinces-database/blob/master/json/geojson/92_can_tho/wards/31471_long_my.geojson","source_catalog":"https://github.com/thanglequoc/vietnamese-provinces-database"},"geometry":null},{"type":"Feature","id":"31473","properties":{"commune_code":"31473","commune_name":"Long Bình","commune_name_en":"Long Binh","commune_full_name":"Phường Long Bình","commune_full_name_en":"Long Binh Ward","commune_slug":"long_binh","unit_type":"Phường","unit_type_en":"Ward","admin_level":2,"province_code":"92","province_name":"Cần Thơ","province_full_name":"Thành phố Cần Thơ","province_slug":"can_tho","join_key":"31473","status":"active","dataset_effective_date":"2026-04-30","catalog_version":"2026-07-12","geometry_status":"not_embedded_boundary_available_by_url","boundary_source_url":"https://raw.githubusercontent.com/thanglequoc/vietnamese-provinces-database/master/json/geojson/92_can_tho/wards/31473_long_binh.geojson","boundary_source_page":"https://github.com/thanglequoc/vietnamese-provinces-database/blob/master/json/geojson/92_can_tho/wards/31473_long_binh.geojson","source_catalog":"https://github.com/thanglequoc/vietnamese-provinces-database"},"geometry":null},{"type":"Feature","id":"31480","properties":{"commune_code":"31480","commune_name":"Long Phú 1","commune_name_en":"Long Phu 1","commune_full_name":"Phường Long Phú 1","commune_full_name_en":"Ward Long Phu 1","commune_slug":"long_phu_1","unit_type":"Phường","unit_type_en":"Ward","admin_level":2,"province_code":"92","province_name":"Cần Thơ","province_full_name":"Thành phố Cần Thơ","province_slug":"can_tho","join_key":"31480","status":"active","dataset_effective_date":"2026-04-30","catalog_version":"2026-07-12","geometry_status":"not_embedded_boundary_available_by_url","boundary_source_url":"https://raw.githubusercontent.com/thanglequoc/vietnamese-provinces-database/master/json/geojson/92_can_tho/wards/31480_long_phu_1.geojson","boundary_source_page":"https://github.com/thanglequoc/vietnamese-provinces-database/blob/master/json/geojson/92_can_tho/wards/31480_long_phu_1.geojson","source_catalog":"https://github.com/thanglequoc/vietnamese-provinces-database"},"geometry":null},{"type":"Feature","id":"31489","properties":{"commune_code":"31489","commune_name":"Vĩnh Viễn","commune_name_en":"Vinh Vien","commune_full_name":"Xã Vĩnh Viễn","commune_full_name_en":"Vinh Vien Commune","commune_slug":"vinh_vien","unit_type":"Xã","unit_type_en":"Commune","admin_level":2,"province_code":"92","province_name":"Cần Thơ","province_full_name":"Thành phố Cần Thơ","province_slug":"can_tho","join_key":"31489","status":"active","dataset_effective_date":"2026-04-30","catalog_version":"2026-07-12","geometry_status":"not_embedded_boundary_available_by_url","boundary_source_url":"https://raw.githubusercontent.com/thanglequoc/vietnamese-provinces-database/master/json/geojson/92_can_tho/wards/31489_vinh_vien.geojson","boundary_source_page":"https://github.com/thanglequoc/vietnamese-provinces-database/blob/master/json/geojson/92_can_tho/wards/31489_vinh_vien.geojson","source_catalog":"https://github.com/thanglequoc/vietnamese-provinces-database"},"geometry":null},{"type":"Feature","id":"31492","properties":{"commune_code":"31492","commune_name":"Lương Tâm","commune_name_en":"Luong Tam","commune_full_name":"Xã Lương Tâm","commune_full_name_en":"Luong Tam Commune","commune_slug":"luong_tam","unit_type":"Xã","unit_type_en":"Commune","admin_level":2,"province_code":"92","province_name":"Cần Thơ","province_full_name":"Thành phố Cần Thơ","province_slug":"can_tho","join_key":"31492","status":"active","dataset_effective_date":"2026-04-30","catalog_version":"2026-07-12","geometry_status":"not_embedded_boundary_available_by_url","boundary_source_url":"https://raw.githubusercontent.com/thanglequoc/vietnamese-provinces-database/master/json/geojson/92_can_tho/wards/31492_luong_tam.geojson","boundary_source_page":"https://github.com/thanglequoc/vietnamese-provinces-database/blob/master/json/geojson/92_can_tho/wards/31492_luong_tam.geojson","source_catalog":"https://github.com/thanglequoc/vietnamese-provinces-database"},"geometry":null},{"type":"Feature","id":"31495","properties":{"commune_code":"31495","commune_name":"Xà Phiên","commune_name_en":"Xa Phien","commune_full_name":"Xã Xà Phiên","commune_full_name_en":"Xa Phien Commune","commune_slug":"xa_phien","unit_type":"Xã","unit_type_en":"Commune","admin_level":2,"province_code":"92","province_name":"Cần Thơ","province_full_name":"Thành phố Cần Thơ","province_slug":"can_tho","join_key":"31495","status":"active","dataset_effective_date":"2026-04-30","catalog_version":"2026-07-12","geometry_status":"not_embedded_boundary_available_by_url","boundary_source_url":"https://raw.githubusercontent.com/thanglequoc/vietnamese-provinces-database/master/json/geojson/92_can_tho/wards/31495_xa_phien.geojson","boundary_source_page":"https://github.com/thanglequoc/vietnamese-provinces-database/blob/master/json/geojson/92_can_tho/wards/31495_xa_phien.geojson","source_catalog":"https://github.com/thanglequoc/vietnamese-provinces-database"},"geometry":null},{"type":"Feature","id":"31507","properties":{"commune_code":"31507","commune_name":"Sóc Trăng","commune_name_en":"Soc Trang","commune_full_name":"Phường Sóc Trăng","commune_full_name_en":"Soc Trang Ward","commune_slug":"soc_trang","unit_type":"Phường","unit_type_en":"Ward","admin_level":2,"province_code":"92","province_name":"Cần Thơ","province_full_name":"Thành phố Cần Thơ","province_slug":"can_tho","join_key":"31507","status":"active","dataset_effective_date":"2026-04-30","catalog_version":"2026-07-12","geometry_status":"not_embedded_boundary_available_by_url","boundary_source_url":"https://raw.githubusercontent.com/thanglequoc/vietnamese-provinces-database/master/json/geojson/92_can_tho/wards/31507_soc_trang.geojson","boundary_source_page":"https://github.com/thanglequoc/vietnamese-provinces-database/blob/master/json/geojson/92_can_tho/wards/31507_soc_trang.geojson","source_catalog":"https://github.com/thanglequoc/vietnamese-provinces-database"},"geometry":null},{"type":"Feature","id":"31510","properties":{"commune_code":"31510","commune_name":"Phú Lợi","commune_name_en":"Phu Loi","commune_full_name":"Phường Phú Lợi","commune_full_name_en":"Phu Loi Ward","commune_slug":"phu_loi","unit_type":"Phường","unit_type_en":"Ward","admin_level":2,"province_code":"92","province_name":"Cần Thơ","province_full_name":"Thành phố Cần Thơ","province_slug":"can_tho","join_key":"31510","status":"active","dataset_effective_date":"2026-04-30","catalog_version":"2026-07-12","geometry_status":"not_embedded_boundary_available_by_url","boundary_source_url":"https://raw.githubusercontent.com/thanglequoc/vietnamese-provinces-database/master/json/geojson/92_can_tho/wards/31510_phu_loi.geojson","boundary_source_page":"https://github.com/thanglequoc/vietnamese-provinces-database/blob/master/json/geojson/92_can_tho/wards/31510_phu_loi.geojson","source_catalog":"https://github.com/thanglequoc/vietnamese-provinces-database"},"geometry":null},{"type":"Feature","id":"31528","properties":{"commune_code":"31528","commune_name":"Kế Sách","commune_name_en":"Ke Sach","commune_full_name":"Xã Kế Sách","commune_full_name_en":"Ke Sach Commune","commune_slug":"ke_sach","unit_type":"Xã","unit_type_en":"Commune","admin_level":2,"province_code":"92","province_name":"Cần Thơ","province_full_name":"Thành phố Cần Thơ","province_slug":"can_tho","join_key":"31528","status":"active","dataset_effective_date":"2026-04-30","catalog_version":"2026-07-12","geometry_status":"not_embedded_boundary_available_by_url","boundary_source_url":"https://raw.githubusercontent.com/thanglequoc/vietnamese-provinces-database/master/json/geojson/92_can_tho/wards/31528_ke_sach.geojson","boundary_source_page":"https://github.com/thanglequoc/vietnamese-provinces-database/blob/master/json/geojson/92_can_tho/wards/31528_ke_sach.geojson","source_catalog":"https://github.com/thanglequoc/vietnamese-provinces-database"},"geometry":null},{"type":"Feature","id":"31531","properties":{"commune_code":"31531","commune_name":"An Lạc Thôn","commune_name_en":"An Lac Thon","commune_full_name":"Xã An Lạc Thôn","commune_full_name_en":"An Lac Thon Commune","commune_slug":"an_lac_thon","unit_type":"Xã","unit_type_en":"Commune","admin_level":2,"province_code":"92","province_name":"Cần Thơ","province_full_name":"Thành phố Cần Thơ","province_slug":"can_tho","join_key":"31531","status":"active","dataset_effective_date":"2026-04-30","catalog_version":"2026-07-12","geometry_status":"not_embedded_boundary_available_by_url","boundary_source_url":"https://raw.githubusercontent.com/thanglequoc/vietnamese-provinces-database/master/json/geojson/92_can_tho/wards/31531_an_lac_thon.geojson","boundary_source_page":"https://github.com/thanglequoc/vietnamese-provinces-database/blob/master/json/geojson/92_can_tho/wards/31531_an_lac_thon.geojson","source_catalog":"https://github.com/thanglequoc/vietnamese-provinces-database"},"geometry":null},{"type":"Feature","id":"31537","properties":{"commune_code":"31537","commune_name":"Phong Nẫm","commune_name_en":"Phong Nam","commune_full_name":"Xã Phong Nẫm","commune_full_name_en":"Phong Nam Commune","commune_slug":"phong_nam","unit_type":"Xã","unit_type_en":"Commune","admin_level":2,"province_code":"92","province_name":"Cần Thơ","province_full_name":"Thành phố Cần Thơ","province_slug":"can_tho","join_key":"31537","status":"active","dataset_effective_date":"2026-04-30","catalog_version":"2026-07-12","geometry_status":"not_embedded_boundary_available_by_url","boundary_source_url":"https://raw.githubusercontent.com/thanglequoc/vietnamese-provinces-database/master/json/geojson/92_can_tho/wards/31537_phong_nam.geojson","boundary_source_page":"https://github.com/thanglequoc/vietnamese-provinces-database/blob/master/json/geojson/92_can_tho/wards/31537_phong_nam.geojson","source_catalog":"https://github.com/thanglequoc/vietnamese-provinces-database"},"geometry":null},{"type":"Feature","id":"31540","properties":{"commune_code":"31540","commune_name":"Thới An Hội","commune_name_en":"Thoi An Hoi","commune_full_name":"Xã Thới An Hội","commune_full_name_en":"Thoi An Hoi Commune","commune_slug":"thoi_an_hoi","unit_type":"Xã","unit_type_en":"Commune","admin_level":2,"province_code":"92","province_name":"Cần Thơ","province_full_name":"Thành phố Cần Thơ","province_slug":"can_tho","join_key":"31540","status":"active","dataset_effective_date":"2026-04-30","catalog_version":"2026-07-12","geometry_status":"not_embedded_boundary_available_by_url","boundary_source_url":"https://raw.githubusercontent.com/thanglequoc/vietnamese-provinces-database/master/json/geojson/92_can_tho/wards/31540_thoi_an_hoi.geojson","boundary_source_page":"https://github.com/thanglequoc/vietnamese-provinces-database/blob/master/json/geojson/92_can_tho/wards/31540_thoi_an_hoi.geojson","source_catalog":"https://github.com/thanglequoc/vietnamese-provinces-database"},"geometry":null},{"type":"Feature","id":"31552","properties":{"commune_code":"31552","commune_name":"Nhơn Mỹ","commune_name_en":"Nhon My","commune_full_name":"Xã Nhơn Mỹ","commune_full_name_en":"Nhon My Commune","commune_slug":"nhon_my","unit_type":"Xã","unit_type_en":"Commune","admin_level":2,"province_code":"92","province_name":"Cần Thơ","province_full_name":"Thành phố Cần Thơ","province_slug":"can_tho","join_key":"31552","status":"active","dataset_effective_date":"2026-04-30","catalog_version":"2026-07-12","geometry_status":"not_embedded_boundary_available_by_url","boundary_source_url":"https://raw.githubusercontent.com/thanglequoc/vietnamese-provinces-database/master/json/geojson/92_can_tho/wards/31552_nhon_my.geojson","boundary_source_page":"https://github.com/thanglequoc/vietnamese-provinces-database/blob/master/json/geojson/92_can_tho/wards/31552_nhon_my.geojson","source_catalog":"https://github.com/thanglequoc/vietnamese-provinces-database"},"geometry":null},{"type":"Feature","id":"31561","properties":{"commune_code":"31561","commune_name":"Đại Hải","commune_name_en":"Dai Hai","commune_full_name":"Xã Đại Hải","commune_full_name_en":"Dai Hai Commune","commune_slug":"dai_hai","unit_type":"Xã","unit_type_en":"Commune","admin_level":2,"province_code":"92","province_name":"Cần Thơ","province_full_name":"Thành phố Cần Thơ","province_slug":"can_tho","join_key":"31561","status":"active","dataset_effective_date":"2026-04-30","catalog_version":"2026-07-12","geometry_status":"not_embedded_boundary_available_by_url","boundary_source_url":"https://raw.githubusercontent.com/thanglequoc/vietnamese-provinces-database/master/json/geojson/92_can_tho/wards/31561_dai_hai.geojson","boundary_source_page":"https://github.com/thanglequoc/vietnamese-provinces-database/blob/master/json/geojson/92_can_tho/wards/31561_dai_hai.geojson","source_catalog":"https://github.com/thanglequoc/vietnamese-provinces-database"},"geometry":null},{"type":"Feature","id":"31567","properties":{"commune_code":"31567","commune_name":"Mỹ Tú","commune_name_en":"My Tu","commune_full_name":"Xã Mỹ Tú","commune_full_name_en":"My Tu Commune","commune_slug":"my_tu","unit_type":"Xã","unit_type_en":"Commune","admin_level":2,"province_code":"92","province_name":"Cần Thơ","province_full_name":"Thành phố Cần Thơ","province_slug":"can_tho","join_key":"31567","status":"active","dataset_effective_date":"2026-04-30","catalog_version":"2026-07-12","geometry_status":"not_embedded_boundary_available_by_url","boundary_source_url":"https://raw.githubusercontent.com/thanglequoc/vietnamese-provinces-database/master/json/geojson/92_can_tho/wards/31567_my_tu.geojson","boundary_source_page":"https://github.com/thanglequoc/vietnamese-provinces-database/blob/master/json/geojson/92_can_tho/wards/31567_my_tu.geojson","source_catalog":"https://github.com/thanglequoc/vietnamese-provinces-database"},"geometry":null},{"type":"Feature","id":"31569","properties":{"commune_code":"31569","commune_name":"Phú Tâm","commune_name_en":"Phu Tam","commune_full_name":"Xã Phú Tâm","commune_full_name_en":"Phu Tam Commune","commune_slug":"phu_tam","unit_type":"Xã","unit_type_en":"Commune","admin_level":2,"province_code":"92","province_name":"Cần Thơ","province_full_name":"Thành phố Cần Thơ","province_slug":"can_tho","join_key":"31569","status":"active","dataset_effective_date":"2026-04-30","catalog_version":"2026-07-12","geometry_status":"not_embedded_boundary_available_by_url","boundary_source_url":"https://raw.githubusercontent.com/thanglequoc/vietnamese-provinces-database/master/json/geojson/92_can_tho/wards/31569_phu_tam.geojson","boundary_source_page":"https://github.com/thanglequoc/vietnamese-provinces-database/blob/master/json/geojson/92_can_tho/wards/31569_phu_tam.geojson","source_catalog":"https://github.com/thanglequoc/vietnamese-provinces-database"},"geometry":null},{"type":"Feature","id":"31570","properties":{"commune_code":"31570","commune_name":"Hồ Đắc Kiện","commune_name_en":"Ho Dac Kien","commune_full_name":"Xã Hồ Đắc Kiện","commune_full_name_en":"Ho Dac Kien Commune","commune_slug":"ho_dac_kien","unit_type":"Xã","unit_type_en":"Commune","admin_level":2,"province_code":"92","province_name":"Cần Thơ","province_full_name":"Thành phố Cần Thơ","province_slug":"can_tho","join_key":"31570","status":"active","dataset_effective_date":"2026-04-30","catalog_version":"2026-07-12","geometry_status":"not_embedded_boundary_available_by_url","boundary_source_url":"https://raw.githubusercontent.com/thanglequoc/vietnamese-provinces-database/master/json/geojson/92_can_tho/wards/31570_ho_dac_kien.geojson","boundary_source_page":"https://github.com/thanglequoc/vietnamese-provinces-database/blob/master/json/geojson/92_can_tho/wards/31570_ho_dac_kien.geojson","source_catalog":"https://github.com/thanglequoc/vietnamese-provinces-database"},"geometry":null},{"type":"Feature","id":"31579","properties":{"commune_code":"31579","commune_name":"Long Hưng","commune_name_en":"Long Hung","commune_full_name":"Xã Long Hưng","commune_full_name_en":"Long Hung Commune","commune_slug":"long_hung","unit_type":"Xã","unit_type_en":"Commune","admin_level":2,"province_code":"92","province_name":"Cần Thơ","province_full_name":"Thành phố Cần Thơ","province_slug":"can_tho","join_key":"31579","status":"active","dataset_effective_date":"2026-04-30","catalog_version":"2026-07-12","geometry_status":"not_embedded_boundary_available_by_url","boundary_source_url":"https://raw.githubusercontent.com/thanglequoc/vietnamese-provinces-database/master/json/geojson/92_can_tho/wards/31579_long_hung.geojson","boundary_source_page":"https://github.com/thanglequoc/vietnamese-provinces-database/blob/master/json/geojson/92_can_tho/wards/31579_long_hung.geojson","source_catalog":"https://github.com/thanglequoc/vietnamese-provinces-database"},"geometry":null},{"type":"Feature","id":"31582","properties":{"commune_code":"31582","commune_name":"Thuận Hoà","commune_name_en":"Thuan Hoa","commune_full_name":"Xã Thuận Hoà","commune_full_name_en":"Thuan Hoa Commune","commune_slug":"thuan_hoa","unit_type":"Xã","unit_type_en":"Commune","admin_level":2,"province_code":"92","province_name":"Cần Thơ","province_full_name":"Thành phố Cần Thơ","province_slug":"can_tho","join_key":"31582","status":"active","dataset_effective_date":"2026-04-30","catalog_version":"2026-07-12","geometry_status":"not_embedded_boundary_available_by_url","boundary_source_url":"https://raw.githubusercontent.com/thanglequoc/vietnamese-provinces-database/master/json/geojson/92_can_tho/wards/31582_thuan_hoa.geojson","boundary_source_page":"https://github.com/thanglequoc/vietnamese-provinces-database/blob/master/json/geojson/92_can_tho/wards/31582_thuan_hoa.geojson","source_catalog":"https://github.com/thanglequoc/vietnamese-provinces-database"},"geometry":null},{"type":"Feature","id":"31591","properties":{"commune_code":"31591","commune_name":"Mỹ Hương","commune_name_en":"My Huong","commune_full_name":"Xã Mỹ Hương","commune_full_name_en":"My Huong Commune","commune_slug":"my_huong","unit_type":"Xã","unit_type_en":"Commune","admin_level":2,"province_code":"92","province_name":"Cần Thơ","province_full_name":"Thành phố Cần Thơ","province_slug":"can_tho","join_key":"31591","status":"active","dataset_effective_date":"2026-04-30","catalog_version":"2026-07-12","geometry_status":"not_embedded_boundary_available_by_url","boundary_source_url":"https://raw.githubusercontent.com/thanglequoc/vietnamese-provinces-database/master/json/geojson/92_can_tho/wards/31591_my_huong.geojson","boundary_source_page":"https://github.com/thanglequoc/vietnamese-provinces-database/blob/master/json/geojson/92_can_tho/wards/31591_my_huong.geojson","source_catalog":"https://github.com/thanglequoc/vietnamese-provinces-database"},"geometry":null},{"type":"Feature","id":"31594","properties":{"commune_code":"31594","commune_name":"An Ninh","commune_name_en":"An Ninh","commune_full_name":"Xã An Ninh","commune_full_name_en":"An Ninh Commune","commune_slug":"an_ninh","unit_type":"Xã","unit_type_en":"Commune","admin_level":2,"province_code":"92","province_name":"Cần Thơ","province_full_name":"Thành phố Cần Thơ","province_slug":"can_tho","join_key":"31594","status":"active","dataset_effective_date":"2026-04-30","catalog_version":"2026-07-12","geometry_status":"not_embedded_boundary_available_by_url","boundary_source_url":"https://raw.githubusercontent.com/thanglequoc/vietnamese-provinces-database/master/json/geojson/92_can_tho/wards/31594_an_ninh.geojson","boundary_source_page":"https://github.com/thanglequoc/vietnamese-provinces-database/blob/master/json/geojson/92_can_tho/wards/31594_an_ninh.geojson","source_catalog":"https://github.com/thanglequoc/vietnamese-provinces-database"},"geometry":null},{"type":"Feature","id":"31603","properties":{"commune_code":"31603","commune_name":"Mỹ Phước","commune_name_en":"My Phuoc","commune_full_name":"Xã Mỹ Phước","commune_full_name_en":"My Phuoc Commune","commune_slug":"my_phuoc","unit_type":"Xã","unit_type_en":"Commune","admin_level":2,"province_code":"92","province_name":"Cần Thơ","province_full_name":"Thành phố Cần Thơ","province_slug":"can_tho","join_key":"31603","status":"active","dataset_effective_date":"2026-04-30","catalog_version":"2026-07-12","geometry_status":"not_embedded_boundary_available_by_url","boundary_source_url":"https://raw.githubusercontent.com/thanglequoc/vietnamese-provinces-database/master/json/geojson/92_can_tho/wards/31603_my_phuoc.geojson","boundary_source_page":"https://github.com/thanglequoc/vietnamese-provinces-database/blob/master/json/geojson/92_can_tho/wards/31603_my_phuoc.geojson","source_catalog":"https://github.com/thanglequoc/vietnamese-provinces-database"},"geometry":null},{"type":"Feature","id":"31615","properties":{"commune_code":"31615","commune_name":"An Thạnh","commune_name_en":"An Thanh","commune_full_name":"Xã An Thạnh","commune_full_name_en":"An Thanh Commune","commune_slug":"an_thanh","unit_type":"Xã","unit_type_en":"Commune","admin_level":2,"province_code":"92","province_name":"Cần Thơ","province_full_name":"Thành phố Cần Thơ","province_slug":"can_tho","join_key":"31615","status":"active","dataset_effective_date":"2026-04-30","catalog_version":"2026-07-12","geometry_status":"not_embedded_boundary_available_by_url","boundary_source_url":"https://raw.githubusercontent.com/thanglequoc/vietnamese-provinces-database/master/json/geojson/92_can_tho/wards/31615_an_thanh.geojson","boundary_source_page":"https://github.com/thanglequoc/vietnamese-provinces-database/blob/master/json/geojson/92_can_tho/wards/31615_an_thanh.geojson","source_catalog":"https://github.com/thanglequoc/vietnamese-provinces-database"},"geometry":null},{"type":"Feature","id":"31633","properties":{"commune_code":"31633","commune_name":"Cù Lao Dung","commune_name_en":"Cu Lao Dung","commune_full_name":"Xã Cù Lao Dung","commune_full_name_en":"Cu Lao Dung Commune","commune_slug":"cu_lao_dung","unit_type":"Xã","unit_type_en":"Commune","admin_level":2,"province_code":"92","province_name":"Cần Thơ","province_full_name":"Thành phố Cần Thơ","province_slug":"can_tho","join_key":"31633","status":"active","dataset_effective_date":"2026-04-30","catalog_version":"2026-07-12","geometry_status":"not_embedded_boundary_available_by_url","boundary_source_url":"https://raw.githubusercontent.com/thanglequoc/vietnamese-provinces-database/master/json/geojson/92_can_tho/wards/31633_cu_lao_dung.geojson","boundary_source_page":"https://github.com/thanglequoc/vietnamese-provinces-database/blob/master/json/geojson/92_can_tho/wards/31633_cu_lao_dung.geojson","source_catalog":"https://github.com/thanglequoc/vietnamese-provinces-database"},"geometry":null},{"type":"Feature","id":"31639","properties":{"commune_code":"31639","commune_name":"Long Phú","commune_name_en":"Long Phu","commune_full_name":"Xã Long Phú","commune_full_name_en":"Long Phu Commune","commune_slug":"long_phu","unit_type":"Xã","unit_type_en":"Commune","admin_level":2,"province_code":"92","province_name":"Cần Thơ","province_full_name":"Thành phố Cần Thơ","province_slug":"can_tho","join_key":"31639","status":"active","dataset_effective_date":"2026-04-30","catalog_version":"2026-07-12","geometry_status":"not_embedded_boundary_available_by_url","boundary_source_url":"https://raw.githubusercontent.com/thanglequoc/vietnamese-provinces-database/master/json/geojson/92_can_tho/wards/31639_long_phu.geojson","boundary_source_page":"https://github.com/thanglequoc/vietnamese-provinces-database/blob/master/json/geojson/92_can_tho/wards/31639_long_phu.geojson","source_catalog":"https://github.com/thanglequoc/vietnamese-provinces-database"},"geometry":null},{"type":"Feature","id":"31645","properties":{"commune_code":"31645","commune_name":"Đại Ngãi","commune_name_en":"Dai Ngai","commune_full_name":"Xã Đại Ngãi","commune_full_name_en":"Dai Ngai Commune","commune_slug":"dai_ngai","unit_type":"Xã","unit_type_en":"Commune","admin_level":2,"province_code":"92","province_name":"Cần Thơ","province_full_name":"Thành phố Cần Thơ","province_slug":"can_tho","join_key":"31645","status":"active","dataset_effective_date":"2026-04-30","catalog_version":"2026-07-12","geometry_status":"not_embedded_boundary_available_by_url","boundary_source_url":"https://raw.githubusercontent.com/thanglequoc/vietnamese-provinces-database/master/json/geojson/92_can_tho/wards/31645_dai_ngai.geojson","boundary_source_page":"https://github.com/thanglequoc/vietnamese-provinces-database/blob/master/json/geojson/92_can_tho/wards/31645_dai_ngai.geojson","source_catalog":"https://github.com/thanglequoc/vietnamese-provinces-database"},"geometry":null},{"type":"Feature","id":"31654","properties":{"commune_code":"31654","commune_name":"Trường Khánh","commune_name_en":"Truong Khanh","commune_full_name":"Xã Trường Khánh","commune_full_name_en":"Truong Khanh Commune","commune_slug":"truong_khanh","unit_type":"Xã","unit_type_en":"Commune","admin_level":2,"province_code":"92","province_name":"Cần Thơ","province_full_name":"Thành phố Cần Thơ","province_slug":"can_tho","join_key":"31654","status":"active","dataset_effective_date":"2026-04-30","catalog_version":"2026-07-12","geometry_status":"not_embedded_boundary_available_by_url","boundary_source_url":"https://raw.githubusercontent.com/thanglequoc/vietnamese-provinces-database/master/json/geojson/92_can_tho/wards/31654_truong_khanh.geojson","boundary_source_page":"https://github.com/thanglequoc/vietnamese-provinces-database/blob/master/json/geojson/92_can_tho/wards/31654_truong_khanh.geojson","source_catalog":"https://github.com/thanglequoc/vietnamese-provinces-database"},"geometry":null},{"type":"Feature","id":"31666","properties":{"commune_code":"31666","commune_name":"Tân Thạnh","commune_name_en":"Tan Thanh","commune_full_name":"Xã Tân Thạnh","commune_full_name_en":"Tan Thanh Commune","commune_slug":"tan_thanh","unit_type":"Xã","unit_type_en":"Commune","admin_level":2,"province_code":"92","province_name":"Cần Thơ","province_full_name":"Thành phố Cần Thơ","province_slug":"can_tho","join_key":"31666","status":"active","dataset_effective_date":"2026-04-30","catalog_version":"2026-07-12","geometry_status":"not_embedded_boundary_available_by_url","boundary_source_url":"https://raw.githubusercontent.com/thanglequoc/vietnamese-provinces-database/master/json/geojson/92_can_tho/wards/31666_tan_thanh.geojson","boundary_source_page":"https://github.com/thanglequoc/vietnamese-provinces-database/blob/master/json/geojson/92_can_tho/wards/31666_tan_thanh.geojson","source_catalog":"https://github.com/thanglequoc/vietnamese-provinces-database"},"geometry":null},{"type":"Feature","id":"31673","properties":{"commune_code":"31673","commune_name":"Trần Đề","commune_name_en":"Tran De","commune_full_name":"Xã Trần Đề","commune_full_name_en":"Tran De Commune","commune_slug":"tran_de","unit_type":"Xã","unit_type_en":"Commune","admin_level":2,"province_code":"92","province_name":"Cần Thơ","province_full_name":"Thành phố Cần Thơ","province_slug":"can_tho","join_key":"31673","status":"active","dataset_effective_date":"2026-04-30","catalog_version":"2026-07-12","geometry_status":"not_embedded_boundary_available_by_url","boundary_source_url":"https://raw.githubusercontent.com/thanglequoc/vietnamese-provinces-database/master/json/geojson/92_can_tho/wards/31673_tran_de.geojson","boundary_source_page":"https://github.com/thanglequoc/vietnamese-provinces-database/blob/master/json/geojson/92_can_tho/wards/31673_tran_de.geojson","source_catalog":"https://github.com/thanglequoc/vietnamese-provinces-database"},"geometry":null},{"type":"Feature","id":"31675","properties":{"commune_code":"31675","commune_name":"Liêu Tú","commune_name_en":"Lieu Tu","commune_full_name":"Xã Liêu Tú","commune_full_name_en":"Lieu Tu Commune","commune_slug":"lieu_tu","unit_type":"Xã","unit_type_en":"Commune","admin_level":2,"province_code":"92","province_name":"Cần Thơ","province_full_name":"Thành phố Cần Thơ","province_slug":"can_tho","join_key":"31675","status":"active","dataset_effective_date":"2026-04-30","catalog_version":"2026-07-12","geometry_status":"not_embedded_boundary_available_by_url","boundary_source_url":"https://raw.githubusercontent.com/thanglequoc/vietnamese-provinces-database/master/json/geojson/92_can_tho/wards/31675_lieu_tu.geojson","boundary_source_page":"https://github.com/thanglequoc/vietnamese-provinces-database/blob/master/json/geojson/92_can_tho/wards/31675_lieu_tu.geojson","source_catalog":"https://github.com/thanglequoc/vietnamese-provinces-database"},"geometry":null},{"type":"Feature","id":"31679","properties":{"commune_code":"31679","commune_name":"Lịch Hội Thượng","commune_name_en":"Lich Hoi Thuong","commune_full_name":"Xã Lịch Hội Thượng","commune_full_name_en":"Lich Hoi Thuong Commune","commune_slug":"lich_hoi_thuong","unit_type":"Xã","unit_type_en":"Commune","admin_level":2,"province_code":"92","province_name":"Cần Thơ","province_full_name":"Thành phố Cần Thơ","province_slug":"can_tho","join_key":"31679","status":"active","dataset_effective_date":"2026-04-30","catalog_version":"2026-07-12","geometry_status":"not_embedded_boundary_available_by_url","boundary_source_url":"https://raw.githubusercontent.com/thanglequoc/vietnamese-provinces-database/master/json/geojson/92_can_tho/wards/31679_lich_hoi_thuong.geojson","boundary_source_page":"https://github.com/thanglequoc/vietnamese-provinces-database/blob/master/json/geojson/92_can_tho/wards/31679_lich_hoi_thuong.geojson","source_catalog":"https://github.com/thanglequoc/vietnamese-provinces-database"},"geometry":null},{"type":"Feature","id":"31684","properties":{"commune_code":"31684","commune_name":"Mỹ Xuyên","commune_name_en":"My Xuyen","commune_full_name":"Phường Mỹ Xuyên","commune_full_name_en":"My Xuyen Ward","commune_slug":"my_xuyen","unit_type":"Phường","unit_type_en":"Ward","admin_level":2,"province_code":"92","province_name":"Cần Thơ","province_full_name":"Thành phố Cần Thơ","province_slug":"can_tho","join_key":"31684","status":"active","dataset_effective_date":"2026-04-30","catalog_version":"2026-07-12","geometry_status":"not_embedded_boundary_available_by_url","boundary_source_url":"https://raw.githubusercontent.com/thanglequoc/vietnamese-provinces-database/master/json/geojson/92_can_tho/wards/31684_my_xuyen.geojson","boundary_source_page":"https://github.com/thanglequoc/vietnamese-provinces-database/blob/master/json/geojson/92_can_tho/wards/31684_my_xuyen.geojson","source_catalog":"https://github.com/thanglequoc/vietnamese-provinces-database"},"geometry":null},{"type":"Feature","id":"31687","properties":{"commune_code":"31687","commune_name":"Tài Văn","commune_name_en":"Tai Van","commune_full_name":"Xã Tài Văn","commune_full_name_en":"Tai Van Commune","commune_slug":"tai_van","unit_type":"Xã","unit_type_en":"Commune","admin_level":2,"province_code":"92","province_name":"Cần Thơ","province_full_name":"Thành phố Cần Thơ","province_slug":"can_tho","join_key":"31687","status":"active","dataset_effective_date":"2026-04-30","catalog_version":"2026-07-12","geometry_status":"not_embedded_boundary_available_by_url","boundary_source_url":"https://raw.githubusercontent.com/thanglequoc/vietnamese-provinces-database/master/json/geojson/92_can_tho/wards/31687_tai_van.geojson","boundary_source_page":"https://github.com/thanglequoc/vietnamese-provinces-database/blob/master/json/geojson/92_can_tho/wards/31687_tai_van.geojson","source_catalog":"https://github.com/thanglequoc/vietnamese-provinces-database"},"geometry":null},{"type":"Feature","id":"31699","properties":{"commune_code":"31699","commune_name":"Thạnh Thới An","commune_name_en":"Thanh Thoi An","commune_full_name":"Xã Thạnh Thới An","commune_full_name_en":"Thanh Thoi An Commune","commune_slug":"thanh_thoi_an","unit_type":"Xã","unit_type_en":"Commune","admin_level":2,"province_code":"92","province_name":"Cần Thơ","province_full_name":"Thành phố Cần Thơ","province_slug":"can_tho","join_key":"31699","status":"active","dataset_effective_date":"2026-04-30","catalog_version":"2026-07-12","geometry_status":"not_embedded_boundary_available_by_url","boundary_source_url":"https://raw.githubusercontent.com/thanglequoc/vietnamese-provinces-database/master/json/geojson/92_can_tho/wards/31699_thanh_thoi_an.geojson","boundary_source_page":"https://github.com/thanglequoc/vietnamese-provinces-database/blob/master/json/geojson/92_can_tho/wards/31699_thanh_thoi_an.geojson","source_catalog":"https://github.com/thanglequoc/vietnamese-provinces-database"},"geometry":null},{"type":"Feature","id":"31708","properties":{"commune_code":"31708","commune_name":"Nhu Gia","commune_name_en":"Nhu Gia","commune_full_name":"Xã Nhu Gia","commune_full_name_en":"Nhu Gia Commune","commune_slug":"nhu_gia","unit_type":"Xã","unit_type_en":"Commune","admin_level":2,"province_code":"92","province_name":"Cần Thơ","province_full_name":"Thành phố Cần Thơ","province_slug":"can_tho","join_key":"31708","status":"active","dataset_effective_date":"2026-04-30","catalog_version":"2026-07-12","geometry_status":"not_embedded_boundary_available_by_url","boundary_source_url":"https://raw.githubusercontent.com/thanglequoc/vietnamese-provinces-database/master/json/geojson/92_can_tho/wards/31708_nhu_gia.geojson","boundary_source_page":"https://github.com/thanglequoc/vietnamese-provinces-database/blob/master/json/geojson/92_can_tho/wards/31708_nhu_gia.geojson","source_catalog":"https://github.com/thanglequoc/vietnamese-provinces-database"},"geometry":null},{"type":"Feature","id":"31717","properties":{"commune_code":"31717","commune_name":"Hoà Tú","commune_name_en":"Hoa Tu","commune_full_name":"Xã Hoà Tú","commune_full_name_en":"Hoa Tu Commune","commune_slug":"hoa_tu","unit_type":"Xã","unit_type_en":"Commune","admin_level":2,"province_code":"92","province_name":"Cần Thơ","province_full_name":"Thành phố Cần Thơ","province_slug":"can_tho","join_key":"31717","status":"active","dataset_effective_date":"2026-04-30","catalog_version":"2026-07-12","geometry_status":"not_embedded_boundary_available_by_url","boundary_source_url":"https://raw.githubusercontent.com/thanglequoc/vietnamese-provinces-database/master/json/geojson/92_can_tho/wards/31717_hoa_tu.geojson","boundary_source_page":"https://github.com/thanglequoc/vietnamese-provinces-database/blob/master/json/geojson/92_can_tho/wards/31717_hoa_tu.geojson","source_catalog":"https://github.com/thanglequoc/vietnamese-provinces-database"},"geometry":null},{"type":"Feature","id":"31723","properties":{"commune_code":"31723","commune_name":"Ngọc Tố","commune_name_en":"Ngoc To","commune_full_name":"Xã Ngọc Tố","commune_full_name_en":"Ngoc To Commune","commune_slug":"ngoc_to","unit_type":"Xã","unit_type_en":"Commune","admin_level":2,"province_code":"92","province_name":"Cần Thơ","province_full_name":"Thành phố Cần Thơ","province_slug":"can_tho","join_key":"31723","status":"active","dataset_effective_date":"2026-04-30","catalog_version":"2026-07-12","geometry_status":"not_embedded_boundary_available_by_url","boundary_source_url":"https://raw.githubusercontent.com/thanglequoc/vietnamese-provinces-database/master/json/geojson/92_can_tho/wards/31723_ngoc_to.geojson","boundary_source_page":"https://github.com/thanglequoc/vietnamese-provinces-database/blob/master/json/geojson/92_can_tho/wards/31723_ngoc_to.geojson","source_catalog":"https://github.com/thanglequoc/vietnamese-provinces-database"},"geometry":null},{"type":"Feature","id":"31726","properties":{"commune_code":"31726","commune_name":"Gia Hoà","commune_name_en":"Gia Hoa","commune_full_name":"Xã Gia Hoà","commune_full_name_en":"Gia Hoa Commune","commune_slug":"gia_hoa","unit_type":"Xã","unit_type_en":"Commune","admin_level":2,"province_code":"92","province_name":"Cần Thơ","province_full_name":"Thành phố Cần Thơ","province_slug":"can_tho","join_key":"31726","status":"active","dataset_effective_date":"2026-04-30","catalog_version":"2026-07-12","geometry_status":"not_embedded_boundary_available_by_url","boundary_source_url":"https://raw.githubusercontent.com/thanglequoc/vietnamese-provinces-database/master/json/geojson/92_can_tho/wards/31726_gia_hoa.geojson","boundary_source_page":"https://github.com/thanglequoc/vietnamese-provinces-database/blob/master/json/geojson/92_can_tho/wards/31726_gia_hoa.geojson","source_catalog":"https://github.com/thanglequoc/vietnamese-provinces-database"},"geometry":null},{"type":"Feature","id":"31732","properties":{"commune_code":"31732","commune_name":"Ngã Năm","commune_name_en":"Nga Nam","commune_full_name":"Phường Ngã Năm","commune_full_name_en":"Nga Nam Ward","commune_slug":"nga_nam","unit_type":"Phường","unit_type_en":"Ward","admin_level":2,"province_code":"92","province_name":"Cần Thơ","province_full_name":"Thành phố Cần Thơ","province_slug":"can_tho","join_key":"31732","status":"active","dataset_effective_date":"2026-04-30","catalog_version":"2026-07-12","geometry_status":"not_embedded_boundary_available_by_url","boundary_source_url":"https://raw.githubusercontent.com/thanglequoc/vietnamese-provinces-database/master/json/geojson/92_can_tho/wards/31732_nga_nam.geojson","boundary_source_page":"https://github.com/thanglequoc/vietnamese-provinces-database/blob/master/json/geojson/92_can_tho/wards/31732_nga_nam.geojson","source_catalog":"https://github.com/thanglequoc/vietnamese-provinces-database"},"geometry":null},{"type":"Feature","id":"31741","properties":{"commune_code":"31741","commune_name":"Tân Long","commune_name_en":"Tan Long","commune_full_name":"Xã Tân Long","commune_full_name_en":"Tan Long Commune","commune_slug":"tan_long","unit_type":"Xã","unit_type_en":"Commune","admin_level":2,"province_code":"92","province_name":"Cần Thơ","province_full_name":"Thành phố Cần Thơ","province_slug":"can_tho","join_key":"31741","status":"active","dataset_effective_date":"2026-04-30","catalog_version":"2026-07-12","geometry_status":"not_embedded_boundary_available_by_url","boundary_source_url":"https://raw.githubusercontent.com/thanglequoc/vietnamese-provinces-database/master/json/geojson/92_can_tho/wards/31741_tan_long.geojson","boundary_source_page":"https://github.com/thanglequoc/vietnamese-provinces-database/blob/master/json/geojson/92_can_tho/wards/31741_tan_long.geojson","source_catalog":"https://github.com/thanglequoc/vietnamese-provinces-database"},"geometry":null},{"type":"Feature","id":"31753","properties":{"commune_code":"31753","commune_name":"Mỹ Quới","commune_name_en":"My Quoi","commune_full_name":"Phường Mỹ Quới","commune_full_name_en":"My Quoi Ward","commune_slug":"my_quoi","unit_type":"Phường","unit_type_en":"Ward","admin_level":2,"province_code":"92","province_name":"Cần Thơ","province_full_name":"Thành phố Cần Thơ","province_slug":"can_tho","join_key":"31753","status":"active","dataset_effective_date":"2026-04-30","catalog_version":"2026-07-12","geometry_status":"not_embedded_boundary_available_by_url","boundary_source_url":"https://raw.githubusercontent.com/thanglequoc/vietnamese-provinces-database/master/json/geojson/92_can_tho/wards/31753_my_quoi.geojson","boundary_source_page":"https://github.com/thanglequoc/vietnamese-provinces-database/blob/master/json/geojson/92_can_tho/wards/31753_my_quoi.geojson","source_catalog":"https://github.com/thanglequoc/vietnamese-provinces-database"},"geometry":null},{"type":"Feature","id":"31756","properties":{"commune_code":"31756","commune_name":"Phú Lộc","commune_name_en":"Phu Loc","commune_full_name":"Xã Phú Lộc","commune_full_name_en":"Phu Loc Commune","commune_slug":"phu_loc","unit_type":"Xã","unit_type_en":"Commune","admin_level":2,"province_code":"92","province_name":"Cần Thơ","province_full_name":"Thành phố Cần Thơ","province_slug":"can_tho","join_key":"31756","status":"active","dataset_effective_date":"2026-04-30","catalog_version":"2026-07-12","geometry_status":"not_embedded_boundary_available_by_url","boundary_source_url":"https://raw.githubusercontent.com/thanglequoc/vietnamese-provinces-database/master/json/geojson/92_can_tho/wards/31756_phu_loc.geojson","boundary_source_page":"https://github.com/thanglequoc/vietnamese-provinces-database/blob/master/json/geojson/92_can_tho/wards/31756_phu_loc.geojson","source_catalog":"https://github.com/thanglequoc/vietnamese-provinces-database"},"geometry":null},{"type":"Feature","id":"31759","properties":{"commune_code":"31759","commune_name":"Lâm Tân","commune_name_en":"Lam Tan","commune_full_name":"Xã Lâm Tân","commune_full_name_en":"Lam Tan Commune","commune_slug":"lam_tan","unit_type":"Xã","unit_type_en":"Commune","admin_level":2,"province_code":"92","province_name":"Cần Thơ","province_full_name":"Thành phố Cần Thơ","province_slug":"can_tho","join_key":"31759","status":"active","dataset_effective_date":"2026-04-30","catalog_version":"2026-07-12","geometry_status":"not_embedded_boundary_available_by_url","boundary_source_url":"https://raw.githubusercontent.com/thanglequoc/vietnamese-provinces-database/master/json/geojson/92_can_tho/wards/31759_lam_tan.geojson","boundary_source_page":"https://github.com/thanglequoc/vietnamese-provinces-database/blob/master/json/geojson/92_can_tho/wards/31759_lam_tan.geojson","source_catalog":"https://github.com/thanglequoc/vietnamese-provinces-database"},"geometry":null},{"type":"Feature","id":"31777","properties":{"commune_code":"31777","commune_name":"Vĩnh Lợi","commune_name_en":"Vinh Loi","commune_full_name":"Xã Vĩnh Lợi","commune_full_name_en":"Vinh Loi Commune","commune_slug":"vinh_loi","unit_type":"Xã","unit_type_en":"Commune","admin_level":2,"province_code":"92","province_name":"Cần Thơ","province_full_name":"Thành phố Cần Thơ","province_slug":"can_tho","join_key":"31777","status":"active","dataset_effective_date":"2026-04-30","catalog_version":"2026-07-12","geometry_status":"not_embedded_boundary_available_by_url","boundary_source_url":"https://raw.githubusercontent.com/thanglequoc/vietnamese-provinces-database/master/json/geojson/92_can_tho/wards/31777_vinh_loi.geojson","boundary_source_page":"https://github.com/thanglequoc/vietnamese-provinces-database/blob/master/json/geojson/92_can_tho/wards/31777_vinh_loi.geojson","source_catalog":"https://github.com/thanglequoc/vietnamese-provinces-database"},"geometry":null},{"type":"Feature","id":"31783","properties":{"commune_code":"31783","commune_name":"Vĩnh Châu","commune_name_en":"Vinh Chau","commune_full_name":"Phường Vĩnh Châu","commune_full_name_en":"Vinh Chau Ward","commune_slug":"vinh_chau","unit_type":"Phường","unit_type_en":"Ward","admin_level":2,"province_code":"92","province_name":"Cần Thơ","province_full_name":"Thành phố Cần Thơ","province_slug":"can_tho","join_key":"31783","status":"active","dataset_effective_date":"2026-04-30","catalog_version":"2026-07-12","geometry_status":"not_embedded_boundary_available_by_url","boundary_source_url":"https://raw.githubusercontent.com/thanglequoc/vietnamese-provinces-database/master/json/geojson/92_can_tho/wards/31783_vinh_chau.geojson","boundary_source_page":"https://github.com/thanglequoc/vietnamese-provinces-database/blob/master/json/geojson/92_can_tho/wards/31783_vinh_chau.geojson","source_catalog":"https://github.com/thanglequoc/vietnamese-provinces-database"},"geometry":null},{"type":"Feature","id":"31789","properties":{"commune_code":"31789","commune_name":"Khánh Hoà","commune_name_en":"Khanh Hoa","commune_full_name":"Phường Khánh Hoà","commune_full_name_en":"Khanh Hoa Ward","commune_slug":"khanh_hoa","unit_type":"Phường","unit_type_en":"Ward","admin_level":2,"province_code":"92","province_name":"Cần Thơ","province_full_name":"Thành phố Cần Thơ","province_slug":"can_tho","join_key":"31789","status":"active","dataset_effective_date":"2026-04-30","catalog_version":"2026-07-12","geometry_status":"not_embedded_boundary_available_by_url","boundary_source_url":"https://raw.githubusercontent.com/thanglequoc/vietnamese-provinces-database/master/json/geojson/92_can_tho/wards/31789_khanh_hoa.geojson","boundary_source_page":"https://github.com/thanglequoc/vietnamese-provinces-database/blob/master/json/geojson/92_can_tho/wards/31789_khanh_hoa.geojson","source_catalog":"https://github.com/thanglequoc/vietnamese-provinces-database"},"geometry":null},{"type":"Feature","id":"31795","properties":{"commune_code":"31795","commune_name":"Vĩnh Hải","commune_name_en":"Vinh Hai","commune_full_name":"Xã Vĩnh Hải","commune_full_name_en":"Vinh Hai Commune","commune_slug":"vinh_hai","unit_type":"Xã","unit_type_en":"Commune","admin_level":2,"province_code":"92","province_name":"Cần Thơ","province_full_name":"Thành phố Cần Thơ","province_slug":"can_tho","join_key":"31795","status":"active","dataset_effective_date":"2026-04-30","catalog_version":"2026-07-12","geometry_status":"not_embedded_boundary_available_by_url","boundary_source_url":"https://raw.githubusercontent.com/thanglequoc/vietnamese-provinces-database/master/json/geojson/92_can_tho/wards/31795_vinh_hai.geojson","boundary_source_page":"https://github.com/thanglequoc/vietnamese-provinces-database/blob/master/json/geojson/92_can_tho/wards/31795_vinh_hai.geojson","source_catalog":"https://github.com/thanglequoc/vietnamese-provinces-database"},"geometry":null},{"type":"Feature","id":"31804","properties":{"commune_code":"31804","commune_name":"Vĩnh Phước","commune_name_en":"Vinh Phuoc","commune_full_name":"Phường Vĩnh Phước","commune_full_name_en":"Vinh Phuoc Ward","commune_slug":"vinh_phuoc","unit_type":"Phường","unit_type_en":"Ward","admin_level":2,"province_code":"92","province_name":"Cần Thơ","province_full_name":"Thành phố Cần Thơ","province_slug":"can_tho","join_key":"31804","status":"active","dataset_effective_date":"2026-04-30","catalog_version":"2026-07-12","geometry_status":"not_embedded_boundary_available_by_url","boundary_source_url":"https://raw.githubusercontent.com/thanglequoc/vietnamese-provinces-database/master/json/geojson/92_can_tho/wards/31804_vinh_phuoc.geojson","boundary_source_page":"https://github.com/thanglequoc/vietnamese-provinces-database/blob/master/json/geojson/92_can_tho/wards/31804_vinh_phuoc.geojson","source_catalog":"https://github.com/thanglequoc/vietnamese-provinces-database"},"geometry":null},{"type":"Feature","id":"31810","properties":{"commune_code":"31810","commune_name":"Lai Hoà","commune_name_en":"Lai Hoa","commune_full_name":"Xã Lai Hoà","commune_full_name_en":"Lai Hoa Commune","commune_slug":"lai_hoa","unit_type":"Xã","unit_type_en":"Commune","admin_level":2,"province_code":"92","province_name":"Cần Thơ","province_full_name":"Thành phố Cần Thơ","province_slug":"can_tho","join_key":"31810","status":"active","dataset_effective_date":"2026-04-30","catalog_version":"2026-07-12","geometry_status":"not_embedded_boundary_available_by_url","boundary_source_url":"https://raw.githubusercontent.com/thanglequoc/vietnamese-provinces-database/master/json/geojson/92_can_tho/wards/31810_lai_hoa.geojson","boundary_source_page":"https://github.com/thanglequoc/vietnamese-provinces-database/blob/master/json/geojson/92_can_tho/wards/31810_lai_hoa.geojson","source_catalog":"https://github.com/thanglequoc/vietnamese-provinces-database"},"geometry":null}]}