commune_code,commune_full_name,province_code,province_full_name,boundary_source_url
00004,Phường Ba Đình,01,Thành phố Hà Nội,https://raw.githubusercontent.com/thanglequoc/vietnamese-provinces-database/master/json/geojson/01_ha_noi/wards/00004_ba_dinh.geojson
00008,Phường Ngọc Hà,01,Thành phố Hà Nội,https://raw.githubusercontent.com/thanglequoc/vietnamese-provinces-database/master/json/geojson/01_ha_noi/wards/00008_ngoc_ha.geojson
00025,Phường Giảng Võ,01,Thành phố Hà Nội,https://raw.githubusercontent.com/thanglequoc/vietnamese-provinces-database/master/json/geojson/01_ha_noi/wards/00025_giang_vo.geojson
00070,Phường Hoàn Kiếm,01,Thành phố Hà Nội,https://raw.githubusercontent.com/thanglequoc/vietnamese-provinces-database/master/json/geojson/01_ha_noi/wards/00070_hoan_kiem.geojson
00082,Phường Cửa Nam,01,Thành phố Hà Nội,https://raw.githubusercontent.com/thanglequoc/vietnamese-provinces-database/master/json/geojson/01_ha_noi/wards/00082_cua_nam.geojson
00091,Phường Phú Thượng,01,Thành phố Hà Nội,https://raw.githubusercontent.com/thanglequoc/vietnamese-provinces-database/master/json/geojson/01_ha_noi/wards/00091_phu_thuong.geojson
00097,Phường Hồng Hà,01,Thành phố Hà Nội,https://raw.githubusercontent.com/thanglequoc/vietnamese-provinces-database/master/json/geojson/01_ha_noi/wards/00097_hong_ha.geojson
00103,Phường Tây Hồ,01,Thành phố Hà Nội,https://raw.githubusercontent.com/thanglequoc/vietnamese-provinces-database/master/json/geojson/01_ha_noi/wards/00103_tay_ho.geojson
00118,Phường Bồ Đề,01,Thành phố Hà Nội,https://raw.githubusercontent.com/thanglequoc/vietnamese-provinces-database/master/json/geojson/01_ha_noi/wards/00118_bo_de.geojson
00127,Phường Việt Hưng,01,Thành phố Hà Nội,https://raw.githubusercontent.com/thanglequoc/vietnamese-provinces-database/master/json/geojson/01_ha_noi/wards/00127_viet_hung.geojson
00136,Phường Phúc Lợi,01,Thành phố Hà Nội,https://raw.githubusercontent.com/thanglequoc/vietnamese-provinces-database/master/json/geojson/01_ha_noi/wards/00136_phuc_loi.geojson
00145,Phường Long Biên,01,Thành phố Hà Nội,https://raw.githubusercontent.com/thanglequoc/vietnamese-provinces-database/master/json/geojson/01_ha_noi/wards/00145_long_bien.geojson
00160,Phường Nghĩa Đô,01,Thành phố Hà Nội,https://raw.githubusercontent.com/thanglequoc/vietnamese-provinces-database/master/json/geojson/01_ha_noi/wards/00160_nghia_do.geojson
00166,Phường Cầu Giấy,01,Thành phố Hà Nội,https://raw.githubusercontent.com/thanglequoc/vietnamese-provinces-database/master/json/geojson/01_ha_noi/wards/00166_cau_giay.geojson
00175,Phường Yên Hoà,01,Thành phố Hà Nội,https://raw.githubusercontent.com/thanglequoc/vietnamese-provinces-database/master/json/geojson/01_ha_noi/wards/00175_yen_hoa.geojson
00190,Phường Ô Chợ Dừa,01,Thành phố Hà Nội,https://raw.githubusercontent.com/thanglequoc/vietnamese-provinces-database/master/json/geojson/01_ha_noi/wards/00190_o_cho_dua.geojson
00199,Phường Láng,01,Thành phố Hà Nội,https://raw.githubusercontent.com/thanglequoc/vietnamese-provinces-database/master/json/geojson/01_ha_noi/wards/00199_lang.geojson
00226,Phường Văn Miếu - Quốc Tử Giám,01,Thành phố Hà Nội,https://raw.githubusercontent.com/thanglequoc/vietnamese-provinces-database/master/json/geojson/01_ha_noi/wards/00226_van_mieu_quoc_tu_giam.geojson
00229,Phường Kim Liên,01,Thành phố Hà Nội,https://raw.githubusercontent.com/thanglequoc/vietnamese-provinces-database/master/json/geojson/01_ha_noi/wards/00229_kim_lien.geojson
00235,Phường Đống Đa,01,Thành phố Hà Nội,https://raw.githubusercontent.com/thanglequoc/vietnamese-provinces-database/master/json/geojson/01_ha_noi/wards/00235_dong_da.geojson
00256,Phường Hai Bà Trưng,01,Thành phố Hà Nội,https://raw.githubusercontent.com/thanglequoc/vietnamese-provinces-database/master/json/geojson/01_ha_noi/wards/00256_hai_ba_trung.geojson
00283,Phường Vĩnh Tuy,01,Thành phố Hà Nội,https://raw.githubusercontent.com/thanglequoc/vietnamese-provinces-database/master/json/geojson/01_ha_noi/wards/00283_vinh_tuy.geojson
00292,Phường Bạch Mai,01,Thành phố Hà Nội,https://raw.githubusercontent.com/thanglequoc/vietnamese-provinces-database/master/json/geojson/01_ha_noi/wards/00292_bach_mai.geojson
00301,Phường Vĩnh Hưng,01,Thành phố Hà Nội,https://raw.githubusercontent.com/thanglequoc/vietnamese-provinces-database/master/json/geojson/01_ha_noi/wards/00301_vinh_hung.geojson
00316,Phường Định Công,01,Thành phố Hà Nội,https://raw.githubusercontent.com/thanglequoc/vietnamese-provinces-database/master/json/geojson/01_ha_noi/wards/00316_dinh_cong.geojson
00322,Phường Tương Mai,01,Thành phố Hà Nội,https://raw.githubusercontent.com/thanglequoc/vietnamese-provinces-database/master/json/geojson/01_ha_noi/wards/00322_tuong_mai.geojson
00328,Phường Lĩnh Nam,01,Thành phố Hà Nội,https://raw.githubusercontent.com/thanglequoc/vietnamese-provinces-database/master/json/geojson/01_ha_noi/wards/00328_linh_nam.geojson
00331,Phường Hoàng Mai,01,Thành phố Hà Nội,https://raw.githubusercontent.com/thanglequoc/vietnamese-provinces-database/master/json/geojson/01_ha_noi/wards/00331_hoang_mai.geojson
00337,Phường Hoàng Liệt,01,Thành phố Hà Nội,https://raw.githubusercontent.com/thanglequoc/vietnamese-provinces-database/master/json/geojson/01_ha_noi/wards/00337_hoang_liet.geojson
00340,Phường Yên Sở,01,Thành phố Hà Nội,https://raw.githubusercontent.com/thanglequoc/vietnamese-provinces-database/master/json/geojson/01_ha_noi/wards/00340_yen_so.geojson
00352,Phường Phương Liệt,01,Thành phố Hà Nội,https://raw.githubusercontent.com/thanglequoc/vietnamese-provinces-database/master/json/geojson/01_ha_noi/wards/00352_phuong_liet.geojson
00364,Phường Khương Đình,01,Thành phố Hà Nội,https://raw.githubusercontent.com/thanglequoc/vietnamese-provinces-database/master/json/geojson/01_ha_noi/wards/00364_khuong_dinh.geojson
00367,Phường Thanh Xuân,01,Thành phố Hà Nội,https://raw.githubusercontent.com/thanglequoc/vietnamese-provinces-database/master/json/geojson/01_ha_noi/wards/00367_thanh_xuan.geojson
00376,Xã Sóc Sơn,01,Thành phố Hà Nội,https://raw.githubusercontent.com/thanglequoc/vietnamese-provinces-database/master/json/geojson/01_ha_noi/wards/00376_soc_son.geojson
00382,Xã Kim Anh,01,Thành phố Hà Nội,https://raw.githubusercontent.com/thanglequoc/vietnamese-provinces-database/master/json/geojson/01_ha_noi/wards/00382_kim_anh.geojson
00385,Xã Trung Giã,01,Thành phố Hà Nội,https://raw.githubusercontent.com/thanglequoc/vietnamese-provinces-database/master/json/geojson/01_ha_noi/wards/00385_trung_gia.geojson
00430,Xã Đa Phúc,01,Thành phố Hà Nội,https://raw.githubusercontent.com/thanglequoc/vietnamese-provinces-database/master/json/geojson/01_ha_noi/wards/00430_da_phuc.geojson
00433,Xã Nội Bài,01,Thành phố Hà Nội,https://raw.githubusercontent.com/thanglequoc/vietnamese-provinces-database/master/json/geojson/01_ha_noi/wards/00433_noi_bai.geojson
00454,Xã Đông Anh,01,Thành phố Hà Nội,https://raw.githubusercontent.com/thanglequoc/vietnamese-provinces-database/master/json/geojson/01_ha_noi/wards/00454_dong_anh.geojson
00466,Xã Phúc Thịnh,01,Thành phố Hà Nội,https://raw.githubusercontent.com/thanglequoc/vietnamese-provinces-database/master/json/geojson/01_ha_noi/wards/00466_phuc_thinh.geojson
00475,Xã Thư Lâm,01,Thành phố Hà Nội,https://raw.githubusercontent.com/thanglequoc/vietnamese-provinces-database/master/json/geojson/01_ha_noi/wards/00475_thu_lam.geojson
00493,Xã Thiên Lộc,01,Thành phố Hà Nội,https://raw.githubusercontent.com/thanglequoc/vietnamese-provinces-database/master/json/geojson/01_ha_noi/wards/00493_thien_loc.geojson
00508,Xã Vĩnh Thanh,01,Thành phố Hà Nội,https://raw.githubusercontent.com/thanglequoc/vietnamese-provinces-database/master/json/geojson/01_ha_noi/wards/00508_vinh_thanh.geojson
00541,Xã Phù Đổng,01,Thành phố Hà Nội,https://raw.githubusercontent.com/thanglequoc/vietnamese-provinces-database/master/json/geojson/01_ha_noi/wards/00541_phu_dong.geojson
00562,Xã Thuận An,01,Thành phố Hà Nội,https://raw.githubusercontent.com/thanglequoc/vietnamese-provinces-database/master/json/geojson/01_ha_noi/wards/00562_thuan_an.geojson
00565,Xã Gia Lâm,01,Thành phố Hà Nội,https://raw.githubusercontent.com/thanglequoc/vietnamese-provinces-database/master/json/geojson/01_ha_noi/wards/00565_gia_lam.geojson
00577,Xã Bát Tràng,01,Thành phố Hà Nội,https://raw.githubusercontent.com/thanglequoc/vietnamese-provinces-database/master/json/geojson/01_ha_noi/wards/00577_bat_trang.geojson
00592,Phường Từ Liêm,01,Thành phố Hà Nội,https://raw.githubusercontent.com/thanglequoc/vietnamese-provinces-database/master/json/geojson/01_ha_noi/wards/00592_tu_liem.geojson
00598,Phường Thượng Cát,01,Thành phố Hà Nội,https://raw.githubusercontent.com/thanglequoc/vietnamese-provinces-database/master/json/geojson/01_ha_noi/wards/00598_thuong_cat.geojson
00602,Phường Đông Ngạc,01,Thành phố Hà Nội,https://raw.githubusercontent.com/thanglequoc/vietnamese-provinces-database/master/json/geojson/01_ha_noi/wards/00602_dong_ngac.geojson
00611,Phường Xuân Đỉnh,01,Thành phố Hà Nội,https://raw.githubusercontent.com/thanglequoc/vietnamese-provinces-database/master/json/geojson/01_ha_noi/wards/00611_xuan_dinh.geojson
00613,Phường Tây Tựu,01,Thành phố Hà Nội,https://raw.githubusercontent.com/thanglequoc/vietnamese-provinces-database/master/json/geojson/01_ha_noi/wards/00613_tay_tuu.geojson
00619,Phường Phú Diễn,01,Thành phố Hà Nội,https://raw.githubusercontent.com/thanglequoc/vietnamese-provinces-database/master/json/geojson/01_ha_noi/wards/00619_phu_dien.geojson
00622,Phường Xuân Phương,01,Thành phố Hà Nội,https://raw.githubusercontent.com/thanglequoc/vietnamese-provinces-database/master/json/geojson/01_ha_noi/wards/00622_xuan_phuong.geojson
00634,Phường Tây Mỗ,01,Thành phố Hà Nội,https://raw.githubusercontent.com/thanglequoc/vietnamese-provinces-database/master/json/geojson/01_ha_noi/wards/00634_tay_mo.geojson
00637,Phường Đại Mỗ,01,Thành phố Hà Nội,https://raw.githubusercontent.com/thanglequoc/vietnamese-provinces-database/master/json/geojson/01_ha_noi/wards/00637_dai_mo.geojson
00640,Xã Thanh Trì,01,Thành phố Hà Nội,https://raw.githubusercontent.com/thanglequoc/vietnamese-provinces-database/master/json/geojson/01_ha_noi/wards/00640_thanh_tri.geojson
00643,Phường Thanh Liệt,01,Thành phố Hà Nội,https://raw.githubusercontent.com/thanglequoc/vietnamese-provinces-database/master/json/geojson/01_ha_noi/wards/00643_thanh_liet.geojson
00664,Xã Đại Thanh,01,Thành phố Hà Nội,https://raw.githubusercontent.com/thanglequoc/vietnamese-provinces-database/master/json/geojson/01_ha_noi/wards/00664_dai_thanh.geojson
00679,Xã Ngọc Hồi,01,Thành phố Hà Nội,https://raw.githubusercontent.com/thanglequoc/vietnamese-provinces-database/master/json/geojson/01_ha_noi/wards/00679_ngoc_hoi.geojson
00685,Xã Nam Phù,01,Thành phố Hà Nội,https://raw.githubusercontent.com/thanglequoc/vietnamese-provinces-database/master/json/geojson/01_ha_noi/wards/00685_nam_phu.geojson
04930,Xã Yên Xuân,01,Thành phố Hà Nội,https://raw.githubusercontent.com/thanglequoc/vietnamese-provinces-database/master/json/geojson/01_ha_noi/wards/04930_yen_xuan.geojson
08974,Xã Quang Minh,01,Thành phố Hà Nội,https://raw.githubusercontent.com/thanglequoc/vietnamese-provinces-database/master/json/geojson/01_ha_noi/wards/08974_quang_minh.geojson
08980,Xã Yên Lãng,01,Thành phố Hà Nội,https://raw.githubusercontent.com/thanglequoc/vietnamese-provinces-database/master/json/geojson/01_ha_noi/wards/08980_yen_lang.geojson
08995,Xã Tiến Thắng,01,Thành phố Hà Nội,https://raw.githubusercontent.com/thanglequoc/vietnamese-provinces-database/master/json/geojson/01_ha_noi/wards/08995_tien_thang.geojson
09022,Xã Mê Linh,01,Thành phố Hà Nội,https://raw.githubusercontent.com/thanglequoc/vietnamese-provinces-database/master/json/geojson/01_ha_noi/wards/09022_me_linh.geojson
09552,Phường Kiến Hưng,01,Thành phố Hà Nội,https://raw.githubusercontent.com/thanglequoc/vietnamese-provinces-database/master/json/geojson/01_ha_noi/wards/09552_kien_hung.geojson
09556,Phường Hà Đông,01,Thành phố Hà Nội,https://raw.githubusercontent.com/thanglequoc/vietnamese-provinces-database/master/json/geojson/01_ha_noi/wards/09556_ha_dong.geojson
09562,Phường Yên Nghĩa,01,Thành phố Hà Nội,https://raw.githubusercontent.com/thanglequoc/vietnamese-provinces-database/master/json/geojson/01_ha_noi/wards/09562_yen_nghia.geojson
09568,Phường Phú Lương,01,Thành phố Hà Nội,https://raw.githubusercontent.com/thanglequoc/vietnamese-provinces-database/master/json/geojson/01_ha_noi/wards/09568_phu_luong.geojson
09574,Phường Sơn Tây,01,Thành phố Hà Nội,https://raw.githubusercontent.com/thanglequoc/vietnamese-provinces-database/master/json/geojson/01_ha_noi/wards/09574_son_tay.geojson
09604,Phường Tùng Thiện,01,Thành phố Hà Nội,https://raw.githubusercontent.com/thanglequoc/vietnamese-provinces-database/master/json/geojson/01_ha_noi/wards/09604_tung_thien.geojson
09616,Xã Đoài Phương,01,Thành phố Hà Nội,https://raw.githubusercontent.com/thanglequoc/vietnamese-provinces-database/master/json/geojson/01_ha_noi/wards/09616_doai_phuong.geojson
09619,Xã Quảng Oai,01,Thành phố Hà Nội,https://raw.githubusercontent.com/thanglequoc/vietnamese-provinces-database/master/json/geojson/01_ha_noi/wards/09619_quang_oai.geojson
09634,Xã Cổ Đô,01,Thành phố Hà Nội,https://raw.githubusercontent.com/thanglequoc/vietnamese-provinces-database/master/json/geojson/01_ha_noi/wards/09634_co_do.geojson
09661,Xã Minh Châu,01,Thành phố Hà Nội,https://raw.githubusercontent.com/thanglequoc/vietnamese-provinces-database/master/json/geojson/01_ha_noi/wards/09661_minh_chau.geojson
09664,Xã Vật Lại,01,Thành phố Hà Nội,https://raw.githubusercontent.com/thanglequoc/vietnamese-provinces-database/master/json/geojson/01_ha_noi/wards/09664_vat_lai.geojson
09676,Xã Bất Bạt,01,Thành phố Hà Nội,https://raw.githubusercontent.com/thanglequoc/vietnamese-provinces-database/master/json/geojson/01_ha_noi/wards/09676_bat_bat.geojson
09694,Xã Suối Hai,01,Thành phố Hà Nội,https://raw.githubusercontent.com/thanglequoc/vietnamese-provinces-database/master/json/geojson/01_ha_noi/wards/09694_suoi_hai.geojson
09700,Xã Ba Vì,01,Thành phố Hà Nội,https://raw.githubusercontent.com/thanglequoc/vietnamese-provinces-database/master/json/geojson/01_ha_noi/wards/09700_ba_vi.geojson
09706,Xã Yên Bài,01,Thành phố Hà Nội,https://raw.githubusercontent.com/thanglequoc/vietnamese-provinces-database/master/json/geojson/01_ha_noi/wards/09706_yen_bai.geojson
09715,Xã Phúc Thọ,01,Thành phố Hà Nội,https://raw.githubusercontent.com/thanglequoc/vietnamese-provinces-database/master/json/geojson/01_ha_noi/wards/09715_phuc_tho.geojson
09739,Xã Phúc Lộc,01,Thành phố Hà Nội,https://raw.githubusercontent.com/thanglequoc/vietnamese-provinces-database/master/json/geojson/01_ha_noi/wards/09739_phuc_loc.geojson
09772,Xã Hát Môn,01,Thành phố Hà Nội,https://raw.githubusercontent.com/thanglequoc/vietnamese-provinces-database/master/json/geojson/01_ha_noi/wards/09772_hat_mon.geojson
09784,Xã Đan Phượng,01,Thành phố Hà Nội,https://raw.githubusercontent.com/thanglequoc/vietnamese-provinces-database/master/json/geojson/01_ha_noi/wards/09784_dan_phuong.geojson
09787,Xã Liên Minh,01,Thành phố Hà Nội,https://raw.githubusercontent.com/thanglequoc/vietnamese-provinces-database/master/json/geojson/01_ha_noi/wards/09787_lien_minh.geojson
09817,Xã Ô Diên,01,Thành phố Hà Nội,https://raw.githubusercontent.com/thanglequoc/vietnamese-provinces-database/master/json/geojson/01_ha_noi/wards/09817_o_dien.geojson
09832,Xã Hoài Đức,01,Thành phố Hà Nội,https://raw.githubusercontent.com/thanglequoc/vietnamese-provinces-database/master/json/geojson/01_ha_noi/wards/09832_hoai_duc.geojson
09856,Xã Dương Hoà,01,Thành phố Hà Nội,https://raw.githubusercontent.com/thanglequoc/vietnamese-provinces-database/master/json/geojson/01_ha_noi/wards/09856_duong_hoa.geojson
09871,Xã Sơn Đồng,01,Thành phố Hà Nội,https://raw.githubusercontent.com/thanglequoc/vietnamese-provinces-database/master/json/geojson/01_ha_noi/wards/09871_son_dong.geojson
09877,Xã An Khánh,01,Thành phố Hà Nội,https://raw.githubusercontent.com/thanglequoc/vietnamese-provinces-database/master/json/geojson/01_ha_noi/wards/09877_an_khanh.geojson
09886,Phường Dương Nội,01,Thành phố Hà Nội,https://raw.githubusercontent.com/thanglequoc/vietnamese-provinces-database/master/json/geojson/01_ha_noi/wards/09886_duong_noi.geojson
09895,Xã Quốc Oai,01,Thành phố Hà Nội,https://raw.githubusercontent.com/thanglequoc/vietnamese-provinces-database/master/json/geojson/01_ha_noi/wards/09895_quoc_oai.geojson
09910,Xã Kiều Phú,01,Thành phố Hà Nội,https://raw.githubusercontent.com/thanglequoc/vietnamese-provinces-database/master/json/geojson/01_ha_noi/wards/09910_kieu_phu.geojson
09931,Xã Hưng Đạo,01,Thành phố Hà Nội,https://raw.githubusercontent.com/thanglequoc/vietnamese-provinces-database/master/json/geojson/01_ha_noi/wards/09931_hung_dao.geojson
09952,Xã Phú Cát,01,Thành phố Hà Nội,https://raw.githubusercontent.com/thanglequoc/vietnamese-provinces-database/master/json/geojson/01_ha_noi/wards/09952_phu_cat.geojson
09955,Xã Thạch Thất,01,Thành phố Hà Nội,https://raw.githubusercontent.com/thanglequoc/vietnamese-provinces-database/master/json/geojson/01_ha_noi/wards/09955_thach_that.geojson
09982,Xã Hạ Bằng,01,Thành phố Hà Nội,https://raw.githubusercontent.com/thanglequoc/vietnamese-provinces-database/master/json/geojson/01_ha_noi/wards/09982_ha_bang.geojson
09988,Xã Hoà Lạc,01,Thành phố Hà Nội,https://raw.githubusercontent.com/thanglequoc/vietnamese-provinces-database/master/json/geojson/01_ha_noi/wards/09988_hoa_lac.geojson
10003,Xã Tây Phương,01,Thành phố Hà Nội,https://raw.githubusercontent.com/thanglequoc/vietnamese-provinces-database/master/json/geojson/01_ha_noi/wards/10003_tay_phuong.geojson
10015,Phường Chương Mỹ,01,Thành phố Hà Nội,https://raw.githubusercontent.com/thanglequoc/vietnamese-provinces-database/master/json/geojson/01_ha_noi/wards/10015_chuong_my.geojson
10030,Xã Phú Nghĩa,01,Thành phố Hà Nội,https://raw.githubusercontent.com/thanglequoc/vietnamese-provinces-database/master/json/geojson/01_ha_noi/wards/10030_phu_nghia.geojson
10045,Xã Xuân Mai,01,Thành phố Hà Nội,https://raw.githubusercontent.com/thanglequoc/vietnamese-provinces-database/master/json/geojson/01_ha_noi/wards/10045_xuan_mai.geojson
10072,Xã Quảng Bị,01,Thành phố Hà Nội,https://raw.githubusercontent.com/thanglequoc/vietnamese-provinces-database/master/json/geojson/01_ha_noi/wards/10072_quang_bi.geojson
10081,Xã Trần Phú,01,Thành phố Hà Nội,https://raw.githubusercontent.com/thanglequoc/vietnamese-provinces-database/master/json/geojson/01_ha_noi/wards/10081_tran_phu.geojson
10096,Xã Hoà Phú,01,Thành phố Hà Nội,https://raw.githubusercontent.com/thanglequoc/vietnamese-provinces-database/master/json/geojson/01_ha_noi/wards/10096_hoa_phu.geojson
10114,Xã Thanh Oai,01,Thành phố Hà Nội,https://raw.githubusercontent.com/thanglequoc/vietnamese-provinces-database/master/json/geojson/01_ha_noi/wards/10114_thanh_oai.geojson
10126,Xã Bình Minh,01,Thành phố Hà Nội,https://raw.githubusercontent.com/thanglequoc/vietnamese-provinces-database/master/json/geojson/01_ha_noi/wards/10126_binh_minh.geojson
10144,Xã Tam Hưng,01,Thành phố Hà Nội,https://raw.githubusercontent.com/thanglequoc/vietnamese-provinces-database/master/json/geojson/01_ha_noi/wards/10144_tam_hung.geojson
10180,Xã Dân Hoà,01,Thành phố Hà Nội,https://raw.githubusercontent.com/thanglequoc/vietnamese-provinces-database/master/json/geojson/01_ha_noi/wards/10180_dan_hoa.geojson
10183,Xã Thường Tín,01,Thành phố Hà Nội,https://raw.githubusercontent.com/thanglequoc/vietnamese-provinces-database/master/json/geojson/01_ha_noi/wards/10183_thuong_tin.geojson
10210,Xã Hồng Vân,01,Thành phố Hà Nội,https://raw.githubusercontent.com/thanglequoc/vietnamese-provinces-database/master/json/geojson/01_ha_noi/wards/10210_hong_van.geojson
10231,Xã Thượng Phúc,01,Thành phố Hà Nội,https://raw.githubusercontent.com/thanglequoc/vietnamese-provinces-database/master/json/geojson/01_ha_noi/wards/10231_thuong_phuc.geojson
10237,Xã Chương Dương,01,Thành phố Hà Nội,https://raw.githubusercontent.com/thanglequoc/vietnamese-provinces-database/master/json/geojson/01_ha_noi/wards/10237_chuong_duong.geojson
10273,Xã Phú Xuyên,01,Thành phố Hà Nội,https://raw.githubusercontent.com/thanglequoc/vietnamese-provinces-database/master/json/geojson/01_ha_noi/wards/10273_phu_xuyen.geojson
10279,Xã Phượng Dực,01,Thành phố Hà Nội,https://raw.githubusercontent.com/thanglequoc/vietnamese-provinces-database/master/json/geojson/01_ha_noi/wards/10279_phuong_duc.geojson
10330,Xã Chuyên Mỹ,01,Thành phố Hà Nội,https://raw.githubusercontent.com/thanglequoc/vietnamese-provinces-database/master/json/geojson/01_ha_noi/wards/10330_chuyen_my.geojson
10342,Xã Đại Xuyên,01,Thành phố Hà Nội,https://raw.githubusercontent.com/thanglequoc/vietnamese-provinces-database/master/json/geojson/01_ha_noi/wards/10342_dai_xuyen.geojson
10354,Xã Vân Đình,01,Thành phố Hà Nội,https://raw.githubusercontent.com/thanglequoc/vietnamese-provinces-database/master/json/geojson/01_ha_noi/wards/10354_van_dinh.geojson
10369,Xã Ứng Thiên,01,Thành phố Hà Nội,https://raw.githubusercontent.com/thanglequoc/vietnamese-provinces-database/master/json/geojson/01_ha_noi/wards/10369_ung_thien.geojson
10402,Xã Ứng Hoà,01,Thành phố Hà Nội,https://raw.githubusercontent.com/thanglequoc/vietnamese-provinces-database/master/json/geojson/01_ha_noi/wards/10402_ung_hoa.geojson
10417,Xã Hoà Xá,01,Thành phố Hà Nội,https://raw.githubusercontent.com/thanglequoc/vietnamese-provinces-database/master/json/geojson/01_ha_noi/wards/10417_hoa_xa.geojson
10441,Xã Mỹ Đức,01,Thành phố Hà Nội,https://raw.githubusercontent.com/thanglequoc/vietnamese-provinces-database/master/json/geojson/01_ha_noi/wards/10441_my_duc.geojson
10459,Xã Phúc Sơn,01,Thành phố Hà Nội,https://raw.githubusercontent.com/thanglequoc/vietnamese-provinces-database/master/json/geojson/01_ha_noi/wards/10459_phuc_son.geojson
10465,Xã Hồng Sơn,01,Thành phố Hà Nội,https://raw.githubusercontent.com/thanglequoc/vietnamese-provinces-database/master/json/geojson/01_ha_noi/wards/10465_hong_son.geojson
10489,Xã Hương Sơn,01,Thành phố Hà Nội,https://raw.githubusercontent.com/thanglequoc/vietnamese-provinces-database/master/json/geojson/01_ha_noi/wards/10489_huong_son.geojson
01273,Phường Thục Phán,04,Tỉnh Cao Bằng,https://raw.githubusercontent.com/thanglequoc/vietnamese-provinces-database/master/json/geojson/04_cao_bang/wards/01273_thuc_phan.geojson
01279,Phường Nùng Trí Cao,04,Tỉnh Cao Bằng,https://raw.githubusercontent.com/thanglequoc/vietnamese-provinces-database/master/json/geojson/04_cao_bang/wards/01279_nung_tri_cao.geojson
01288,Phường Tân Giang,04,Tỉnh Cao Bằng,https://raw.githubusercontent.com/thanglequoc/vietnamese-provinces-database/master/json/geojson/04_cao_bang/wards/01288_tan_giang.geojson
01290,Xã Bảo Lâm,04,Tỉnh Cao Bằng,https://raw.githubusercontent.com/thanglequoc/vietnamese-provinces-database/master/json/geojson/04_cao_bang/wards/01290_bao_lam.geojson
01294,Xã Lý Bôn,04,Tỉnh Cao Bằng,https://raw.githubusercontent.com/thanglequoc/vietnamese-provinces-database/master/json/geojson/04_cao_bang/wards/01294_ly_bon.geojson
01297,Xã Nam Quang,04,Tỉnh Cao Bằng,https://raw.githubusercontent.com/thanglequoc/vietnamese-provinces-database/master/json/geojson/04_cao_bang/wards/01297_nam_quang.geojson
01304,Xã Quảng Lâm,04,Tỉnh Cao Bằng,https://raw.githubusercontent.com/thanglequoc/vietnamese-provinces-database/master/json/geojson/04_cao_bang/wards/01304_quang_lam.geojson
01318,Xã Yên Thổ,04,Tỉnh Cao Bằng,https://raw.githubusercontent.com/thanglequoc/vietnamese-provinces-database/master/json/geojson/04_cao_bang/wards/01318_yen_tho.geojson
01321,Xã Bảo Lạc,04,Tỉnh Cao Bằng,https://raw.githubusercontent.com/thanglequoc/vietnamese-provinces-database/master/json/geojson/04_cao_bang/wards/01321_bao_lac.geojson
01324,Xã Cốc Pàng,04,Tỉnh Cao Bằng,https://raw.githubusercontent.com/thanglequoc/vietnamese-provinces-database/master/json/geojson/04_cao_bang/wards/01324_coc_pang.geojson
01327,Xã Cô Ba,04,Tỉnh Cao Bằng,https://raw.githubusercontent.com/thanglequoc/vietnamese-provinces-database/master/json/geojson/04_cao_bang/wards/01327_co_ba.geojson
01336,Xã Khánh Xuân,04,Tỉnh Cao Bằng,https://raw.githubusercontent.com/thanglequoc/vietnamese-provinces-database/master/json/geojson/04_cao_bang/wards/01336_khanh_xuan.geojson
01339,Xã Xuân Trường,04,Tỉnh Cao Bằng,https://raw.githubusercontent.com/thanglequoc/vietnamese-provinces-database/master/json/geojson/04_cao_bang/wards/01339_xuan_truong.geojson
01351,Xã Hưng Đạo,04,Tỉnh Cao Bằng,https://raw.githubusercontent.com/thanglequoc/vietnamese-provinces-database/master/json/geojson/04_cao_bang/wards/01351_hung_dao.geojson
01354,Xã Huy Giáp,04,Tỉnh Cao Bằng,https://raw.githubusercontent.com/thanglequoc/vietnamese-provinces-database/master/json/geojson/04_cao_bang/wards/01354_huy_giap.geojson
01360,Xã Sơn Lộ,04,Tỉnh Cao Bằng,https://raw.githubusercontent.com/thanglequoc/vietnamese-provinces-database/master/json/geojson/04_cao_bang/wards/01360_son_lo.geojson
01363,Xã Thông Nông,04,Tỉnh Cao Bằng,https://raw.githubusercontent.com/thanglequoc/vietnamese-provinces-database/master/json/geojson/04_cao_bang/wards/01363_thong_nong.geojson
01366,Xã Cần Yên,04,Tỉnh Cao Bằng,https://raw.githubusercontent.com/thanglequoc/vietnamese-provinces-database/master/json/geojson/04_cao_bang/wards/01366_can_yen.geojson
01387,Xã Thanh Long,04,Tỉnh Cao Bằng,https://raw.githubusercontent.com/thanglequoc/vietnamese-provinces-database/master/json/geojson/04_cao_bang/wards/01387_thanh_long.geojson
01392,Xã Trường Hà,04,Tỉnh Cao Bằng,https://raw.githubusercontent.com/thanglequoc/vietnamese-provinces-database/master/json/geojson/04_cao_bang/wards/01392_truong_ha.geojson
01393,Xã Lũng Nặm,04,Tỉnh Cao Bằng,https://raw.githubusercontent.com/thanglequoc/vietnamese-provinces-database/master/json/geojson/04_cao_bang/wards/01393_lung_nam.geojson
01414,Xã Tổng Cọt,04,Tỉnh Cao Bằng,https://raw.githubusercontent.com/thanglequoc/vietnamese-provinces-database/master/json/geojson/04_cao_bang/wards/01414_tong_cot.geojson
01438,Xã Hà Quảng,04,Tỉnh Cao Bằng,https://raw.githubusercontent.com/thanglequoc/vietnamese-provinces-database/master/json/geojson/04_cao_bang/wards/01438_ha_quang.geojson
01447,Xã Trà Lĩnh,04,Tỉnh Cao Bằng,https://raw.githubusercontent.com/thanglequoc/vietnamese-provinces-database/master/json/geojson/04_cao_bang/wards/01447_tra_linh.geojson
01456,Xã Quang Hán,04,Tỉnh Cao Bằng,https://raw.githubusercontent.com/thanglequoc/vietnamese-provinces-database/master/json/geojson/04_cao_bang/wards/01456_quang_han.geojson
01465,Xã Quang Trung,04,Tỉnh Cao Bằng,https://raw.githubusercontent.com/thanglequoc/vietnamese-provinces-database/master/json/geojson/04_cao_bang/wards/01465_quang_trung.geojson
01477,Xã Trùng Khánh,04,Tỉnh Cao Bằng,https://raw.githubusercontent.com/thanglequoc/vietnamese-provinces-database/master/json/geojson/04_cao_bang/wards/01477_trung_khanh.geojson
01489,Xã Đình Phong,04,Tỉnh Cao Bằng,https://raw.githubusercontent.com/thanglequoc/vietnamese-provinces-database/master/json/geojson/04_cao_bang/wards/01489_dinh_phong.geojson
01501,Xã Đàm Thuỷ,04,Tỉnh Cao Bằng,https://raw.githubusercontent.com/thanglequoc/vietnamese-provinces-database/master/json/geojson/04_cao_bang/wards/01501_dam_thuy.geojson
01525,Xã Đoài Dương,04,Tỉnh Cao Bằng,https://raw.githubusercontent.com/thanglequoc/vietnamese-provinces-database/master/json/geojson/04_cao_bang/wards/01525_doai_duong.geojson
01537,Xã Lý Quốc,04,Tỉnh Cao Bằng,https://raw.githubusercontent.com/thanglequoc/vietnamese-provinces-database/master/json/geojson/04_cao_bang/wards/01537_ly_quoc.geojson
01552,Xã Quang Long,04,Tỉnh Cao Bằng,https://raw.githubusercontent.com/thanglequoc/vietnamese-provinces-database/master/json/geojson/04_cao_bang/wards/01552_quang_long.geojson
01558,Xã Hạ Lang,04,Tỉnh Cao Bằng,https://raw.githubusercontent.com/thanglequoc/vietnamese-provinces-database/master/json/geojson/04_cao_bang/wards/01558_ha_lang.geojson
01561,Xã Vinh Quý,04,Tỉnh Cao Bằng,https://raw.githubusercontent.com/thanglequoc/vietnamese-provinces-database/master/json/geojson/04_cao_bang/wards/01561_vinh_quy.geojson
01576,Xã Quảng Uyên,04,Tỉnh Cao Bằng,https://raw.githubusercontent.com/thanglequoc/vietnamese-provinces-database/master/json/geojson/04_cao_bang/wards/01576_quang_uyen.geojson
01594,Xã Độc Lập,04,Tỉnh Cao Bằng,https://raw.githubusercontent.com/thanglequoc/vietnamese-provinces-database/master/json/geojson/04_cao_bang/wards/01594_doc_lap.geojson
01618,Xã Hạnh Phúc,04,Tỉnh Cao Bằng,https://raw.githubusercontent.com/thanglequoc/vietnamese-provinces-database/master/json/geojson/04_cao_bang/wards/01618_hanh_phuc.geojson
01636,Xã Bế Văn Đàn,04,Tỉnh Cao Bằng,https://raw.githubusercontent.com/thanglequoc/vietnamese-provinces-database/master/json/geojson/04_cao_bang/wards/01636_be_van_dan.geojson
01648,Xã Phục Hoà,04,Tỉnh Cao Bằng,https://raw.githubusercontent.com/thanglequoc/vietnamese-provinces-database/master/json/geojson/04_cao_bang/wards/01648_phuc_hoa.geojson
01654,Xã Hoà An,04,Tỉnh Cao Bằng,https://raw.githubusercontent.com/thanglequoc/vietnamese-provinces-database/master/json/geojson/04_cao_bang/wards/01654_hoa_an.geojson
01660,Xã Nam Tuấn,04,Tỉnh Cao Bằng,https://raw.githubusercontent.com/thanglequoc/vietnamese-provinces-database/master/json/geojson/04_cao_bang/wards/01660_nam_tuan.geojson
01699,Xã Nguyễn Huệ,04,Tỉnh Cao Bằng,https://raw.githubusercontent.com/thanglequoc/vietnamese-provinces-database/master/json/geojson/04_cao_bang/wards/01699_nguyen_hue.geojson
01708,Xã Bạch Đằng,04,Tỉnh Cao Bằng,https://raw.githubusercontent.com/thanglequoc/vietnamese-provinces-database/master/json/geojson/04_cao_bang/wards/01708_bach_dang.geojson
01726,Xã Nguyên Bình,04,Tỉnh Cao Bằng,https://raw.githubusercontent.com/thanglequoc/vietnamese-provinces-database/master/json/geojson/04_cao_bang/wards/01726_nguyen_binh.geojson
01729,Xã Tĩnh Túc,04,Tỉnh Cao Bằng,https://raw.githubusercontent.com/thanglequoc/vietnamese-provinces-database/master/json/geojson/04_cao_bang/wards/01729_tinh_tuc.geojson
01738,Xã Ca Thành,04,Tỉnh Cao Bằng,https://raw.githubusercontent.com/thanglequoc/vietnamese-provinces-database/master/json/geojson/04_cao_bang/wards/01738_ca_thanh.geojson
01747,Xã Minh Tâm,04,Tỉnh Cao Bằng,https://raw.githubusercontent.com/thanglequoc/vietnamese-provinces-database/master/json/geojson/04_cao_bang/wards/01747_minh_tam.geojson
01768,Xã Phan Thanh,04,Tỉnh Cao Bằng,https://raw.githubusercontent.com/thanglequoc/vietnamese-provinces-database/master/json/geojson/04_cao_bang/wards/01768_phan_thanh.geojson
01774,Xã Tam Kim,04,Tỉnh Cao Bằng,https://raw.githubusercontent.com/thanglequoc/vietnamese-provinces-database/master/json/geojson/04_cao_bang/wards/01774_tam_kim.geojson
01777,Xã Thành Công,04,Tỉnh Cao Bằng,https://raw.githubusercontent.com/thanglequoc/vietnamese-provinces-database/master/json/geojson/04_cao_bang/wards/01777_thanh_cong.geojson
01786,Xã Đông Khê,04,Tỉnh Cao Bằng,https://raw.githubusercontent.com/thanglequoc/vietnamese-provinces-database/master/json/geojson/04_cao_bang/wards/01786_dong_khe.geojson
01789,Xã Canh Tân,04,Tỉnh Cao Bằng,https://raw.githubusercontent.com/thanglequoc/vietnamese-provinces-database/master/json/geojson/04_cao_bang/wards/01789_canh_tan.geojson
01792,Xã Kim Đồng,04,Tỉnh Cao Bằng,https://raw.githubusercontent.com/thanglequoc/vietnamese-provinces-database/master/json/geojson/04_cao_bang/wards/01792_kim_dong.geojson
01795,Xã Minh Khai,04,Tỉnh Cao Bằng,https://raw.githubusercontent.com/thanglequoc/vietnamese-provinces-database/master/json/geojson/04_cao_bang/wards/01795_minh_khai.geojson
01807,Xã Thạch An,04,Tỉnh Cao Bằng,https://raw.githubusercontent.com/thanglequoc/vietnamese-provinces-database/master/json/geojson/04_cao_bang/wards/01807_thach_an.geojson
01822,Xã Đức Long,04,Tỉnh Cao Bằng,https://raw.githubusercontent.com/thanglequoc/vietnamese-provinces-database/master/json/geojson/04_cao_bang/wards/01822_duc_long.geojson
00691,Phường Hà Giang 2,08,Tỉnh Tuyên Quang,https://raw.githubusercontent.com/thanglequoc/vietnamese-provinces-database/master/json/geojson/08_tuyen_quang/wards/00691_ha_giang_2.geojson
00694,Phường Hà Giang 1,08,Tỉnh Tuyên Quang,https://raw.githubusercontent.com/thanglequoc/vietnamese-provinces-database/master/json/geojson/08_tuyen_quang/wards/00694_ha_giang_1.geojson
00700,Xã Ngọc Đường,08,Tỉnh Tuyên Quang,https://raw.githubusercontent.com/thanglequoc/vietnamese-provinces-database/master/json/geojson/08_tuyen_quang/wards/00700_ngoc_duong.geojson
00706,Xã Phú Linh,08,Tỉnh Tuyên Quang,https://raw.githubusercontent.com/thanglequoc/vietnamese-provinces-database/master/json/geojson/08_tuyen_quang/wards/00706_phu_linh.geojson
00715,Xã Lũng Cú,08,Tỉnh Tuyên Quang,https://raw.githubusercontent.com/thanglequoc/vietnamese-provinces-database/master/json/geojson/08_tuyen_quang/wards/00715_lung_cu.geojson
00721,Xã Đồng Văn,08,Tỉnh Tuyên Quang,https://raw.githubusercontent.com/thanglequoc/vietnamese-provinces-database/master/json/geojson/08_tuyen_quang/wards/00721_dong_van.geojson
00733,Xã Sà Phìn,08,Tỉnh Tuyên Quang,https://raw.githubusercontent.com/thanglequoc/vietnamese-provinces-database/master/json/geojson/08_tuyen_quang/wards/00733_sa_phin.geojson
00745,Xã Phố Bảng,08,Tỉnh Tuyên Quang,https://raw.githubusercontent.com/thanglequoc/vietnamese-provinces-database/master/json/geojson/08_tuyen_quang/wards/00745_pho_bang.geojson
00763,Xã Lũng Phìn,08,Tỉnh Tuyên Quang,https://raw.githubusercontent.com/thanglequoc/vietnamese-provinces-database/master/json/geojson/08_tuyen_quang/wards/00763_lung_phin.geojson
00769,Xã Mèo Vạc,08,Tỉnh Tuyên Quang,https://raw.githubusercontent.com/thanglequoc/vietnamese-provinces-database/master/json/geojson/08_tuyen_quang/wards/00769_meo_vac.geojson
00778,Xã Sơn Vĩ,08,Tỉnh Tuyên Quang,https://raw.githubusercontent.com/thanglequoc/vietnamese-provinces-database/master/json/geojson/08_tuyen_quang/wards/00778_son_vi.geojson
00787,Xã Sủng Máng,08,Tỉnh Tuyên Quang,https://raw.githubusercontent.com/thanglequoc/vietnamese-provinces-database/master/json/geojson/08_tuyen_quang/wards/00787_sung_mang.geojson
00802,Xã Khâu Vai,08,Tỉnh Tuyên Quang,https://raw.githubusercontent.com/thanglequoc/vietnamese-provinces-database/master/json/geojson/08_tuyen_quang/wards/00802_khau_vai.geojson
00808,Xã Tát Ngà,08,Tỉnh Tuyên Quang,https://raw.githubusercontent.com/thanglequoc/vietnamese-provinces-database/master/json/geojson/08_tuyen_quang/wards/00808_tat_nga.geojson
00817,Xã Niêm Sơn,08,Tỉnh Tuyên Quang,https://raw.githubusercontent.com/thanglequoc/vietnamese-provinces-database/master/json/geojson/08_tuyen_quang/wards/00817_niem_son.geojson
00820,Xã Yên Minh,08,Tỉnh Tuyên Quang,https://raw.githubusercontent.com/thanglequoc/vietnamese-provinces-database/master/json/geojson/08_tuyen_quang/wards/00820_yen_minh.geojson
00829,Xã Thắng Mố,08,Tỉnh Tuyên Quang,https://raw.githubusercontent.com/thanglequoc/vietnamese-provinces-database/master/json/geojson/08_tuyen_quang/wards/00829_thang_mo.geojson
00832,Xã Bạch Đích,08,Tỉnh Tuyên Quang,https://raw.githubusercontent.com/thanglequoc/vietnamese-provinces-database/master/json/geojson/08_tuyen_quang/wards/00832_bach_dich.geojson
00847,Xã Mậu Duệ,08,Tỉnh Tuyên Quang,https://raw.githubusercontent.com/thanglequoc/vietnamese-provinces-database/master/json/geojson/08_tuyen_quang/wards/00847_mau_due.geojson
00859,Xã Ngọc Long,08,Tỉnh Tuyên Quang,https://raw.githubusercontent.com/thanglequoc/vietnamese-provinces-database/master/json/geojson/08_tuyen_quang/wards/00859_ngoc_long.geojson
00865,Xã Đường Thượng,08,Tỉnh Tuyên Quang,https://raw.githubusercontent.com/thanglequoc/vietnamese-provinces-database/master/json/geojson/08_tuyen_quang/wards/00865_duong_thuong.geojson
00871,Xã Du Già,08,Tỉnh Tuyên Quang,https://raw.githubusercontent.com/thanglequoc/vietnamese-provinces-database/master/json/geojson/08_tuyen_quang/wards/00871_du_gia.geojson
00874,Xã Quản Bạ,08,Tỉnh Tuyên Quang,https://raw.githubusercontent.com/thanglequoc/vietnamese-provinces-database/master/json/geojson/08_tuyen_quang/wards/00874_quan_ba.geojson
00883,Xã Cán Tỷ,08,Tỉnh Tuyên Quang,https://raw.githubusercontent.com/thanglequoc/vietnamese-provinces-database/master/json/geojson/08_tuyen_quang/wards/00883_can_ty.geojson
00889,Xã Nghĩa Thuận,08,Tỉnh Tuyên Quang,https://raw.githubusercontent.com/thanglequoc/vietnamese-provinces-database/master/json/geojson/08_tuyen_quang/wards/00889_nghia_thuan.geojson
00892,Xã Tùng Vài,08,Tỉnh Tuyên Quang,https://raw.githubusercontent.com/thanglequoc/vietnamese-provinces-database/master/json/geojson/08_tuyen_quang/wards/00892_tung_vai.geojson
00901,Xã Lùng Tám,08,Tỉnh Tuyên Quang,https://raw.githubusercontent.com/thanglequoc/vietnamese-provinces-database/master/json/geojson/08_tuyen_quang/wards/00901_lung_tam.geojson
00913,Xã Vị Xuyên,08,Tỉnh Tuyên Quang,https://raw.githubusercontent.com/thanglequoc/vietnamese-provinces-database/master/json/geojson/08_tuyen_quang/wards/00913_vi_xuyen.geojson
00919,Xã Minh Tân,08,Tỉnh Tuyên Quang,https://raw.githubusercontent.com/thanglequoc/vietnamese-provinces-database/master/json/geojson/08_tuyen_quang/wards/00919_minh_tan.geojson
00922,Xã Thuận Hoà,08,Tỉnh Tuyên Quang,https://raw.githubusercontent.com/thanglequoc/vietnamese-provinces-database/master/json/geojson/08_tuyen_quang/wards/00922_thuan_hoa.geojson
00925,Xã Tùng Bá,08,Tỉnh Tuyên Quang,https://raw.githubusercontent.com/thanglequoc/vietnamese-provinces-database/master/json/geojson/08_tuyen_quang/wards/00925_tung_ba.geojson
00928,Xã Thanh Thuỷ,08,Tỉnh Tuyên Quang,https://raw.githubusercontent.com/thanglequoc/vietnamese-provinces-database/master/json/geojson/08_tuyen_quang/wards/00928_thanh_thuy.geojson
00937,Xã Lao Chải,08,Tỉnh Tuyên Quang,https://raw.githubusercontent.com/thanglequoc/vietnamese-provinces-database/master/json/geojson/08_tuyen_quang/wards/00937_lao_chai.geojson
00952,Xã Cao Bồ,08,Tỉnh Tuyên Quang,https://raw.githubusercontent.com/thanglequoc/vietnamese-provinces-database/master/json/geojson/08_tuyen_quang/wards/00952_cao_bo.geojson
00958,Xã Thượng Sơn,08,Tỉnh Tuyên Quang,https://raw.githubusercontent.com/thanglequoc/vietnamese-provinces-database/master/json/geojson/08_tuyen_quang/wards/00958_thuong_son.geojson
00967,Xã Việt Lâm,08,Tỉnh Tuyên Quang,https://raw.githubusercontent.com/thanglequoc/vietnamese-provinces-database/master/json/geojson/08_tuyen_quang/wards/00967_viet_lam.geojson
00970,Xã Linh Hồ,08,Tỉnh Tuyên Quang,https://raw.githubusercontent.com/thanglequoc/vietnamese-provinces-database/master/json/geojson/08_tuyen_quang/wards/00970_linh_ho.geojson
00976,Xã Bạch Ngọc,08,Tỉnh Tuyên Quang,https://raw.githubusercontent.com/thanglequoc/vietnamese-provinces-database/master/json/geojson/08_tuyen_quang/wards/00976_bach_ngoc.geojson
00982,Xã Minh Sơn,08,Tỉnh Tuyên Quang,https://raw.githubusercontent.com/thanglequoc/vietnamese-provinces-database/master/json/geojson/08_tuyen_quang/wards/00982_minh_son.geojson
00985,Xã Giáp Trung,08,Tỉnh Tuyên Quang,https://raw.githubusercontent.com/thanglequoc/vietnamese-provinces-database/master/json/geojson/08_tuyen_quang/wards/00985_giap_trung.geojson
00991,Xã Bắc Mê,08,Tỉnh Tuyên Quang,https://raw.githubusercontent.com/thanglequoc/vietnamese-provinces-database/master/json/geojson/08_tuyen_quang/wards/00991_bac_me.geojson
00994,Xã Minh Ngọc,08,Tỉnh Tuyên Quang,https://raw.githubusercontent.com/thanglequoc/vietnamese-provinces-database/master/json/geojson/08_tuyen_quang/wards/00994_minh_ngoc.geojson
01006,Xã Yên Cường,08,Tỉnh Tuyên Quang,https://raw.githubusercontent.com/thanglequoc/vietnamese-provinces-database/master/json/geojson/08_tuyen_quang/wards/01006_yen_cuong.geojson
01012,Xã Đường Hồng,08,Tỉnh Tuyên Quang,https://raw.githubusercontent.com/thanglequoc/vietnamese-provinces-database/master/json/geojson/08_tuyen_quang/wards/01012_duong_hong.geojson
01021,Xã Hoàng Su Phì,08,Tỉnh Tuyên Quang,https://raw.githubusercontent.com/thanglequoc/vietnamese-provinces-database/master/json/geojson/08_tuyen_quang/wards/01021_hoang_su_phi.geojson
01024,Xã Bản Máy,08,Tỉnh Tuyên Quang,https://raw.githubusercontent.com/thanglequoc/vietnamese-provinces-database/master/json/geojson/08_tuyen_quang/wards/01024_ban_may.geojson
01033,Xã Thàng Tín,08,Tỉnh Tuyên Quang,https://raw.githubusercontent.com/thanglequoc/vietnamese-provinces-database/master/json/geojson/08_tuyen_quang/wards/01033_thang_tin.geojson
01051,Xã Tân Tiến,08,Tỉnh Tuyên Quang,https://raw.githubusercontent.com/thanglequoc/vietnamese-provinces-database/master/json/geojson/08_tuyen_quang/wards/01051_tan_tien.geojson
01057,Xã Pờ Ly Ngài,08,Tỉnh Tuyên Quang,https://raw.githubusercontent.com/thanglequoc/vietnamese-provinces-database/master/json/geojson/08_tuyen_quang/wards/01057_po_ly_ngai.geojson
01075,Xã Nậm Dịch,08,Tỉnh Tuyên Quang,https://raw.githubusercontent.com/thanglequoc/vietnamese-provinces-database/master/json/geojson/08_tuyen_quang/wards/01075_nam_dich.geojson
01084,Xã Hồ Thầu,08,Tỉnh Tuyên Quang,https://raw.githubusercontent.com/thanglequoc/vietnamese-provinces-database/master/json/geojson/08_tuyen_quang/wards/01084_ho_thau.geojson
01090,Xã Thông Nguyên,08,Tỉnh Tuyên Quang,https://raw.githubusercontent.com/thanglequoc/vietnamese-provinces-database/master/json/geojson/08_tuyen_quang/wards/01090_thong_nguyen.geojson
01096,Xã Pà Vầy Sủ,08,Tỉnh Tuyên Quang,https://raw.githubusercontent.com/thanglequoc/vietnamese-provinces-database/master/json/geojson/08_tuyen_quang/wards/01096_pa_vay_su.geojson
01108,Xã Xín Mần,08,Tỉnh Tuyên Quang,https://raw.githubusercontent.com/thanglequoc/vietnamese-provinces-database/master/json/geojson/08_tuyen_quang/wards/01108_xin_man.geojson
01117,Xã Trung Thịnh,08,Tỉnh Tuyên Quang,https://raw.githubusercontent.com/thanglequoc/vietnamese-provinces-database/master/json/geojson/08_tuyen_quang/wards/01117_trung_thinh.geojson
01141,Xã Nấm Dẩn,08,Tỉnh Tuyên Quang,https://raw.githubusercontent.com/thanglequoc/vietnamese-provinces-database/master/json/geojson/08_tuyen_quang/wards/01141_nam_dan.geojson
01144,Xã Quảng Nguyên,08,Tỉnh Tuyên Quang,https://raw.githubusercontent.com/thanglequoc/vietnamese-provinces-database/master/json/geojson/08_tuyen_quang/wards/01144_quang_nguyen.geojson
01147,Xã Khuôn Lùng,08,Tỉnh Tuyên Quang,https://raw.githubusercontent.com/thanglequoc/vietnamese-provinces-database/master/json/geojson/08_tuyen_quang/wards/01147_khuon_lung.geojson
01153,Xã Bắc Quang,08,Tỉnh Tuyên Quang,https://raw.githubusercontent.com/thanglequoc/vietnamese-provinces-database/master/json/geojson/08_tuyen_quang/wards/01153_bac_quang.geojson
01156,Xã Vĩnh Tuy,08,Tỉnh Tuyên Quang,https://raw.githubusercontent.com/thanglequoc/vietnamese-provinces-database/master/json/geojson/08_tuyen_quang/wards/01156_vinh_tuy.geojson
01165,Xã Đồng Tâm,08,Tỉnh Tuyên Quang,https://raw.githubusercontent.com/thanglequoc/vietnamese-provinces-database/master/json/geojson/08_tuyen_quang/wards/01165_dong_tam.geojson
01171,Xã Tân Quang,08,Tỉnh Tuyên Quang,https://raw.githubusercontent.com/thanglequoc/vietnamese-provinces-database/master/json/geojson/08_tuyen_quang/wards/01171_tan_quang.geojson
01180,Xã Bằng Hành,08,Tỉnh Tuyên Quang,https://raw.githubusercontent.com/thanglequoc/vietnamese-provinces-database/master/json/geojson/08_tuyen_quang/wards/01180_bang_hanh.geojson
01192,Xã Liên Hiệp,08,Tỉnh Tuyên Quang,https://raw.githubusercontent.com/thanglequoc/vietnamese-provinces-database/master/json/geojson/08_tuyen_quang/wards/01192_lien_hiep.geojson
01201,Xã Hùng An,08,Tỉnh Tuyên Quang,https://raw.githubusercontent.com/thanglequoc/vietnamese-provinces-database/master/json/geojson/08_tuyen_quang/wards/01201_hung_an.geojson
01216,Xã Đồng Yên,08,Tỉnh Tuyên Quang,https://raw.githubusercontent.com/thanglequoc/vietnamese-provinces-database/master/json/geojson/08_tuyen_quang/wards/01216_dong_yen.geojson
01225,Xã Tiên Nguyên,08,Tỉnh Tuyên Quang,https://raw.githubusercontent.com/thanglequoc/vietnamese-provinces-database/master/json/geojson/08_tuyen_quang/wards/01225_tien_nguyen.geojson
01234,Xã Yên Thành,08,Tỉnh Tuyên Quang,https://raw.githubusercontent.com/thanglequoc/vietnamese-provinces-database/master/json/geojson/08_tuyen_quang/wards/01234_yen_thanh.geojson
01237,Xã Quang Bình,08,Tỉnh Tuyên Quang,https://raw.githubusercontent.com/thanglequoc/vietnamese-provinces-database/master/json/geojson/08_tuyen_quang/wards/01237_quang_binh.geojson
01243,Xã Tân Trịnh,08,Tỉnh Tuyên Quang,https://raw.githubusercontent.com/thanglequoc/vietnamese-provinces-database/master/json/geojson/08_tuyen_quang/wards/01243_tan_trinh.geojson
01246,Xã Bằng Lang,08,Tỉnh Tuyên Quang,https://raw.githubusercontent.com/thanglequoc/vietnamese-provinces-database/master/json/geojson/08_tuyen_quang/wards/01246_bang_lang.geojson
01255,Xã Xuân Giang,08,Tỉnh Tuyên Quang,https://raw.githubusercontent.com/thanglequoc/vietnamese-provinces-database/master/json/geojson/08_tuyen_quang/wards/01255_xuan_giang.geojson
01261,Xã Tiên Yên,08,Tỉnh Tuyên Quang,https://raw.githubusercontent.com/thanglequoc/vietnamese-provinces-database/master/json/geojson/08_tuyen_quang/wards/01261_tien_yen.geojson
02212,Phường Nông Tiến,08,Tỉnh Tuyên Quang,https://raw.githubusercontent.com/thanglequoc/vietnamese-provinces-database/master/json/geojson/08_tuyen_quang/wards/02212_nong_tien.geojson
02215,Phường Minh Xuân,08,Tỉnh Tuyên Quang,https://raw.githubusercontent.com/thanglequoc/vietnamese-provinces-database/master/json/geojson/08_tuyen_quang/wards/02215_minh_xuan.geojson
02221,Xã Nà Hang,08,Tỉnh Tuyên Quang,https://raw.githubusercontent.com/thanglequoc/vietnamese-provinces-database/master/json/geojson/08_tuyen_quang/wards/02221_na_hang.geojson
02239,Xã Thượng Nông,08,Tỉnh Tuyên Quang,https://raw.githubusercontent.com/thanglequoc/vietnamese-provinces-database/master/json/geojson/08_tuyen_quang/wards/02239_thuong_nong.geojson
02245,Xã Côn Lôn,08,Tỉnh Tuyên Quang,https://raw.githubusercontent.com/thanglequoc/vietnamese-provinces-database/master/json/geojson/08_tuyen_quang/wards/02245_con_lon.geojson
02248,Xã Yên Hoa,08,Tỉnh Tuyên Quang,https://raw.githubusercontent.com/thanglequoc/vietnamese-provinces-database/master/json/geojson/08_tuyen_quang/wards/02248_yen_hoa.geojson
02260,Xã Hồng Thái,08,Tỉnh Tuyên Quang,https://raw.githubusercontent.com/thanglequoc/vietnamese-provinces-database/master/json/geojson/08_tuyen_quang/wards/02260_hong_thai.geojson
02266,Xã Lâm Bình,08,Tỉnh Tuyên Quang,https://raw.githubusercontent.com/thanglequoc/vietnamese-provinces-database/master/json/geojson/08_tuyen_quang/wards/02266_lam_binh.geojson
02269,Xã Thượng Lâm,08,Tỉnh Tuyên Quang,https://raw.githubusercontent.com/thanglequoc/vietnamese-provinces-database/master/json/geojson/08_tuyen_quang/wards/02269_thuong_lam.geojson
02287,Xã Chiêm Hoá,08,Tỉnh Tuyên Quang,https://raw.githubusercontent.com/thanglequoc/vietnamese-provinces-database/master/json/geojson/08_tuyen_quang/wards/02287_chiem_hoa.geojson
02296,Xã Bình An,08,Tỉnh Tuyên Quang,https://raw.githubusercontent.com/thanglequoc/vietnamese-provinces-database/master/json/geojson/08_tuyen_quang/wards/02296_binh_an.geojson
02302,Xã Minh Quang,08,Tỉnh Tuyên Quang,https://raw.githubusercontent.com/thanglequoc/vietnamese-provinces-database/master/json/geojson/08_tuyen_quang/wards/02302_minh_quang.geojson
02305,Xã Trung Hà,08,Tỉnh Tuyên Quang,https://raw.githubusercontent.com/thanglequoc/vietnamese-provinces-database/master/json/geojson/08_tuyen_quang/wards/02305_trung_ha.geojson
02308,Xã Tân Mỹ,08,Tỉnh Tuyên Quang,https://raw.githubusercontent.com/thanglequoc/vietnamese-provinces-database/master/json/geojson/08_tuyen_quang/wards/02308_tan_my.geojson
02317,Xã Yên Lập,08,Tỉnh Tuyên Quang,https://raw.githubusercontent.com/thanglequoc/vietnamese-provinces-database/master/json/geojson/08_tuyen_quang/wards/02317_yen_lap.geojson
02320,Xã Tân An,08,Tỉnh Tuyên Quang,https://raw.githubusercontent.com/thanglequoc/vietnamese-provinces-database/master/json/geojson/08_tuyen_quang/wards/02320_tan_an.geojson
02332,Xã Kiên Đài,08,Tỉnh Tuyên Quang,https://raw.githubusercontent.com/thanglequoc/vietnamese-provinces-database/master/json/geojson/08_tuyen_quang/wards/02332_kien_dai.geojson
02350,Xã Kim Bình,08,Tỉnh Tuyên Quang,https://raw.githubusercontent.com/thanglequoc/vietnamese-provinces-database/master/json/geojson/08_tuyen_quang/wards/02350_kim_binh.geojson
02353,Xã Hoà An,08,Tỉnh Tuyên Quang,https://raw.githubusercontent.com/thanglequoc/vietnamese-provinces-database/master/json/geojson/08_tuyen_quang/wards/02353_hoa_an.geojson
02359,Xã Tri Phú,08,Tỉnh Tuyên Quang,https://raw.githubusercontent.com/thanglequoc/vietnamese-provinces-database/master/json/geojson/08_tuyen_quang/wards/02359_tri_phu.geojson
02365,Xã Yên Nguyên,08,Tỉnh Tuyên Quang,https://raw.githubusercontent.com/thanglequoc/vietnamese-provinces-database/master/json/geojson/08_tuyen_quang/wards/02365_yen_nguyen.geojson
02374,Xã Hàm Yên,08,Tỉnh Tuyên Quang,https://raw.githubusercontent.com/thanglequoc/vietnamese-provinces-database/master/json/geojson/08_tuyen_quang/wards/02374_ham_yen.geojson
02380,Xã Bạch Xa,08,Tỉnh Tuyên Quang,https://raw.githubusercontent.com/thanglequoc/vietnamese-provinces-database/master/json/geojson/08_tuyen_quang/wards/02380_bach_xa.geojson
02392,Xã Phù Lưu,08,Tỉnh Tuyên Quang,https://raw.githubusercontent.com/thanglequoc/vietnamese-provinces-database/master/json/geojson/08_tuyen_quang/wards/02392_phu_luu.geojson
02398,Xã Yên Phú,08,Tỉnh Tuyên Quang,https://raw.githubusercontent.com/thanglequoc/vietnamese-provinces-database/master/json/geojson/08_tuyen_quang/wards/02398_yen_phu.geojson
02404,Xã Bình Xa,08,Tỉnh Tuyên Quang,https://raw.githubusercontent.com/thanglequoc/vietnamese-provinces-database/master/json/geojson/08_tuyen_quang/wards/02404_binh_xa.geojson
02407,Xã Thái Sơn,08,Tỉnh Tuyên Quang,https://raw.githubusercontent.com/thanglequoc/vietnamese-provinces-database/master/json/geojson/08_tuyen_quang/wards/02407_thai_son.geojson
02419,Xã Thái Hoà,08,Tỉnh Tuyên Quang,https://raw.githubusercontent.com/thanglequoc/vietnamese-provinces-database/master/json/geojson/08_tuyen_quang/wards/02419_thai_hoa.geojson
02425,Xã Hùng Đức,08,Tỉnh Tuyên Quang,https://raw.githubusercontent.com/thanglequoc/vietnamese-provinces-database/master/json/geojson/08_tuyen_quang/wards/02425_hung_duc.geojson
02434,Xã Lực Hành,08,Tỉnh Tuyên Quang,https://raw.githubusercontent.com/thanglequoc/vietnamese-provinces-database/master/json/geojson/08_tuyen_quang/wards/02434_luc_hanh.geojson
02437,Xã Kiến Thiết,08,Tỉnh Tuyên Quang,https://raw.githubusercontent.com/thanglequoc/vietnamese-provinces-database/master/json/geojson/08_tuyen_quang/wards/02437_kien_thiet.geojson
02449,Xã Xuân Vân,08,Tỉnh Tuyên Quang,https://raw.githubusercontent.com/thanglequoc/vietnamese-provinces-database/master/json/geojson/08_tuyen_quang/wards/02449_xuan_van.geojson
02455,Xã Hùng Lợi,08,Tỉnh Tuyên Quang,https://raw.githubusercontent.com/thanglequoc/vietnamese-provinces-database/master/json/geojson/08_tuyen_quang/wards/02455_hung_loi.geojson
02458,Xã Trung Sơn,08,Tỉnh Tuyên Quang,https://raw.githubusercontent.com/thanglequoc/vietnamese-provinces-database/master/json/geojson/08_tuyen_quang/wards/02458_trung_son.geojson
02470,Xã Tân Long,08,Tỉnh Tuyên Quang,https://raw.githubusercontent.com/thanglequoc/vietnamese-provinces-database/master/json/geojson/08_tuyen_quang/wards/02470_tan_long.geojson
02473,Xã Yên Sơn,08,Tỉnh Tuyên Quang,https://raw.githubusercontent.com/thanglequoc/vietnamese-provinces-database/master/json/geojson/08_tuyen_quang/wards/02473_yen_son.geojson
02494,Xã Thái Bình,08,Tỉnh Tuyên Quang,https://raw.githubusercontent.com/thanglequoc/vietnamese-provinces-database/master/json/geojson/08_tuyen_quang/wards/02494_thai_binh.geojson
02509,Phường Mỹ Lâm,08,Tỉnh Tuyên Quang,https://raw.githubusercontent.com/thanglequoc/vietnamese-provinces-database/master/json/geojson/08_tuyen_quang/wards/02509_my_lam.geojson
02512,Phường An Tường,08,Tỉnh Tuyên Quang,https://raw.githubusercontent.com/thanglequoc/vietnamese-provinces-database/master/json/geojson/08_tuyen_quang/wards/02512_an_tuong.geojson
02524,Phường Bình Thuận,08,Tỉnh Tuyên Quang,https://raw.githubusercontent.com/thanglequoc/vietnamese-provinces-database/master/json/geojson/08_tuyen_quang/wards/02524_binh_thuan.geojson
02530,Xã Nhữ Khê,08,Tỉnh Tuyên Quang,https://raw.githubusercontent.com/thanglequoc/vietnamese-provinces-database/master/json/geojson/08_tuyen_quang/wards/02530_nhu_khe.geojson
02536,Xã Sơn Dương,08,Tỉnh Tuyên Quang,https://raw.githubusercontent.com/thanglequoc/vietnamese-provinces-database/master/json/geojson/08_tuyen_quang/wards/02536_son_duong.geojson
02545,Xã Tân Trào,08,Tỉnh Tuyên Quang,https://raw.githubusercontent.com/thanglequoc/vietnamese-provinces-database/master/json/geojson/08_tuyen_quang/wards/02545_tan_trao.geojson
02548,Xã Bình Ca,08,Tỉnh Tuyên Quang,https://raw.githubusercontent.com/thanglequoc/vietnamese-provinces-database/master/json/geojson/08_tuyen_quang/wards/02548_binh_ca.geojson
02554,Xã Minh Thanh,08,Tỉnh Tuyên Quang,https://raw.githubusercontent.com/thanglequoc/vietnamese-provinces-database/master/json/geojson/08_tuyen_quang/wards/02554_minh_thanh.geojson
02572,Xã Đông Thọ,08,Tỉnh Tuyên Quang,https://raw.githubusercontent.com/thanglequoc/vietnamese-provinces-database/master/json/geojson/08_tuyen_quang/wards/02572_dong_tho.geojson
02578,Xã Tân Thanh,08,Tỉnh Tuyên Quang,https://raw.githubusercontent.com/thanglequoc/vietnamese-provinces-database/master/json/geojson/08_tuyen_quang/wards/02578_tan_thanh.geojson
02608,Xã Hồng Sơn,08,Tỉnh Tuyên Quang,https://raw.githubusercontent.com/thanglequoc/vietnamese-provinces-database/master/json/geojson/08_tuyen_quang/wards/02608_hong_son.geojson
02611,Xã Phú Lương,08,Tỉnh Tuyên Quang,https://raw.githubusercontent.com/thanglequoc/vietnamese-provinces-database/master/json/geojson/08_tuyen_quang/wards/02611_phu_luong.geojson
02620,Xã Sơn Thuỷ,08,Tỉnh Tuyên Quang,https://raw.githubusercontent.com/thanglequoc/vietnamese-provinces-database/master/json/geojson/08_tuyen_quang/wards/02620_son_thuy.geojson
02623,Xã Trường Sinh,08,Tỉnh Tuyên Quang,https://raw.githubusercontent.com/thanglequoc/vietnamese-provinces-database/master/json/geojson/08_tuyen_quang/wards/02623_truong_sinh.geojson
03127,Phường Điện Biên Phủ,11,Tỉnh Điện Biên,https://raw.githubusercontent.com/thanglequoc/vietnamese-provinces-database/master/json/geojson/11_dien_bien/wards/03127_dien_bien_phu.geojson
03151,Phường Mường Lay,11,Tỉnh Điện Biên,https://raw.githubusercontent.com/thanglequoc/vietnamese-provinces-database/master/json/geojson/11_dien_bien/wards/03151_muong_lay.geojson
03158,Xã Sín Thầu,11,Tỉnh Điện Biên,https://raw.githubusercontent.com/thanglequoc/vietnamese-provinces-database/master/json/geojson/11_dien_bien/wards/03158_sin_thau.geojson
03160,Xã Mường Nhé,11,Tỉnh Điện Biên,https://raw.githubusercontent.com/thanglequoc/vietnamese-provinces-database/master/json/geojson/11_dien_bien/wards/03160_muong_nhe.geojson
03162,Xã Nậm Kè,11,Tỉnh Điện Biên,https://raw.githubusercontent.com/thanglequoc/vietnamese-provinces-database/master/json/geojson/11_dien_bien/wards/03162_nam_ke.geojson
03163,Xã Mường Toong,11,Tỉnh Điện Biên,https://raw.githubusercontent.com/thanglequoc/vietnamese-provinces-database/master/json/geojson/11_dien_bien/wards/03163_muong_toong.geojson
03164,Xã Quảng Lâm,11,Tỉnh Điện Biên,https://raw.githubusercontent.com/thanglequoc/vietnamese-provinces-database/master/json/geojson/11_dien_bien/wards/03164_quang_lam.geojson
03166,Xã Mường Chà,11,Tỉnh Điện Biên,https://raw.githubusercontent.com/thanglequoc/vietnamese-provinces-database/master/json/geojson/11_dien_bien/wards/03166_muong_cha.geojson
03169,Xã Nà Hỳ,11,Tỉnh Điện Biên,https://raw.githubusercontent.com/thanglequoc/vietnamese-provinces-database/master/json/geojson/11_dien_bien/wards/03169_na_hy.geojson
03172,Xã Na Sang,11,Tỉnh Điện Biên,https://raw.githubusercontent.com/thanglequoc/vietnamese-provinces-database/master/json/geojson/11_dien_bien/wards/03172_na_sang.geojson
03175,Xã Chà Tở,11,Tỉnh Điện Biên,https://raw.githubusercontent.com/thanglequoc/vietnamese-provinces-database/master/json/geojson/11_dien_bien/wards/03175_cha_to.geojson
03176,Xã Nà Bủng,11,Tỉnh Điện Biên,https://raw.githubusercontent.com/thanglequoc/vietnamese-provinces-database/master/json/geojson/11_dien_bien/wards/03176_na_bung.geojson
03181,Xã Mường Tùng,11,Tỉnh Điện Biên,https://raw.githubusercontent.com/thanglequoc/vietnamese-provinces-database/master/json/geojson/11_dien_bien/wards/03181_muong_tung.geojson
03193,Xã Pa Ham,11,Tỉnh Điện Biên,https://raw.githubusercontent.com/thanglequoc/vietnamese-provinces-database/master/json/geojson/11_dien_bien/wards/03193_pa_ham.geojson
03194,Xã Nậm Nèn,11,Tỉnh Điện Biên,https://raw.githubusercontent.com/thanglequoc/vietnamese-provinces-database/master/json/geojson/11_dien_bien/wards/03194_nam_nen.geojson
03199,Xã Si Pa Phìn,11,Tỉnh Điện Biên,https://raw.githubusercontent.com/thanglequoc/vietnamese-provinces-database/master/json/geojson/11_dien_bien/wards/03199_si_pa_phin.geojson
03202,Xã Mường Pồn,11,Tỉnh Điện Biên,https://raw.githubusercontent.com/thanglequoc/vietnamese-provinces-database/master/json/geojson/11_dien_bien/wards/03202_muong_pon.geojson
03203,Xã Na Son,11,Tỉnh Điện Biên,https://raw.githubusercontent.com/thanglequoc/vietnamese-provinces-database/master/json/geojson/11_dien_bien/wards/03203_na_son.geojson
03208,Xã Xa Dung,11,Tỉnh Điện Biên,https://raw.githubusercontent.com/thanglequoc/vietnamese-provinces-database/master/json/geojson/11_dien_bien/wards/03208_xa_dung.geojson
03214,Xã Mường Luân,11,Tỉnh Điện Biên,https://raw.githubusercontent.com/thanglequoc/vietnamese-provinces-database/master/json/geojson/11_dien_bien/wards/03214_muong_luan.geojson
03217,Xã Tủa Chùa,11,Tỉnh Điện Biên,https://raw.githubusercontent.com/thanglequoc/vietnamese-provinces-database/master/json/geojson/11_dien_bien/wards/03217_tua_chua.geojson
03220,Xã Tủa Thàng,11,Tỉnh Điện Biên,https://raw.githubusercontent.com/thanglequoc/vietnamese-provinces-database/master/json/geojson/11_dien_bien/wards/03220_tua_thang.geojson
03226,Xã Sín Chải,11,Tỉnh Điện Biên,https://raw.githubusercontent.com/thanglequoc/vietnamese-provinces-database/master/json/geojson/11_dien_bien/wards/03226_sin_chai.geojson
03241,Xã Sính Phình,11,Tỉnh Điện Biên,https://raw.githubusercontent.com/thanglequoc/vietnamese-provinces-database/master/json/geojson/11_dien_bien/wards/03241_sinh_phinh.geojson
03244,Xã Sáng Nhè,11,Tỉnh Điện Biên,https://raw.githubusercontent.com/thanglequoc/vietnamese-provinces-database/master/json/geojson/11_dien_bien/wards/03244_sang_nhe.geojson
03253,Xã Tuần Giáo,11,Tỉnh Điện Biên,https://raw.githubusercontent.com/thanglequoc/vietnamese-provinces-database/master/json/geojson/11_dien_bien/wards/03253_tuan_giao.geojson
03256,Xã Mường Ảng,11,Tỉnh Điện Biên,https://raw.githubusercontent.com/thanglequoc/vietnamese-provinces-database/master/json/geojson/11_dien_bien/wards/03256_muong_ang.geojson
03260,Xã Pú Nhung,11,Tỉnh Điện Biên,https://raw.githubusercontent.com/thanglequoc/vietnamese-provinces-database/master/json/geojson/11_dien_bien/wards/03260_pu_nhung.geojson
03268,Xã Mường Mùn,11,Tỉnh Điện Biên,https://raw.githubusercontent.com/thanglequoc/vietnamese-provinces-database/master/json/geojson/11_dien_bien/wards/03268_muong_mun.geojson
03283,Xã Chiềng Sinh,11,Tỉnh Điện Biên,https://raw.githubusercontent.com/thanglequoc/vietnamese-provinces-database/master/json/geojson/11_dien_bien/wards/03283_chieng_sinh.geojson
03295,Xã Quài Tở,11,Tỉnh Điện Biên,https://raw.githubusercontent.com/thanglequoc/vietnamese-provinces-database/master/json/geojson/11_dien_bien/wards/03295_quai_to.geojson
03301,Xã Búng Lao,11,Tỉnh Điện Biên,https://raw.githubusercontent.com/thanglequoc/vietnamese-provinces-database/master/json/geojson/11_dien_bien/wards/03301_bung_lao.geojson
03313,Xã Mường Lạn,11,Tỉnh Điện Biên,https://raw.githubusercontent.com/thanglequoc/vietnamese-provinces-database/master/json/geojson/11_dien_bien/wards/03313_muong_lan.geojson
03316,Xã Nà Tấu,11,Tỉnh Điện Biên,https://raw.githubusercontent.com/thanglequoc/vietnamese-provinces-database/master/json/geojson/11_dien_bien/wards/03316_na_tau.geojson
03325,Xã Mường Phăng,11,Tỉnh Điện Biên,https://raw.githubusercontent.com/thanglequoc/vietnamese-provinces-database/master/json/geojson/11_dien_bien/wards/03325_muong_phang.geojson
03328,Xã Thanh Nưa,11,Tỉnh Điện Biên,https://raw.githubusercontent.com/thanglequoc/vietnamese-provinces-database/master/json/geojson/11_dien_bien/wards/03328_thanh_nua.geojson
03334,Phường Mường Thanh,11,Tỉnh Điện Biên,https://raw.githubusercontent.com/thanglequoc/vietnamese-provinces-database/master/json/geojson/11_dien_bien/wards/03334_muong_thanh.geojson
03349,Xã Thanh Yên,11,Tỉnh Điện Biên,https://raw.githubusercontent.com/thanglequoc/vietnamese-provinces-database/master/json/geojson/11_dien_bien/wards/03349_thanh_yen.geojson
03352,Xã Thanh An,11,Tỉnh Điện Biên,https://raw.githubusercontent.com/thanglequoc/vietnamese-provinces-database/master/json/geojson/11_dien_bien/wards/03352_thanh_an.geojson
03356,Xã Sam Mứn,11,Tỉnh Điện Biên,https://raw.githubusercontent.com/thanglequoc/vietnamese-provinces-database/master/json/geojson/11_dien_bien/wards/03356_sam_mun.geojson
03358,Xã Núa Ngam,11,Tỉnh Điện Biên,https://raw.githubusercontent.com/thanglequoc/vietnamese-provinces-database/master/json/geojson/11_dien_bien/wards/03358_nua_ngam.geojson
03368,Xã Mường Nhà,11,Tỉnh Điện Biên,https://raw.githubusercontent.com/thanglequoc/vietnamese-provinces-database/master/json/geojson/11_dien_bien/wards/03368_muong_nha.geojson
03370,Xã Pu Nhi,11,Tỉnh Điện Biên,https://raw.githubusercontent.com/thanglequoc/vietnamese-provinces-database/master/json/geojson/11_dien_bien/wards/03370_pu_nhi.geojson
03382,Xã Phình Giàng,11,Tỉnh Điện Biên,https://raw.githubusercontent.com/thanglequoc/vietnamese-provinces-database/master/json/geojson/11_dien_bien/wards/03382_phinh_giang.geojson
03385,Xã Tìa Dình,11,Tỉnh Điện Biên,https://raw.githubusercontent.com/thanglequoc/vietnamese-provinces-database/master/json/geojson/11_dien_bien/wards/03385_tia_dinh.geojson
03388,Phường Đoàn Kết,12,Tỉnh Lai Châu,https://raw.githubusercontent.com/thanglequoc/vietnamese-provinces-database/master/json/geojson/12_lai_chau/wards/03388_doan_ket.geojson
03390,Xã Bình Lư,12,Tỉnh Lai Châu,https://raw.githubusercontent.com/thanglequoc/vietnamese-provinces-database/master/json/geojson/12_lai_chau/wards/03390_binh_lu.geojson
03394,Xã Sin Suối Hồ,12,Tỉnh Lai Châu,https://raw.githubusercontent.com/thanglequoc/vietnamese-provinces-database/master/json/geojson/12_lai_chau/wards/03394_sin_suoi_ho.geojson
03405,Xã Tả Lèng,12,Tỉnh Lai Châu,https://raw.githubusercontent.com/thanglequoc/vietnamese-provinces-database/master/json/geojson/12_lai_chau/wards/03405_ta_leng.geojson
03408,Phường Tân Phong,12,Tỉnh Lai Châu,https://raw.githubusercontent.com/thanglequoc/vietnamese-provinces-database/master/json/geojson/12_lai_chau/wards/03408_tan_phong.geojson
03424,Xã Bản Bo,12,Tỉnh Lai Châu,https://raw.githubusercontent.com/thanglequoc/vietnamese-provinces-database/master/json/geojson/12_lai_chau/wards/03424_ban_bo.geojson
03430,Xã Khun Há,12,Tỉnh Lai Châu,https://raw.githubusercontent.com/thanglequoc/vietnamese-provinces-database/master/json/geojson/12_lai_chau/wards/03430_khun_ha.geojson
03433,Xã Bum Tở,12,Tỉnh Lai Châu,https://raw.githubusercontent.com/thanglequoc/vietnamese-provinces-database/master/json/geojson/12_lai_chau/wards/03433_bum_to.geojson
03434,Xã Nậm Hàng,12,Tỉnh Lai Châu,https://raw.githubusercontent.com/thanglequoc/vietnamese-provinces-database/master/json/geojson/12_lai_chau/wards/03434_nam_hang.geojson
03439,Xã Thu Lũm,12,Tỉnh Lai Châu,https://raw.githubusercontent.com/thanglequoc/vietnamese-provinces-database/master/json/geojson/12_lai_chau/wards/03439_thu_lum.geojson
03442,Xã Pa Ủ,12,Tỉnh Lai Châu,https://raw.githubusercontent.com/thanglequoc/vietnamese-provinces-database/master/json/geojson/12_lai_chau/wards/03442_pa_u.geojson
03445,Xã Mường Tè,12,Tỉnh Lai Châu,https://raw.githubusercontent.com/thanglequoc/vietnamese-provinces-database/master/json/geojson/12_lai_chau/wards/03445_muong_te.geojson
03451,Xã Mù Cả,12,Tỉnh Lai Châu,https://raw.githubusercontent.com/thanglequoc/vietnamese-provinces-database/master/json/geojson/12_lai_chau/wards/03451_mu_ca.geojson
03460,Xã Hua Bum,12,Tỉnh Lai Châu,https://raw.githubusercontent.com/thanglequoc/vietnamese-provinces-database/master/json/geojson/12_lai_chau/wards/03460_hua_bum.geojson
03463,Xã Tà Tổng,12,Tỉnh Lai Châu,https://raw.githubusercontent.com/thanglequoc/vietnamese-provinces-database/master/json/geojson/12_lai_chau/wards/03463_ta_tong.geojson
03466,Xã Bum Nưa,12,Tỉnh Lai Châu,https://raw.githubusercontent.com/thanglequoc/vietnamese-provinces-database/master/json/geojson/12_lai_chau/wards/03466_bum_nua.geojson
03472,Xã Mường Mô,12,Tỉnh Lai Châu,https://raw.githubusercontent.com/thanglequoc/vietnamese-provinces-database/master/json/geojson/12_lai_chau/wards/03472_muong_mo.geojson
03478,Xã Sìn Hồ,12,Tỉnh Lai Châu,https://raw.githubusercontent.com/thanglequoc/vietnamese-provinces-database/master/json/geojson/12_lai_chau/wards/03478_sin_ho.geojson
03487,Xã Lê Lợi,12,Tỉnh Lai Châu,https://raw.githubusercontent.com/thanglequoc/vietnamese-provinces-database/master/json/geojson/12_lai_chau/wards/03487_le_loi.geojson
03503,Xã Pa Tần,12,Tỉnh Lai Châu,https://raw.githubusercontent.com/thanglequoc/vietnamese-provinces-database/master/json/geojson/12_lai_chau/wards/03503_pa_tan.geojson
03508,Xã Hồng Thu,12,Tỉnh Lai Châu,https://raw.githubusercontent.com/thanglequoc/vietnamese-provinces-database/master/json/geojson/12_lai_chau/wards/03508_hong_thu.geojson
03517,Xã Nậm Tăm,12,Tỉnh Lai Châu,https://raw.githubusercontent.com/thanglequoc/vietnamese-provinces-database/master/json/geojson/12_lai_chau/wards/03517_nam_tam.geojson
03529,Xã Tủa Sín Chải,12,Tỉnh Lai Châu,https://raw.githubusercontent.com/thanglequoc/vietnamese-provinces-database/master/json/geojson/12_lai_chau/wards/03529_tua_sin_chai.geojson
03532,Xã Pu Sam Cáp,12,Tỉnh Lai Châu,https://raw.githubusercontent.com/thanglequoc/vietnamese-provinces-database/master/json/geojson/12_lai_chau/wards/03532_pu_sam_cap.geojson
03538,Xã Nậm Mạ,12,Tỉnh Lai Châu,https://raw.githubusercontent.com/thanglequoc/vietnamese-provinces-database/master/json/geojson/12_lai_chau/wards/03538_nam_ma.geojson
03544,Xã Nậm Cuổi,12,Tỉnh Lai Châu,https://raw.githubusercontent.com/thanglequoc/vietnamese-provinces-database/master/json/geojson/12_lai_chau/wards/03544_nam_cuoi.geojson
03549,Xã Phong Thổ,12,Tỉnh Lai Châu,https://raw.githubusercontent.com/thanglequoc/vietnamese-provinces-database/master/json/geojson/12_lai_chau/wards/03549_phong_tho.geojson
03562,Xã Sì Lở Lầu,12,Tỉnh Lai Châu,https://raw.githubusercontent.com/thanglequoc/vietnamese-provinces-database/master/json/geojson/12_lai_chau/wards/03562_si_lo_lau.geojson
03571,Xã Dào San,12,Tỉnh Lai Châu,https://raw.githubusercontent.com/thanglequoc/vietnamese-provinces-database/master/json/geojson/12_lai_chau/wards/03571_dao_san.geojson
03583,Xã Khổng Lào,12,Tỉnh Lai Châu,https://raw.githubusercontent.com/thanglequoc/vietnamese-provinces-database/master/json/geojson/12_lai_chau/wards/03583_khong_lao.geojson
03595,Xã Than Uyên,12,Tỉnh Lai Châu,https://raw.githubusercontent.com/thanglequoc/vietnamese-provinces-database/master/json/geojson/12_lai_chau/wards/03595_than_uyen.geojson
03598,Xã Tân Uyên,12,Tỉnh Lai Châu,https://raw.githubusercontent.com/thanglequoc/vietnamese-provinces-database/master/json/geojson/12_lai_chau/wards/03598_tan_uyen.geojson
03601,Xã Mường Khoa,12,Tỉnh Lai Châu,https://raw.githubusercontent.com/thanglequoc/vietnamese-provinces-database/master/json/geojson/12_lai_chau/wards/03601_muong_khoa.geojson
03613,Xã Nậm Sỏ,12,Tỉnh Lai Châu,https://raw.githubusercontent.com/thanglequoc/vietnamese-provinces-database/master/json/geojson/12_lai_chau/wards/03613_nam_so.geojson
03616,Xã Pắc Ta,12,Tỉnh Lai Châu,https://raw.githubusercontent.com/thanglequoc/vietnamese-provinces-database/master/json/geojson/12_lai_chau/wards/03616_pac_ta.geojson
03618,Xã Mường Than,12,Tỉnh Lai Châu,https://raw.githubusercontent.com/thanglequoc/vietnamese-provinces-database/master/json/geojson/12_lai_chau/wards/03618_muong_than.geojson
03637,Xã Mường Kim,12,Tỉnh Lai Châu,https://raw.githubusercontent.com/thanglequoc/vietnamese-provinces-database/master/json/geojson/12_lai_chau/wards/03637_muong_kim.geojson
03640,Xã Khoen On,12,Tỉnh Lai Châu,https://raw.githubusercontent.com/thanglequoc/vietnamese-provinces-database/master/json/geojson/12_lai_chau/wards/03640_khoen_on.geojson
03646,Phường Tô Hiệu,14,Tỉnh Sơn La,https://raw.githubusercontent.com/thanglequoc/vietnamese-provinces-database/master/json/geojson/14_son_la/wards/03646_to_hieu.geojson
03664,Phường Chiềng An,14,Tỉnh Sơn La,https://raw.githubusercontent.com/thanglequoc/vietnamese-provinces-database/master/json/geojson/14_son_la/wards/03664_chieng_an.geojson
03670,Phường Chiềng Cơi,14,Tỉnh Sơn La,https://raw.githubusercontent.com/thanglequoc/vietnamese-provinces-database/master/json/geojson/14_son_la/wards/03670_chieng_coi.geojson
03679,Phường Chiềng Sinh,14,Tỉnh Sơn La,https://raw.githubusercontent.com/thanglequoc/vietnamese-provinces-database/master/json/geojson/14_son_la/wards/03679_chieng_sinh.geojson
03688,Xã Mường Chiên,14,Tỉnh Sơn La,https://raw.githubusercontent.com/thanglequoc/vietnamese-provinces-database/master/json/geojson/14_son_la/wards/03688_muong_chien.geojson
03694,Xã Mường Giôn,14,Tỉnh Sơn La,https://raw.githubusercontent.com/thanglequoc/vietnamese-provinces-database/master/json/geojson/14_son_la/wards/03694_muong_gion.geojson
03703,Xã Quỳnh Nhai,14,Tỉnh Sơn La,https://raw.githubusercontent.com/thanglequoc/vietnamese-provinces-database/master/json/geojson/14_son_la/wards/03703_quynh_nhai.geojson
03712,Xã Mường Sại,14,Tỉnh Sơn La,https://raw.githubusercontent.com/thanglequoc/vietnamese-provinces-database/master/json/geojson/14_son_la/wards/03712_muong_sai.geojson
03721,Xã Thuận Châu,14,Tỉnh Sơn La,https://raw.githubusercontent.com/thanglequoc/vietnamese-provinces-database/master/json/geojson/14_son_la/wards/03721_thuan_chau.geojson
03724,Xã Bình Thuận,14,Tỉnh Sơn La,https://raw.githubusercontent.com/thanglequoc/vietnamese-provinces-database/master/json/geojson/14_son_la/wards/03724_binh_thuan.geojson
03727,Xã Mường É,14,Tỉnh Sơn La,https://raw.githubusercontent.com/thanglequoc/vietnamese-provinces-database/master/json/geojson/14_son_la/wards/03727_muong_e.geojson
03754,Xã Chiềng La,14,Tỉnh Sơn La,https://raw.githubusercontent.com/thanglequoc/vietnamese-provinces-database/master/json/geojson/14_son_la/wards/03754_chieng_la.geojson
03757,Xã Mường Khiêng,14,Tỉnh Sơn La,https://raw.githubusercontent.com/thanglequoc/vietnamese-provinces-database/master/json/geojson/14_son_la/wards/03757_muong_khieng.geojson
03760,Xã Mường Bám,14,Tỉnh Sơn La,https://raw.githubusercontent.com/thanglequoc/vietnamese-provinces-database/master/json/geojson/14_son_la/wards/03760_muong_bam.geojson
03763,Xã Long Hẹ,14,Tỉnh Sơn La,https://raw.githubusercontent.com/thanglequoc/vietnamese-provinces-database/master/json/geojson/14_son_la/wards/03763_long_he.geojson
03781,Xã Co Mạ,14,Tỉnh Sơn La,https://raw.githubusercontent.com/thanglequoc/vietnamese-provinces-database/master/json/geojson/14_son_la/wards/03781_co_ma.geojson
03784,Xã Nậm Lầu,14,Tỉnh Sơn La,https://raw.githubusercontent.com/thanglequoc/vietnamese-provinces-database/master/json/geojson/14_son_la/wards/03784_nam_lau.geojson
03799,Xã Muổi Nọi,14,Tỉnh Sơn La,https://raw.githubusercontent.com/thanglequoc/vietnamese-provinces-database/master/json/geojson/14_son_la/wards/03799_muoi_noi.geojson
03808,Xã Mường La,14,Tỉnh Sơn La,https://raw.githubusercontent.com/thanglequoc/vietnamese-provinces-database/master/json/geojson/14_son_la/wards/03808_muong_la.geojson
03814,Xã Chiềng Lao,14,Tỉnh Sơn La,https://raw.githubusercontent.com/thanglequoc/vietnamese-provinces-database/master/json/geojson/14_son_la/wards/03814_chieng_lao.geojson
03820,Xã Ngọc Chiến,14,Tỉnh Sơn La,https://raw.githubusercontent.com/thanglequoc/vietnamese-provinces-database/master/json/geojson/14_son_la/wards/03820_ngoc_chien.geojson
03847,Xã Mường Bú,14,Tỉnh Sơn La,https://raw.githubusercontent.com/thanglequoc/vietnamese-provinces-database/master/json/geojson/14_son_la/wards/03847_muong_bu.geojson
03850,Xã Chiềng Hoa,14,Tỉnh Sơn La,https://raw.githubusercontent.com/thanglequoc/vietnamese-provinces-database/master/json/geojson/14_son_la/wards/03850_chieng_hoa.geojson
03856,Xã Bắc Yên,14,Tỉnh Sơn La,https://raw.githubusercontent.com/thanglequoc/vietnamese-provinces-database/master/json/geojson/14_son_la/wards/03856_bac_yen.geojson
03862,Xã Xím Vàng,14,Tỉnh Sơn La,https://raw.githubusercontent.com/thanglequoc/vietnamese-provinces-database/master/json/geojson/14_son_la/wards/03862_xim_vang.geojson
03868,Xã Tà Xùa,14,Tỉnh Sơn La,https://raw.githubusercontent.com/thanglequoc/vietnamese-provinces-database/master/json/geojson/14_son_la/wards/03868_ta_xua.geojson
03871,Xã Pắc Ngà,14,Tỉnh Sơn La,https://raw.githubusercontent.com/thanglequoc/vietnamese-provinces-database/master/json/geojson/14_son_la/wards/03871_pac_nga.geojson
03880,Xã Tạ Khoa,14,Tỉnh Sơn La,https://raw.githubusercontent.com/thanglequoc/vietnamese-provinces-database/master/json/geojson/14_son_la/wards/03880_ta_khoa.geojson
03892,Xã Chiềng Sại,14,Tỉnh Sơn La,https://raw.githubusercontent.com/thanglequoc/vietnamese-provinces-database/master/json/geojson/14_son_la/wards/03892_chieng_sai.geojson
03901,Xã Suối Tọ,14,Tỉnh Sơn La,https://raw.githubusercontent.com/thanglequoc/vietnamese-provinces-database/master/json/geojson/14_son_la/wards/03901_suoi_to.geojson
03907,Xã Mường Cơi,14,Tỉnh Sơn La,https://raw.githubusercontent.com/thanglequoc/vietnamese-provinces-database/master/json/geojson/14_son_la/wards/03907_muong_coi.geojson
03910,Xã Phù Yên,14,Tỉnh Sơn La,https://raw.githubusercontent.com/thanglequoc/vietnamese-provinces-database/master/json/geojson/14_son_la/wards/03910_phu_yen.geojson
03922,Xã Gia Phù,14,Tỉnh Sơn La,https://raw.githubusercontent.com/thanglequoc/vietnamese-provinces-database/master/json/geojson/14_son_la/wards/03922_gia_phu.geojson
03943,Xã Mường Bang,14,Tỉnh Sơn La,https://raw.githubusercontent.com/thanglequoc/vietnamese-provinces-database/master/json/geojson/14_son_la/wards/03943_muong_bang.geojson
03958,Xã Tường Hạ,14,Tỉnh Sơn La,https://raw.githubusercontent.com/thanglequoc/vietnamese-provinces-database/master/json/geojson/14_son_la/wards/03958_tuong_ha.geojson
03961,Xã Kim Bon,14,Tỉnh Sơn La,https://raw.githubusercontent.com/thanglequoc/vietnamese-provinces-database/master/json/geojson/14_son_la/wards/03961_kim_bon.geojson
03970,Xã Tân Phong,14,Tỉnh Sơn La,https://raw.githubusercontent.com/thanglequoc/vietnamese-provinces-database/master/json/geojson/14_son_la/wards/03970_tan_phong.geojson
03979,Phường Mộc Sơn,14,Tỉnh Sơn La,https://raw.githubusercontent.com/thanglequoc/vietnamese-provinces-database/master/json/geojson/14_son_la/wards/03979_moc_son.geojson
03980,Phường Mộc Châu,14,Tỉnh Sơn La,https://raw.githubusercontent.com/thanglequoc/vietnamese-provinces-database/master/json/geojson/14_son_la/wards/03980_moc_chau.geojson
03982,Phường Thảo Nguyên,14,Tỉnh Sơn La,https://raw.githubusercontent.com/thanglequoc/vietnamese-provinces-database/master/json/geojson/14_son_la/wards/03982_thao_nguyen.geojson
03985,Xã Chiềng Sơn,14,Tỉnh Sơn La,https://raw.githubusercontent.com/thanglequoc/vietnamese-provinces-database/master/json/geojson/14_son_la/wards/03985_chieng_son.geojson
03997,Xã Tân Yên,14,Tỉnh Sơn La,https://raw.githubusercontent.com/thanglequoc/vietnamese-provinces-database/master/json/geojson/14_son_la/wards/03997_tan_yen.geojson
04000,Xã Đoàn Kết,14,Tỉnh Sơn La,https://raw.githubusercontent.com/thanglequoc/vietnamese-provinces-database/master/json/geojson/14_son_la/wards/04000_doan_ket.geojson
04006,Xã Song Khủa,14,Tỉnh Sơn La,https://raw.githubusercontent.com/thanglequoc/vietnamese-provinces-database/master/json/geojson/14_son_la/wards/04006_song_khua.geojson
04018,Xã Tô Múa,14,Tỉnh Sơn La,https://raw.githubusercontent.com/thanglequoc/vietnamese-provinces-database/master/json/geojson/14_son_la/wards/04018_to_mua.geojson
04033,Phường Vân Sơn,14,Tỉnh Sơn La,https://raw.githubusercontent.com/thanglequoc/vietnamese-provinces-database/master/json/geojson/14_son_la/wards/04033_van_son.geojson
04045,Xã Lóng Sập,14,Tỉnh Sơn La,https://raw.githubusercontent.com/thanglequoc/vietnamese-provinces-database/master/json/geojson/14_son_la/wards/04045_long_sap.geojson
04048,Xã Vân Hồ,14,Tỉnh Sơn La,https://raw.githubusercontent.com/thanglequoc/vietnamese-provinces-database/master/json/geojson/14_son_la/wards/04048_van_ho.geojson
04057,Xã Xuân Nha,14,Tỉnh Sơn La,https://raw.githubusercontent.com/thanglequoc/vietnamese-provinces-database/master/json/geojson/14_son_la/wards/04057_xuan_nha.geojson
04075,Xã Yên Châu,14,Tỉnh Sơn La,https://raw.githubusercontent.com/thanglequoc/vietnamese-provinces-database/master/json/geojson/14_son_la/wards/04075_yen_chau.geojson
04078,Xã Chiềng Hặc,14,Tỉnh Sơn La,https://raw.githubusercontent.com/thanglequoc/vietnamese-provinces-database/master/json/geojson/14_son_la/wards/04078_chieng_hac.geojson
04087,Xã Yên Sơn,14,Tỉnh Sơn La,https://raw.githubusercontent.com/thanglequoc/vietnamese-provinces-database/master/json/geojson/14_son_la/wards/04087_yen_son.geojson
04096,Xã Lóng Phiêng,14,Tỉnh Sơn La,https://raw.githubusercontent.com/thanglequoc/vietnamese-provinces-database/master/json/geojson/14_son_la/wards/04096_long_phieng.geojson
04099,Xã Phiêng Khoài,14,Tỉnh Sơn La,https://raw.githubusercontent.com/thanglequoc/vietnamese-provinces-database/master/json/geojson/14_son_la/wards/04099_phieng_khoai.geojson
04105,Xã Mai Sơn,14,Tỉnh Sơn La,https://raw.githubusercontent.com/thanglequoc/vietnamese-provinces-database/master/json/geojson/14_son_la/wards/04105_mai_son.geojson
04108,Xã Chiềng Sung,14,Tỉnh Sơn La,https://raw.githubusercontent.com/thanglequoc/vietnamese-provinces-database/master/json/geojson/14_son_la/wards/04108_chieng_sung.geojson
04117,Xã Mường Chanh,14,Tỉnh Sơn La,https://raw.githubusercontent.com/thanglequoc/vietnamese-provinces-database/master/json/geojson/14_son_la/wards/04117_muong_chanh.geojson
04123,Xã Chiềng Mung,14,Tỉnh Sơn La,https://raw.githubusercontent.com/thanglequoc/vietnamese-provinces-database/master/json/geojson/14_son_la/wards/04123_chieng_mung.geojson
04132,Xã Chiềng Mai,14,Tỉnh Sơn La,https://raw.githubusercontent.com/thanglequoc/vietnamese-provinces-database/master/json/geojson/14_son_la/wards/04132_chieng_mai.geojson
04136,Xã Tà Hộc,14,Tỉnh Sơn La,https://raw.githubusercontent.com/thanglequoc/vietnamese-provinces-database/master/json/geojson/14_son_la/wards/04136_ta_hoc.geojson
04144,Xã Phiêng Cằm,14,Tỉnh Sơn La,https://raw.githubusercontent.com/thanglequoc/vietnamese-provinces-database/master/json/geojson/14_son_la/wards/04144_phieng_cam.geojson
04159,Xã Phiêng Pằn,14,Tỉnh Sơn La,https://raw.githubusercontent.com/thanglequoc/vietnamese-provinces-database/master/json/geojson/14_son_la/wards/04159_phieng_pan.geojson
04168,Xã Sông Mã,14,Tỉnh Sơn La,https://raw.githubusercontent.com/thanglequoc/vietnamese-provinces-database/master/json/geojson/14_son_la/wards/04168_song_ma.geojson
04171,Xã Bó Sinh,14,Tỉnh Sơn La,https://raw.githubusercontent.com/thanglequoc/vietnamese-provinces-database/master/json/geojson/14_son_la/wards/04171_bo_sinh.geojson
04183,Xã Mường Lầm,14,Tỉnh Sơn La,https://raw.githubusercontent.com/thanglequoc/vietnamese-provinces-database/master/json/geojson/14_son_la/wards/04183_muong_lam.geojson
04186,Xã Nậm Ty,14,Tỉnh Sơn La,https://raw.githubusercontent.com/thanglequoc/vietnamese-provinces-database/master/json/geojson/14_son_la/wards/04186_nam_ty.geojson
04195,Xã Chiềng Sơ,14,Tỉnh Sơn La,https://raw.githubusercontent.com/thanglequoc/vietnamese-provinces-database/master/json/geojson/14_son_la/wards/04195_chieng_so.geojson
04204,Xã Chiềng Khoong,14,Tỉnh Sơn La,https://raw.githubusercontent.com/thanglequoc/vietnamese-provinces-database/master/json/geojson/14_son_la/wards/04204_chieng_khoong.geojson
04210,Xã Huổi Một,14,Tỉnh Sơn La,https://raw.githubusercontent.com/thanglequoc/vietnamese-provinces-database/master/json/geojson/14_son_la/wards/04210_huoi_mot.geojson
04219,Xã Mường Hung,14,Tỉnh Sơn La,https://raw.githubusercontent.com/thanglequoc/vietnamese-provinces-database/master/json/geojson/14_son_la/wards/04219_muong_hung.geojson
04222,Xã Chiềng Khương,14,Tỉnh Sơn La,https://raw.githubusercontent.com/thanglequoc/vietnamese-provinces-database/master/json/geojson/14_son_la/wards/04222_chieng_khuong.geojson
04228,Xã Púng Bánh,14,Tỉnh Sơn La,https://raw.githubusercontent.com/thanglequoc/vietnamese-provinces-database/master/json/geojson/14_son_la/wards/04228_pung_banh.geojson
04231,Xã Sốp Cộp,14,Tỉnh Sơn La,https://raw.githubusercontent.com/thanglequoc/vietnamese-provinces-database/master/json/geojson/14_son_la/wards/04231_sop_cop.geojson
04240,Xã Mường Lèo,14,Tỉnh Sơn La,https://raw.githubusercontent.com/thanglequoc/vietnamese-provinces-database/master/json/geojson/14_son_la/wards/04240_muong_leo.geojson
04246,Xã Mường Lạn,14,Tỉnh Sơn La,https://raw.githubusercontent.com/thanglequoc/vietnamese-provinces-database/master/json/geojson/14_son_la/wards/04246_muong_lan.geojson
02647,Phường Lào Cai,15,Tỉnh Lào Cai,https://raw.githubusercontent.com/thanglequoc/vietnamese-provinces-database/master/json/geojson/15_lao_cai/wards/02647_lao_cai.geojson
02671,Phường Cam Đường,15,Tỉnh Lào Cai,https://raw.githubusercontent.com/thanglequoc/vietnamese-provinces-database/master/json/geojson/15_lao_cai/wards/02671_cam_duong.geojson
02680,Xã Hợp Thành,15,Tỉnh Lào Cai,https://raw.githubusercontent.com/thanglequoc/vietnamese-provinces-database/master/json/geojson/15_lao_cai/wards/02680_hop_thanh.geojson
02683,Xã Bát Xát,15,Tỉnh Lào Cai,https://raw.githubusercontent.com/thanglequoc/vietnamese-provinces-database/master/json/geojson/15_lao_cai/wards/02683_bat_xat.geojson
02686,Xã A Mú Sung,15,Tỉnh Lào Cai,https://raw.githubusercontent.com/thanglequoc/vietnamese-provinces-database/master/json/geojson/15_lao_cai/wards/02686_a_mu_sung.geojson
02695,Xã Trịnh Tường,15,Tỉnh Lào Cai,https://raw.githubusercontent.com/thanglequoc/vietnamese-provinces-database/master/json/geojson/15_lao_cai/wards/02695_trinh_tuong.geojson
02701,Xã Y Tý,15,Tỉnh Lào Cai,https://raw.githubusercontent.com/thanglequoc/vietnamese-provinces-database/master/json/geojson/15_lao_cai/wards/02701_y_ty.geojson
02707,Xã Dền Sáng,15,Tỉnh Lào Cai,https://raw.githubusercontent.com/thanglequoc/vietnamese-provinces-database/master/json/geojson/15_lao_cai/wards/02707_den_sang.geojson
02725,Xã Bản Xèo,15,Tỉnh Lào Cai,https://raw.githubusercontent.com/thanglequoc/vietnamese-provinces-database/master/json/geojson/15_lao_cai/wards/02725_ban_xeo.geojson
02728,Xã Mường Hum,15,Tỉnh Lào Cai,https://raw.githubusercontent.com/thanglequoc/vietnamese-provinces-database/master/json/geojson/15_lao_cai/wards/02728_muong_hum.geojson
02746,Xã Cốc San,15,Tỉnh Lào Cai,https://raw.githubusercontent.com/thanglequoc/vietnamese-provinces-database/master/json/geojson/15_lao_cai/wards/02746_coc_san.geojson
02752,Xã Pha Long,15,Tỉnh Lào Cai,https://raw.githubusercontent.com/thanglequoc/vietnamese-provinces-database/master/json/geojson/15_lao_cai/wards/02752_pha_long.geojson
02761,Xã Mường Khương,15,Tỉnh Lào Cai,https://raw.githubusercontent.com/thanglequoc/vietnamese-provinces-database/master/json/geojson/15_lao_cai/wards/02761_muong_khuong.geojson
02782,Xã Cao Sơn,15,Tỉnh Lào Cai,https://raw.githubusercontent.com/thanglequoc/vietnamese-provinces-database/master/json/geojson/15_lao_cai/wards/02782_cao_son.geojson
02788,Xã Bản Lầu,15,Tỉnh Lào Cai,https://raw.githubusercontent.com/thanglequoc/vietnamese-provinces-database/master/json/geojson/15_lao_cai/wards/02788_ban_lau.geojson
02809,Xã Si Ma Cai,15,Tỉnh Lào Cai,https://raw.githubusercontent.com/thanglequoc/vietnamese-provinces-database/master/json/geojson/15_lao_cai/wards/02809_si_ma_cai.geojson
02824,Xã Sín Chéng,15,Tỉnh Lào Cai,https://raw.githubusercontent.com/thanglequoc/vietnamese-provinces-database/master/json/geojson/15_lao_cai/wards/02824_sin_cheng.geojson
02839,Xã Bắc Hà,15,Tỉnh Lào Cai,https://raw.githubusercontent.com/thanglequoc/vietnamese-provinces-database/master/json/geojson/15_lao_cai/wards/02839_bac_ha.geojson
02842,Xã Tả Củ Tỷ,15,Tỉnh Lào Cai,https://raw.githubusercontent.com/thanglequoc/vietnamese-provinces-database/master/json/geojson/15_lao_cai/wards/02842_ta_cu_ty.geojson
02848,Xã Lùng Phình,15,Tỉnh Lào Cai,https://raw.githubusercontent.com/thanglequoc/vietnamese-provinces-database/master/json/geojson/15_lao_cai/wards/02848_lung_phinh.geojson
02869,Xã Bản Liền,15,Tỉnh Lào Cai,https://raw.githubusercontent.com/thanglequoc/vietnamese-provinces-database/master/json/geojson/15_lao_cai/wards/02869_ban_lien.geojson
02890,Xã Bảo Nhai,15,Tỉnh Lào Cai,https://raw.githubusercontent.com/thanglequoc/vietnamese-provinces-database/master/json/geojson/15_lao_cai/wards/02890_bao_nhai.geojson
02896,Xã Cốc Lầu,15,Tỉnh Lào Cai,https://raw.githubusercontent.com/thanglequoc/vietnamese-provinces-database/master/json/geojson/15_lao_cai/wards/02896_coc_lau.geojson
02902,Xã Phong Hải,15,Tỉnh Lào Cai,https://raw.githubusercontent.com/thanglequoc/vietnamese-provinces-database/master/json/geojson/15_lao_cai/wards/02902_phong_hai.geojson
02905,Xã Bảo Thắng,15,Tỉnh Lào Cai,https://raw.githubusercontent.com/thanglequoc/vietnamese-provinces-database/master/json/geojson/15_lao_cai/wards/02905_bao_thang.geojson
02908,Xã Tằng Loỏng,15,Tỉnh Lào Cai,https://raw.githubusercontent.com/thanglequoc/vietnamese-provinces-database/master/json/geojson/15_lao_cai/wards/02908_tang_loong.geojson
02923,Xã Gia Phú,15,Tỉnh Lào Cai,https://raw.githubusercontent.com/thanglequoc/vietnamese-provinces-database/master/json/geojson/15_lao_cai/wards/02923_gia_phu.geojson
02926,Xã Xuân Quang,15,Tỉnh Lào Cai,https://raw.githubusercontent.com/thanglequoc/vietnamese-provinces-database/master/json/geojson/15_lao_cai/wards/02926_xuan_quang.geojson
02947,Xã Bảo Yên,15,Tỉnh Lào Cai,https://raw.githubusercontent.com/thanglequoc/vietnamese-provinces-database/master/json/geojson/15_lao_cai/wards/02947_bao_yen.geojson
02953,Xã Nghĩa Đô,15,Tỉnh Lào Cai,https://raw.githubusercontent.com/thanglequoc/vietnamese-provinces-database/master/json/geojson/15_lao_cai/wards/02953_nghia_do.geojson
02962,Xã Xuân Hoà,15,Tỉnh Lào Cai,https://raw.githubusercontent.com/thanglequoc/vietnamese-provinces-database/master/json/geojson/15_lao_cai/wards/02962_xuan_hoa.geojson
02968,Xã Thượng Hà,15,Tỉnh Lào Cai,https://raw.githubusercontent.com/thanglequoc/vietnamese-provinces-database/master/json/geojson/15_lao_cai/wards/02968_thuong_ha.geojson
02989,Xã Bảo Hà,15,Tỉnh Lào Cai,https://raw.githubusercontent.com/thanglequoc/vietnamese-provinces-database/master/json/geojson/15_lao_cai/wards/02989_bao_ha.geojson
02998,Xã Phúc Khánh,15,Tỉnh Lào Cai,https://raw.githubusercontent.com/thanglequoc/vietnamese-provinces-database/master/json/geojson/15_lao_cai/wards/02998_phuc_khanh.geojson
03004,Xã Ngũ Chỉ Sơn,15,Tỉnh Lào Cai,https://raw.githubusercontent.com/thanglequoc/vietnamese-provinces-database/master/json/geojson/15_lao_cai/wards/03004_ngu_chi_son.geojson
03006,Phường Sa Pa,15,Tỉnh Lào Cai,https://raw.githubusercontent.com/thanglequoc/vietnamese-provinces-database/master/json/geojson/15_lao_cai/wards/03006_sa_pa.geojson
03013,Xã Tả Phìn,15,Tỉnh Lào Cai,https://raw.githubusercontent.com/thanglequoc/vietnamese-provinces-database/master/json/geojson/15_lao_cai/wards/03013_ta_phin.geojson
03037,Xã Tả Van,15,Tỉnh Lào Cai,https://raw.githubusercontent.com/thanglequoc/vietnamese-provinces-database/master/json/geojson/15_lao_cai/wards/03037_ta_van.geojson
03043,Xã Mường Bo,15,Tỉnh Lào Cai,https://raw.githubusercontent.com/thanglequoc/vietnamese-provinces-database/master/json/geojson/15_lao_cai/wards/03043_muong_bo.geojson
03046,Xã Bản Hồ,15,Tỉnh Lào Cai,https://raw.githubusercontent.com/thanglequoc/vietnamese-provinces-database/master/json/geojson/15_lao_cai/wards/03046_ban_ho.geojson
03061,Xã Võ Lao,15,Tỉnh Lào Cai,https://raw.githubusercontent.com/thanglequoc/vietnamese-provinces-database/master/json/geojson/15_lao_cai/wards/03061_vo_lao.geojson
03076,Xã Nậm Chày,15,Tỉnh Lào Cai,https://raw.githubusercontent.com/thanglequoc/vietnamese-provinces-database/master/json/geojson/15_lao_cai/wards/03076_nam_chay.geojson
03082,Xã Văn Bàn,15,Tỉnh Lào Cai,https://raw.githubusercontent.com/thanglequoc/vietnamese-provinces-database/master/json/geojson/15_lao_cai/wards/03082_van_ban.geojson
03085,Xã Nậm Xé,15,Tỉnh Lào Cai,https://raw.githubusercontent.com/thanglequoc/vietnamese-provinces-database/master/json/geojson/15_lao_cai/wards/03085_nam_xe.geojson
03091,Xã Chiềng Ken,15,Tỉnh Lào Cai,https://raw.githubusercontent.com/thanglequoc/vietnamese-provinces-database/master/json/geojson/15_lao_cai/wards/03091_chieng_ken.geojson
03103,Xã Khánh Yên,15,Tỉnh Lào Cai,https://raw.githubusercontent.com/thanglequoc/vietnamese-provinces-database/master/json/geojson/15_lao_cai/wards/03103_khanh_yen.geojson
03106,Xã Dương Quỳ,15,Tỉnh Lào Cai,https://raw.githubusercontent.com/thanglequoc/vietnamese-provinces-database/master/json/geojson/15_lao_cai/wards/03106_duong_quy.geojson
03121,Xã Minh Lương,15,Tỉnh Lào Cai,https://raw.githubusercontent.com/thanglequoc/vietnamese-provinces-database/master/json/geojson/15_lao_cai/wards/03121_minh_luong.geojson
04252,Phường Yên Bái,15,Tỉnh Lào Cai,https://raw.githubusercontent.com/thanglequoc/vietnamese-provinces-database/master/json/geojson/15_lao_cai/wards/04252_yen_bai.geojson
04273,Phường Nam Cường,15,Tỉnh Lào Cai,https://raw.githubusercontent.com/thanglequoc/vietnamese-provinces-database/master/json/geojson/15_lao_cai/wards/04273_nam_cuong.geojson
04279,Phường Văn Phú,15,Tỉnh Lào Cai,https://raw.githubusercontent.com/thanglequoc/vietnamese-provinces-database/master/json/geojson/15_lao_cai/wards/04279_van_phu.geojson
04288,Phường Nghĩa Lộ,15,Tỉnh Lào Cai,https://raw.githubusercontent.com/thanglequoc/vietnamese-provinces-database/master/json/geojson/15_lao_cai/wards/04288_nghia_lo.geojson
04303,Xã Lục Yên,15,Tỉnh Lào Cai,https://raw.githubusercontent.com/thanglequoc/vietnamese-provinces-database/master/json/geojson/15_lao_cai/wards/04303_luc_yen.geojson
04309,Xã Lâm Thượng,15,Tỉnh Lào Cai,https://raw.githubusercontent.com/thanglequoc/vietnamese-provinces-database/master/json/geojson/15_lao_cai/wards/04309_lam_thuong.geojson
04336,Xã Tân Lĩnh,15,Tỉnh Lào Cai,https://raw.githubusercontent.com/thanglequoc/vietnamese-provinces-database/master/json/geojson/15_lao_cai/wards/04336_tan_linh.geojson
04342,Xã Khánh Hoà,15,Tỉnh Lào Cai,https://raw.githubusercontent.com/thanglequoc/vietnamese-provinces-database/master/json/geojson/15_lao_cai/wards/04342_khanh_hoa.geojson
04345,Xã Mường Lai,15,Tỉnh Lào Cai,https://raw.githubusercontent.com/thanglequoc/vietnamese-provinces-database/master/json/geojson/15_lao_cai/wards/04345_muong_lai.geojson
04363,Xã Phúc Lợi,15,Tỉnh Lào Cai,https://raw.githubusercontent.com/thanglequoc/vietnamese-provinces-database/master/json/geojson/15_lao_cai/wards/04363_phuc_loi.geojson
04375,Xã Mậu A,15,Tỉnh Lào Cai,https://raw.githubusercontent.com/thanglequoc/vietnamese-provinces-database/master/json/geojson/15_lao_cai/wards/04375_mau_a.geojson
04381,Xã Lâm Giang,15,Tỉnh Lào Cai,https://raw.githubusercontent.com/thanglequoc/vietnamese-provinces-database/master/json/geojson/15_lao_cai/wards/04381_lam_giang.geojson
04387,Xã Châu Quế,15,Tỉnh Lào Cai,https://raw.githubusercontent.com/thanglequoc/vietnamese-provinces-database/master/json/geojson/15_lao_cai/wards/04387_chau_que.geojson
04399,Xã Đông Cuông,15,Tỉnh Lào Cai,https://raw.githubusercontent.com/thanglequoc/vietnamese-provinces-database/master/json/geojson/15_lao_cai/wards/04399_dong_cuong.geojson
04402,Xã Phong Dụ Hạ,15,Tỉnh Lào Cai,https://raw.githubusercontent.com/thanglequoc/vietnamese-provinces-database/master/json/geojson/15_lao_cai/wards/04402_phong_du_ha.geojson
04423,Xã Phong Dụ Thượng,15,Tỉnh Lào Cai,https://raw.githubusercontent.com/thanglequoc/vietnamese-provinces-database/master/json/geojson/15_lao_cai/wards/04423_phong_du_thuong.geojson
04429,Xã Tân Hợp,15,Tỉnh Lào Cai,https://raw.githubusercontent.com/thanglequoc/vietnamese-provinces-database/master/json/geojson/15_lao_cai/wards/04429_tan_hop.geojson
04441,Xã Xuân Ái,15,Tỉnh Lào Cai,https://raw.githubusercontent.com/thanglequoc/vietnamese-provinces-database/master/json/geojson/15_lao_cai/wards/04441_xuan_ai.geojson
04450,Xã Mỏ Vàng,15,Tỉnh Lào Cai,https://raw.githubusercontent.com/thanglequoc/vietnamese-provinces-database/master/json/geojson/15_lao_cai/wards/04450_mo_vang.geojson
04456,Xã Mù Cang Chải,15,Tỉnh Lào Cai,https://raw.githubusercontent.com/thanglequoc/vietnamese-provinces-database/master/json/geojson/15_lao_cai/wards/04456_mu_cang_chai.geojson
04462,Xã Nậm Có,15,Tỉnh Lào Cai,https://raw.githubusercontent.com/thanglequoc/vietnamese-provinces-database/master/json/geojson/15_lao_cai/wards/04462_nam_co.geojson
04465,Xã Khao Mang,15,Tỉnh Lào Cai,https://raw.githubusercontent.com/thanglequoc/vietnamese-provinces-database/master/json/geojson/15_lao_cai/wards/04465_khao_mang.geojson
04474,Xã Lao Chải,15,Tỉnh Lào Cai,https://raw.githubusercontent.com/thanglequoc/vietnamese-provinces-database/master/json/geojson/15_lao_cai/wards/04474_lao_chai.geojson
04489,Xã Chế Tạo,15,Tỉnh Lào Cai,https://raw.githubusercontent.com/thanglequoc/vietnamese-provinces-database/master/json/geojson/15_lao_cai/wards/04489_che_tao.geojson
04492,Xã Púng Luông,15,Tỉnh Lào Cai,https://raw.githubusercontent.com/thanglequoc/vietnamese-provinces-database/master/json/geojson/15_lao_cai/wards/04492_pung_luong.geojson
04498,Xã Trấn Yên,15,Tỉnh Lào Cai,https://raw.githubusercontent.com/thanglequoc/vietnamese-provinces-database/master/json/geojson/15_lao_cai/wards/04498_tran_yen.geojson
04531,Xã Quy Mông,15,Tỉnh Lào Cai,https://raw.githubusercontent.com/thanglequoc/vietnamese-provinces-database/master/json/geojson/15_lao_cai/wards/04531_quy_mong.geojson
04537,Xã Lương Thịnh,15,Tỉnh Lào Cai,https://raw.githubusercontent.com/thanglequoc/vietnamese-provinces-database/master/json/geojson/15_lao_cai/wards/04537_luong_thinh.geojson
04543,Phường Âu Lâu,15,Tỉnh Lào Cai,https://raw.githubusercontent.com/thanglequoc/vietnamese-provinces-database/master/json/geojson/15_lao_cai/wards/04543_au_lau.geojson
04564,Xã Việt Hồng,15,Tỉnh Lào Cai,https://raw.githubusercontent.com/thanglequoc/vietnamese-provinces-database/master/json/geojson/15_lao_cai/wards/04564_viet_hong.geojson
04576,Xã Hưng Khánh,15,Tỉnh Lào Cai,https://raw.githubusercontent.com/thanglequoc/vietnamese-provinces-database/master/json/geojson/15_lao_cai/wards/04576_hung_khanh.geojson
04585,Xã Hạnh Phúc,15,Tỉnh Lào Cai,https://raw.githubusercontent.com/thanglequoc/vietnamese-provinces-database/master/json/geojson/15_lao_cai/wards/04585_hanh_phuc.geojson
04603,Xã Tà Xi Láng,15,Tỉnh Lào Cai,https://raw.githubusercontent.com/thanglequoc/vietnamese-provinces-database/master/json/geojson/15_lao_cai/wards/04603_ta_xi_lang.geojson
04606,Xã Trạm Tấu,15,Tỉnh Lào Cai,https://raw.githubusercontent.com/thanglequoc/vietnamese-provinces-database/master/json/geojson/15_lao_cai/wards/04606_tram_tau.geojson
04609,Xã Phình Hồ,15,Tỉnh Lào Cai,https://raw.githubusercontent.com/thanglequoc/vietnamese-provinces-database/master/json/geojson/15_lao_cai/wards/04609_phinh_ho.geojson
04630,Xã Tú Lệ,15,Tỉnh Lào Cai,https://raw.githubusercontent.com/thanglequoc/vietnamese-provinces-database/master/json/geojson/15_lao_cai/wards/04630_tu_le.geojson
04636,Xã Gia Hội,15,Tỉnh Lào Cai,https://raw.githubusercontent.com/thanglequoc/vietnamese-provinces-database/master/json/geojson/15_lao_cai/wards/04636_gia_hoi.geojson
04651,Xã Sơn Lương,15,Tỉnh Lào Cai,https://raw.githubusercontent.com/thanglequoc/vietnamese-provinces-database/master/json/geojson/15_lao_cai/wards/04651_son_luong.geojson
04660,Xã Liên Sơn,15,Tỉnh Lào Cai,https://raw.githubusercontent.com/thanglequoc/vietnamese-provinces-database/master/json/geojson/15_lao_cai/wards/04660_lien_son.geojson
04663,Phường Trung Tâm,15,Tỉnh Lào Cai,https://raw.githubusercontent.com/thanglequoc/vietnamese-provinces-database/master/json/geojson/15_lao_cai/wards/04663_trung_tam.geojson
04672,Xã Văn Chấn,15,Tỉnh Lào Cai,https://raw.githubusercontent.com/thanglequoc/vietnamese-provinces-database/master/json/geojson/15_lao_cai/wards/04672_van_chan.geojson
04681,Phường Cầu Thia,15,Tỉnh Lào Cai,https://raw.githubusercontent.com/thanglequoc/vietnamese-provinces-database/master/json/geojson/15_lao_cai/wards/04681_cau_thia.geojson
04693,Xã Cát Thịnh,15,Tỉnh Lào Cai,https://raw.githubusercontent.com/thanglequoc/vietnamese-provinces-database/master/json/geojson/15_lao_cai/wards/04693_cat_thinh.geojson
04699,Xã Chấn Thịnh,15,Tỉnh Lào Cai,https://raw.githubusercontent.com/thanglequoc/vietnamese-provinces-database/master/json/geojson/15_lao_cai/wards/04699_chan_thinh.geojson
04705,Xã Thượng Bằng La,15,Tỉnh Lào Cai,https://raw.githubusercontent.com/thanglequoc/vietnamese-provinces-database/master/json/geojson/15_lao_cai/wards/04705_thuong_bang_la.geojson
04711,Xã Nghĩa Tâm,15,Tỉnh Lào Cai,https://raw.githubusercontent.com/thanglequoc/vietnamese-provinces-database/master/json/geojson/15_lao_cai/wards/04711_nghia_tam.geojson
04714,Xã Yên Bình,15,Tỉnh Lào Cai,https://raw.githubusercontent.com/thanglequoc/vietnamese-provinces-database/master/json/geojson/15_lao_cai/wards/04714_yen_binh.geojson
04717,Xã Thác Bà,15,Tỉnh Lào Cai,https://raw.githubusercontent.com/thanglequoc/vietnamese-provinces-database/master/json/geojson/15_lao_cai/wards/04717_thac_ba.geojson
04726,Xã Cảm Nhân,15,Tỉnh Lào Cai,https://raw.githubusercontent.com/thanglequoc/vietnamese-provinces-database/master/json/geojson/15_lao_cai/wards/04726_cam_nhan.geojson
04744,Xã Yên Thành,15,Tỉnh Lào Cai,https://raw.githubusercontent.com/thanglequoc/vietnamese-provinces-database/master/json/geojson/15_lao_cai/wards/04744_yen_thanh.geojson
04750,Xã Bảo Ái,15,Tỉnh Lào Cai,https://raw.githubusercontent.com/thanglequoc/vietnamese-provinces-database/master/json/geojson/15_lao_cai/wards/04750_bao_ai.geojson
01840,Phường Đức Xuân,19,Tỉnh Thái Nguyên,https://raw.githubusercontent.com/thanglequoc/vietnamese-provinces-database/master/json/geojson/19_thai_nguyen/wards/01840_duc_xuan.geojson
01843,Phường Bắc Kạn,19,Tỉnh Thái Nguyên,https://raw.githubusercontent.com/thanglequoc/vietnamese-provinces-database/master/json/geojson/19_thai_nguyen/wards/01843_bac_kan.geojson
01849,Xã Phong Quang,19,Tỉnh Thái Nguyên,https://raw.githubusercontent.com/thanglequoc/vietnamese-provinces-database/master/json/geojson/19_thai_nguyen/wards/01849_phong_quang.geojson
01864,Xã Bằng Thành,19,Tỉnh Thái Nguyên,https://raw.githubusercontent.com/thanglequoc/vietnamese-provinces-database/master/json/geojson/19_thai_nguyen/wards/01864_bang_thanh.geojson
01879,Xã Cao Minh,19,Tỉnh Thái Nguyên,https://raw.githubusercontent.com/thanglequoc/vietnamese-provinces-database/master/json/geojson/19_thai_nguyen/wards/01879_cao_minh.geojson
01882,Xã Nghiên Loan,19,Tỉnh Thái Nguyên,https://raw.githubusercontent.com/thanglequoc/vietnamese-provinces-database/master/json/geojson/19_thai_nguyen/wards/01882_nghien_loan.geojson
01894,Xã Phúc Lộc,19,Tỉnh Thái Nguyên,https://raw.githubusercontent.com/thanglequoc/vietnamese-provinces-database/master/json/geojson/19_thai_nguyen/wards/01894_phuc_loc.geojson
01906,Xã Ba Bể,19,Tỉnh Thái Nguyên,https://raw.githubusercontent.com/thanglequoc/vietnamese-provinces-database/master/json/geojson/19_thai_nguyen/wards/01906_ba_be.geojson
01912,Xã Chợ Rã,19,Tỉnh Thái Nguyên,https://raw.githubusercontent.com/thanglequoc/vietnamese-provinces-database/master/json/geojson/19_thai_nguyen/wards/01912_cho_ra.geojson
01921,Xã Thượng Minh,19,Tỉnh Thái Nguyên,https://raw.githubusercontent.com/thanglequoc/vietnamese-provinces-database/master/json/geojson/19_thai_nguyen/wards/01921_thuong_minh.geojson
01933,Xã Đồng Phúc,19,Tỉnh Thái Nguyên,https://raw.githubusercontent.com/thanglequoc/vietnamese-provinces-database/master/json/geojson/19_thai_nguyen/wards/01933_dong_phuc.geojson
01936,Xã Nà Phặc,19,Tỉnh Thái Nguyên,https://raw.githubusercontent.com/thanglequoc/vietnamese-provinces-database/master/json/geojson/19_thai_nguyen/wards/01936_na_phac.geojson
01942,Xã Bằng Vân,19,Tỉnh Thái Nguyên,https://raw.githubusercontent.com/thanglequoc/vietnamese-provinces-database/master/json/geojson/19_thai_nguyen/wards/01942_bang_van.geojson
01954,Xã Ngân Sơn,19,Tỉnh Thái Nguyên,https://raw.githubusercontent.com/thanglequoc/vietnamese-provinces-database/master/json/geojson/19_thai_nguyen/wards/01954_ngan_son.geojson
01957,Xã Thượng Quan,19,Tỉnh Thái Nguyên,https://raw.githubusercontent.com/thanglequoc/vietnamese-provinces-database/master/json/geojson/19_thai_nguyen/wards/01957_thuong_quan.geojson
01960,Xã Hiệp Lực,19,Tỉnh Thái Nguyên,https://raw.githubusercontent.com/thanglequoc/vietnamese-provinces-database/master/json/geojson/19_thai_nguyen/wards/01960_hiep_luc.geojson
01969,Xã Phủ Thông,19,Tỉnh Thái Nguyên,https://raw.githubusercontent.com/thanglequoc/vietnamese-provinces-database/master/json/geojson/19_thai_nguyen/wards/01969_phu_thong.geojson
01981,Xã Vĩnh Thông,19,Tỉnh Thái Nguyên,https://raw.githubusercontent.com/thanglequoc/vietnamese-provinces-database/master/json/geojson/19_thai_nguyen/wards/01981_vinh_thong.geojson
02008,Xã Cẩm Giàng,19,Tỉnh Thái Nguyên,https://raw.githubusercontent.com/thanglequoc/vietnamese-provinces-database/master/json/geojson/19_thai_nguyen/wards/02008_cam_giang.geojson
02014,Xã Bạch Thông,19,Tỉnh Thái Nguyên,https://raw.githubusercontent.com/thanglequoc/vietnamese-provinces-database/master/json/geojson/19_thai_nguyen/wards/02014_bach_thong.geojson
02020,Xã Chợ Đồn,19,Tỉnh Thái Nguyên,https://raw.githubusercontent.com/thanglequoc/vietnamese-provinces-database/master/json/geojson/19_thai_nguyen/wards/02020_cho_don.geojson
02026,Xã Nam Cường,19,Tỉnh Thái Nguyên,https://raw.githubusercontent.com/thanglequoc/vietnamese-provinces-database/master/json/geojson/19_thai_nguyen/wards/02026_nam_cuong.geojson
02038,Xã Quảng Bạch,19,Tỉnh Thái Nguyên,https://raw.githubusercontent.com/thanglequoc/vietnamese-provinces-database/master/json/geojson/19_thai_nguyen/wards/02038_quang_bach.geojson
02044,Xã Yên Thịnh,19,Tỉnh Thái Nguyên,https://raw.githubusercontent.com/thanglequoc/vietnamese-provinces-database/master/json/geojson/19_thai_nguyen/wards/02044_yen_thinh.geojson
02071,Xã Nghĩa Tá,19,Tỉnh Thái Nguyên,https://raw.githubusercontent.com/thanglequoc/vietnamese-provinces-database/master/json/geojson/19_thai_nguyen/wards/02071_nghia_ta.geojson
02083,Xã Yên Phong,19,Tỉnh Thái Nguyên,https://raw.githubusercontent.com/thanglequoc/vietnamese-provinces-database/master/json/geojson/19_thai_nguyen/wards/02083_yen_phong.geojson
02086,Xã Chợ Mới,19,Tỉnh Thái Nguyên,https://raw.githubusercontent.com/thanglequoc/vietnamese-provinces-database/master/json/geojson/19_thai_nguyen/wards/02086_cho_moi.geojson
02101,Xã Thanh Mai,19,Tỉnh Thái Nguyên,https://raw.githubusercontent.com/thanglequoc/vietnamese-provinces-database/master/json/geojson/19_thai_nguyen/wards/02101_thanh_mai.geojson
02104,Xã Tân Kỳ,19,Tỉnh Thái Nguyên,https://raw.githubusercontent.com/thanglequoc/vietnamese-provinces-database/master/json/geojson/19_thai_nguyen/wards/02104_tan_ky.geojson
02107,Xã Thanh Thịnh,19,Tỉnh Thái Nguyên,https://raw.githubusercontent.com/thanglequoc/vietnamese-provinces-database/master/json/geojson/19_thai_nguyen/wards/02107_thanh_thinh.geojson
02116,Xã Yên Bình,19,Tỉnh Thái Nguyên,https://raw.githubusercontent.com/thanglequoc/vietnamese-provinces-database/master/json/geojson/19_thai_nguyen/wards/02116_yen_binh.geojson
02143,Xã Văn Lang,19,Tỉnh Thái Nguyên,https://raw.githubusercontent.com/thanglequoc/vietnamese-provinces-database/master/json/geojson/19_thai_nguyen/wards/02143_van_lang.geojson
02152,Xã Cường Lợi,19,Tỉnh Thái Nguyên,https://raw.githubusercontent.com/thanglequoc/vietnamese-provinces-database/master/json/geojson/19_thai_nguyen/wards/02152_cuong_loi.geojson
02155,Xã Na Rì,19,Tỉnh Thái Nguyên,https://raw.githubusercontent.com/thanglequoc/vietnamese-provinces-database/master/json/geojson/19_thai_nguyen/wards/02155_na_ri.geojson
02176,Xã Trần Phú,19,Tỉnh Thái Nguyên,https://raw.githubusercontent.com/thanglequoc/vietnamese-provinces-database/master/json/geojson/19_thai_nguyen/wards/02176_tran_phu.geojson
02185,Xã Côn Minh,19,Tỉnh Thái Nguyên,https://raw.githubusercontent.com/thanglequoc/vietnamese-provinces-database/master/json/geojson/19_thai_nguyen/wards/02185_con_minh.geojson
02191,Xã Xuân Dương,19,Tỉnh Thái Nguyên,https://raw.githubusercontent.com/thanglequoc/vietnamese-provinces-database/master/json/geojson/19_thai_nguyen/wards/02191_xuan_duong.geojson
05443,Phường Phan Đình Phùng,19,Tỉnh Thái Nguyên,https://raw.githubusercontent.com/thanglequoc/vietnamese-provinces-database/master/json/geojson/19_thai_nguyen/wards/05443_phan_dinh_phung.geojson
05455,Phường Quyết Thắng,19,Tỉnh Thái Nguyên,https://raw.githubusercontent.com/thanglequoc/vietnamese-provinces-database/master/json/geojson/19_thai_nguyen/wards/05455_quyet_thang.geojson
05467,Phường Gia Sàng,19,Tỉnh Thái Nguyên,https://raw.githubusercontent.com/thanglequoc/vietnamese-provinces-database/master/json/geojson/19_thai_nguyen/wards/05467_gia_sang.geojson
05482,Phường Quan Triều,19,Tỉnh Thái Nguyên,https://raw.githubusercontent.com/thanglequoc/vietnamese-provinces-database/master/json/geojson/19_thai_nguyen/wards/05482_quan_trieu.geojson
05488,Xã Đại Phúc,19,Tỉnh Thái Nguyên,https://raw.githubusercontent.com/thanglequoc/vietnamese-provinces-database/master/json/geojson/19_thai_nguyen/wards/05488_dai_phuc.geojson
05500,Phường Tích Lương,19,Tỉnh Thái Nguyên,https://raw.githubusercontent.com/thanglequoc/vietnamese-provinces-database/master/json/geojson/19_thai_nguyen/wards/05500_tich_luong.geojson
05503,Xã Tân Cương,19,Tỉnh Thái Nguyên,https://raw.githubusercontent.com/thanglequoc/vietnamese-provinces-database/master/json/geojson/19_thai_nguyen/wards/05503_tan_cuong.geojson
05518,Phường Sông Công,19,Tỉnh Thái Nguyên,https://raw.githubusercontent.com/thanglequoc/vietnamese-provinces-database/master/json/geojson/19_thai_nguyen/wards/05518_song_cong.geojson
05528,Phường Bách Quang,19,Tỉnh Thái Nguyên,https://raw.githubusercontent.com/thanglequoc/vietnamese-provinces-database/master/json/geojson/19_thai_nguyen/wards/05528_bach_quang.geojson
05533,Phường Bá Xuyên,19,Tỉnh Thái Nguyên,https://raw.githubusercontent.com/thanglequoc/vietnamese-provinces-database/master/json/geojson/19_thai_nguyen/wards/05533_ba_xuyen.geojson
05542,Xã Lam Vỹ,19,Tỉnh Thái Nguyên,https://raw.githubusercontent.com/thanglequoc/vietnamese-provinces-database/master/json/geojson/19_thai_nguyen/wards/05542_lam_vy.geojson
05551,Xã Kim Phượng,19,Tỉnh Thái Nguyên,https://raw.githubusercontent.com/thanglequoc/vietnamese-provinces-database/master/json/geojson/19_thai_nguyen/wards/05551_kim_phuong.geojson
05563,Xã Phượng Tiến,19,Tỉnh Thái Nguyên,https://raw.githubusercontent.com/thanglequoc/vietnamese-provinces-database/master/json/geojson/19_thai_nguyen/wards/05563_phuong_tien.geojson
05569,Xã Định Hoá,19,Tỉnh Thái Nguyên,https://raw.githubusercontent.com/thanglequoc/vietnamese-provinces-database/master/json/geojson/19_thai_nguyen/wards/05569_dinh_hoa.geojson
05581,Xã Trung Hội,19,Tỉnh Thái Nguyên,https://raw.githubusercontent.com/thanglequoc/vietnamese-provinces-database/master/json/geojson/19_thai_nguyen/wards/05581_trung_hoi.geojson
05587,Xã Bình Yên,19,Tỉnh Thái Nguyên,https://raw.githubusercontent.com/thanglequoc/vietnamese-provinces-database/master/json/geojson/19_thai_nguyen/wards/05587_binh_yen.geojson
05602,Xã Phú Đình,19,Tỉnh Thái Nguyên,https://raw.githubusercontent.com/thanglequoc/vietnamese-provinces-database/master/json/geojson/19_thai_nguyen/wards/05602_phu_dinh.geojson
05605,Xã Bình Thành,19,Tỉnh Thái Nguyên,https://raw.githubusercontent.com/thanglequoc/vietnamese-provinces-database/master/json/geojson/19_thai_nguyen/wards/05605_binh_thanh.geojson
05611,Xã Phú Lương,19,Tỉnh Thái Nguyên,https://raw.githubusercontent.com/thanglequoc/vietnamese-provinces-database/master/json/geojson/19_thai_nguyen/wards/05611_phu_luong.geojson
05620,Xã Yên Trạch,19,Tỉnh Thái Nguyên,https://raw.githubusercontent.com/thanglequoc/vietnamese-provinces-database/master/json/geojson/19_thai_nguyen/wards/05620_yen_trach.geojson
05632,Xã Hợp Thành,19,Tỉnh Thái Nguyên,https://raw.githubusercontent.com/thanglequoc/vietnamese-provinces-database/master/json/geojson/19_thai_nguyen/wards/05632_hop_thanh.geojson
05641,Xã Vô Tranh,19,Tỉnh Thái Nguyên,https://raw.githubusercontent.com/thanglequoc/vietnamese-provinces-database/master/json/geojson/19_thai_nguyen/wards/05641_vo_tranh.geojson
05662,Xã Trại Cau,19,Tỉnh Thái Nguyên,https://raw.githubusercontent.com/thanglequoc/vietnamese-provinces-database/master/json/geojson/19_thai_nguyen/wards/05662_trai_cau.geojson
05665,Xã Văn Lăng,19,Tỉnh Thái Nguyên,https://raw.githubusercontent.com/thanglequoc/vietnamese-provinces-database/master/json/geojson/19_thai_nguyen/wards/05665_van_lang.geojson
05674,Xã Quang Sơn,19,Tỉnh Thái Nguyên,https://raw.githubusercontent.com/thanglequoc/vietnamese-provinces-database/master/json/geojson/19_thai_nguyen/wards/05674_quang_son.geojson
05680,Xã Văn Hán,19,Tỉnh Thái Nguyên,https://raw.githubusercontent.com/thanglequoc/vietnamese-provinces-database/master/json/geojson/19_thai_nguyen/wards/05680_van_han.geojson
05692,Xã Đồng Hỷ,19,Tỉnh Thái Nguyên,https://raw.githubusercontent.com/thanglequoc/vietnamese-provinces-database/master/json/geojson/19_thai_nguyen/wards/05692_dong_hy.geojson
05707,Xã Nam Hoà,19,Tỉnh Thái Nguyên,https://raw.githubusercontent.com/thanglequoc/vietnamese-provinces-database/master/json/geojson/19_thai_nguyen/wards/05707_nam_hoa.geojson
05710,Phường Linh Sơn,19,Tỉnh Thái Nguyên,https://raw.githubusercontent.com/thanglequoc/vietnamese-provinces-database/master/json/geojson/19_thai_nguyen/wards/05710_linh_son.geojson
05716,Xã Võ Nhai,19,Tỉnh Thái Nguyên,https://raw.githubusercontent.com/thanglequoc/vietnamese-provinces-database/master/json/geojson/19_thai_nguyen/wards/05716_vo_nhai.geojson
05719,Xã Sảng Mộc,19,Tỉnh Thái Nguyên,https://raw.githubusercontent.com/thanglequoc/vietnamese-provinces-database/master/json/geojson/19_thai_nguyen/wards/05719_sang_moc.geojson
05722,Xã Nghinh Tường,19,Tỉnh Thái Nguyên,https://raw.githubusercontent.com/thanglequoc/vietnamese-provinces-database/master/json/geojson/19_thai_nguyen/wards/05722_nghinh_tuong.geojson
05725,Xã Thần Sa,19,Tỉnh Thái Nguyên,https://raw.githubusercontent.com/thanglequoc/vietnamese-provinces-database/master/json/geojson/19_thai_nguyen/wards/05725_than_sa.geojson
05740,Xã La Hiên,19,Tỉnh Thái Nguyên,https://raw.githubusercontent.com/thanglequoc/vietnamese-provinces-database/master/json/geojson/19_thai_nguyen/wards/05740_la_hien.geojson
05746,Xã Tràng Xá,19,Tỉnh Thái Nguyên,https://raw.githubusercontent.com/thanglequoc/vietnamese-provinces-database/master/json/geojson/19_thai_nguyen/wards/05746_trang_xa.geojson
05755,Xã Dân Tiến,19,Tỉnh Thái Nguyên,https://raw.githubusercontent.com/thanglequoc/vietnamese-provinces-database/master/json/geojson/19_thai_nguyen/wards/05755_dan_tien.geojson
05773,Xã Phú Xuyên,19,Tỉnh Thái Nguyên,https://raw.githubusercontent.com/thanglequoc/vietnamese-provinces-database/master/json/geojson/19_thai_nguyen/wards/05773_phu_xuyen.geojson
05776,Xã Đức Lương,19,Tỉnh Thái Nguyên,https://raw.githubusercontent.com/thanglequoc/vietnamese-provinces-database/master/json/geojson/19_thai_nguyen/wards/05776_duc_luong.geojson
05788,Xã Phú Lạc,19,Tỉnh Thái Nguyên,https://raw.githubusercontent.com/thanglequoc/vietnamese-provinces-database/master/json/geojson/19_thai_nguyen/wards/05788_phu_lac.geojson
05800,Xã Phú Thịnh,19,Tỉnh Thái Nguyên,https://raw.githubusercontent.com/thanglequoc/vietnamese-provinces-database/master/json/geojson/19_thai_nguyen/wards/05800_phu_thinh.geojson
05809,Xã An Khánh,19,Tỉnh Thái Nguyên,https://raw.githubusercontent.com/thanglequoc/vietnamese-provinces-database/master/json/geojson/19_thai_nguyen/wards/05809_an_khanh.geojson
05818,Xã La Bằng,19,Tỉnh Thái Nguyên,https://raw.githubusercontent.com/thanglequoc/vietnamese-provinces-database/master/json/geojson/19_thai_nguyen/wards/05818_la_bang.geojson
05830,Xã Đại Từ,19,Tỉnh Thái Nguyên,https://raw.githubusercontent.com/thanglequoc/vietnamese-provinces-database/master/json/geojson/19_thai_nguyen/wards/05830_dai_tu.geojson
05845,Xã Vạn Phú,19,Tỉnh Thái Nguyên,https://raw.githubusercontent.com/thanglequoc/vietnamese-provinces-database/master/json/geojson/19_thai_nguyen/wards/05845_van_phu.geojson
05851,Xã Quân Chu,19,Tỉnh Thái Nguyên,https://raw.githubusercontent.com/thanglequoc/vietnamese-provinces-database/master/json/geojson/19_thai_nguyen/wards/05851_quan_chu.geojson
05857,Phường Phúc Thuận,19,Tỉnh Thái Nguyên,https://raw.githubusercontent.com/thanglequoc/vietnamese-provinces-database/master/json/geojson/19_thai_nguyen/wards/05857_phuc_thuan.geojson
05860,Phường Phổ Yên,19,Tỉnh Thái Nguyên,https://raw.githubusercontent.com/thanglequoc/vietnamese-provinces-database/master/json/geojson/19_thai_nguyen/wards/05860_pho_yen.geojson
05881,Xã Thành Công,19,Tỉnh Thái Nguyên,https://raw.githubusercontent.com/thanglequoc/vietnamese-provinces-database/master/json/geojson/19_thai_nguyen/wards/05881_thanh_cong.geojson
05890,Phường Vạn Xuân,19,Tỉnh Thái Nguyên,https://raw.githubusercontent.com/thanglequoc/vietnamese-provinces-database/master/json/geojson/19_thai_nguyen/wards/05890_van_xuan.geojson
05899,Phường Trung Thành,19,Tỉnh Thái Nguyên,https://raw.githubusercontent.com/thanglequoc/vietnamese-provinces-database/master/json/geojson/19_thai_nguyen/wards/05899_trung_thanh.geojson
05908,Xã Phú Bình,19,Tỉnh Thái Nguyên,https://raw.githubusercontent.com/thanglequoc/vietnamese-provinces-database/master/json/geojson/19_thai_nguyen/wards/05908_phu_binh.geojson
05917,Xã Tân Khánh,19,Tỉnh Thái Nguyên,https://raw.githubusercontent.com/thanglequoc/vietnamese-provinces-database/master/json/geojson/19_thai_nguyen/wards/05917_tan_khanh.geojson
05923,Xã Tân Thành,19,Tỉnh Thái Nguyên,https://raw.githubusercontent.com/thanglequoc/vietnamese-provinces-database/master/json/geojson/19_thai_nguyen/wards/05923_tan_thanh.geojson
05941,Xã Điềm Thuỵ,19,Tỉnh Thái Nguyên,https://raw.githubusercontent.com/thanglequoc/vietnamese-provinces-database/master/json/geojson/19_thai_nguyen/wards/05941_diem_thuy.geojson
05953,Xã Kha Sơn,19,Tỉnh Thái Nguyên,https://raw.githubusercontent.com/thanglequoc/vietnamese-provinces-database/master/json/geojson/19_thai_nguyen/wards/05953_kha_son.geojson
05977,Phường Đông Kinh,20,Tỉnh Lạng Sơn,https://raw.githubusercontent.com/thanglequoc/vietnamese-provinces-database/master/json/geojson/20_lang_son/wards/05977_dong_kinh.geojson
05983,Phường Lương Văn Tri,20,Tỉnh Lạng Sơn,https://raw.githubusercontent.com/thanglequoc/vietnamese-provinces-database/master/json/geojson/20_lang_son/wards/05983_luong_van_tri.geojson
05986,Phường Tam Thanh,20,Tỉnh Lạng Sơn,https://raw.githubusercontent.com/thanglequoc/vietnamese-provinces-database/master/json/geojson/20_lang_son/wards/05986_tam_thanh.geojson
06001,Xã Đoàn Kết,20,Tỉnh Lạng Sơn,https://raw.githubusercontent.com/thanglequoc/vietnamese-provinces-database/master/json/geojson/20_lang_son/wards/06001_doan_ket.geojson
06004,Xã Quốc Khánh,20,Tỉnh Lạng Sơn,https://raw.githubusercontent.com/thanglequoc/vietnamese-provinces-database/master/json/geojson/20_lang_son/wards/06004_quoc_khanh.geojson
06019,Xã Tân Tiến,20,Tỉnh Lạng Sơn,https://raw.githubusercontent.com/thanglequoc/vietnamese-provinces-database/master/json/geojson/20_lang_son/wards/06019_tan_tien.geojson
06037,Xã Kháng Chiến,20,Tỉnh Lạng Sơn,https://raw.githubusercontent.com/thanglequoc/vietnamese-provinces-database/master/json/geojson/20_lang_son/wards/06037_khang_chien.geojson
06040,Xã Thất Khê,20,Tỉnh Lạng Sơn,https://raw.githubusercontent.com/thanglequoc/vietnamese-provinces-database/master/json/geojson/20_lang_son/wards/06040_that_khe.geojson
06046,Xã Tràng Định,20,Tỉnh Lạng Sơn,https://raw.githubusercontent.com/thanglequoc/vietnamese-provinces-database/master/json/geojson/20_lang_son/wards/06046_trang_dinh.geojson
06058,Xã Quốc Việt,20,Tỉnh Lạng Sơn,https://raw.githubusercontent.com/thanglequoc/vietnamese-provinces-database/master/json/geojson/20_lang_son/wards/06058_quoc_viet.geojson
06073,Xã Hoa Thám,20,Tỉnh Lạng Sơn,https://raw.githubusercontent.com/thanglequoc/vietnamese-provinces-database/master/json/geojson/20_lang_son/wards/06073_hoa_tham.geojson
06076,Xã Quý Hoà,20,Tỉnh Lạng Sơn,https://raw.githubusercontent.com/thanglequoc/vietnamese-provinces-database/master/json/geojson/20_lang_son/wards/06076_quy_hoa.geojson
06079,Xã Hồng Phong,20,Tỉnh Lạng Sơn,https://raw.githubusercontent.com/thanglequoc/vietnamese-provinces-database/master/json/geojson/20_lang_son/wards/06079_hong_phong.geojson
06085,Xã Thiện Hoà,20,Tỉnh Lạng Sơn,https://raw.githubusercontent.com/thanglequoc/vietnamese-provinces-database/master/json/geojson/20_lang_son/wards/06085_thien_hoa.geojson
06091,Xã Thiện Thuật,20,Tỉnh Lạng Sơn,https://raw.githubusercontent.com/thanglequoc/vietnamese-provinces-database/master/json/geojson/20_lang_son/wards/06091_thien_thuat.geojson
06103,Xã Thiện Long,20,Tỉnh Lạng Sơn,https://raw.githubusercontent.com/thanglequoc/vietnamese-provinces-database/master/json/geojson/20_lang_son/wards/06103_thien_long.geojson
06112,Xã Bình Gia,20,Tỉnh Lạng Sơn,https://raw.githubusercontent.com/thanglequoc/vietnamese-provinces-database/master/json/geojson/20_lang_son/wards/06112_binh_gia.geojson
06115,Xã Tân Văn,20,Tỉnh Lạng Sơn,https://raw.githubusercontent.com/thanglequoc/vietnamese-provinces-database/master/json/geojson/20_lang_son/wards/06115_tan_van.geojson
06124,Xã Na Sầm,20,Tỉnh Lạng Sơn,https://raw.githubusercontent.com/thanglequoc/vietnamese-provinces-database/master/json/geojson/20_lang_son/wards/06124_na_sam.geojson
06148,Xã Thuỵ Hùng,20,Tỉnh Lạng Sơn,https://raw.githubusercontent.com/thanglequoc/vietnamese-provinces-database/master/json/geojson/20_lang_son/wards/06148_thuy_hung.geojson
06151,Xã Hội Hoan,20,Tỉnh Lạng Sơn,https://raw.githubusercontent.com/thanglequoc/vietnamese-provinces-database/master/json/geojson/20_lang_son/wards/06151_hoi_hoan.geojson
06154,Xã Văn Lãng,20,Tỉnh Lạng Sơn,https://raw.githubusercontent.com/thanglequoc/vietnamese-provinces-database/master/json/geojson/20_lang_son/wards/06154_van_lang.geojson
06172,Xã Hoàng Văn Thụ,20,Tỉnh Lạng Sơn,https://raw.githubusercontent.com/thanglequoc/vietnamese-provinces-database/master/json/geojson/20_lang_son/wards/06172_hoang_van_thu.geojson
06184,Xã Đồng Đăng,20,Tỉnh Lạng Sơn,https://raw.githubusercontent.com/thanglequoc/vietnamese-provinces-database/master/json/geojson/20_lang_son/wards/06184_dong_dang.geojson
06187,Phường Kỳ Lừa,20,Tỉnh Lạng Sơn,https://raw.githubusercontent.com/thanglequoc/vietnamese-provinces-database/master/json/geojson/20_lang_son/wards/06187_ky_lua.geojson
06196,Xã Ba Sơn,20,Tỉnh Lạng Sơn,https://raw.githubusercontent.com/thanglequoc/vietnamese-provinces-database/master/json/geojson/20_lang_son/wards/06196_ba_son.geojson
06211,Xã Cao Lộc,20,Tỉnh Lạng Sơn,https://raw.githubusercontent.com/thanglequoc/vietnamese-provinces-database/master/json/geojson/20_lang_son/wards/06211_cao_loc.geojson
06220,Xã Công Sơn,20,Tỉnh Lạng Sơn,https://raw.githubusercontent.com/thanglequoc/vietnamese-provinces-database/master/json/geojson/20_lang_son/wards/06220_cong_son.geojson
06253,Xã Văn Quan,20,Tỉnh Lạng Sơn,https://raw.githubusercontent.com/thanglequoc/vietnamese-provinces-database/master/json/geojson/20_lang_son/wards/06253_van_quan.geojson
06280,Xã Điềm He,20,Tỉnh Lạng Sơn,https://raw.githubusercontent.com/thanglequoc/vietnamese-provinces-database/master/json/geojson/20_lang_son/wards/06280_diem_he.geojson
06286,Xã Khánh Khê,20,Tỉnh Lạng Sơn,https://raw.githubusercontent.com/thanglequoc/vietnamese-provinces-database/master/json/geojson/20_lang_son/wards/06286_khanh_khe.geojson
06298,Xã Yên Phúc,20,Tỉnh Lạng Sơn,https://raw.githubusercontent.com/thanglequoc/vietnamese-provinces-database/master/json/geojson/20_lang_son/wards/06298_yen_phuc.geojson
06313,Xã Tri Lễ,20,Tỉnh Lạng Sơn,https://raw.githubusercontent.com/thanglequoc/vietnamese-provinces-database/master/json/geojson/20_lang_son/wards/06313_tri_le.geojson
06316,Xã Tân Đoàn,20,Tỉnh Lạng Sơn,https://raw.githubusercontent.com/thanglequoc/vietnamese-provinces-database/master/json/geojson/20_lang_son/wards/06316_tan_doan.geojson
06325,xã Bắc Sơn,20,Tỉnh Lạng Sơn,https://raw.githubusercontent.com/thanglequoc/vietnamese-provinces-database/master/json/geojson/20_lang_son/wards/06325_bac_son.geojson
06337,Xã Tân Tri,20,Tỉnh Lạng Sơn,https://raw.githubusercontent.com/thanglequoc/vietnamese-provinces-database/master/json/geojson/20_lang_son/wards/06337_tan_tri.geojson
06349,Xã Hưng Vũ,20,Tỉnh Lạng Sơn,https://raw.githubusercontent.com/thanglequoc/vietnamese-provinces-database/master/json/geojson/20_lang_son/wards/06349_hung_vu.geojson
06364,Xã Vũ Lễ,20,Tỉnh Lạng Sơn,https://raw.githubusercontent.com/thanglequoc/vietnamese-provinces-database/master/json/geojson/20_lang_son/wards/06364_vu_le.geojson
06367,Xã Vũ Lăng,20,Tỉnh Lạng Sơn,https://raw.githubusercontent.com/thanglequoc/vietnamese-provinces-database/master/json/geojson/20_lang_son/wards/06367_vu_lang.geojson
06376,Xã Nhất Hoà,20,Tỉnh Lạng Sơn,https://raw.githubusercontent.com/thanglequoc/vietnamese-provinces-database/master/json/geojson/20_lang_son/wards/06376_nhat_hoa.geojson
06385,Xã Hữu Lũng,20,Tỉnh Lạng Sơn,https://raw.githubusercontent.com/thanglequoc/vietnamese-provinces-database/master/json/geojson/20_lang_son/wards/06385_huu_lung.geojson
06391,Xã Yên Bình,20,Tỉnh Lạng Sơn,https://raw.githubusercontent.com/thanglequoc/vietnamese-provinces-database/master/json/geojson/20_lang_son/wards/06391_yen_binh.geojson
06400,Xã Hữu Liên,20,Tỉnh Lạng Sơn,https://raw.githubusercontent.com/thanglequoc/vietnamese-provinces-database/master/json/geojson/20_lang_son/wards/06400_huu_lien.geojson
06415,Xã Vân Nham,20,Tỉnh Lạng Sơn,https://raw.githubusercontent.com/thanglequoc/vietnamese-provinces-database/master/json/geojson/20_lang_son/wards/06415_van_nham.geojson
06427,Xã Cai Kinh,20,Tỉnh Lạng Sơn,https://raw.githubusercontent.com/thanglequoc/vietnamese-provinces-database/master/json/geojson/20_lang_son/wards/06427_cai_kinh.geojson
06436,Xã Thiện Tân,20,Tỉnh Lạng Sơn,https://raw.githubusercontent.com/thanglequoc/vietnamese-provinces-database/master/json/geojson/20_lang_son/wards/06436_thien_tan.geojson
06445,Xã Tân Thành,20,Tỉnh Lạng Sơn,https://raw.githubusercontent.com/thanglequoc/vietnamese-provinces-database/master/json/geojson/20_lang_son/wards/06445_tan_thanh.geojson
06457,Xã Tuấn Sơn,20,Tỉnh Lạng Sơn,https://raw.githubusercontent.com/thanglequoc/vietnamese-provinces-database/master/json/geojson/20_lang_son/wards/06457_tuan_son.geojson
06463,Xã Chi Lăng,20,Tỉnh Lạng Sơn,https://raw.githubusercontent.com/thanglequoc/vietnamese-provinces-database/master/json/geojson/20_lang_son/wards/06463_chi_lang.geojson
06475,Xã Bằng Mạc,20,Tỉnh Lạng Sơn,https://raw.githubusercontent.com/thanglequoc/vietnamese-provinces-database/master/json/geojson/20_lang_son/wards/06475_bang_mac.geojson
06481,Xã Chiến Thắng,20,Tỉnh Lạng Sơn,https://raw.githubusercontent.com/thanglequoc/vietnamese-provinces-database/master/json/geojson/20_lang_son/wards/06481_chien_thang.geojson
06496,Xã Nhân Lý,20,Tỉnh Lạng Sơn,https://raw.githubusercontent.com/thanglequoc/vietnamese-provinces-database/master/json/geojson/20_lang_son/wards/06496_nhan_ly.geojson
06505,Xã Vạn Linh,20,Tỉnh Lạng Sơn,https://raw.githubusercontent.com/thanglequoc/vietnamese-provinces-database/master/json/geojson/20_lang_son/wards/06505_van_linh.geojson
06517,Xã Quan Sơn,20,Tỉnh Lạng Sơn,https://raw.githubusercontent.com/thanglequoc/vietnamese-provinces-database/master/json/geojson/20_lang_son/wards/06517_quan_son.geojson
06526,Xã Na Dương,20,Tỉnh Lạng Sơn,https://raw.githubusercontent.com/thanglequoc/vietnamese-provinces-database/master/json/geojson/20_lang_son/wards/06526_na_duong.geojson
06529,Xã Lộc Bình,20,Tỉnh Lạng Sơn,https://raw.githubusercontent.com/thanglequoc/vietnamese-provinces-database/master/json/geojson/20_lang_son/wards/06529_loc_binh.geojson
06541,Xã Mẫu Sơn,20,Tỉnh Lạng Sơn,https://raw.githubusercontent.com/thanglequoc/vietnamese-provinces-database/master/json/geojson/20_lang_son/wards/06541_mau_son.geojson
06565,Xã Khuất Xá,20,Tỉnh Lạng Sơn,https://raw.githubusercontent.com/thanglequoc/vietnamese-provinces-database/master/json/geojson/20_lang_son/wards/06565_khuat_xa.geojson
06577,Xã Thống Nhất,20,Tỉnh Lạng Sơn,https://raw.githubusercontent.com/thanglequoc/vietnamese-provinces-database/master/json/geojson/20_lang_son/wards/06577_thong_nhat.geojson
06601,Xã Lợi Bác,20,Tỉnh Lạng Sơn,https://raw.githubusercontent.com/thanglequoc/vietnamese-provinces-database/master/json/geojson/20_lang_son/wards/06601_loi_bac.geojson
06607,Xã Xuân Dương,20,Tỉnh Lạng Sơn,https://raw.githubusercontent.com/thanglequoc/vietnamese-provinces-database/master/json/geojson/20_lang_son/wards/06607_xuan_duong.geojson
06613,Xã Đình Lập,20,Tỉnh Lạng Sơn,https://raw.githubusercontent.com/thanglequoc/vietnamese-provinces-database/master/json/geojson/20_lang_son/wards/06613_dinh_lap.geojson
06616,Xã Thái Bình,20,Tỉnh Lạng Sơn,https://raw.githubusercontent.com/thanglequoc/vietnamese-provinces-database/master/json/geojson/20_lang_son/wards/06616_thai_binh.geojson
06625,Xã Kiên Mộc,20,Tỉnh Lạng Sơn,https://raw.githubusercontent.com/thanglequoc/vietnamese-provinces-database/master/json/geojson/20_lang_son/wards/06625_kien_moc.geojson
06637,Xã Châu Sơn,20,Tỉnh Lạng Sơn,https://raw.githubusercontent.com/thanglequoc/vietnamese-provinces-database/master/json/geojson/20_lang_son/wards/06637_chau_son.geojson
06652,Phường Hà Tu,22,Tỉnh Quảng Ninh,https://raw.githubusercontent.com/thanglequoc/vietnamese-provinces-database/master/json/geojson/22_quang_ninh/wards/06652_ha_tu.geojson
06658,Phường Cao Xanh,22,Tỉnh Quảng Ninh,https://raw.githubusercontent.com/thanglequoc/vietnamese-provinces-database/master/json/geojson/22_quang_ninh/wards/06658_cao_xanh.geojson
06661,Phường Việt Hưng,22,Tỉnh Quảng Ninh,https://raw.githubusercontent.com/thanglequoc/vietnamese-provinces-database/master/json/geojson/22_quang_ninh/wards/06661_viet_hung.geojson
06673,Phường Bãi Cháy,22,Tỉnh Quảng Ninh,https://raw.githubusercontent.com/thanglequoc/vietnamese-provinces-database/master/json/geojson/22_quang_ninh/wards/06673_bai_chay.geojson
06676,Phường Hà Lầm,22,Tỉnh Quảng Ninh,https://raw.githubusercontent.com/thanglequoc/vietnamese-provinces-database/master/json/geojson/22_quang_ninh/wards/06676_ha_lam.geojson
06685,Phường Hồng Gai,22,Tỉnh Quảng Ninh,https://raw.githubusercontent.com/thanglequoc/vietnamese-provinces-database/master/json/geojson/22_quang_ninh/wards/06685_hong_gai.geojson
06688,Phường Hạ Long,22,Tỉnh Quảng Ninh,https://raw.githubusercontent.com/thanglequoc/vietnamese-provinces-database/master/json/geojson/22_quang_ninh/wards/06688_ha_long.geojson
06706,Phường Tuần Châu,22,Tỉnh Quảng Ninh,https://raw.githubusercontent.com/thanglequoc/vietnamese-provinces-database/master/json/geojson/22_quang_ninh/wards/06706_tuan_chau.geojson
06709,Phường Móng Cái 2,22,Tỉnh Quảng Ninh,https://raw.githubusercontent.com/thanglequoc/vietnamese-provinces-database/master/json/geojson/22_quang_ninh/wards/06709_mong_cai_2.geojson
06712,Phường Móng Cái 1,22,Tỉnh Quảng Ninh,https://raw.githubusercontent.com/thanglequoc/vietnamese-provinces-database/master/json/geojson/22_quang_ninh/wards/06712_mong_cai_1.geojson
06724,Xã Hải Sơn,22,Tỉnh Quảng Ninh,https://raw.githubusercontent.com/thanglequoc/vietnamese-provinces-database/master/json/geojson/22_quang_ninh/wards/06724_hai_son.geojson
06733,Xã Hải Ninh,22,Tỉnh Quảng Ninh,https://raw.githubusercontent.com/thanglequoc/vietnamese-provinces-database/master/json/geojson/22_quang_ninh/wards/06733_hai_ninh.geojson
06736,Phường Móng Cái 3,22,Tỉnh Quảng Ninh,https://raw.githubusercontent.com/thanglequoc/vietnamese-provinces-database/master/json/geojson/22_quang_ninh/wards/06736_mong_cai_3.geojson
06757,Xã Vĩnh Thực,22,Tỉnh Quảng Ninh,https://raw.githubusercontent.com/thanglequoc/vietnamese-provinces-database/master/json/geojson/22_quang_ninh/wards/06757_vinh_thuc.geojson
06760,Phường Mông Dương,22,Tỉnh Quảng Ninh,https://raw.githubusercontent.com/thanglequoc/vietnamese-provinces-database/master/json/geojson/22_quang_ninh/wards/06760_mong_duong.geojson
06778,Phường Quang Hanh,22,Tỉnh Quảng Ninh,https://raw.githubusercontent.com/thanglequoc/vietnamese-provinces-database/master/json/geojson/22_quang_ninh/wards/06778_quang_hanh.geojson
06781,Phường Cửa Ông,22,Tỉnh Quảng Ninh,https://raw.githubusercontent.com/thanglequoc/vietnamese-provinces-database/master/json/geojson/22_quang_ninh/wards/06781_cua_ong.geojson
06793,Phường Cẩm Phả,22,Tỉnh Quảng Ninh,https://raw.githubusercontent.com/thanglequoc/vietnamese-provinces-database/master/json/geojson/22_quang_ninh/wards/06793_cam_pha.geojson
06799,Xã Hải Hoà,22,Tỉnh Quảng Ninh,https://raw.githubusercontent.com/thanglequoc/vietnamese-provinces-database/master/json/geojson/22_quang_ninh/wards/06799_hai_hoa.geojson
06811,Phường Uông Bí,22,Tỉnh Quảng Ninh,https://raw.githubusercontent.com/thanglequoc/vietnamese-provinces-database/master/json/geojson/22_quang_ninh/wards/06811_uong_bi.geojson
06820,Phường Vàng Danh,22,Tỉnh Quảng Ninh,https://raw.githubusercontent.com/thanglequoc/vietnamese-provinces-database/master/json/geojson/22_quang_ninh/wards/06820_vang_danh.geojson
06832,Phường Yên Tử,22,Tỉnh Quảng Ninh,https://raw.githubusercontent.com/thanglequoc/vietnamese-provinces-database/master/json/geojson/22_quang_ninh/wards/06832_yen_tu.geojson
06838,Xã Bình Liêu,22,Tỉnh Quảng Ninh,https://raw.githubusercontent.com/thanglequoc/vietnamese-provinces-database/master/json/geojson/22_quang_ninh/wards/06838_binh_lieu.geojson
06841,Xã Hoành Mô,22,Tỉnh Quảng Ninh,https://raw.githubusercontent.com/thanglequoc/vietnamese-provinces-database/master/json/geojson/22_quang_ninh/wards/06841_hoanh_mo.geojson
06856,Xã Lục Hồn,22,Tỉnh Quảng Ninh,https://raw.githubusercontent.com/thanglequoc/vietnamese-provinces-database/master/json/geojson/22_quang_ninh/wards/06856_luc_hon.geojson
06862,Xã Tiên Yên,22,Tỉnh Quảng Ninh,https://raw.githubusercontent.com/thanglequoc/vietnamese-provinces-database/master/json/geojson/22_quang_ninh/wards/06862_tien_yen.geojson
06874,Xã Điền Xá,22,Tỉnh Quảng Ninh,https://raw.githubusercontent.com/thanglequoc/vietnamese-provinces-database/master/json/geojson/22_quang_ninh/wards/06874_dien_xa.geojson
06877,Xã Đông Ngũ,22,Tỉnh Quảng Ninh,https://raw.githubusercontent.com/thanglequoc/vietnamese-provinces-database/master/json/geojson/22_quang_ninh/wards/06877_dong_ngu.geojson
06886,Xã Hải Lạng,22,Tỉnh Quảng Ninh,https://raw.githubusercontent.com/thanglequoc/vietnamese-provinces-database/master/json/geojson/22_quang_ninh/wards/06886_hai_lang.geojson
06895,Xã Đầm Hà,22,Tỉnh Quảng Ninh,https://raw.githubusercontent.com/thanglequoc/vietnamese-provinces-database/master/json/geojson/22_quang_ninh/wards/06895_dam_ha.geojson
06913,Xã Quảng Tân,22,Tỉnh Quảng Ninh,https://raw.githubusercontent.com/thanglequoc/vietnamese-provinces-database/master/json/geojson/22_quang_ninh/wards/06913_quang_tan.geojson
06922,Xã Quảng Hà,22,Tỉnh Quảng Ninh,https://raw.githubusercontent.com/thanglequoc/vietnamese-provinces-database/master/json/geojson/22_quang_ninh/wards/06922_quang_ha.geojson
06931,Xã Quảng Đức,22,Tỉnh Quảng Ninh,https://raw.githubusercontent.com/thanglequoc/vietnamese-provinces-database/master/json/geojson/22_quang_ninh/wards/06931_quang_duc.geojson
06946,Xã Đường Hoa,22,Tỉnh Quảng Ninh,https://raw.githubusercontent.com/thanglequoc/vietnamese-provinces-database/master/json/geojson/22_quang_ninh/wards/06946_duong_hoa.geojson
06967,Xã Cái Chiên,22,Tỉnh Quảng Ninh,https://raw.githubusercontent.com/thanglequoc/vietnamese-provinces-database/master/json/geojson/22_quang_ninh/wards/06967_cai_chien.geojson
06978,Xã Ba Chẽ,22,Tỉnh Quảng Ninh,https://raw.githubusercontent.com/thanglequoc/vietnamese-provinces-database/master/json/geojson/22_quang_ninh/wards/06978_ba_che.geojson
06979,Xã Kỳ Thượng,22,Tỉnh Quảng Ninh,https://raw.githubusercontent.com/thanglequoc/vietnamese-provinces-database/master/json/geojson/22_quang_ninh/wards/06979_ky_thuong.geojson
06985,Xã Lương Minh,22,Tỉnh Quảng Ninh,https://raw.githubusercontent.com/thanglequoc/vietnamese-provinces-database/master/json/geojson/22_quang_ninh/wards/06985_luong_minh.geojson
06994,Đặc khu Vân Đồn,22,Tỉnh Quảng Ninh,https://raw.githubusercontent.com/thanglequoc/vietnamese-provinces-database/master/json/geojson/22_quang_ninh/wards/06994_van_don.geojson
07030,Phường Hoành Bồ,22,Tỉnh Quảng Ninh,https://raw.githubusercontent.com/thanglequoc/vietnamese-provinces-database/master/json/geojson/22_quang_ninh/wards/07030_hoanh_bo.geojson
07054,Xã Quảng La,22,Tỉnh Quảng Ninh,https://raw.githubusercontent.com/thanglequoc/vietnamese-provinces-database/master/json/geojson/22_quang_ninh/wards/07054_quang_la.geojson
07060,Xã Thống Nhất,22,Tỉnh Quảng Ninh,https://raw.githubusercontent.com/thanglequoc/vietnamese-provinces-database/master/json/geojson/22_quang_ninh/wards/07060_thong_nhat.geojson
07069,Phường Mạo Khê,22,Tỉnh Quảng Ninh,https://raw.githubusercontent.com/thanglequoc/vietnamese-provinces-database/master/json/geojson/22_quang_ninh/wards/07069_mao_khe.geojson
07081,Phường Bình Khê,22,Tỉnh Quảng Ninh,https://raw.githubusercontent.com/thanglequoc/vietnamese-provinces-database/master/json/geojson/22_quang_ninh/wards/07081_binh_khe.geojson
07090,Phường An Sinh,22,Tỉnh Quảng Ninh,https://raw.githubusercontent.com/thanglequoc/vietnamese-provinces-database/master/json/geojson/22_quang_ninh/wards/07090_an_sinh.geojson
07093,Phường Đông Triều,22,Tỉnh Quảng Ninh,https://raw.githubusercontent.com/thanglequoc/vietnamese-provinces-database/master/json/geojson/22_quang_ninh/wards/07093_dong_trieu.geojson
07114,Phường Hoàng Quế,22,Tỉnh Quảng Ninh,https://raw.githubusercontent.com/thanglequoc/vietnamese-provinces-database/master/json/geojson/22_quang_ninh/wards/07114_hoang_que.geojson
07132,Phường Quảng Yên,22,Tỉnh Quảng Ninh,https://raw.githubusercontent.com/thanglequoc/vietnamese-provinces-database/master/json/geojson/22_quang_ninh/wards/07132_quang_yen.geojson
07135,Phường Đông Mai,22,Tỉnh Quảng Ninh,https://raw.githubusercontent.com/thanglequoc/vietnamese-provinces-database/master/json/geojson/22_quang_ninh/wards/07135_dong_mai.geojson
07147,Phường Hiệp Hoà,22,Tỉnh Quảng Ninh,https://raw.githubusercontent.com/thanglequoc/vietnamese-provinces-database/master/json/geojson/22_quang_ninh/wards/07147_hiep_hoa.geojson
07168,Phường Hà An,22,Tỉnh Quảng Ninh,https://raw.githubusercontent.com/thanglequoc/vietnamese-provinces-database/master/json/geojson/22_quang_ninh/wards/07168_ha_an.geojson
07180,Phường Liên Hoà,22,Tỉnh Quảng Ninh,https://raw.githubusercontent.com/thanglequoc/vietnamese-provinces-database/master/json/geojson/22_quang_ninh/wards/07180_lien_hoa.geojson
07183,Phường Phong Cốc,22,Tỉnh Quảng Ninh,https://raw.githubusercontent.com/thanglequoc/vietnamese-provinces-database/master/json/geojson/22_quang_ninh/wards/07183_phong_coc.geojson
07192,Đặc khu Cô Tô,22,Tỉnh Quảng Ninh,https://raw.githubusercontent.com/thanglequoc/vietnamese-provinces-database/master/json/geojson/22_quang_ninh/wards/07192_co_to.geojson
07210,Phường Bắc Giang,24,Tỉnh Bắc Ninh,https://raw.githubusercontent.com/thanglequoc/vietnamese-provinces-database/master/json/geojson/24_bac_ninh/wards/07210_bac_giang.geojson
07228,Phường Đa Mai,24,Tỉnh Bắc Ninh,https://raw.githubusercontent.com/thanglequoc/vietnamese-provinces-database/master/json/geojson/24_bac_ninh/wards/07228_da_mai.geojson
07246,Xã Xuân Lương,24,Tỉnh Bắc Ninh,https://raw.githubusercontent.com/thanglequoc/vietnamese-provinces-database/master/json/geojson/24_bac_ninh/wards/07246_xuan_luong.geojson
07264,Xã Tam Tiến,24,Tỉnh Bắc Ninh,https://raw.githubusercontent.com/thanglequoc/vietnamese-provinces-database/master/json/geojson/24_bac_ninh/wards/07264_tam_tien.geojson
07282,Xã Đồng Kỳ,24,Tỉnh Bắc Ninh,https://raw.githubusercontent.com/thanglequoc/vietnamese-provinces-database/master/json/geojson/24_bac_ninh/wards/07282_dong_ky.geojson
07288,Xã Yên Thế,24,Tỉnh Bắc Ninh,https://raw.githubusercontent.com/thanglequoc/vietnamese-provinces-database/master/json/geojson/24_bac_ninh/wards/07288_yen_the.geojson
07294,Xã Bố Hạ,24,Tỉnh Bắc Ninh,https://raw.githubusercontent.com/thanglequoc/vietnamese-provinces-database/master/json/geojson/24_bac_ninh/wards/07294_bo_ha.geojson
07306,Xã Nhã Nam,24,Tỉnh Bắc Ninh,https://raw.githubusercontent.com/thanglequoc/vietnamese-provinces-database/master/json/geojson/24_bac_ninh/wards/07306_nha_nam.geojson
07330,Xã Phúc Hoà,24,Tỉnh Bắc Ninh,https://raw.githubusercontent.com/thanglequoc/vietnamese-provinces-database/master/json/geojson/24_bac_ninh/wards/07330_phuc_hoa.geojson
07333,Xã Quang Trung,24,Tỉnh Bắc Ninh,https://raw.githubusercontent.com/thanglequoc/vietnamese-provinces-database/master/json/geojson/24_bac_ninh/wards/07333_quang_trung.geojson
07339,Xã Tân Yên,24,Tỉnh Bắc Ninh,https://raw.githubusercontent.com/thanglequoc/vietnamese-provinces-database/master/json/geojson/24_bac_ninh/wards/07339_tan_yen.geojson
07351,Xã Ngọc Thiện,24,Tỉnh Bắc Ninh,https://raw.githubusercontent.com/thanglequoc/vietnamese-provinces-database/master/json/geojson/24_bac_ninh/wards/07351_ngoc_thien.geojson
07375,Xã Lạng Giang,24,Tỉnh Bắc Ninh,https://raw.githubusercontent.com/thanglequoc/vietnamese-provinces-database/master/json/geojson/24_bac_ninh/wards/07375_lang_giang.geojson
07381,Xã Tiên Lục,24,Tỉnh Bắc Ninh,https://raw.githubusercontent.com/thanglequoc/vietnamese-provinces-database/master/json/geojson/24_bac_ninh/wards/07381_tien_luc.geojson
07399,Xã Kép,24,Tỉnh Bắc Ninh,https://raw.githubusercontent.com/thanglequoc/vietnamese-provinces-database/master/json/geojson/24_bac_ninh/wards/07399_kep.geojson
07420,Xã Mỹ Thái,24,Tỉnh Bắc Ninh,https://raw.githubusercontent.com/thanglequoc/vietnamese-provinces-database/master/json/geojson/24_bac_ninh/wards/07420_my_thai.geojson
07432,Xã Tân Dĩnh,24,Tỉnh Bắc Ninh,https://raw.githubusercontent.com/thanglequoc/vietnamese-provinces-database/master/json/geojson/24_bac_ninh/wards/07432_tan_dinh.geojson
07444,Xã Lục Nam,24,Tỉnh Bắc Ninh,https://raw.githubusercontent.com/thanglequoc/vietnamese-provinces-database/master/json/geojson/24_bac_ninh/wards/07444_luc_nam.geojson
07450,Xã Đông Phú,24,Tỉnh Bắc Ninh,https://raw.githubusercontent.com/thanglequoc/vietnamese-provinces-database/master/json/geojson/24_bac_ninh/wards/07450_dong_phu.geojson
07462,Xã Bảo Đài,24,Tỉnh Bắc Ninh,https://raw.githubusercontent.com/thanglequoc/vietnamese-provinces-database/master/json/geojson/24_bac_ninh/wards/07462_bao_dai.geojson
07486,Xã Nghĩa Phương,24,Tỉnh Bắc Ninh,https://raw.githubusercontent.com/thanglequoc/vietnamese-provinces-database/master/json/geojson/24_bac_ninh/wards/07486_nghia_phuong.geojson
07489,Xã Trường Sơn,24,Tỉnh Bắc Ninh,https://raw.githubusercontent.com/thanglequoc/vietnamese-provinces-database/master/json/geojson/24_bac_ninh/wards/07489_truong_son.geojson
07492,Xã Lục Sơn,24,Tỉnh Bắc Ninh,https://raw.githubusercontent.com/thanglequoc/vietnamese-provinces-database/master/json/geojson/24_bac_ninh/wards/07492_luc_son.geojson
07498,Xã Bắc Lũng,24,Tỉnh Bắc Ninh,https://raw.githubusercontent.com/thanglequoc/vietnamese-provinces-database/master/json/geojson/24_bac_ninh/wards/07498_bac_lung.geojson
07519,Xã Cẩm Lý,24,Tỉnh Bắc Ninh,https://raw.githubusercontent.com/thanglequoc/vietnamese-provinces-database/master/json/geojson/24_bac_ninh/wards/07519_cam_ly.geojson
07525,Phường Chũ,24,Tỉnh Bắc Ninh,https://raw.githubusercontent.com/thanglequoc/vietnamese-provinces-database/master/json/geojson/24_bac_ninh/wards/07525_chu.geojson
07531,Xã Tân Sơn,24,Tỉnh Bắc Ninh,https://raw.githubusercontent.com/thanglequoc/vietnamese-provinces-database/master/json/geojson/24_bac_ninh/wards/07531_tan_son.geojson
07534,Xã Sa Lý,24,Tỉnh Bắc Ninh,https://raw.githubusercontent.com/thanglequoc/vietnamese-provinces-database/master/json/geojson/24_bac_ninh/wards/07534_sa_ly.geojson
07537,Xã Biên Sơn,24,Tỉnh Bắc Ninh,https://raw.githubusercontent.com/thanglequoc/vietnamese-provinces-database/master/json/geojson/24_bac_ninh/wards/07537_bien_son.geojson
07543,Xã Sơn Hải,24,Tỉnh Bắc Ninh,https://raw.githubusercontent.com/thanglequoc/vietnamese-provinces-database/master/json/geojson/24_bac_ninh/wards/07543_son_hai.geojson
07552,Xã Kiên Lao,24,Tỉnh Bắc Ninh,https://raw.githubusercontent.com/thanglequoc/vietnamese-provinces-database/master/json/geojson/24_bac_ninh/wards/07552_kien_lao.geojson
07573,Xã Biển Động,24,Tỉnh Bắc Ninh,https://raw.githubusercontent.com/thanglequoc/vietnamese-provinces-database/master/json/geojson/24_bac_ninh/wards/07573_bien_dong.geojson
07582,Xã Lục Ngạn,24,Tỉnh Bắc Ninh,https://raw.githubusercontent.com/thanglequoc/vietnamese-provinces-database/master/json/geojson/24_bac_ninh/wards/07582_luc_ngan.geojson
07594,Xã Đèo Gia,24,Tỉnh Bắc Ninh,https://raw.githubusercontent.com/thanglequoc/vietnamese-provinces-database/master/json/geojson/24_bac_ninh/wards/07594_deo_gia.geojson
07603,Xã Nam Dương,24,Tỉnh Bắc Ninh,https://raw.githubusercontent.com/thanglequoc/vietnamese-provinces-database/master/json/geojson/24_bac_ninh/wards/07603_nam_duong.geojson
07612,Phường Phượng Sơn,24,Tỉnh Bắc Ninh,https://raw.githubusercontent.com/thanglequoc/vietnamese-provinces-database/master/json/geojson/24_bac_ninh/wards/07612_phuong_son.geojson
07615,Xã Sơn Động,24,Tỉnh Bắc Ninh,https://raw.githubusercontent.com/thanglequoc/vietnamese-provinces-database/master/json/geojson/24_bac_ninh/wards/07615_son_dong.geojson
07616,Xã Tây Yên Tử,24,Tỉnh Bắc Ninh,https://raw.githubusercontent.com/thanglequoc/vietnamese-provinces-database/master/json/geojson/24_bac_ninh/wards/07616_tay_yen_tu.geojson
07621,Xã Vân Sơn,24,Tỉnh Bắc Ninh,https://raw.githubusercontent.com/thanglequoc/vietnamese-provinces-database/master/json/geojson/24_bac_ninh/wards/07621_van_son.geojson
07627,Xã Đại Sơn,24,Tỉnh Bắc Ninh,https://raw.githubusercontent.com/thanglequoc/vietnamese-provinces-database/master/json/geojson/24_bac_ninh/wards/07627_dai_son.geojson
07642,Xã Yên Định,24,Tỉnh Bắc Ninh,https://raw.githubusercontent.com/thanglequoc/vietnamese-provinces-database/master/json/geojson/24_bac_ninh/wards/07642_yen_dinh.geojson
07654,Xã An Lạc,24,Tỉnh Bắc Ninh,https://raw.githubusercontent.com/thanglequoc/vietnamese-provinces-database/master/json/geojson/24_bac_ninh/wards/07654_an_lac.geojson
07663,Xã Tuấn Đạo,24,Tỉnh Bắc Ninh,https://raw.githubusercontent.com/thanglequoc/vietnamese-provinces-database/master/json/geojson/24_bac_ninh/wards/07663_tuan_dao.geojson
07672,Xã Dương Hưu,24,Tỉnh Bắc Ninh,https://raw.githubusercontent.com/thanglequoc/vietnamese-provinces-database/master/json/geojson/24_bac_ninh/wards/07672_duong_huu.geojson
07681,Phường Yên Dũng,24,Tỉnh Bắc Ninh,https://raw.githubusercontent.com/thanglequoc/vietnamese-provinces-database/master/json/geojson/24_bac_ninh/wards/07681_yen_dung.geojson
07682,Phường Tân An,24,Tỉnh Bắc Ninh,https://raw.githubusercontent.com/thanglequoc/vietnamese-provinces-database/master/json/geojson/24_bac_ninh/wards/07682_tan_an.geojson
07696,Phường Tiền Phong,24,Tỉnh Bắc Ninh,https://raw.githubusercontent.com/thanglequoc/vietnamese-provinces-database/master/json/geojson/24_bac_ninh/wards/07696_tien_phong.geojson
07699,Phường Tân Tiến,24,Tỉnh Bắc Ninh,https://raw.githubusercontent.com/thanglequoc/vietnamese-provinces-database/master/json/geojson/24_bac_ninh/wards/07699_tan_tien.geojson
07735,Xã Đồng Việt,24,Tỉnh Bắc Ninh,https://raw.githubusercontent.com/thanglequoc/vietnamese-provinces-database/master/json/geojson/24_bac_ninh/wards/07735_dong_viet.geojson
07738,Phường Cảnh Thuỵ,24,Tỉnh Bắc Ninh,https://raw.githubusercontent.com/thanglequoc/vietnamese-provinces-database/master/json/geojson/24_bac_ninh/wards/07738_canh_thuy.geojson
07774,Phường Tự Lạn,24,Tỉnh Bắc Ninh,https://raw.githubusercontent.com/thanglequoc/vietnamese-provinces-database/master/json/geojson/24_bac_ninh/wards/07774_tu_lan.geojson
07777,Phường Việt Yên,24,Tỉnh Bắc Ninh,https://raw.githubusercontent.com/thanglequoc/vietnamese-provinces-database/master/json/geojson/24_bac_ninh/wards/07777_viet_yen.geojson
07795,Phường Nếnh,24,Tỉnh Bắc Ninh,https://raw.githubusercontent.com/thanglequoc/vietnamese-provinces-database/master/json/geojson/24_bac_ninh/wards/07795_nenh.geojson
07798,Phường Vân Hà,24,Tỉnh Bắc Ninh,https://raw.githubusercontent.com/thanglequoc/vietnamese-provinces-database/master/json/geojson/24_bac_ninh/wards/07798_van_ha.geojson
07822,Xã Hoàng Vân,24,Tỉnh Bắc Ninh,https://raw.githubusercontent.com/thanglequoc/vietnamese-provinces-database/master/json/geojson/24_bac_ninh/wards/07822_hoang_van.geojson
07840,Xã Hiệp Hoà,24,Tỉnh Bắc Ninh,https://raw.githubusercontent.com/thanglequoc/vietnamese-provinces-database/master/json/geojson/24_bac_ninh/wards/07840_hiep_hoa.geojson
07864,Xã Hợp Thịnh,24,Tỉnh Bắc Ninh,https://raw.githubusercontent.com/thanglequoc/vietnamese-provinces-database/master/json/geojson/24_bac_ninh/wards/07864_hop_thinh.geojson
07870,Xã Xuân Cẩm,24,Tỉnh Bắc Ninh,https://raw.githubusercontent.com/thanglequoc/vietnamese-provinces-database/master/json/geojson/24_bac_ninh/wards/07870_xuan_cam.geojson
09169,Phường Vũ Ninh,24,Tỉnh Bắc Ninh,https://raw.githubusercontent.com/thanglequoc/vietnamese-provinces-database/master/json/geojson/24_bac_ninh/wards/09169_vu_ninh.geojson
09187,Phường Kinh Bắc,24,Tỉnh Bắc Ninh,https://raw.githubusercontent.com/thanglequoc/vietnamese-provinces-database/master/json/geojson/24_bac_ninh/wards/09187_kinh_bac.geojson
09190,Phường Võ Cường,24,Tỉnh Bắc Ninh,https://raw.githubusercontent.com/thanglequoc/vietnamese-provinces-database/master/json/geojson/24_bac_ninh/wards/09190_vo_cuong.geojson
09193,Xã Yên Phong,24,Tỉnh Bắc Ninh,https://raw.githubusercontent.com/thanglequoc/vietnamese-provinces-database/master/json/geojson/24_bac_ninh/wards/09193_yen_phong.geojson
09202,Xã Tam Giang,24,Tỉnh Bắc Ninh,https://raw.githubusercontent.com/thanglequoc/vietnamese-provinces-database/master/json/geojson/24_bac_ninh/wards/09202_tam_giang.geojson
09205,Xã Yên Trung,24,Tỉnh Bắc Ninh,https://raw.githubusercontent.com/thanglequoc/vietnamese-provinces-database/master/json/geojson/24_bac_ninh/wards/09205_yen_trung.geojson
09208,Xã Tam Đa,24,Tỉnh Bắc Ninh,https://raw.githubusercontent.com/thanglequoc/vietnamese-provinces-database/master/json/geojson/24_bac_ninh/wards/09208_tam_da.geojson
09238,Xã Văn Môn,24,Tỉnh Bắc Ninh,https://raw.githubusercontent.com/thanglequoc/vietnamese-provinces-database/master/json/geojson/24_bac_ninh/wards/09238_van_mon.geojson
09247,Phường Quế Võ,24,Tỉnh Bắc Ninh,https://raw.githubusercontent.com/thanglequoc/vietnamese-provinces-database/master/json/geojson/24_bac_ninh/wards/09247_que_vo.geojson
09253,Phường Nhân Hoà,24,Tỉnh Bắc Ninh,https://raw.githubusercontent.com/thanglequoc/vietnamese-provinces-database/master/json/geojson/24_bac_ninh/wards/09253_nhan_hoa.geojson
09265,Phường Phương Liễu,24,Tỉnh Bắc Ninh,https://raw.githubusercontent.com/thanglequoc/vietnamese-provinces-database/master/json/geojson/24_bac_ninh/wards/09265_phuong_lieu.geojson
09286,Phường Nam Sơn,24,Tỉnh Bắc Ninh,https://raw.githubusercontent.com/thanglequoc/vietnamese-provinces-database/master/json/geojson/24_bac_ninh/wards/09286_nam_son.geojson
09292,Xã Phù Lãng,24,Tỉnh Bắc Ninh,https://raw.githubusercontent.com/thanglequoc/vietnamese-provinces-database/master/json/geojson/24_bac_ninh/wards/09292_phu_lang.geojson
09295,Phường Bồng Lai,24,Tỉnh Bắc Ninh,https://raw.githubusercontent.com/thanglequoc/vietnamese-provinces-database/master/json/geojson/24_bac_ninh/wards/09295_bong_lai.geojson
09301,Phường Đào Viên,24,Tỉnh Bắc Ninh,https://raw.githubusercontent.com/thanglequoc/vietnamese-provinces-database/master/json/geojson/24_bac_ninh/wards/09301_dao_vien.geojson
09313,Xã Chi Lăng,24,Tỉnh Bắc Ninh,https://raw.githubusercontent.com/thanglequoc/vietnamese-provinces-database/master/json/geojson/24_bac_ninh/wards/09313_chi_lang.geojson
09319,Xã Tiên Du,24,Tỉnh Bắc Ninh,https://raw.githubusercontent.com/thanglequoc/vietnamese-provinces-database/master/json/geojson/24_bac_ninh/wards/09319_tien_du.geojson
09325,Phường Hạp Lĩnh,24,Tỉnh Bắc Ninh,https://raw.githubusercontent.com/thanglequoc/vietnamese-provinces-database/master/json/geojson/24_bac_ninh/wards/09325_hap_linh.geojson
09334,Xã Liên Bão,24,Tỉnh Bắc Ninh,https://raw.githubusercontent.com/thanglequoc/vietnamese-provinces-database/master/json/geojson/24_bac_ninh/wards/09334_lien_bao.geojson
09340,Xã Đại Đồng,24,Tỉnh Bắc Ninh,https://raw.githubusercontent.com/thanglequoc/vietnamese-provinces-database/master/json/geojson/24_bac_ninh/wards/09340_dai_dong.geojson
09343,Xã Tân Chi,24,Tỉnh Bắc Ninh,https://raw.githubusercontent.com/thanglequoc/vietnamese-provinces-database/master/json/geojson/24_bac_ninh/wards/09343_tan_chi.geojson
09349,Xã Phật Tích,24,Tỉnh Bắc Ninh,https://raw.githubusercontent.com/thanglequoc/vietnamese-provinces-database/master/json/geojson/24_bac_ninh/wards/09349_phat_tich.geojson
09367,Phường Từ Sơn,24,Tỉnh Bắc Ninh,https://raw.githubusercontent.com/thanglequoc/vietnamese-provinces-database/master/json/geojson/24_bac_ninh/wards/09367_tu_son.geojson
09370,Phường Tam Sơn,24,Tỉnh Bắc Ninh,https://raw.githubusercontent.com/thanglequoc/vietnamese-provinces-database/master/json/geojson/24_bac_ninh/wards/09370_tam_son.geojson
09379,Phường Phù Khê,24,Tỉnh Bắc Ninh,https://raw.githubusercontent.com/thanglequoc/vietnamese-provinces-database/master/json/geojson/24_bac_ninh/wards/09379_phu_khe.geojson
09385,Phường Đồng Nguyên,24,Tỉnh Bắc Ninh,https://raw.githubusercontent.com/thanglequoc/vietnamese-provinces-database/master/json/geojson/24_bac_ninh/wards/09385_dong_nguyen.geojson
09400,Phường Thuận Thành,24,Tỉnh Bắc Ninh,https://raw.githubusercontent.com/thanglequoc/vietnamese-provinces-database/master/json/geojson/24_bac_ninh/wards/09400_thuan_thanh.geojson
09409,Phường Mão Điền,24,Tỉnh Bắc Ninh,https://raw.githubusercontent.com/thanglequoc/vietnamese-provinces-database/master/json/geojson/24_bac_ninh/wards/09409_mao_dien.geojson
09427,Phường Trí Quả,24,Tỉnh Bắc Ninh,https://raw.githubusercontent.com/thanglequoc/vietnamese-provinces-database/master/json/geojson/24_bac_ninh/wards/09427_tri_qua.geojson
09430,Phường Trạm Lộ,24,Tỉnh Bắc Ninh,https://raw.githubusercontent.com/thanglequoc/vietnamese-provinces-database/master/json/geojson/24_bac_ninh/wards/09430_tram_lo.geojson
09433,Phường Song Liễu,24,Tỉnh Bắc Ninh,https://raw.githubusercontent.com/thanglequoc/vietnamese-provinces-database/master/json/geojson/24_bac_ninh/wards/09433_song_lieu.geojson
09445,Phường Ninh Xá,24,Tỉnh Bắc Ninh,https://raw.githubusercontent.com/thanglequoc/vietnamese-provinces-database/master/json/geojson/24_bac_ninh/wards/09445_ninh_xa.geojson
09454,Xã Gia Bình,24,Tỉnh Bắc Ninh,https://raw.githubusercontent.com/thanglequoc/vietnamese-provinces-database/master/json/geojson/24_bac_ninh/wards/09454_gia_binh.geojson
09466,Xã Cao Đức,24,Tỉnh Bắc Ninh,https://raw.githubusercontent.com/thanglequoc/vietnamese-provinces-database/master/json/geojson/24_bac_ninh/wards/09466_cao_duc.geojson
09469,Xã Đại Lai,24,Tỉnh Bắc Ninh,https://raw.githubusercontent.com/thanglequoc/vietnamese-provinces-database/master/json/geojson/24_bac_ninh/wards/09469_dai_lai.geojson
09475,Xã Nhân Thắng,24,Tỉnh Bắc Ninh,https://raw.githubusercontent.com/thanglequoc/vietnamese-provinces-database/master/json/geojson/24_bac_ninh/wards/09475_nhan_thang.geojson
09487,Xã Đông Cứu,24,Tỉnh Bắc Ninh,https://raw.githubusercontent.com/thanglequoc/vietnamese-provinces-database/master/json/geojson/24_bac_ninh/wards/09487_dong_cuu.geojson
09496,Xã Lương Tài,24,Tỉnh Bắc Ninh,https://raw.githubusercontent.com/thanglequoc/vietnamese-provinces-database/master/json/geojson/24_bac_ninh/wards/09496_luong_tai.geojson
09499,Xã Trung Kênh,24,Tỉnh Bắc Ninh,https://raw.githubusercontent.com/thanglequoc/vietnamese-provinces-database/master/json/geojson/24_bac_ninh/wards/09499_trung_kenh.geojson
09523,Xã Trung Chính,24,Tỉnh Bắc Ninh,https://raw.githubusercontent.com/thanglequoc/vietnamese-provinces-database/master/json/geojson/24_bac_ninh/wards/09523_trung_chinh.geojson
09529,Xã Lâm Thao,24,Tỉnh Bắc Ninh,https://raw.githubusercontent.com/thanglequoc/vietnamese-provinces-database/master/json/geojson/24_bac_ninh/wards/09529_lam_thao.geojson
04792,Phường Tân Hoà,25,Tỉnh Phú Thọ,https://raw.githubusercontent.com/thanglequoc/vietnamese-provinces-database/master/json/geojson/25_phu_tho/wards/04792_tan_hoa.geojson
04795,Phường Hoà Bình,25,Tỉnh Phú Thọ,https://raw.githubusercontent.com/thanglequoc/vietnamese-provinces-database/master/json/geojson/25_phu_tho/wards/04795_hoa_binh.geojson
04828,Phường Thống Nhất,25,Tỉnh Phú Thọ,https://raw.githubusercontent.com/thanglequoc/vietnamese-provinces-database/master/json/geojson/25_phu_tho/wards/04828_thong_nhat.geojson
04831,Xã Đà Bắc,25,Tỉnh Phú Thọ,https://raw.githubusercontent.com/thanglequoc/vietnamese-provinces-database/master/json/geojson/25_phu_tho/wards/04831_da_bac.geojson
04846,Xã Đức Nhàn,25,Tỉnh Phú Thọ,https://raw.githubusercontent.com/thanglequoc/vietnamese-provinces-database/master/json/geojson/25_phu_tho/wards/04846_duc_nhan.geojson
04849,Xã Tân Pheo,25,Tỉnh Phú Thọ,https://raw.githubusercontent.com/thanglequoc/vietnamese-provinces-database/master/json/geojson/25_phu_tho/wards/04849_tan_pheo.geojson
04873,Xã Quy Đức,25,Tỉnh Phú Thọ,https://raw.githubusercontent.com/thanglequoc/vietnamese-provinces-database/master/json/geojson/25_phu_tho/wards/04873_quy_duc.geojson
04876,Xã Cao Sơn,25,Tỉnh Phú Thọ,https://raw.githubusercontent.com/thanglequoc/vietnamese-provinces-database/master/json/geojson/25_phu_tho/wards/04876_cao_son.geojson
04891,Xã Tiền Phong,25,Tỉnh Phú Thọ,https://raw.githubusercontent.com/thanglequoc/vietnamese-provinces-database/master/json/geojson/25_phu_tho/wards/04891_tien_phong.geojson
04894,Phường Kỳ Sơn,25,Tỉnh Phú Thọ,https://raw.githubusercontent.com/thanglequoc/vietnamese-provinces-database/master/json/geojson/25_phu_tho/wards/04894_ky_son.geojson
04897,Xã Thịnh Minh,25,Tỉnh Phú Thọ,https://raw.githubusercontent.com/thanglequoc/vietnamese-provinces-database/master/json/geojson/25_phu_tho/wards/04897_thinh_minh.geojson
04924,Xã Lương Sơn,25,Tỉnh Phú Thọ,https://raw.githubusercontent.com/thanglequoc/vietnamese-provinces-database/master/json/geojson/25_phu_tho/wards/04924_luong_son.geojson
04960,Xã Liên Sơn,25,Tỉnh Phú Thọ,https://raw.githubusercontent.com/thanglequoc/vietnamese-provinces-database/master/json/geojson/25_phu_tho/wards/04960_lien_son.geojson
04978,Xã Kim Bôi,25,Tỉnh Phú Thọ,https://raw.githubusercontent.com/thanglequoc/vietnamese-provinces-database/master/json/geojson/25_phu_tho/wards/04978_kim_boi.geojson
04990,Xã Nật Sơn,25,Tỉnh Phú Thọ,https://raw.githubusercontent.com/thanglequoc/vietnamese-provinces-database/master/json/geojson/25_phu_tho/wards/04990_nat_son.geojson
05014,Xã Mường Động,25,Tỉnh Phú Thọ,https://raw.githubusercontent.com/thanglequoc/vietnamese-provinces-database/master/json/geojson/25_phu_tho/wards/05014_muong_dong.geojson
05047,Xã Cao Dương,25,Tỉnh Phú Thọ,https://raw.githubusercontent.com/thanglequoc/vietnamese-provinces-database/master/json/geojson/25_phu_tho/wards/05047_cao_duong.geojson
05068,Xã Hợp Kim,25,Tỉnh Phú Thọ,https://raw.githubusercontent.com/thanglequoc/vietnamese-provinces-database/master/json/geojson/25_phu_tho/wards/05068_hop_kim.geojson
05086,Xã Dũng Tiến,25,Tỉnh Phú Thọ,https://raw.githubusercontent.com/thanglequoc/vietnamese-provinces-database/master/json/geojson/25_phu_tho/wards/05086_dung_tien.geojson
05089,Xã Cao Phong,25,Tỉnh Phú Thọ,https://raw.githubusercontent.com/thanglequoc/vietnamese-provinces-database/master/json/geojson/25_phu_tho/wards/05089_cao_phong.geojson
05092,Xã Thung Nai,25,Tỉnh Phú Thọ,https://raw.githubusercontent.com/thanglequoc/vietnamese-provinces-database/master/json/geojson/25_phu_tho/wards/05092_thung_nai.geojson
05116,Xã Mường Thàng,25,Tỉnh Phú Thọ,https://raw.githubusercontent.com/thanglequoc/vietnamese-provinces-database/master/json/geojson/25_phu_tho/wards/05116_muong_thang.geojson
05128,Xã Tân Lạc,25,Tỉnh Phú Thọ,https://raw.githubusercontent.com/thanglequoc/vietnamese-provinces-database/master/json/geojson/25_phu_tho/wards/05128_tan_lac.geojson
05134,Xã Mường Hoa,25,Tỉnh Phú Thọ,https://raw.githubusercontent.com/thanglequoc/vietnamese-provinces-database/master/json/geojson/25_phu_tho/wards/05134_muong_hoa.geojson
05152,Xã Vân Sơn,25,Tỉnh Phú Thọ,https://raw.githubusercontent.com/thanglequoc/vietnamese-provinces-database/master/json/geojson/25_phu_tho/wards/05152_van_son.geojson
05158,Xã Mường Bi,25,Tỉnh Phú Thọ,https://raw.githubusercontent.com/thanglequoc/vietnamese-provinces-database/master/json/geojson/25_phu_tho/wards/05158_muong_bi.geojson
05191,Xã Toàn Thắng,25,Tỉnh Phú Thọ,https://raw.githubusercontent.com/thanglequoc/vietnamese-provinces-database/master/json/geojson/25_phu_tho/wards/05191_toan_thang.geojson
05200,Xã Mai Châu,25,Tỉnh Phú Thọ,https://raw.githubusercontent.com/thanglequoc/vietnamese-provinces-database/master/json/geojson/25_phu_tho/wards/05200_mai_chau.geojson
05206,Xã Tân Mai,25,Tỉnh Phú Thọ,https://raw.githubusercontent.com/thanglequoc/vietnamese-provinces-database/master/json/geojson/25_phu_tho/wards/05206_tan_mai.geojson
05212,Xã Pà Cò,25,Tỉnh Phú Thọ,https://raw.githubusercontent.com/thanglequoc/vietnamese-provinces-database/master/json/geojson/25_phu_tho/wards/05212_pa_co.geojson
05245,Xã Bao La,25,Tỉnh Phú Thọ,https://raw.githubusercontent.com/thanglequoc/vietnamese-provinces-database/master/json/geojson/25_phu_tho/wards/05245_bao_la.geojson
05251,Xã Mai Hạ,25,Tỉnh Phú Thọ,https://raw.githubusercontent.com/thanglequoc/vietnamese-provinces-database/master/json/geojson/25_phu_tho/wards/05251_mai_ha.geojson
05266,Xã Lạc Sơn,25,Tỉnh Phú Thọ,https://raw.githubusercontent.com/thanglequoc/vietnamese-provinces-database/master/json/geojson/25_phu_tho/wards/05266_lac_son.geojson
05287,Xã Mường Vang,25,Tỉnh Phú Thọ,https://raw.githubusercontent.com/thanglequoc/vietnamese-provinces-database/master/json/geojson/25_phu_tho/wards/05287_muong_vang.geojson
05290,Xã Nhân Nghĩa,25,Tỉnh Phú Thọ,https://raw.githubusercontent.com/thanglequoc/vietnamese-provinces-database/master/json/geojson/25_phu_tho/wards/05290_nhan_nghia.geojson
05293,Xã Thượng Cốc,25,Tỉnh Phú Thọ,https://raw.githubusercontent.com/thanglequoc/vietnamese-provinces-database/master/json/geojson/25_phu_tho/wards/05293_thuong_coc.geojson
05305,Xã Yên Phú,25,Tỉnh Phú Thọ,https://raw.githubusercontent.com/thanglequoc/vietnamese-provinces-database/master/json/geojson/25_phu_tho/wards/05305_yen_phu.geojson
05323,Xã Quyết Thắng,25,Tỉnh Phú Thọ,https://raw.githubusercontent.com/thanglequoc/vietnamese-provinces-database/master/json/geojson/25_phu_tho/wards/05323_quyet_thang.geojson
05329,Xã Ngọc Sơn,25,Tỉnh Phú Thọ,https://raw.githubusercontent.com/thanglequoc/vietnamese-provinces-database/master/json/geojson/25_phu_tho/wards/05329_ngoc_son.geojson
05347,Xã Đại Đồng,25,Tỉnh Phú Thọ,https://raw.githubusercontent.com/thanglequoc/vietnamese-provinces-database/master/json/geojson/25_phu_tho/wards/05347_dai_dong.geojson
05353,Xã Yên Thuỷ,25,Tỉnh Phú Thọ,https://raw.githubusercontent.com/thanglequoc/vietnamese-provinces-database/master/json/geojson/25_phu_tho/wards/05353_yen_thuy.geojson
05362,Xã Lạc Lương,25,Tỉnh Phú Thọ,https://raw.githubusercontent.com/thanglequoc/vietnamese-provinces-database/master/json/geojson/25_phu_tho/wards/05362_lac_luong.geojson
05386,Xã Yên Trị,25,Tỉnh Phú Thọ,https://raw.githubusercontent.com/thanglequoc/vietnamese-provinces-database/master/json/geojson/25_phu_tho/wards/05386_yen_tri.geojson
05392,Xã Lạc Thuỷ,25,Tỉnh Phú Thọ,https://raw.githubusercontent.com/thanglequoc/vietnamese-provinces-database/master/json/geojson/25_phu_tho/wards/05392_lac_thuy.geojson
05395,Xã An Nghĩa,25,Tỉnh Phú Thọ,https://raw.githubusercontent.com/thanglequoc/vietnamese-provinces-database/master/json/geojson/25_phu_tho/wards/05395_an_nghia.geojson
05425,Xã An Bình,25,Tỉnh Phú Thọ,https://raw.githubusercontent.com/thanglequoc/vietnamese-provinces-database/master/json/geojson/25_phu_tho/wards/05425_an_binh.geojson
07894,Phường Nông Trang,25,Tỉnh Phú Thọ,https://raw.githubusercontent.com/thanglequoc/vietnamese-provinces-database/master/json/geojson/25_phu_tho/wards/07894_nong_trang.geojson
07900,Phường Việt Trì,25,Tỉnh Phú Thọ,https://raw.githubusercontent.com/thanglequoc/vietnamese-provinces-database/master/json/geojson/25_phu_tho/wards/07900_viet_tri.geojson
07909,Phường Thanh Miếu,25,Tỉnh Phú Thọ,https://raw.githubusercontent.com/thanglequoc/vietnamese-provinces-database/master/json/geojson/25_phu_tho/wards/07909_thanh_mieu.geojson
07918,Phường Vân Phú,25,Tỉnh Phú Thọ,https://raw.githubusercontent.com/thanglequoc/vietnamese-provinces-database/master/json/geojson/25_phu_tho/wards/07918_van_phu.geojson
07942,Phường Phú Thọ,25,Tỉnh Phú Thọ,https://raw.githubusercontent.com/thanglequoc/vietnamese-provinces-database/master/json/geojson/25_phu_tho/wards/07942_phu_tho.geojson
07948,Phường Âu Cơ,25,Tỉnh Phú Thọ,https://raw.githubusercontent.com/thanglequoc/vietnamese-provinces-database/master/json/geojson/25_phu_tho/wards/07948_au_co.geojson
07954,Phường Phong Châu,25,Tỉnh Phú Thọ,https://raw.githubusercontent.com/thanglequoc/vietnamese-provinces-database/master/json/geojson/25_phu_tho/wards/07954_phong_chau.geojson
07969,Xã Đoan Hùng,25,Tỉnh Phú Thọ,https://raw.githubusercontent.com/thanglequoc/vietnamese-provinces-database/master/json/geojson/25_phu_tho/wards/07969_doan_hung.geojson
07996,Xã Bằng Luân,25,Tỉnh Phú Thọ,https://raw.githubusercontent.com/thanglequoc/vietnamese-provinces-database/master/json/geojson/25_phu_tho/wards/07996_bang_luan.geojson
07999,Xã Chí Đám,25,Tỉnh Phú Thọ,https://raw.githubusercontent.com/thanglequoc/vietnamese-provinces-database/master/json/geojson/25_phu_tho/wards/07999_chi_dam.geojson
08023,Xã Tây Cốc,25,Tỉnh Phú Thọ,https://raw.githubusercontent.com/thanglequoc/vietnamese-provinces-database/master/json/geojson/25_phu_tho/wards/08023_tay_coc.geojson
08038,Xã Chân Mộng,25,Tỉnh Phú Thọ,https://raw.githubusercontent.com/thanglequoc/vietnamese-provinces-database/master/json/geojson/25_phu_tho/wards/08038_chan_mong.geojson
08053,Xã Hạ Hoà,25,Tỉnh Phú Thọ,https://raw.githubusercontent.com/thanglequoc/vietnamese-provinces-database/master/json/geojson/25_phu_tho/wards/08053_ha_hoa.geojson
08071,Xã Đan Thượng,25,Tỉnh Phú Thọ,https://raw.githubusercontent.com/thanglequoc/vietnamese-provinces-database/master/json/geojson/25_phu_tho/wards/08071_dan_thuong.geojson
08110,Xã Hiền Lương,25,Tỉnh Phú Thọ,https://raw.githubusercontent.com/thanglequoc/vietnamese-provinces-database/master/json/geojson/25_phu_tho/wards/08110_hien_luong.geojson
08113,Xã Yên Kỳ,25,Tỉnh Phú Thọ,https://raw.githubusercontent.com/thanglequoc/vietnamese-provinces-database/master/json/geojson/25_phu_tho/wards/08113_yen_ky.geojson
08134,Xã Văn Lang,25,Tỉnh Phú Thọ,https://raw.githubusercontent.com/thanglequoc/vietnamese-provinces-database/master/json/geojson/25_phu_tho/wards/08134_van_lang.geojson
08143,Xã Vĩnh Chân,25,Tỉnh Phú Thọ,https://raw.githubusercontent.com/thanglequoc/vietnamese-provinces-database/master/json/geojson/25_phu_tho/wards/08143_vinh_chan.geojson
08152,Xã Thanh Ba,25,Tỉnh Phú Thọ,https://raw.githubusercontent.com/thanglequoc/vietnamese-provinces-database/master/json/geojson/25_phu_tho/wards/08152_thanh_ba.geojson
08173,Xã Quảng Yên,25,Tỉnh Phú Thọ,https://raw.githubusercontent.com/thanglequoc/vietnamese-provinces-database/master/json/geojson/25_phu_tho/wards/08173_quang_yen.geojson
08203,Xã Hoàng Cương,25,Tỉnh Phú Thọ,https://raw.githubusercontent.com/thanglequoc/vietnamese-provinces-database/master/json/geojson/25_phu_tho/wards/08203_hoang_cuong.geojson
08209,Xã Đông Thành,25,Tỉnh Phú Thọ,https://raw.githubusercontent.com/thanglequoc/vietnamese-provinces-database/master/json/geojson/25_phu_tho/wards/08209_dong_thanh.geojson
08218,Xã Chí Tiên,25,Tỉnh Phú Thọ,https://raw.githubusercontent.com/thanglequoc/vietnamese-provinces-database/master/json/geojson/25_phu_tho/wards/08218_chi_tien.geojson
08227,Xã Liên Minh,25,Tỉnh Phú Thọ,https://raw.githubusercontent.com/thanglequoc/vietnamese-provinces-database/master/json/geojson/25_phu_tho/wards/08227_lien_minh.geojson
08230,Xã Phù Ninh,25,Tỉnh Phú Thọ,https://raw.githubusercontent.com/thanglequoc/vietnamese-provinces-database/master/json/geojson/25_phu_tho/wards/08230_phu_ninh.geojson
08236,Xã Phú Mỹ,25,Tỉnh Phú Thọ,https://raw.githubusercontent.com/thanglequoc/vietnamese-provinces-database/master/json/geojson/25_phu_tho/wards/08236_phu_my.geojson
08245,Xã Trạm Thản,25,Tỉnh Phú Thọ,https://raw.githubusercontent.com/thanglequoc/vietnamese-provinces-database/master/json/geojson/25_phu_tho/wards/08245_tram_than.geojson
08254,Xã Dân Chủ,25,Tỉnh Phú Thọ,https://raw.githubusercontent.com/thanglequoc/vietnamese-provinces-database/master/json/geojson/25_phu_tho/wards/08254_dan_chu.geojson
08275,Xã Bình Phú,25,Tỉnh Phú Thọ,https://raw.githubusercontent.com/thanglequoc/vietnamese-provinces-database/master/json/geojson/25_phu_tho/wards/08275_binh_phu.geojson
08290,Xã Yên Lập,25,Tỉnh Phú Thọ,https://raw.githubusercontent.com/thanglequoc/vietnamese-provinces-database/master/json/geojson/25_phu_tho/wards/08290_yen_lap.geojson
08296,Xã Sơn Lương,25,Tỉnh Phú Thọ,https://raw.githubusercontent.com/thanglequoc/vietnamese-provinces-database/master/json/geojson/25_phu_tho/wards/08296_son_luong.geojson
08305,Xã Xuân Viên,25,Tỉnh Phú Thọ,https://raw.githubusercontent.com/thanglequoc/vietnamese-provinces-database/master/json/geojson/25_phu_tho/wards/08305_xuan_vien.geojson
08311,Xã Trung Sơn,25,Tỉnh Phú Thọ,https://raw.githubusercontent.com/thanglequoc/vietnamese-provinces-database/master/json/geojson/25_phu_tho/wards/08311_trung_son.geojson
08323,Xã Thượng Long,25,Tỉnh Phú Thọ,https://raw.githubusercontent.com/thanglequoc/vietnamese-provinces-database/master/json/geojson/25_phu_tho/wards/08323_thuong_long.geojson
08338,Xã Minh Hoà,25,Tỉnh Phú Thọ,https://raw.githubusercontent.com/thanglequoc/vietnamese-provinces-database/master/json/geojson/25_phu_tho/wards/08338_minh_hoa.geojson
08341,Xã Cẩm Khê,25,Tỉnh Phú Thọ,https://raw.githubusercontent.com/thanglequoc/vietnamese-provinces-database/master/json/geojson/25_phu_tho/wards/08341_cam_khe.geojson
08344,Xã Tiên Lương,25,Tỉnh Phú Thọ,https://raw.githubusercontent.com/thanglequoc/vietnamese-provinces-database/master/json/geojson/25_phu_tho/wards/08344_tien_luong.geojson
08377,Xã Vân Bán,25,Tỉnh Phú Thọ,https://raw.githubusercontent.com/thanglequoc/vietnamese-provinces-database/master/json/geojson/25_phu_tho/wards/08377_van_ban.geojson
08398,Xã Phú Khê,25,Tỉnh Phú Thọ,https://raw.githubusercontent.com/thanglequoc/vietnamese-provinces-database/master/json/geojson/25_phu_tho/wards/08398_phu_khe.geojson
08416,Xã Hùng Việt,25,Tỉnh Phú Thọ,https://raw.githubusercontent.com/thanglequoc/vietnamese-provinces-database/master/json/geojson/25_phu_tho/wards/08416_hung_viet.geojson
08431,Xã Đồng Lương,25,Tỉnh Phú Thọ,https://raw.githubusercontent.com/thanglequoc/vietnamese-provinces-database/master/json/geojson/25_phu_tho/wards/08431_dong_luong.geojson
08434,Xã Tam Nông,25,Tỉnh Phú Thọ,https://raw.githubusercontent.com/thanglequoc/vietnamese-provinces-database/master/json/geojson/25_phu_tho/wards/08434_tam_nong.geojson
08443,Xã Hiền Quan,25,Tỉnh Phú Thọ,https://raw.githubusercontent.com/thanglequoc/vietnamese-provinces-database/master/json/geojson/25_phu_tho/wards/08443_hien_quan.geojson
08467,Xã Vạn Xuân,25,Tỉnh Phú Thọ,https://raw.githubusercontent.com/thanglequoc/vietnamese-provinces-database/master/json/geojson/25_phu_tho/wards/08467_van_xuan.geojson
08479,Xã Thọ Văn,25,Tỉnh Phú Thọ,https://raw.githubusercontent.com/thanglequoc/vietnamese-provinces-database/master/json/geojson/25_phu_tho/wards/08479_tho_van.geojson
08494,Xã Lâm Thao,25,Tỉnh Phú Thọ,https://raw.githubusercontent.com/thanglequoc/vietnamese-provinces-database/master/json/geojson/25_phu_tho/wards/08494_lam_thao.geojson
08500,Xã Xuân Lũng,25,Tỉnh Phú Thọ,https://raw.githubusercontent.com/thanglequoc/vietnamese-provinces-database/master/json/geojson/25_phu_tho/wards/08500_xuan_lung.geojson
08515,Xã Hy Cương,25,Tỉnh Phú Thọ,https://raw.githubusercontent.com/thanglequoc/vietnamese-provinces-database/master/json/geojson/25_phu_tho/wards/08515_hy_cuong.geojson
08521,Xã Phùng Nguyên,25,Tỉnh Phú Thọ,https://raw.githubusercontent.com/thanglequoc/vietnamese-provinces-database/master/json/geojson/25_phu_tho/wards/08521_phung_nguyen.geojson
08527,Xã Bản Nguyên,25,Tỉnh Phú Thọ,https://raw.githubusercontent.com/thanglequoc/vietnamese-provinces-database/master/json/geojson/25_phu_tho/wards/08527_ban_nguyen.geojson
08542,Xã Thanh Sơn,25,Tỉnh Phú Thọ,https://raw.githubusercontent.com/thanglequoc/vietnamese-provinces-database/master/json/geojson/25_phu_tho/wards/08542_thanh_son.geojson
08545,Xã Thu Cúc,25,Tỉnh Phú Thọ,https://raw.githubusercontent.com/thanglequoc/vietnamese-provinces-database/master/json/geojson/25_phu_tho/wards/08545_thu_cuc.geojson
08560,Xã Lai Đồng,25,Tỉnh Phú Thọ,https://raw.githubusercontent.com/thanglequoc/vietnamese-provinces-database/master/json/geojson/25_phu_tho/wards/08560_lai_dong.geojson
08566,Xã Tân Sơn,25,Tỉnh Phú Thọ,https://raw.githubusercontent.com/thanglequoc/vietnamese-provinces-database/master/json/geojson/25_phu_tho/wards/08566_tan_son.geojson
08584,Xã Võ Miếu,25,Tỉnh Phú Thọ,https://raw.githubusercontent.com/thanglequoc/vietnamese-provinces-database/master/json/geojson/25_phu_tho/wards/08584_vo_mieu.geojson
08590,Xã Xuân Đài,25,Tỉnh Phú Thọ,https://raw.githubusercontent.com/thanglequoc/vietnamese-provinces-database/master/json/geojson/25_phu_tho/wards/08590_xuan_dai.geojson
08593,Xã Minh Đài,25,Tỉnh Phú Thọ,https://raw.githubusercontent.com/thanglequoc/vietnamese-provinces-database/master/json/geojson/25_phu_tho/wards/08593_minh_dai.geojson
08611,Xã Văn Miếu,25,Tỉnh Phú Thọ,https://raw.githubusercontent.com/thanglequoc/vietnamese-provinces-database/master/json/geojson/25_phu_tho/wards/08611_van_mieu.geojson
08614,Xã Cự Đồng,25,Tỉnh Phú Thọ,https://raw.githubusercontent.com/thanglequoc/vietnamese-provinces-database/master/json/geojson/25_phu_tho/wards/08614_cu_dong.geojson
08620,Xã Long Cốc,25,Tỉnh Phú Thọ,https://raw.githubusercontent.com/thanglequoc/vietnamese-provinces-database/master/json/geojson/25_phu_tho/wards/08620_long_coc.geojson
08632,Xã Hương Cần,25,Tỉnh Phú Thọ,https://raw.githubusercontent.com/thanglequoc/vietnamese-provinces-database/master/json/geojson/25_phu_tho/wards/08632_huong_can.geojson
08635,Xã Khả Cửu,25,Tỉnh Phú Thọ,https://raw.githubusercontent.com/thanglequoc/vietnamese-provinces-database/master/json/geojson/25_phu_tho/wards/08635_kha_cuu.geojson
08656,Xã Yên Sơn,25,Tỉnh Phú Thọ,https://raw.githubusercontent.com/thanglequoc/vietnamese-provinces-database/master/json/geojson/25_phu_tho/wards/08656_yen_son.geojson
08662,Xã Đào Xá,25,Tỉnh Phú Thọ,https://raw.githubusercontent.com/thanglequoc/vietnamese-provinces-database/master/json/geojson/25_phu_tho/wards/08662_dao_xa.geojson
08674,Xã Thanh Thuỷ,25,Tỉnh Phú Thọ,https://raw.githubusercontent.com/thanglequoc/vietnamese-provinces-database/master/json/geojson/25_phu_tho/wards/08674_thanh_thuy.geojson
08686,Xã Tu Vũ,25,Tỉnh Phú Thọ,https://raw.githubusercontent.com/thanglequoc/vietnamese-provinces-database/master/json/geojson/25_phu_tho/wards/08686_tu_vu.geojson
08707,Phường Vĩnh Yên,25,Tỉnh Phú Thọ,https://raw.githubusercontent.com/thanglequoc/vietnamese-provinces-database/master/json/geojson/25_phu_tho/wards/08707_vinh_yen.geojson
08716,Phường Vĩnh Phúc,25,Tỉnh Phú Thọ,https://raw.githubusercontent.com/thanglequoc/vietnamese-provinces-database/master/json/geojson/25_phu_tho/wards/08716_vinh_phuc.geojson
08740,Phường Phúc Yên,25,Tỉnh Phú Thọ,https://raw.githubusercontent.com/thanglequoc/vietnamese-provinces-database/master/json/geojson/25_phu_tho/wards/08740_phuc_yen.geojson
08746,Phường Xuân Hoà,25,Tỉnh Phú Thọ,https://raw.githubusercontent.com/thanglequoc/vietnamese-provinces-database/master/json/geojson/25_phu_tho/wards/08746_xuan_hoa.geojson
08761,Xã Lập Thạch,25,Tỉnh Phú Thọ,https://raw.githubusercontent.com/thanglequoc/vietnamese-provinces-database/master/json/geojson/25_phu_tho/wards/08761_lap_thach.geojson
08770,Xã Hợp Lý,25,Tỉnh Phú Thọ,https://raw.githubusercontent.com/thanglequoc/vietnamese-provinces-database/master/json/geojson/25_phu_tho/wards/08770_hop_ly.geojson
08773,Xã Yên Lãng,25,Tỉnh Phú Thọ,https://raw.githubusercontent.com/thanglequoc/vietnamese-provinces-database/master/json/geojson/25_phu_tho/wards/08773_yen_lang.geojson
08782,Xã Hải Lựu,25,Tỉnh Phú Thọ,https://raw.githubusercontent.com/thanglequoc/vietnamese-provinces-database/master/json/geojson/25_phu_tho/wards/08782_hai_luu.geojson
08788,Xã Thái Hoà,25,Tỉnh Phú Thọ,https://raw.githubusercontent.com/thanglequoc/vietnamese-provinces-database/master/json/geojson/25_phu_tho/wards/08788_thai_hoa.geojson
08812,Xã Liên Hoà,25,Tỉnh Phú Thọ,https://raw.githubusercontent.com/thanglequoc/vietnamese-provinces-database/master/json/geojson/25_phu_tho/wards/08812_lien_hoa.geojson
08824,Xã Tam Sơn,25,Tỉnh Phú Thọ,https://raw.githubusercontent.com/thanglequoc/vietnamese-provinces-database/master/json/geojson/25_phu_tho/wards/08824_tam_son.geojson
08842,Xã Tiên Lữ,25,Tỉnh Phú Thọ,https://raw.githubusercontent.com/thanglequoc/vietnamese-provinces-database/master/json/geojson/25_phu_tho/wards/08842_tien_lu.geojson
08848,Xã Sông Lô,25,Tỉnh Phú Thọ,https://raw.githubusercontent.com/thanglequoc/vietnamese-provinces-database/master/json/geojson/25_phu_tho/wards/08848_song_lo.geojson
08866,Xã Sơn Đông,25,Tỉnh Phú Thọ,https://raw.githubusercontent.com/thanglequoc/vietnamese-provinces-database/master/json/geojson/25_phu_tho/wards/08866_son_dong.geojson
08869,Xã Tam Dương,25,Tỉnh Phú Thọ,https://raw.githubusercontent.com/thanglequoc/vietnamese-provinces-database/master/json/geojson/25_phu_tho/wards/08869_tam_duong.geojson
08872,Xã Tam Dương Bắc,25,Tỉnh Phú Thọ,https://raw.githubusercontent.com/thanglequoc/vietnamese-provinces-database/master/json/geojson/25_phu_tho/wards/08872_tam_duong_bac.geojson
08896,Xã Hoàng An,25,Tỉnh Phú Thọ,https://raw.githubusercontent.com/thanglequoc/vietnamese-provinces-database/master/json/geojson/25_phu_tho/wards/08896_hoang_an.geojson
08905,Xã Hội Thịnh,25,Tỉnh Phú Thọ,https://raw.githubusercontent.com/thanglequoc/vietnamese-provinces-database/master/json/geojson/25_phu_tho/wards/08905_hoi_thinh.geojson
08911,Xã Tam Đảo,25,Tỉnh Phú Thọ,https://raw.githubusercontent.com/thanglequoc/vietnamese-provinces-database/master/json/geojson/25_phu_tho/wards/08911_tam_dao.geojson
08914,Xã Đạo Trù,25,Tỉnh Phú Thọ,https://raw.githubusercontent.com/thanglequoc/vietnamese-provinces-database/master/json/geojson/25_phu_tho/wards/08914_dao_tru.geojson
08923,Xã Đại Đình,25,Tỉnh Phú Thọ,https://raw.githubusercontent.com/thanglequoc/vietnamese-provinces-database/master/json/geojson/25_phu_tho/wards/08923_dai_dinh.geojson
08935,Xã Bình Nguyên,25,Tỉnh Phú Thọ,https://raw.githubusercontent.com/thanglequoc/vietnamese-provinces-database/master/json/geojson/25_phu_tho/wards/08935_binh_nguyen.geojson
08944,Xã Bình Tuyền,25,Tỉnh Phú Thọ,https://raw.githubusercontent.com/thanglequoc/vietnamese-provinces-database/master/json/geojson/25_phu_tho/wards/08944_binh_tuyen.geojson
08950,Xã Bình Xuyên,25,Tỉnh Phú Thọ,https://raw.githubusercontent.com/thanglequoc/vietnamese-provinces-database/master/json/geojson/25_phu_tho/wards/08950_binh_xuyen.geojson
08971,Xã Xuân Lãng,25,Tỉnh Phú Thọ,https://raw.githubusercontent.com/thanglequoc/vietnamese-provinces-database/master/json/geojson/25_phu_tho/wards/08971_xuan_lang.geojson
09025,Xã Yên Lạc,25,Tỉnh Phú Thọ,https://raw.githubusercontent.com/thanglequoc/vietnamese-provinces-database/master/json/geojson/25_phu_tho/wards/09025_yen_lac.geojson
09040,Xã Tề Lỗ,25,Tỉnh Phú Thọ,https://raw.githubusercontent.com/thanglequoc/vietnamese-provinces-database/master/json/geojson/25_phu_tho/wards/09040_te_lo.geojson
09043,Xã Tam Hồng,25,Tỉnh Phú Thọ,https://raw.githubusercontent.com/thanglequoc/vietnamese-provinces-database/master/json/geojson/25_phu_tho/wards/09043_tam_hong.geojson
09052,Xã Nguyệt Đức,25,Tỉnh Phú Thọ,https://raw.githubusercontent.com/thanglequoc/vietnamese-provinces-database/master/json/geojson/25_phu_tho/wards/09052_nguyet_duc.geojson
09064,Xã Liên Châu,25,Tỉnh Phú Thọ,https://raw.githubusercontent.com/thanglequoc/vietnamese-provinces-database/master/json/geojson/25_phu_tho/wards/09064_lien_chau.geojson
09076,Xã Vĩnh Tường,25,Tỉnh Phú Thọ,https://raw.githubusercontent.com/thanglequoc/vietnamese-provinces-database/master/json/geojson/25_phu_tho/wards/09076_vinh_tuong.geojson
09079,Xã Vĩnh An,25,Tỉnh Phú Thọ,https://raw.githubusercontent.com/thanglequoc/vietnamese-provinces-database/master/json/geojson/25_phu_tho/wards/09079_vinh_an.geojson
09100,Xã Vĩnh Hưng,25,Tỉnh Phú Thọ,https://raw.githubusercontent.com/thanglequoc/vietnamese-provinces-database/master/json/geojson/25_phu_tho/wards/09100_vinh_hung.geojson
09106,Xã Vĩnh Thành,25,Tỉnh Phú Thọ,https://raw.githubusercontent.com/thanglequoc/vietnamese-provinces-database/master/json/geojson/25_phu_tho/wards/09106_vinh_thanh.geojson
09112,Xã Thổ Tang,25,Tỉnh Phú Thọ,https://raw.githubusercontent.com/thanglequoc/vietnamese-provinces-database/master/json/geojson/25_phu_tho/wards/09112_tho_tang.geojson
09154,Xã Vĩnh Phú,25,Tỉnh Phú Thọ,https://raw.githubusercontent.com/thanglequoc/vietnamese-provinces-database/master/json/geojson/25_phu_tho/wards/09154_vinh_phu.geojson
10507,Phường Thành Đông,31,Thành phố Hải Phòng,https://raw.githubusercontent.com/thanglequoc/vietnamese-provinces-database/master/json/geojson/31_hai_phong/wards/10507_thanh_dong.geojson
10525,Phường Hải Dương,31,Thành phố Hải Phòng,https://raw.githubusercontent.com/thanglequoc/vietnamese-provinces-database/master/json/geojson/31_hai_phong/wards/10525_hai_duong.geojson
10532,Phường Lê Thanh Nghị,31,Thành phố Hải Phòng,https://raw.githubusercontent.com/thanglequoc/vietnamese-provinces-database/master/json/geojson/31_hai_phong/wards/10532_le_thanh_nghi.geojson
10537,Phường Tân Hưng,31,Thành phố Hải Phòng,https://raw.githubusercontent.com/thanglequoc/vietnamese-provinces-database/master/json/geojson/31_hai_phong/wards/10537_tan_hung.geojson
10543,Phường Việt Hoà,31,Thành phố Hải Phòng,https://raw.githubusercontent.com/thanglequoc/vietnamese-provinces-database/master/json/geojson/31_hai_phong/wards/10543_viet_hoa.geojson
10546,Phường Chí Linh,31,Thành phố Hải Phòng,https://raw.githubusercontent.com/thanglequoc/vietnamese-provinces-database/master/json/geojson/31_hai_phong/wards/10546_chi_linh.geojson
10549,Phường Chu Văn An,31,Thành phố Hải Phòng,https://raw.githubusercontent.com/thanglequoc/vietnamese-provinces-database/master/json/geojson/31_hai_phong/wards/10549_chu_van_an.geojson
10552,Phường Nguyễn Trãi,31,Thành phố Hải Phòng,https://raw.githubusercontent.com/thanglequoc/vietnamese-provinces-database/master/json/geojson/31_hai_phong/wards/10552_nguyen_trai.geojson
10570,Phường Trần Hưng Đạo,31,Thành phố Hải Phòng,https://raw.githubusercontent.com/thanglequoc/vietnamese-provinces-database/master/json/geojson/31_hai_phong/wards/10570_tran_hung_dao.geojson
10573,Phường Trần Nhân Tông,31,Thành phố Hải Phòng,https://raw.githubusercontent.com/thanglequoc/vietnamese-provinces-database/master/json/geojson/31_hai_phong/wards/10573_tran_nhan_tong.geojson
10603,Phường Lê Đại Hành,31,Thành phố Hải Phòng,https://raw.githubusercontent.com/thanglequoc/vietnamese-provinces-database/master/json/geojson/31_hai_phong/wards/10603_le_dai_hanh.geojson
10606,Xã Nam Sách,31,Thành phố Hải Phòng,https://raw.githubusercontent.com/thanglequoc/vietnamese-provinces-database/master/json/geojson/31_hai_phong/wards/10606_nam_sach.geojson
10615,Xã Hợp Tiến,31,Thành phố Hải Phòng,https://raw.githubusercontent.com/thanglequoc/vietnamese-provinces-database/master/json/geojson/31_hai_phong/wards/10615_hop_tien.geojson
10633,Xã Trần Phú,31,Thành phố Hải Phòng,https://raw.githubusercontent.com/thanglequoc/vietnamese-provinces-database/master/json/geojson/31_hai_phong/wards/10633_tran_phu.geojson
10642,Xã Thái Tân,31,Thành phố Hải Phòng,https://raw.githubusercontent.com/thanglequoc/vietnamese-provinces-database/master/json/geojson/31_hai_phong/wards/10642_thai_tan.geojson
10645,Xã An Phú,31,Thành phố Hải Phòng,https://raw.githubusercontent.com/thanglequoc/vietnamese-provinces-database/master/json/geojson/31_hai_phong/wards/10645_an_phu.geojson
10660,Phường Ái Quốc,31,Thành phố Hải Phòng,https://raw.githubusercontent.com/thanglequoc/vietnamese-provinces-database/master/json/geojson/31_hai_phong/wards/10660_ai_quoc.geojson
10675,Phường Kinh Môn,31,Thành phố Hải Phòng,https://raw.githubusercontent.com/thanglequoc/vietnamese-provinces-database/master/json/geojson/31_hai_phong/wards/10675_kinh_mon.geojson
10678,Phường Bắc An Phụ,31,Thành phố Hải Phòng,https://raw.githubusercontent.com/thanglequoc/vietnamese-provinces-database/master/json/geojson/31_hai_phong/wards/10678_bac_an_phu.geojson
10705,Xã Nam An Phụ,31,Thành phố Hải Phòng,https://raw.githubusercontent.com/thanglequoc/vietnamese-provinces-database/master/json/geojson/31_hai_phong/wards/10705_nam_an_phu.geojson
10714,Phường Nhị Chiểu,31,Thành phố Hải Phòng,https://raw.githubusercontent.com/thanglequoc/vietnamese-provinces-database/master/json/geojson/31_hai_phong/wards/10714_nhi_chieu.geojson
10726,Phường Phạm Sư Mạnh,31,Thành phố Hải Phòng,https://raw.githubusercontent.com/thanglequoc/vietnamese-provinces-database/master/json/geojson/31_hai_phong/wards/10726_pham_su_manh.geojson
10729,Phường Trần Liễu,31,Thành phố Hải Phòng,https://raw.githubusercontent.com/thanglequoc/vietnamese-provinces-database/master/json/geojson/31_hai_phong/wards/10729_tran_lieu.geojson
10744,Phường Nguyễn Đại Năng,31,Thành phố Hải Phòng,https://raw.githubusercontent.com/thanglequoc/vietnamese-provinces-database/master/json/geojson/31_hai_phong/wards/10744_nguyen_dai_nang.geojson
10750,Xã Phú Thái,31,Thành phố Hải Phòng,https://raw.githubusercontent.com/thanglequoc/vietnamese-provinces-database/master/json/geojson/31_hai_phong/wards/10750_phu_thai.geojson
10756,Xã Lai Khê,31,Thành phố Hải Phòng,https://raw.githubusercontent.com/thanglequoc/vietnamese-provinces-database/master/json/geojson/31_hai_phong/wards/10756_lai_khe.geojson
10792,Xã An Thành,31,Thành phố Hải Phòng,https://raw.githubusercontent.com/thanglequoc/vietnamese-provinces-database/master/json/geojson/31_hai_phong/wards/10792_an_thanh.geojson
10804,Xã Kim Thành,31,Thành phố Hải Phòng,https://raw.githubusercontent.com/thanglequoc/vietnamese-provinces-database/master/json/geojson/31_hai_phong/wards/10804_kim_thanh.geojson
10813,Xã Thanh Hà,31,Thành phố Hải Phòng,https://raw.githubusercontent.com/thanglequoc/vietnamese-provinces-database/master/json/geojson/31_hai_phong/wards/10813_thanh_ha.geojson
10816,Xã Hà Bắc,31,Thành phố Hải Phòng,https://raw.githubusercontent.com/thanglequoc/vietnamese-provinces-database/master/json/geojson/31_hai_phong/wards/10816_ha_bac.geojson
10837,Phường Nam Đồng,31,Thành phố Hải Phòng,https://raw.githubusercontent.com/thanglequoc/vietnamese-provinces-database/master/json/geojson/31_hai_phong/wards/10837_nam_dong.geojson
10843,Xã Hà Nam,31,Thành phố Hải Phòng,https://raw.githubusercontent.com/thanglequoc/vietnamese-provinces-database/master/json/geojson/31_hai_phong/wards/10843_ha_nam.geojson
10846,Xã Hà Tây,31,Thành phố Hải Phòng,https://raw.githubusercontent.com/thanglequoc/vietnamese-provinces-database/master/json/geojson/31_hai_phong/wards/10846_ha_tay.geojson
10882,Xã Hà Đông,31,Thành phố Hải Phòng,https://raw.githubusercontent.com/thanglequoc/vietnamese-provinces-database/master/json/geojson/31_hai_phong/wards/10882_ha_dong.geojson
10888,Xã Cẩm Giang,31,Thành phố Hải Phòng,https://raw.githubusercontent.com/thanglequoc/vietnamese-provinces-database/master/json/geojson/31_hai_phong/wards/10888_cam_giang.geojson
10891,Phường Tứ Minh,31,Thành phố Hải Phòng,https://raw.githubusercontent.com/thanglequoc/vietnamese-provinces-database/master/json/geojson/31_hai_phong/wards/10891_tu_minh.geojson
10903,Xã Cẩm Giàng,31,Thành phố Hải Phòng,https://raw.githubusercontent.com/thanglequoc/vietnamese-provinces-database/master/json/geojson/31_hai_phong/wards/10903_cam_giang.geojson
10909,Xã Tuệ Tĩnh,31,Thành phố Hải Phòng,https://raw.githubusercontent.com/thanglequoc/vietnamese-provinces-database/master/json/geojson/31_hai_phong/wards/10909_tue_tinh.geojson
10930,Xã Mao Điền,31,Thành phố Hải Phòng,https://raw.githubusercontent.com/thanglequoc/vietnamese-provinces-database/master/json/geojson/31_hai_phong/wards/10930_mao_dien.geojson
10945,Xã Kẻ Sặt,31,Thành phố Hải Phòng,https://raw.githubusercontent.com/thanglequoc/vietnamese-provinces-database/master/json/geojson/31_hai_phong/wards/10945_ke_sat.geojson
10966,Xã Bình Giang,31,Thành phố Hải Phòng,https://raw.githubusercontent.com/thanglequoc/vietnamese-provinces-database/master/json/geojson/31_hai_phong/wards/10966_binh_giang.geojson
10972,Xã Đường An,31,Thành phố Hải Phòng,https://raw.githubusercontent.com/thanglequoc/vietnamese-provinces-database/master/json/geojson/31_hai_phong/wards/10972_duong_an.geojson
10993,Xã Thượng Hồng,31,Thành phố Hải Phòng,https://raw.githubusercontent.com/thanglequoc/vietnamese-provinces-database/master/json/geojson/31_hai_phong/wards/10993_thuong_hong.geojson
10999,Xã Gia Lộc,31,Thành phố Hải Phòng,https://raw.githubusercontent.com/thanglequoc/vietnamese-provinces-database/master/json/geojson/31_hai_phong/wards/10999_gia_loc.geojson
11002,Phường Thạch Khôi,31,Thành phố Hải Phòng,https://raw.githubusercontent.com/thanglequoc/vietnamese-provinces-database/master/json/geojson/31_hai_phong/wards/11002_thach_khoi.geojson
11020,Xã Yết Kiêu,31,Thành phố Hải Phòng,https://raw.githubusercontent.com/thanglequoc/vietnamese-provinces-database/master/json/geojson/31_hai_phong/wards/11020_yet_kieu.geojson
11050,Xã Gia Phúc,31,Thành phố Hải Phòng,https://raw.githubusercontent.com/thanglequoc/vietnamese-provinces-database/master/json/geojson/31_hai_phong/wards/11050_gia_phuc.geojson
11065,Xã Trường Tân,31,Thành phố Hải Phòng,https://raw.githubusercontent.com/thanglequoc/vietnamese-provinces-database/master/json/geojson/31_hai_phong/wards/11065_truong_tan.geojson
11074,Xã Tứ Kỳ,31,Thành phố Hải Phòng,https://raw.githubusercontent.com/thanglequoc/vietnamese-provinces-database/master/json/geojson/31_hai_phong/wards/11074_tu_ky.geojson
11086,Xã Đại Sơn,31,Thành phố Hải Phòng,https://raw.githubusercontent.com/thanglequoc/vietnamese-provinces-database/master/json/geojson/31_hai_phong/wards/11086_dai_son.geojson
11113,Xã Tân Kỳ,31,Thành phố Hải Phòng,https://raw.githubusercontent.com/thanglequoc/vietnamese-provinces-database/master/json/geojson/31_hai_phong/wards/11113_tan_ky.geojson
11131,Xã Chí Minh,31,Thành phố Hải Phòng,https://raw.githubusercontent.com/thanglequoc/vietnamese-provinces-database/master/json/geojson/31_hai_phong/wards/11131_chi_minh.geojson
11140,Xã Lạc Phượng,31,Thành phố Hải Phòng,https://raw.githubusercontent.com/thanglequoc/vietnamese-provinces-database/master/json/geojson/31_hai_phong/wards/11140_lac_phuong.geojson
11146,Xã Nguyên Giáp,31,Thành phố Hải Phòng,https://raw.githubusercontent.com/thanglequoc/vietnamese-provinces-database/master/json/geojson/31_hai_phong/wards/11146_nguyen_giap.geojson
11164,Xã Vĩnh Lại,31,Thành phố Hải Phòng,https://raw.githubusercontent.com/thanglequoc/vietnamese-provinces-database/master/json/geojson/31_hai_phong/wards/11164_vinh_lai.geojson
11167,Xã Tân An,31,Thành phố Hải Phòng,https://raw.githubusercontent.com/thanglequoc/vietnamese-provinces-database/master/json/geojson/31_hai_phong/wards/11167_tan_an.geojson
11203,Xã Ninh Giang,31,Thành phố Hải Phòng,https://raw.githubusercontent.com/thanglequoc/vietnamese-provinces-database/master/json/geojson/31_hai_phong/wards/11203_ninh_giang.geojson
11218,Xã Hồng Châu,31,Thành phố Hải Phòng,https://raw.githubusercontent.com/thanglequoc/vietnamese-provinces-database/master/json/geojson/31_hai_phong/wards/11218_hong_chau.geojson
11224,Xã Khúc Thừa Dụ,31,Thành phố Hải Phòng,https://raw.githubusercontent.com/thanglequoc/vietnamese-provinces-database/master/json/geojson/31_hai_phong/wards/11224_khuc_thua_du.geojson
11239,Xã Thanh Miện,31,Thành phố Hải Phòng,https://raw.githubusercontent.com/thanglequoc/vietnamese-provinces-database/master/json/geojson/31_hai_phong/wards/11239_thanh_mien.geojson
11242,Xã Nguyễn Lương Bằng,31,Thành phố Hải Phòng,https://raw.githubusercontent.com/thanglequoc/vietnamese-provinces-database/master/json/geojson/31_hai_phong/wards/11242_nguyen_luong_bang.geojson
11254,Xã Bắc Thanh Miện,31,Thành phố Hải Phòng,https://raw.githubusercontent.com/thanglequoc/vietnamese-provinces-database/master/json/geojson/31_hai_phong/wards/11254_bac_thanh_mien.geojson
11257,Xã Hải Hưng,31,Thành phố Hải Phòng,https://raw.githubusercontent.com/thanglequoc/vietnamese-provinces-database/master/json/geojson/31_hai_phong/wards/11257_hai_hung.geojson
11284,Xã Nam Thanh Miện,31,Thành phố Hải Phòng,https://raw.githubusercontent.com/thanglequoc/vietnamese-provinces-database/master/json/geojson/31_hai_phong/wards/11284_nam_thanh_mien.geojson
11311,Phường Hồng Bàng,31,Thành phố Hải Phòng,https://raw.githubusercontent.com/thanglequoc/vietnamese-provinces-database/master/json/geojson/31_hai_phong/wards/11311_hong_bang.geojson
11329,Phường Ngô Quyền,31,Thành phố Hải Phòng,https://raw.githubusercontent.com/thanglequoc/vietnamese-provinces-database/master/json/geojson/31_hai_phong/wards/11329_ngo_quyen.geojson
11359,Phường Gia Viên,31,Thành phố Hải Phòng,https://raw.githubusercontent.com/thanglequoc/vietnamese-provinces-database/master/json/geojson/31_hai_phong/wards/11359_gia_vien.geojson
11383,Phường Lê Chân,31,Thành phố Hải Phòng,https://raw.githubusercontent.com/thanglequoc/vietnamese-provinces-database/master/json/geojson/31_hai_phong/wards/11383_le_chan.geojson
11407,Phường An Biên,31,Thành phố Hải Phòng,https://raw.githubusercontent.com/thanglequoc/vietnamese-provinces-database/master/json/geojson/31_hai_phong/wards/11407_an_bien.geojson
11411,Phường Đông Hải,31,Thành phố Hải Phòng,https://raw.githubusercontent.com/thanglequoc/vietnamese-provinces-database/master/json/geojson/31_hai_phong/wards/11411_dong_hai.geojson
11413,Phường Hải An,31,Thành phố Hải Phòng,https://raw.githubusercontent.com/thanglequoc/vietnamese-provinces-database/master/json/geojson/31_hai_phong/wards/11413_hai_an.geojson
11443,Phường Kiến An,31,Thành phố Hải Phòng,https://raw.githubusercontent.com/thanglequoc/vietnamese-provinces-database/master/json/geojson/31_hai_phong/wards/11443_kien_an.geojson
11446,Phường Phù Liễn,31,Thành phố Hải Phòng,https://raw.githubusercontent.com/thanglequoc/vietnamese-provinces-database/master/json/geojson/31_hai_phong/wards/11446_phu_lien.geojson
11455,Phường Đồ Sơn,31,Thành phố Hải Phòng,https://raw.githubusercontent.com/thanglequoc/vietnamese-provinces-database/master/json/geojson/31_hai_phong/wards/11455_do_son.geojson
11473,Phường Bạch Đằng,31,Thành phố Hải Phòng,https://raw.githubusercontent.com/thanglequoc/vietnamese-provinces-database/master/json/geojson/31_hai_phong/wards/11473_bach_dang.geojson
11488,Phường Lưu Kiếm,31,Thành phố Hải Phòng,https://raw.githubusercontent.com/thanglequoc/vietnamese-provinces-database/master/json/geojson/31_hai_phong/wards/11488_luu_kiem.geojson
11503,Xã Việt Khê,31,Thành phố Hải Phòng,https://raw.githubusercontent.com/thanglequoc/vietnamese-provinces-database/master/json/geojson/31_hai_phong/wards/11503_viet_khe.geojson
11506,Phường Lê Ích Mộc,31,Thành phố Hải Phòng,https://raw.githubusercontent.com/thanglequoc/vietnamese-provinces-database/master/json/geojson/31_hai_phong/wards/11506_le_ich_moc.geojson
11533,Phường Hoà Bình,31,Thành phố Hải Phòng,https://raw.githubusercontent.com/thanglequoc/vietnamese-provinces-database/master/json/geojson/31_hai_phong/wards/11533_hoa_binh.geojson
11542,Phường Nam Triệu,31,Thành phố Hải Phòng,https://raw.githubusercontent.com/thanglequoc/vietnamese-provinces-database/master/json/geojson/31_hai_phong/wards/11542_nam_trieu.geojson
11557,Phường Thiên Hương,31,Thành phố Hải Phòng,https://raw.githubusercontent.com/thanglequoc/vietnamese-provinces-database/master/json/geojson/31_hai_phong/wards/11557_thien_huong.geojson
11560,Phường Thuỷ Nguyên,31,Thành phố Hải Phòng,https://raw.githubusercontent.com/thanglequoc/vietnamese-provinces-database/master/json/geojson/31_hai_phong/wards/11560_thuy_nguyen.geojson
11581,Phường An Dương,31,Thành phố Hải Phòng,https://raw.githubusercontent.com/thanglequoc/vietnamese-provinces-database/master/json/geojson/31_hai_phong/wards/11581_an_duong.geojson
11593,Phường An Phong,31,Thành phố Hải Phòng,https://raw.githubusercontent.com/thanglequoc/vietnamese-provinces-database/master/json/geojson/31_hai_phong/wards/11593_an_phong.geojson
11602,Phường Hồng An,31,Thành phố Hải Phòng,https://raw.githubusercontent.com/thanglequoc/vietnamese-provinces-database/master/json/geojson/31_hai_phong/wards/11602_hong_an.geojson
11617,Phường An Hải,31,Thành phố Hải Phòng,https://raw.githubusercontent.com/thanglequoc/vietnamese-provinces-database/master/json/geojson/31_hai_phong/wards/11617_an_hai.geojson
11629,Xã An Lão,31,Thành phố Hải Phòng,https://raw.githubusercontent.com/thanglequoc/vietnamese-provinces-database/master/json/geojson/31_hai_phong/wards/11629_an_lao.geojson
11635,Xã An Trường,31,Thành phố Hải Phòng,https://raw.githubusercontent.com/thanglequoc/vietnamese-provinces-database/master/json/geojson/31_hai_phong/wards/11635_an_truong.geojson
11647,Xã An Quang,31,Thành phố Hải Phòng,https://raw.githubusercontent.com/thanglequoc/vietnamese-provinces-database/master/json/geojson/31_hai_phong/wards/11647_an_quang.geojson
11668,Xã An Khánh,31,Thành phố Hải Phòng,https://raw.githubusercontent.com/thanglequoc/vietnamese-provinces-database/master/json/geojson/31_hai_phong/wards/11668_an_khanh.geojson
11674,Xã An Hưng,31,Thành phố Hải Phòng,https://raw.githubusercontent.com/thanglequoc/vietnamese-provinces-database/master/json/geojson/31_hai_phong/wards/11674_an_hung.geojson
11680,Xã Kiến Thuỵ,31,Thành phố Hải Phòng,https://raw.githubusercontent.com/thanglequoc/vietnamese-provinces-database/master/json/geojson/31_hai_phong/wards/11680_kien_thuy.geojson
11689,Phường Hưng Đạo,31,Thành phố Hải Phòng,https://raw.githubusercontent.com/thanglequoc/vietnamese-provinces-database/master/json/geojson/31_hai_phong/wards/11689_hung_dao.geojson
11692,Phường Dương Kinh,31,Thành phố Hải Phòng,https://raw.githubusercontent.com/thanglequoc/vietnamese-provinces-database/master/json/geojson/31_hai_phong/wards/11692_duong_kinh.geojson
11713,Xã Nghi Dương,31,Thành phố Hải Phòng,https://raw.githubusercontent.com/thanglequoc/vietnamese-provinces-database/master/json/geojson/31_hai_phong/wards/11713_nghi_duong.geojson
11725,Xã Kiến Minh,31,Thành phố Hải Phòng,https://raw.githubusercontent.com/thanglequoc/vietnamese-provinces-database/master/json/geojson/31_hai_phong/wards/11725_kien_minh.geojson
11728,Xã Kiến Hưng,31,Thành phố Hải Phòng,https://raw.githubusercontent.com/thanglequoc/vietnamese-provinces-database/master/json/geojson/31_hai_phong/wards/11728_kien_hung.geojson
11737,Phường Nam Đồ Sơn,31,Thành phố Hải Phòng,https://raw.githubusercontent.com/thanglequoc/vietnamese-provinces-database/master/json/geojson/31_hai_phong/wards/11737_nam_do_son.geojson
11749,Xã Kiến Hải,31,Thành phố Hải Phòng,https://raw.githubusercontent.com/thanglequoc/vietnamese-provinces-database/master/json/geojson/31_hai_phong/wards/11749_kien_hai.geojson
11755,Xã Tiên Lãng,31,Thành phố Hải Phòng,https://raw.githubusercontent.com/thanglequoc/vietnamese-provinces-database/master/json/geojson/31_hai_phong/wards/11755_tien_lang.geojson
11761,Xã Quyết Thắng,31,Thành phố Hải Phòng,https://raw.githubusercontent.com/thanglequoc/vietnamese-provinces-database/master/json/geojson/31_hai_phong/wards/11761_quyet_thang.geojson
11779,Xã Tân Minh,31,Thành phố Hải Phòng,https://raw.githubusercontent.com/thanglequoc/vietnamese-provinces-database/master/json/geojson/31_hai_phong/wards/11779_tan_minh.geojson
11791,Xã Tiên Minh,31,Thành phố Hải Phòng,https://raw.githubusercontent.com/thanglequoc/vietnamese-provinces-database/master/json/geojson/31_hai_phong/wards/11791_tien_minh.geojson
11806,Xã Chấn Hưng,31,Thành phố Hải Phòng,https://raw.githubusercontent.com/thanglequoc/vietnamese-provinces-database/master/json/geojson/31_hai_phong/wards/11806_chan_hung.geojson
11809,Xã Hùng Thắng,31,Thành phố Hải Phòng,https://raw.githubusercontent.com/thanglequoc/vietnamese-provinces-database/master/json/geojson/31_hai_phong/wards/11809_hung_thang.geojson
11824,Xã Vĩnh Bảo,31,Thành phố Hải Phòng,https://raw.githubusercontent.com/thanglequoc/vietnamese-provinces-database/master/json/geojson/31_hai_phong/wards/11824_vinh_bao.geojson
11836,Xã Vĩnh Thịnh,31,Thành phố Hải Phòng,https://raw.githubusercontent.com/thanglequoc/vietnamese-provinces-database/master/json/geojson/31_hai_phong/wards/11836_vinh_thinh.geojson
11842,Xã Vĩnh Thuận,31,Thành phố Hải Phòng,https://raw.githubusercontent.com/thanglequoc/vietnamese-provinces-database/master/json/geojson/31_hai_phong/wards/11842_vinh_thuan.geojson
11848,Xã Vĩnh Hoà,31,Thành phố Hải Phòng,https://raw.githubusercontent.com/thanglequoc/vietnamese-provinces-database/master/json/geojson/31_hai_phong/wards/11848_vinh_hoa.geojson
11875,Xã Vĩnh Hải,31,Thành phố Hải Phòng,https://raw.githubusercontent.com/thanglequoc/vietnamese-provinces-database/master/json/geojson/31_hai_phong/wards/11875_vinh_hai.geojson
11887,Xã Vĩnh Am,31,Thành phố Hải Phòng,https://raw.githubusercontent.com/thanglequoc/vietnamese-provinces-database/master/json/geojson/31_hai_phong/wards/11887_vinh_am.geojson
11911,Xã Nguyễn Bỉnh Khiêm,31,Thành phố Hải Phòng,https://raw.githubusercontent.com/thanglequoc/vietnamese-provinces-database/master/json/geojson/31_hai_phong/wards/11911_nguyen_binh_khiem.geojson
11914,Đặc khu Cát Hải,31,Thành phố Hải Phòng,https://raw.githubusercontent.com/thanglequoc/vietnamese-provinces-database/master/json/geojson/31_hai_phong/wards/11914_cat_hai.geojson
11948,Đặc khu Bạch Long Vĩ,31,Thành phố Hải Phòng,https://raw.githubusercontent.com/thanglequoc/vietnamese-provinces-database/master/json/geojson/31_hai_phong/wards/11948_bach_long_vi.geojson
11953,Phường Phố Hiến,33,Tỉnh Hưng Yên,https://raw.githubusercontent.com/thanglequoc/vietnamese-provinces-database/master/json/geojson/33_hung_yen/wards/11953_pho_hien.geojson
11977,Xã Tân Hưng,33,Tỉnh Hưng Yên,https://raw.githubusercontent.com/thanglequoc/vietnamese-provinces-database/master/json/geojson/33_hung_yen/wards/11977_tan_hung.geojson
11980,Phường Hồng Châu,33,Tỉnh Hưng Yên,https://raw.githubusercontent.com/thanglequoc/vietnamese-provinces-database/master/json/geojson/33_hung_yen/wards/11980_hong_chau.geojson
11983,Phường Sơn Nam,33,Tỉnh Hưng Yên,https://raw.githubusercontent.com/thanglequoc/vietnamese-provinces-database/master/json/geojson/33_hung_yen/wards/11983_son_nam.geojson
11992,Xã Lạc Đạo,33,Tỉnh Hưng Yên,https://raw.githubusercontent.com/thanglequoc/vietnamese-provinces-database/master/json/geojson/33_hung_yen/wards/11992_lac_dao.geojson
11995,Xã Đại Đồng,33,Tỉnh Hưng Yên,https://raw.githubusercontent.com/thanglequoc/vietnamese-provinces-database/master/json/geojson/33_hung_yen/wards/11995_dai_dong.geojson
12004,Xã Như Quỳnh,33,Tỉnh Hưng Yên,https://raw.githubusercontent.com/thanglequoc/vietnamese-provinces-database/master/json/geojson/33_hung_yen/wards/12004_nhu_quynh.geojson
12019,Xã Văn Giang,33,Tỉnh Hưng Yên,https://raw.githubusercontent.com/thanglequoc/vietnamese-provinces-database/master/json/geojson/33_hung_yen/wards/12019_van_giang.geojson
12025,Xã Phụng Công,33,Tỉnh Hưng Yên,https://raw.githubusercontent.com/thanglequoc/vietnamese-provinces-database/master/json/geojson/33_hung_yen/wards/12025_phung_cong.geojson
12031,Xã Nghĩa Trụ,33,Tỉnh Hưng Yên,https://raw.githubusercontent.com/thanglequoc/vietnamese-provinces-database/master/json/geojson/33_hung_yen/wards/12031_nghia_tru.geojson
12049,Xã Mễ Sở,33,Tỉnh Hưng Yên,https://raw.githubusercontent.com/thanglequoc/vietnamese-provinces-database/master/json/geojson/33_hung_yen/wards/12049_me_so.geojson
12064,Xã Nguyễn Văn Linh,33,Tỉnh Hưng Yên,https://raw.githubusercontent.com/thanglequoc/vietnamese-provinces-database/master/json/geojson/33_hung_yen/wards/12064_nguyen_van_linh.geojson
12070,Xã Hoàn Long,33,Tỉnh Hưng Yên,https://raw.githubusercontent.com/thanglequoc/vietnamese-provinces-database/master/json/geojson/33_hung_yen/wards/12070_hoan_long.geojson
12073,Xã Yên Mỹ,33,Tỉnh Hưng Yên,https://raw.githubusercontent.com/thanglequoc/vietnamese-provinces-database/master/json/geojson/33_hung_yen/wards/12073_yen_my.geojson
12091,Xã Việt Yên,33,Tỉnh Hưng Yên,https://raw.githubusercontent.com/thanglequoc/vietnamese-provinces-database/master/json/geojson/33_hung_yen/wards/12091_viet_yen.geojson
12103,Phường Mỹ Hào,33,Tỉnh Hưng Yên,https://raw.githubusercontent.com/thanglequoc/vietnamese-provinces-database/master/json/geojson/33_hung_yen/wards/12103_my_hao.geojson
12127,Phường Thượng Hồng,33,Tỉnh Hưng Yên,https://raw.githubusercontent.com/thanglequoc/vietnamese-provinces-database/master/json/geojson/33_hung_yen/wards/12127_thuong_hong.geojson
12133,Phường Đường Hào,33,Tỉnh Hưng Yên,https://raw.githubusercontent.com/thanglequoc/vietnamese-provinces-database/master/json/geojson/33_hung_yen/wards/12133_duong_hao.geojson
12142,Xã Ân Thi,33,Tỉnh Hưng Yên,https://raw.githubusercontent.com/thanglequoc/vietnamese-provinces-database/master/json/geojson/33_hung_yen/wards/12142_an_thi.geojson
12148,Xã Phạm Ngũ Lão,33,Tỉnh Hưng Yên,https://raw.githubusercontent.com/thanglequoc/vietnamese-provinces-database/master/json/geojson/33_hung_yen/wards/12148_pham_ngu_lao.geojson
12166,Xã Xuân Trúc,33,Tỉnh Hưng Yên,https://raw.githubusercontent.com/thanglequoc/vietnamese-provinces-database/master/json/geojson/33_hung_yen/wards/12166_xuan_truc.geojson
12184,Xã Nguyễn Trãi,33,Tỉnh Hưng Yên,https://raw.githubusercontent.com/thanglequoc/vietnamese-provinces-database/master/json/geojson/33_hung_yen/wards/12184_nguyen_trai.geojson
12196,Xã Hồng Quang,33,Tỉnh Hưng Yên,https://raw.githubusercontent.com/thanglequoc/vietnamese-provinces-database/master/json/geojson/33_hung_yen/wards/12196_hong_quang.geojson
12205,Xã Khoái Châu,33,Tỉnh Hưng Yên,https://raw.githubusercontent.com/thanglequoc/vietnamese-provinces-database/master/json/geojson/33_hung_yen/wards/12205_khoai_chau.geojson
12223,Xã Triệu Việt Vương,33,Tỉnh Hưng Yên,https://raw.githubusercontent.com/thanglequoc/vietnamese-provinces-database/master/json/geojson/33_hung_yen/wards/12223_trieu_viet_vuong.geojson
12238,Xã Việt Tiến,33,Tỉnh Hưng Yên,https://raw.githubusercontent.com/thanglequoc/vietnamese-provinces-database/master/json/geojson/33_hung_yen/wards/12238_viet_tien.geojson
12247,Xã Châu Ninh,33,Tỉnh Hưng Yên,https://raw.githubusercontent.com/thanglequoc/vietnamese-provinces-database/master/json/geojson/33_hung_yen/wards/12247_chau_ninh.geojson
12271,Xã Chí Minh,33,Tỉnh Hưng Yên,https://raw.githubusercontent.com/thanglequoc/vietnamese-provinces-database/master/json/geojson/33_hung_yen/wards/12271_chi_minh.geojson
12280,Xã Lương Bằng,33,Tỉnh Hưng Yên,https://raw.githubusercontent.com/thanglequoc/vietnamese-provinces-database/master/json/geojson/33_hung_yen/wards/12280_luong_bang.geojson
12286,Xã Nghĩa Dân,33,Tỉnh Hưng Yên,https://raw.githubusercontent.com/thanglequoc/vietnamese-provinces-database/master/json/geojson/33_hung_yen/wards/12286_nghia_dan.geojson
12313,Xã Đức Hợp,33,Tỉnh Hưng Yên,https://raw.githubusercontent.com/thanglequoc/vietnamese-provinces-database/master/json/geojson/33_hung_yen/wards/12313_duc_hop.geojson
12322,Xã Hiệp Cường,33,Tỉnh Hưng Yên,https://raw.githubusercontent.com/thanglequoc/vietnamese-provinces-database/master/json/geojson/33_hung_yen/wards/12322_hiep_cuong.geojson
12337,Xã Hoàng Hoa Thám,33,Tỉnh Hưng Yên,https://raw.githubusercontent.com/thanglequoc/vietnamese-provinces-database/master/json/geojson/33_hung_yen/wards/12337_hoang_hoa_tham.geojson
12361,Xã Tiên Hoa,33,Tỉnh Hưng Yên,https://raw.githubusercontent.com/thanglequoc/vietnamese-provinces-database/master/json/geojson/33_hung_yen/wards/12361_tien_hoa.geojson
12364,Xã Tiên Lữ,33,Tỉnh Hưng Yên,https://raw.githubusercontent.com/thanglequoc/vietnamese-provinces-database/master/json/geojson/33_hung_yen/wards/12364_tien_lu.geojson
12391,Xã Quang Hưng,33,Tỉnh Hưng Yên,https://raw.githubusercontent.com/thanglequoc/vietnamese-provinces-database/master/json/geojson/33_hung_yen/wards/12391_quang_hung.geojson
12406,Xã Đoàn Đào,33,Tỉnh Hưng Yên,https://raw.githubusercontent.com/thanglequoc/vietnamese-provinces-database/master/json/geojson/33_hung_yen/wards/12406_doan_dao.geojson
12424,Xã Tiên Tiến,33,Tỉnh Hưng Yên,https://raw.githubusercontent.com/thanglequoc/vietnamese-provinces-database/master/json/geojson/33_hung_yen/wards/12424_tien_tien.geojson
12427,Xã Tống Trân,33,Tỉnh Hưng Yên,https://raw.githubusercontent.com/thanglequoc/vietnamese-provinces-database/master/json/geojson/33_hung_yen/wards/12427_tong_tran.geojson
12452,Phường Trần Hưng Đạo,33,Tỉnh Hưng Yên,https://raw.githubusercontent.com/thanglequoc/vietnamese-provinces-database/master/json/geojson/33_hung_yen/wards/12452_tran_hung_dao.geojson
12454,Phường Trần Lãm,33,Tỉnh Hưng Yên,https://raw.githubusercontent.com/thanglequoc/vietnamese-provinces-database/master/json/geojson/33_hung_yen/wards/12454_tran_lam.geojson
12466,Phường Vũ Phúc,33,Tỉnh Hưng Yên,https://raw.githubusercontent.com/thanglequoc/vietnamese-provinces-database/master/json/geojson/33_hung_yen/wards/12466_vu_phuc.geojson
12472,Xã Quỳnh Phụ,33,Tỉnh Hưng Yên,https://raw.githubusercontent.com/thanglequoc/vietnamese-provinces-database/master/json/geojson/33_hung_yen/wards/12472_quynh_phu.geojson
12499,Xã A Sào,33,Tỉnh Hưng Yên,https://raw.githubusercontent.com/thanglequoc/vietnamese-provinces-database/master/json/geojson/33_hung_yen/wards/12499_a_sao.geojson
12511,Xã Minh Thọ,33,Tỉnh Hưng Yên,https://raw.githubusercontent.com/thanglequoc/vietnamese-provinces-database/master/json/geojson/33_hung_yen/wards/12511_minh_tho.geojson
12517,Xã Ngọc Lâm,33,Tỉnh Hưng Yên,https://raw.githubusercontent.com/thanglequoc/vietnamese-provinces-database/master/json/geojson/33_hung_yen/wards/12517_ngoc_lam.geojson
12523,Xã Phụ Dực,33,Tỉnh Hưng Yên,https://raw.githubusercontent.com/thanglequoc/vietnamese-provinces-database/master/json/geojson/33_hung_yen/wards/12523_phu_duc.geojson
12526,Xã Đồng Bằng,33,Tỉnh Hưng Yên,https://raw.githubusercontent.com/thanglequoc/vietnamese-provinces-database/master/json/geojson/33_hung_yen/wards/12526_dong_bang.geojson
12532,Xã Nguyễn Du,33,Tỉnh Hưng Yên,https://raw.githubusercontent.com/thanglequoc/vietnamese-provinces-database/master/json/geojson/33_hung_yen/wards/12532_nguyen_du.geojson
12577,Xã Quỳnh An,33,Tỉnh Hưng Yên,https://raw.githubusercontent.com/thanglequoc/vietnamese-provinces-database/master/json/geojson/33_hung_yen/wards/12577_quynh_an.geojson
12583,Xã Tân Tiến,33,Tỉnh Hưng Yên,https://raw.githubusercontent.com/thanglequoc/vietnamese-provinces-database/master/json/geojson/33_hung_yen/wards/12583_tan_tien.geojson
12586,Xã Hưng Hà,33,Tỉnh Hưng Yên,https://raw.githubusercontent.com/thanglequoc/vietnamese-provinces-database/master/json/geojson/33_hung_yen/wards/12586_hung_ha.geojson
12595,Xã Ngự Thiên,33,Tỉnh Hưng Yên,https://raw.githubusercontent.com/thanglequoc/vietnamese-provinces-database/master/json/geojson/33_hung_yen/wards/12595_ngu_thien.geojson
12613,Xã Long Hưng,33,Tỉnh Hưng Yên,https://raw.githubusercontent.com/thanglequoc/vietnamese-provinces-database/master/json/geojson/33_hung_yen/wards/12613_long_hung.geojson
12619,Xã Diên Hà,33,Tỉnh Hưng Yên,https://raw.githubusercontent.com/thanglequoc/vietnamese-provinces-database/master/json/geojson/33_hung_yen/wards/12619_dien_ha.geojson
12631,Xã Thần Khê,33,Tỉnh Hưng Yên,https://raw.githubusercontent.com/thanglequoc/vietnamese-provinces-database/master/json/geojson/33_hung_yen/wards/12631_than_khe.geojson
12634,Xã Tiên La,33,Tỉnh Hưng Yên,https://raw.githubusercontent.com/thanglequoc/vietnamese-provinces-database/master/json/geojson/33_hung_yen/wards/12634_tien_la.geojson
12676,Xã Lê Quý Đôn,33,Tỉnh Hưng Yên,https://raw.githubusercontent.com/thanglequoc/vietnamese-provinces-database/master/json/geojson/33_hung_yen/wards/12676_le_quy_don.geojson
12685,Xã Hồng Minh,33,Tỉnh Hưng Yên,https://raw.githubusercontent.com/thanglequoc/vietnamese-provinces-database/master/json/geojson/33_hung_yen/wards/12685_hong_minh.geojson
12688,Xã Đông Hưng,33,Tỉnh Hưng Yên,https://raw.githubusercontent.com/thanglequoc/vietnamese-provinces-database/master/json/geojson/33_hung_yen/wards/12688_dong_hung.geojson
12694,Xã Bắc Đông Hưng,33,Tỉnh Hưng Yên,https://raw.githubusercontent.com/thanglequoc/vietnamese-provinces-database/master/json/geojson/33_hung_yen/wards/12694_bac_dong_hung.geojson
12700,Xã Bắc Tiên Hưng,33,Tỉnh Hưng Yên,https://raw.githubusercontent.com/thanglequoc/vietnamese-provinces-database/master/json/geojson/33_hung_yen/wards/12700_bac_tien_hung.geojson
12736,Xã Đông Tiên Hưng,33,Tỉnh Hưng Yên,https://raw.githubusercontent.com/thanglequoc/vietnamese-provinces-database/master/json/geojson/33_hung_yen/wards/12736_dong_tien_hung.geojson
12745,Xã Bắc Đông Quan,33,Tỉnh Hưng Yên,https://raw.githubusercontent.com/thanglequoc/vietnamese-provinces-database/master/json/geojson/33_hung_yen/wards/12745_bac_dong_quan.geojson
12754,Xã Tiên Hưng,33,Tỉnh Hưng Yên,https://raw.githubusercontent.com/thanglequoc/vietnamese-provinces-database/master/json/geojson/33_hung_yen/wards/12754_tien_hung.geojson
12763,Xã Nam Tiên Hưng,33,Tỉnh Hưng Yên,https://raw.githubusercontent.com/thanglequoc/vietnamese-provinces-database/master/json/geojson/33_hung_yen/wards/12763_nam_tien_hung.geojson
12775,Xã Nam Đông Hưng,33,Tỉnh Hưng Yên,https://raw.githubusercontent.com/thanglequoc/vietnamese-provinces-database/master/json/geojson/33_hung_yen/wards/12775_nam_dong_hung.geojson
12793,Xã Đông Quan,33,Tỉnh Hưng Yên,https://raw.githubusercontent.com/thanglequoc/vietnamese-provinces-database/master/json/geojson/33_hung_yen/wards/12793_dong_quan.geojson
12817,Phường Trà Lý,33,Tỉnh Hưng Yên,https://raw.githubusercontent.com/thanglequoc/vietnamese-provinces-database/master/json/geojson/33_hung_yen/wards/12817_tra_ly.geojson
12826,Xã Thái Thuỵ,33,Tỉnh Hưng Yên,https://raw.githubusercontent.com/thanglequoc/vietnamese-provinces-database/master/json/geojson/33_hung_yen/wards/12826_thai_thuy.geojson
12850,Xã Tây Thuỵ Anh,33,Tỉnh Hưng Yên,https://raw.githubusercontent.com/thanglequoc/vietnamese-provinces-database/master/json/geojson/33_hung_yen/wards/12850_tay_thuy_anh.geojson
12859,Xã Bắc Thuỵ Anh,33,Tỉnh Hưng Yên,https://raw.githubusercontent.com/thanglequoc/vietnamese-provinces-database/master/json/geojson/33_hung_yen/wards/12859_bac_thuy_anh.geojson
12862,Xã Đông Thuỵ Anh,33,Tỉnh Hưng Yên,https://raw.githubusercontent.com/thanglequoc/vietnamese-provinces-database/master/json/geojson/33_hung_yen/wards/12862_dong_thuy_anh.geojson
12865,Xã Thuỵ Anh,33,Tỉnh Hưng Yên,https://raw.githubusercontent.com/thanglequoc/vietnamese-provinces-database/master/json/geojson/33_hung_yen/wards/12865_thuy_anh.geojson
12904,Xã Nam Thuỵ Anh,33,Tỉnh Hưng Yên,https://raw.githubusercontent.com/thanglequoc/vietnamese-provinces-database/master/json/geojson/33_hung_yen/wards/12904_nam_thuy_anh.geojson
12916,Xã Bắc Thái Ninh,33,Tỉnh Hưng Yên,https://raw.githubusercontent.com/thanglequoc/vietnamese-provinces-database/master/json/geojson/33_hung_yen/wards/12916_bac_thai_ninh.geojson
12919,Xã Tây Thái Ninh,33,Tỉnh Hưng Yên,https://raw.githubusercontent.com/thanglequoc/vietnamese-provinces-database/master/json/geojson/33_hung_yen/wards/12919_tay_thai_ninh.geojson
12922,Xã Thái Ninh,33,Tỉnh Hưng Yên,https://raw.githubusercontent.com/thanglequoc/vietnamese-provinces-database/master/json/geojson/33_hung_yen/wards/12922_thai_ninh.geojson
12943,Xã Đông Thái Ninh,33,Tỉnh Hưng Yên,https://raw.githubusercontent.com/thanglequoc/vietnamese-provinces-database/master/json/geojson/33_hung_yen/wards/12943_dong_thai_ninh.geojson
12961,Xã Nam Thái Ninh,33,Tỉnh Hưng Yên,https://raw.githubusercontent.com/thanglequoc/vietnamese-provinces-database/master/json/geojson/33_hung_yen/wards/12961_nam_thai_ninh.geojson
12970,Xã Tiền Hải,33,Tỉnh Hưng Yên,https://raw.githubusercontent.com/thanglequoc/vietnamese-provinces-database/master/json/geojson/33_hung_yen/wards/12970_tien_hai.geojson
12988,Xã Đông Tiền Hải,33,Tỉnh Hưng Yên,https://raw.githubusercontent.com/thanglequoc/vietnamese-provinces-database/master/json/geojson/33_hung_yen/wards/12988_dong_tien_hai.geojson
13003,Xã Đồng Châu,33,Tỉnh Hưng Yên,https://raw.githubusercontent.com/thanglequoc/vietnamese-provinces-database/master/json/geojson/33_hung_yen/wards/13003_dong_chau.geojson
13021,Xã Ái Quốc,33,Tỉnh Hưng Yên,https://raw.githubusercontent.com/thanglequoc/vietnamese-provinces-database/master/json/geojson/33_hung_yen/wards/13021_ai_quoc.geojson
13039,Xã Tây Tiền Hải,33,Tỉnh Hưng Yên,https://raw.githubusercontent.com/thanglequoc/vietnamese-provinces-database/master/json/geojson/33_hung_yen/wards/13039_tay_tien_hai.geojson
13057,Xã Nam Cường,33,Tỉnh Hưng Yên,https://raw.githubusercontent.com/thanglequoc/vietnamese-provinces-database/master/json/geojson/33_hung_yen/wards/13057_nam_cuong.geojson
13063,Xã Nam Tiền Hải,33,Tỉnh Hưng Yên,https://raw.githubusercontent.com/thanglequoc/vietnamese-provinces-database/master/json/geojson/33_hung_yen/wards/13063_nam_tien_hai.geojson
13066,Xã Hưng Phú,33,Tỉnh Hưng Yên,https://raw.githubusercontent.com/thanglequoc/vietnamese-provinces-database/master/json/geojson/33_hung_yen/wards/13066_hung_phu.geojson
13075,Xã Kiến Xương,33,Tỉnh Hưng Yên,https://raw.githubusercontent.com/thanglequoc/vietnamese-provinces-database/master/json/geojson/33_hung_yen/wards/13075_kien_xuong.geojson
13093,Xã Trà Giang,33,Tỉnh Hưng Yên,https://raw.githubusercontent.com/thanglequoc/vietnamese-provinces-database/master/json/geojson/33_hung_yen/wards/13093_tra_giang.geojson
13096,Xã Bình Nguyên,33,Tỉnh Hưng Yên,https://raw.githubusercontent.com/thanglequoc/vietnamese-provinces-database/master/json/geojson/33_hung_yen/wards/13096_binh_nguyen.geojson
13120,Xã Lê Lợi,33,Tỉnh Hưng Yên,https://raw.githubusercontent.com/thanglequoc/vietnamese-provinces-database/master/json/geojson/33_hung_yen/wards/13120_le_loi.geojson
13132,Xã Quang Lịch,33,Tỉnh Hưng Yên,https://raw.githubusercontent.com/thanglequoc/vietnamese-provinces-database/master/json/geojson/33_hung_yen/wards/13132_quang_lich.geojson
13141,Xã Vũ Quý,33,Tỉnh Hưng Yên,https://raw.githubusercontent.com/thanglequoc/vietnamese-provinces-database/master/json/geojson/33_hung_yen/wards/13141_vu_quy.geojson
13159,Xã Hồng Vũ,33,Tỉnh Hưng Yên,https://raw.githubusercontent.com/thanglequoc/vietnamese-provinces-database/master/json/geojson/33_hung_yen/wards/13159_hong_vu.geojson
13183,Xã Bình Thanh,33,Tỉnh Hưng Yên,https://raw.githubusercontent.com/thanglequoc/vietnamese-provinces-database/master/json/geojson/33_hung_yen/wards/13183_binh_thanh.geojson
13186,Xã Bình Định,33,Tỉnh Hưng Yên,https://raw.githubusercontent.com/thanglequoc/vietnamese-provinces-database/master/json/geojson/33_hung_yen/wards/13186_binh_dinh.geojson
13192,Xã Vũ Thư,33,Tỉnh Hưng Yên,https://raw.githubusercontent.com/thanglequoc/vietnamese-provinces-database/master/json/geojson/33_hung_yen/wards/13192_vu_thu.geojson
13219,Xã Vạn Xuân,33,Tỉnh Hưng Yên,https://raw.githubusercontent.com/thanglequoc/vietnamese-provinces-database/master/json/geojson/33_hung_yen/wards/13219_van_xuan.geojson
13222,Xã Thư Trì,33,Tỉnh Hưng Yên,https://raw.githubusercontent.com/thanglequoc/vietnamese-provinces-database/master/json/geojson/33_hung_yen/wards/13222_thu_tri.geojson
13225,Phường Thái Bình,33,Tỉnh Hưng Yên,https://raw.githubusercontent.com/thanglequoc/vietnamese-provinces-database/master/json/geojson/33_hung_yen/wards/13225_thai_binh.geojson
13246,Xã Tân Thuận,33,Tỉnh Hưng Yên,https://raw.githubusercontent.com/thanglequoc/vietnamese-provinces-database/master/json/geojson/33_hung_yen/wards/13246_tan_thuan.geojson
13264,Xã Thư Vũ,33,Tỉnh Hưng Yên,https://raw.githubusercontent.com/thanglequoc/vietnamese-provinces-database/master/json/geojson/33_hung_yen/wards/13264_thu_vu.geojson
13279,Xã Vũ Tiên,33,Tỉnh Hưng Yên,https://raw.githubusercontent.com/thanglequoc/vietnamese-provinces-database/master/json/geojson/33_hung_yen/wards/13279_vu_tien.geojson
13285,Phường Phủ Lý,37,Tỉnh Ninh Bình,https://raw.githubusercontent.com/thanglequoc/vietnamese-provinces-database/master/json/geojson/37_ninh_binh/wards/13285_phu_ly.geojson
13291,Phường Phù Vân,37,Tỉnh Ninh Bình,https://raw.githubusercontent.com/thanglequoc/vietnamese-provinces-database/master/json/geojson/37_ninh_binh/wards/13291_phu_van.geojson
13318,Phường Châu Sơn,37,Tỉnh Ninh Bình,https://raw.githubusercontent.com/thanglequoc/vietnamese-provinces-database/master/json/geojson/37_ninh_binh/wards/13318_chau_son.geojson
13324,Phường Duy Tiên,37,Tỉnh Ninh Bình,https://raw.githubusercontent.com/thanglequoc/vietnamese-provinces-database/master/json/geojson/37_ninh_binh/wards/13324_duy_tien.geojson
13330,Phường Duy Tân,37,Tỉnh Ninh Bình,https://raw.githubusercontent.com/thanglequoc/vietnamese-provinces-database/master/json/geojson/37_ninh_binh/wards/13330_duy_tan.geojson
13336,Phường Duy Hà,37,Tỉnh Ninh Bình,https://raw.githubusercontent.com/thanglequoc/vietnamese-provinces-database/master/json/geojson/37_ninh_binh/wards/13336_duy_ha.geojson
13348,Phường Đồng Văn,37,Tỉnh Ninh Bình,https://raw.githubusercontent.com/thanglequoc/vietnamese-provinces-database/master/json/geojson/37_ninh_binh/wards/13348_dong_van.geojson
13363,Phường Tiên Sơn,37,Tỉnh Ninh Bình,https://raw.githubusercontent.com/thanglequoc/vietnamese-provinces-database/master/json/geojson/37_ninh_binh/wards/13363_tien_son.geojson
13366,Phường Hà Nam,37,Tỉnh Ninh Bình,https://raw.githubusercontent.com/thanglequoc/vietnamese-provinces-database/master/json/geojson/37_ninh_binh/wards/13366_ha_nam.geojson
13384,Phường Kim Bảng,37,Tỉnh Ninh Bình,https://raw.githubusercontent.com/thanglequoc/vietnamese-provinces-database/master/json/geojson/37_ninh_binh/wards/13384_kim_bang.geojson
13393,Phường Lê Hồ,37,Tỉnh Ninh Bình,https://raw.githubusercontent.com/thanglequoc/vietnamese-provinces-database/master/json/geojson/37_ninh_binh/wards/13393_le_ho.geojson
13396,Phường Nguyễn Úy,37,Tỉnh Ninh Bình,https://raw.githubusercontent.com/thanglequoc/vietnamese-provinces-database/master/json/geojson/37_ninh_binh/wards/13396_nguyen_uy.geojson
13402,Phường Kim Thanh,37,Tỉnh Ninh Bình,https://raw.githubusercontent.com/thanglequoc/vietnamese-provinces-database/master/json/geojson/37_ninh_binh/wards/13402_kim_thanh.geojson
13420,Phường Tam Chúc,37,Tỉnh Ninh Bình,https://raw.githubusercontent.com/thanglequoc/vietnamese-provinces-database/master/json/geojson/37_ninh_binh/wards/13420_tam_chuc.geojson
13435,Phường Lý Thường Kiệt,37,Tỉnh Ninh Bình,https://raw.githubusercontent.com/thanglequoc/vietnamese-provinces-database/master/json/geojson/37_ninh_binh/wards/13435_ly_thuong_kiet.geojson
13444,Phường Liêm Tuyền,37,Tỉnh Ninh Bình,https://raw.githubusercontent.com/thanglequoc/vietnamese-provinces-database/master/json/geojson/37_ninh_binh/wards/13444_liem_tuyen.geojson
13456,Xã Liêm Hà,37,Tỉnh Ninh Bình,https://raw.githubusercontent.com/thanglequoc/vietnamese-provinces-database/master/json/geojson/37_ninh_binh/wards/13456_liem_ha.geojson
13474,Xã Tân Thanh,37,Tỉnh Ninh Bình,https://raw.githubusercontent.com/thanglequoc/vietnamese-provinces-database/master/json/geojson/37_ninh_binh/wards/13474_tan_thanh.geojson
13483,Xã Thanh Bình,37,Tỉnh Ninh Bình,https://raw.githubusercontent.com/thanglequoc/vietnamese-provinces-database/master/json/geojson/37_ninh_binh/wards/13483_thanh_binh.geojson
13489,Xã Thanh Lâm,37,Tỉnh Ninh Bình,https://raw.githubusercontent.com/thanglequoc/vietnamese-provinces-database/master/json/geojson/37_ninh_binh/wards/13489_thanh_lam.geojson
13495,Xã Thanh Liêm,37,Tỉnh Ninh Bình,https://raw.githubusercontent.com/thanglequoc/vietnamese-provinces-database/master/json/geojson/37_ninh_binh/wards/13495_thanh_liem.geojson
13501,Xã Bình Mỹ,37,Tỉnh Ninh Bình,https://raw.githubusercontent.com/thanglequoc/vietnamese-provinces-database/master/json/geojson/37_ninh_binh/wards/13501_binh_my.geojson
13504,Xã Bình Lục,37,Tỉnh Ninh Bình,https://raw.githubusercontent.com/thanglequoc/vietnamese-provinces-database/master/json/geojson/37_ninh_binh/wards/13504_binh_luc.geojson
13531,Xã Bình Giang,37,Tỉnh Ninh Bình,https://raw.githubusercontent.com/thanglequoc/vietnamese-provinces-database/master/json/geojson/37_ninh_binh/wards/13531_binh_giang.geojson
13540,Xã Bình An,37,Tỉnh Ninh Bình,https://raw.githubusercontent.com/thanglequoc/vietnamese-provinces-database/master/json/geojson/37_ninh_binh/wards/13540_binh_an.geojson
13558,Xã Bình Sơn,37,Tỉnh Ninh Bình,https://raw.githubusercontent.com/thanglequoc/vietnamese-provinces-database/master/json/geojson/37_ninh_binh/wards/13558_binh_son.geojson
13573,Xã Lý Nhân,37,Tỉnh Ninh Bình,https://raw.githubusercontent.com/thanglequoc/vietnamese-provinces-database/master/json/geojson/37_ninh_binh/wards/13573_ly_nhan.geojson
13579,Xã Bắc Lý,37,Tỉnh Ninh Bình,https://raw.githubusercontent.com/thanglequoc/vietnamese-provinces-database/master/json/geojson/37_ninh_binh/wards/13579_bac_ly.geojson
13591,Xã Nam Xang,37,Tỉnh Ninh Bình,https://raw.githubusercontent.com/thanglequoc/vietnamese-provinces-database/master/json/geojson/37_ninh_binh/wards/13591_nam_xang.geojson
13594,Xã Trần Thương,37,Tỉnh Ninh Bình,https://raw.githubusercontent.com/thanglequoc/vietnamese-provinces-database/master/json/geojson/37_ninh_binh/wards/13594_tran_thuong.geojson
13597,Xã Vĩnh Trụ,37,Tỉnh Ninh Bình,https://raw.githubusercontent.com/thanglequoc/vietnamese-provinces-database/master/json/geojson/37_ninh_binh/wards/13597_vinh_tru.geojson
13609,Xã Nhân Hà,37,Tỉnh Ninh Bình,https://raw.githubusercontent.com/thanglequoc/vietnamese-provinces-database/master/json/geojson/37_ninh_binh/wards/13609_nhan_ha.geojson
13627,Xã Nam Lý,37,Tỉnh Ninh Bình,https://raw.githubusercontent.com/thanglequoc/vietnamese-provinces-database/master/json/geojson/37_ninh_binh/wards/13627_nam_ly.geojson
13669,Phường Nam Định,37,Tỉnh Ninh Bình,https://raw.githubusercontent.com/thanglequoc/vietnamese-provinces-database/master/json/geojson/37_ninh_binh/wards/13669_nam_dinh.geojson
13684,Phường Thiên Trường,37,Tỉnh Ninh Bình,https://raw.githubusercontent.com/thanglequoc/vietnamese-provinces-database/master/json/geojson/37_ninh_binh/wards/13684_thien_truong.geojson
13693,Phường Đông A,37,Tỉnh Ninh Bình,https://raw.githubusercontent.com/thanglequoc/vietnamese-provinces-database/master/json/geojson/37_ninh_binh/wards/13693_dong_a.geojson
13699,Phường Thành Nam,37,Tỉnh Ninh Bình,https://raw.githubusercontent.com/thanglequoc/vietnamese-provinces-database/master/json/geojson/37_ninh_binh/wards/13699_thanh_nam.geojson
13708,Phường Mỹ Lộc,37,Tỉnh Ninh Bình,https://raw.githubusercontent.com/thanglequoc/vietnamese-provinces-database/master/json/geojson/37_ninh_binh/wards/13708_my_loc.geojson
13741,Xã Vụ Bản,37,Tỉnh Ninh Bình,https://raw.githubusercontent.com/thanglequoc/vietnamese-provinces-database/master/json/geojson/37_ninh_binh/wards/13741_vu_ban.geojson
13750,Xã Minh Tân,37,Tỉnh Ninh Bình,https://raw.githubusercontent.com/thanglequoc/vietnamese-provinces-database/master/json/geojson/37_ninh_binh/wards/13750_minh_tan.geojson
13753,Xã Hiển Khánh,37,Tỉnh Ninh Bình,https://raw.githubusercontent.com/thanglequoc/vietnamese-provinces-database/master/json/geojson/37_ninh_binh/wards/13753_hien_khanh.geojson
13777,Phường Trường Thi,37,Tỉnh Ninh Bình,https://raw.githubusercontent.com/thanglequoc/vietnamese-provinces-database/master/json/geojson/37_ninh_binh/wards/13777_truong_thi.geojson
13786,Xã Liên Minh,37,Tỉnh Ninh Bình,https://raw.githubusercontent.com/thanglequoc/vietnamese-provinces-database/master/json/geojson/37_ninh_binh/wards/13786_lien_minh.geojson
13795,Xã Ý Yên,37,Tỉnh Ninh Bình,https://raw.githubusercontent.com/thanglequoc/vietnamese-provinces-database/master/json/geojson/37_ninh_binh/wards/13795_y_yen.geojson
13807,Xã Tân Minh,37,Tỉnh Ninh Bình,https://raw.githubusercontent.com/thanglequoc/vietnamese-provinces-database/master/json/geojson/37_ninh_binh/wards/13807_tan_minh.geojson
13822,Xã Phong Doanh,37,Tỉnh Ninh Bình,https://raw.githubusercontent.com/thanglequoc/vietnamese-provinces-database/master/json/geojson/37_ninh_binh/wards/13822_phong_doanh.geojson
13834,Xã Vũ Dương,37,Tỉnh Ninh Bình,https://raw.githubusercontent.com/thanglequoc/vietnamese-provinces-database/master/json/geojson/37_ninh_binh/wards/13834_vu_duong.geojson
13864,Xã Vạn Thắng,37,Tỉnh Ninh Bình,https://raw.githubusercontent.com/thanglequoc/vietnamese-provinces-database/master/json/geojson/37_ninh_binh/wards/13864_van_thang.geojson
13870,Xã Yên Cường,37,Tỉnh Ninh Bình,https://raw.githubusercontent.com/thanglequoc/vietnamese-provinces-database/master/json/geojson/37_ninh_binh/wards/13870_yen_cuong.geojson
13879,Xã Yên Đồng,37,Tỉnh Ninh Bình,https://raw.githubusercontent.com/thanglequoc/vietnamese-provinces-database/master/json/geojson/37_ninh_binh/wards/13879_yen_dong.geojson
13891,Xã Nghĩa Hưng,37,Tỉnh Ninh Bình,https://raw.githubusercontent.com/thanglequoc/vietnamese-provinces-database/master/json/geojson/37_ninh_binh/wards/13891_nghia_hung.geojson
13894,Xã Rạng Đông,37,Tỉnh Ninh Bình,https://raw.githubusercontent.com/thanglequoc/vietnamese-provinces-database/master/json/geojson/37_ninh_binh/wards/13894_rang_dong.geojson
13900,Xã Đồng Thịnh,37,Tỉnh Ninh Bình,https://raw.githubusercontent.com/thanglequoc/vietnamese-provinces-database/master/json/geojson/37_ninh_binh/wards/13900_dong_thinh.geojson
13918,Xã Nghĩa Sơn,37,Tỉnh Ninh Bình,https://raw.githubusercontent.com/thanglequoc/vietnamese-provinces-database/master/json/geojson/37_ninh_binh/wards/13918_nghia_son.geojson
13927,Xã Hồng Phong,37,Tỉnh Ninh Bình,https://raw.githubusercontent.com/thanglequoc/vietnamese-provinces-database/master/json/geojson/37_ninh_binh/wards/13927_hong_phong.geojson
13939,Xã Quỹ Nhất,37,Tỉnh Ninh Bình,https://raw.githubusercontent.com/thanglequoc/vietnamese-provinces-database/master/json/geojson/37_ninh_binh/wards/13939_quy_nhat.geojson
13957,Xã Nghĩa Lâm,37,Tỉnh Ninh Bình,https://raw.githubusercontent.com/thanglequoc/vietnamese-provinces-database/master/json/geojson/37_ninh_binh/wards/13957_nghia_lam.geojson
13966,Xã Nam Trực,37,Tỉnh Ninh Bình,https://raw.githubusercontent.com/thanglequoc/vietnamese-provinces-database/master/json/geojson/37_ninh_binh/wards/13966_nam_truc.geojson
13972,Phường Vị Khê,37,Tỉnh Ninh Bình,https://raw.githubusercontent.com/thanglequoc/vietnamese-provinces-database/master/json/geojson/37_ninh_binh/wards/13972_vi_khe.geojson
13984,Phường Hồng Quang,37,Tỉnh Ninh Bình,https://raw.githubusercontent.com/thanglequoc/vietnamese-provinces-database/master/json/geojson/37_ninh_binh/wards/13984_hong_quang.geojson
13987,Xã Nam Hồng,37,Tỉnh Ninh Bình,https://raw.githubusercontent.com/thanglequoc/vietnamese-provinces-database/master/json/geojson/37_ninh_binh/wards/13987_nam_hong.geojson
14005,Xã Nam Ninh,37,Tỉnh Ninh Bình,https://raw.githubusercontent.com/thanglequoc/vietnamese-provinces-database/master/json/geojson/37_ninh_binh/wards/14005_nam_ninh.geojson
14011,Xã Nam Minh,37,Tỉnh Ninh Bình,https://raw.githubusercontent.com/thanglequoc/vietnamese-provinces-database/master/json/geojson/37_ninh_binh/wards/14011_nam_minh.geojson
14014,Xã Nam Đồng,37,Tỉnh Ninh Bình,https://raw.githubusercontent.com/thanglequoc/vietnamese-provinces-database/master/json/geojson/37_ninh_binh/wards/14014_nam_dong.geojson
14026,Xã Cổ Lễ,37,Tỉnh Ninh Bình,https://raw.githubusercontent.com/thanglequoc/vietnamese-provinces-database/master/json/geojson/37_ninh_binh/wards/14026_co_le.geojson
14038,Xã Ninh Giang,37,Tỉnh Ninh Bình,https://raw.githubusercontent.com/thanglequoc/vietnamese-provinces-database/master/json/geojson/37_ninh_binh/wards/14038_ninh_giang.geojson
14053,Xã Trực Ninh,37,Tỉnh Ninh Bình,https://raw.githubusercontent.com/thanglequoc/vietnamese-provinces-database/master/json/geojson/37_ninh_binh/wards/14053_truc_ninh.geojson
14056,Xã Cát Thành,37,Tỉnh Ninh Bình,https://raw.githubusercontent.com/thanglequoc/vietnamese-provinces-database/master/json/geojson/37_ninh_binh/wards/14056_cat_thanh.geojson
14062,Xã Quang Hưng,37,Tỉnh Ninh Bình,https://raw.githubusercontent.com/thanglequoc/vietnamese-provinces-database/master/json/geojson/37_ninh_binh/wards/14062_quang_hung.geojson
14071,Xã Minh Thái,37,Tỉnh Ninh Bình,https://raw.githubusercontent.com/thanglequoc/vietnamese-provinces-database/master/json/geojson/37_ninh_binh/wards/14071_minh_thai.geojson
14077,Xã Ninh Cường,37,Tỉnh Ninh Bình,https://raw.githubusercontent.com/thanglequoc/vietnamese-provinces-database/master/json/geojson/37_ninh_binh/wards/14077_ninh_cuong.geojson
14089,Xã Xuân Trường,37,Tỉnh Ninh Bình,https://raw.githubusercontent.com/thanglequoc/vietnamese-provinces-database/master/json/geojson/37_ninh_binh/wards/14089_xuan_truong.geojson
14095,Xã Xuân Hồng,37,Tỉnh Ninh Bình,https://raw.githubusercontent.com/thanglequoc/vietnamese-provinces-database/master/json/geojson/37_ninh_binh/wards/14095_xuan_hong.geojson
14104,Xã Xuân Giang,37,Tỉnh Ninh Bình,https://raw.githubusercontent.com/thanglequoc/vietnamese-provinces-database/master/json/geojson/37_ninh_binh/wards/14104_xuan_giang.geojson
14122,Xã Xuân Hưng,37,Tỉnh Ninh Bình,https://raw.githubusercontent.com/thanglequoc/vietnamese-provinces-database/master/json/geojson/37_ninh_binh/wards/14122_xuan_hung.geojson
14161,Xã Giao Minh,37,Tỉnh Ninh Bình,https://raw.githubusercontent.com/thanglequoc/vietnamese-provinces-database/master/json/geojson/37_ninh_binh/wards/14161_giao_minh.geojson
14167,Xã Giao Thuỷ,37,Tỉnh Ninh Bình,https://raw.githubusercontent.com/thanglequoc/vietnamese-provinces-database/master/json/geojson/37_ninh_binh/wards/14167_giao_thuy.geojson
14179,Xã Giao Hưng,37,Tỉnh Ninh Bình,https://raw.githubusercontent.com/thanglequoc/vietnamese-provinces-database/master/json/geojson/37_ninh_binh/wards/14179_giao_hung.geojson
14182,Xã Giao Hoà,37,Tỉnh Ninh Bình,https://raw.githubusercontent.com/thanglequoc/vietnamese-provinces-database/master/json/geojson/37_ninh_binh/wards/14182_giao_hoa.geojson
14194,Xã Giao Bình,37,Tỉnh Ninh Bình,https://raw.githubusercontent.com/thanglequoc/vietnamese-provinces-database/master/json/geojson/37_ninh_binh/wards/14194_giao_binh.geojson
14203,Xã Giao Phúc,37,Tỉnh Ninh Bình,https://raw.githubusercontent.com/thanglequoc/vietnamese-provinces-database/master/json/geojson/37_ninh_binh/wards/14203_giao_phuc.geojson
14212,Xã Giao Ninh,37,Tỉnh Ninh Bình,https://raw.githubusercontent.com/thanglequoc/vietnamese-provinces-database/master/json/geojson/37_ninh_binh/wards/14212_giao_ninh.geojson
14215,Xã Hải Hậu,37,Tỉnh Ninh Bình,https://raw.githubusercontent.com/thanglequoc/vietnamese-provinces-database/master/json/geojson/37_ninh_binh/wards/14215_hai_hau.geojson
14218,Xã Hải Tiến,37,Tỉnh Ninh Bình,https://raw.githubusercontent.com/thanglequoc/vietnamese-provinces-database/master/json/geojson/37_ninh_binh/wards/14218_hai_tien.geojson
14221,Xã Hải Thịnh,37,Tỉnh Ninh Bình,https://raw.githubusercontent.com/thanglequoc/vietnamese-provinces-database/master/json/geojson/37_ninh_binh/wards/14221_hai_thinh.geojson
14236,Xã Hải Anh,37,Tỉnh Ninh Bình,https://raw.githubusercontent.com/thanglequoc/vietnamese-provinces-database/master/json/geojson/37_ninh_binh/wards/14236_hai_anh.geojson
14248,Xã Hải Hưng,37,Tỉnh Ninh Bình,https://raw.githubusercontent.com/thanglequoc/vietnamese-provinces-database/master/json/geojson/37_ninh_binh/wards/14248_hai_hung.geojson
14281,Xã Hải An,37,Tỉnh Ninh Bình,https://raw.githubusercontent.com/thanglequoc/vietnamese-provinces-database/master/json/geojson/37_ninh_binh/wards/14281_hai_an.geojson
14287,Xã Hải Quang,37,Tỉnh Ninh Bình,https://raw.githubusercontent.com/thanglequoc/vietnamese-provinces-database/master/json/geojson/37_ninh_binh/wards/14287_hai_quang.geojson
14308,Xã Hải Xuân,37,Tỉnh Ninh Bình,https://raw.githubusercontent.com/thanglequoc/vietnamese-provinces-database/master/json/geojson/37_ninh_binh/wards/14308_hai_xuan.geojson
14329,Phường Hoa Lư,37,Tỉnh Ninh Bình,https://raw.githubusercontent.com/thanglequoc/vietnamese-provinces-database/master/json/geojson/37_ninh_binh/wards/14329_hoa_lu.geojson
14359,Phường Nam Hoa Lư,37,Tỉnh Ninh Bình,https://raw.githubusercontent.com/thanglequoc/vietnamese-provinces-database/master/json/geojson/37_ninh_binh/wards/14359_nam_hoa_lu.geojson
14362,Phường Tam Điệp,37,Tỉnh Ninh Bình,https://raw.githubusercontent.com/thanglequoc/vietnamese-provinces-database/master/json/geojson/37_ninh_binh/wards/14362_tam_diep.geojson
14365,Phường Trung Sơn,37,Tỉnh Ninh Bình,https://raw.githubusercontent.com/thanglequoc/vietnamese-provinces-database/master/json/geojson/37_ninh_binh/wards/14365_trung_son.geojson
14371,Phường Yên Sơn,37,Tỉnh Ninh Bình,https://raw.githubusercontent.com/thanglequoc/vietnamese-provinces-database/master/json/geojson/37_ninh_binh/wards/14371_yen_son.geojson
14389,Xã Gia Lâm,37,Tỉnh Ninh Bình,https://raw.githubusercontent.com/thanglequoc/vietnamese-provinces-database/master/json/geojson/37_ninh_binh/wards/14389_gia_lam.geojson
14401,Xã Gia Tường,37,Tỉnh Ninh Bình,https://raw.githubusercontent.com/thanglequoc/vietnamese-provinces-database/master/json/geojson/37_ninh_binh/wards/14401_gia_tuong.geojson
14404,Xã Cúc Phương,37,Tỉnh Ninh Bình,https://raw.githubusercontent.com/thanglequoc/vietnamese-provinces-database/master/json/geojson/37_ninh_binh/wards/14404_cuc_phuong.geojson
14407,Xã Phú Sơn,37,Tỉnh Ninh Bình,https://raw.githubusercontent.com/thanglequoc/vietnamese-provinces-database/master/json/geojson/37_ninh_binh/wards/14407_phu_son.geojson
14428,Xã Nho Quan,37,Tỉnh Ninh Bình,https://raw.githubusercontent.com/thanglequoc/vietnamese-provinces-database/master/json/geojson/37_ninh_binh/wards/14428_nho_quan.geojson
14434,Xã Thanh Sơn,37,Tỉnh Ninh Bình,https://raw.githubusercontent.com/thanglequoc/vietnamese-provinces-database/master/json/geojson/37_ninh_binh/wards/14434_thanh_son.geojson
14452,Xã Quỳnh Lưu,37,Tỉnh Ninh Bình,https://raw.githubusercontent.com/thanglequoc/vietnamese-provinces-database/master/json/geojson/37_ninh_binh/wards/14452_quynh_luu.geojson
14458,Xã Phú Long,37,Tỉnh Ninh Bình,https://raw.githubusercontent.com/thanglequoc/vietnamese-provinces-database/master/json/geojson/37_ninh_binh/wards/14458_phu_long.geojson
14464,Xã Gia Viễn,37,Tỉnh Ninh Bình,https://raw.githubusercontent.com/thanglequoc/vietnamese-provinces-database/master/json/geojson/37_ninh_binh/wards/14464_gia_vien.geojson
14482,Xã Gia Hưng,37,Tỉnh Ninh Bình,https://raw.githubusercontent.com/thanglequoc/vietnamese-provinces-database/master/json/geojson/37_ninh_binh/wards/14482_gia_hung.geojson
14488,Xã Gia Vân,37,Tỉnh Ninh Bình,https://raw.githubusercontent.com/thanglequoc/vietnamese-provinces-database/master/json/geojson/37_ninh_binh/wards/14488_gia_van.geojson
14494,Xã Gia Trấn,37,Tỉnh Ninh Bình,https://raw.githubusercontent.com/thanglequoc/vietnamese-provinces-database/master/json/geojson/37_ninh_binh/wards/14494_gia_tran.geojson
14500,Xã Đại Hoàng,37,Tỉnh Ninh Bình,https://raw.githubusercontent.com/thanglequoc/vietnamese-provinces-database/master/json/geojson/37_ninh_binh/wards/14500_dai_hoang.geojson
14524,Xã Gia Phong,37,Tỉnh Ninh Bình,https://raw.githubusercontent.com/thanglequoc/vietnamese-provinces-database/master/json/geojson/37_ninh_binh/wards/14524_gia_phong.geojson
14533,Phường Tây Hoa Lư,37,Tỉnh Ninh Bình,https://raw.githubusercontent.com/thanglequoc/vietnamese-provinces-database/master/json/geojson/37_ninh_binh/wards/14533_tay_hoa_lu.geojson
14560,Xã Yên Khánh,37,Tỉnh Ninh Bình,https://raw.githubusercontent.com/thanglequoc/vietnamese-provinces-database/master/json/geojson/37_ninh_binh/wards/14560_yen_khanh.geojson
14563,Xã Khánh Thiện,37,Tỉnh Ninh Bình,https://raw.githubusercontent.com/thanglequoc/vietnamese-provinces-database/master/json/geojson/37_ninh_binh/wards/14563_khanh_thien.geojson
14566,Phường Đông Hoa Lư,37,Tỉnh Ninh Bình,https://raw.githubusercontent.com/thanglequoc/vietnamese-provinces-database/master/json/geojson/37_ninh_binh/wards/14566_dong_hoa_lu.geojson
14608,Xã Khánh Trung,37,Tỉnh Ninh Bình,https://raw.githubusercontent.com/thanglequoc/vietnamese-provinces-database/master/json/geojson/37_ninh_binh/wards/14608_khanh_trung.geojson
14611,Xã Khánh Nhạc,37,Tỉnh Ninh Bình,https://raw.githubusercontent.com/thanglequoc/vietnamese-provinces-database/master/json/geojson/37_ninh_binh/wards/14611_khanh_nhac.geojson
14614,Xã Khánh Hội,37,Tỉnh Ninh Bình,https://raw.githubusercontent.com/thanglequoc/vietnamese-provinces-database/master/json/geojson/37_ninh_binh/wards/14614_khanh_hoi.geojson
14620,Xã Phát Diệm,37,Tỉnh Ninh Bình,https://raw.githubusercontent.com/thanglequoc/vietnamese-provinces-database/master/json/geojson/37_ninh_binh/wards/14620_phat_diem.geojson
14623,Xã Bình Minh,37,Tỉnh Ninh Bình,https://raw.githubusercontent.com/thanglequoc/vietnamese-provinces-database/master/json/geojson/37_ninh_binh/wards/14623_binh_minh.geojson
14638,Xã Kim Sơn,37,Tỉnh Ninh Bình,https://raw.githubusercontent.com/thanglequoc/vietnamese-provinces-database/master/json/geojson/37_ninh_binh/wards/14638_kim_son.geojson
14647,Xã Quang Thiện,37,Tỉnh Ninh Bình,https://raw.githubusercontent.com/thanglequoc/vietnamese-provinces-database/master/json/geojson/37_ninh_binh/wards/14647_quang_thien.geojson
14653,Xã Chất Bình,37,Tỉnh Ninh Bình,https://raw.githubusercontent.com/thanglequoc/vietnamese-provinces-database/master/json/geojson/37_ninh_binh/wards/14653_chat_binh.geojson
14674,Xã Lai Thành,37,Tỉnh Ninh Bình,https://raw.githubusercontent.com/thanglequoc/vietnamese-provinces-database/master/json/geojson/37_ninh_binh/wards/14674_lai_thanh.geojson
14677,Xã Định Hoá,37,Tỉnh Ninh Bình,https://raw.githubusercontent.com/thanglequoc/vietnamese-provinces-database/master/json/geojson/37_ninh_binh/wards/14677_dinh_hoa.geojson
14698,Xã Kim Đông,37,Tỉnh Ninh Bình,https://raw.githubusercontent.com/thanglequoc/vietnamese-provinces-database/master/json/geojson/37_ninh_binh/wards/14698_kim_dong.geojson
14701,Xã Yên Mô,37,Tỉnh Ninh Bình,https://raw.githubusercontent.com/thanglequoc/vietnamese-provinces-database/master/json/geojson/37_ninh_binh/wards/14701_yen_mo.geojson
14725,Phường Yên Thắng,37,Tỉnh Ninh Bình,https://raw.githubusercontent.com/thanglequoc/vietnamese-provinces-database/master/json/geojson/37_ninh_binh/wards/14725_yen_thang.geojson
14728,Xã Yên Từ,37,Tỉnh Ninh Bình,https://raw.githubusercontent.com/thanglequoc/vietnamese-provinces-database/master/json/geojson/37_ninh_binh/wards/14728_yen_tu.geojson
14743,Xã Yên Mạc,37,Tỉnh Ninh Bình,https://raw.githubusercontent.com/thanglequoc/vietnamese-provinces-database/master/json/geojson/37_ninh_binh/wards/14743_yen_mac.geojson
14746,Xã Đồng Thái,37,Tỉnh Ninh Bình,https://raw.githubusercontent.com/thanglequoc/vietnamese-provinces-database/master/json/geojson/37_ninh_binh/wards/14746_dong_thai.geojson
14758,Phường Hàm Rồng,38,Tỉnh Thanh Hoá,https://raw.githubusercontent.com/thanglequoc/vietnamese-provinces-database/master/json/geojson/38_thanh_hoa/wards/14758_ham_rong.geojson
14797,Phường Hạc Thành,38,Tỉnh Thanh Hoá,https://raw.githubusercontent.com/thanglequoc/vietnamese-provinces-database/master/json/geojson/38_thanh_hoa/wards/14797_hac_thanh.geojson
14812,Phường Bỉm Sơn,38,Tỉnh Thanh Hoá,https://raw.githubusercontent.com/thanglequoc/vietnamese-provinces-database/master/json/geojson/38_thanh_hoa/wards/14812_bim_son.geojson
14818,Phường Quang Trung,38,Tỉnh Thanh Hoá,https://raw.githubusercontent.com/thanglequoc/vietnamese-provinces-database/master/json/geojson/38_thanh_hoa/wards/14818_quang_trung.geojson
14845,Xã Mường Lát,38,Tỉnh Thanh Hoá,https://raw.githubusercontent.com/thanglequoc/vietnamese-provinces-database/master/json/geojson/38_thanh_hoa/wards/14845_muong_lat.geojson
14848,Xã Tam Chung,38,Tỉnh Thanh Hoá,https://raw.githubusercontent.com/thanglequoc/vietnamese-provinces-database/master/json/geojson/38_thanh_hoa/wards/14848_tam_chung.geojson
14854,Xã Mường Lý,38,Tỉnh Thanh Hoá,https://raw.githubusercontent.com/thanglequoc/vietnamese-provinces-database/master/json/geojson/38_thanh_hoa/wards/14854_muong_ly.geojson
14857,Xã Trung Lý,38,Tỉnh Thanh Hoá,https://raw.githubusercontent.com/thanglequoc/vietnamese-provinces-database/master/json/geojson/38_thanh_hoa/wards/14857_trung_ly.geojson
14860,Xã Quang Chiểu,38,Tỉnh Thanh Hoá,https://raw.githubusercontent.com/thanglequoc/vietnamese-provinces-database/master/json/geojson/38_thanh_hoa/wards/14860_quang_chieu.geojson
14863,Xã Pù Nhi,38,Tỉnh Thanh Hoá,https://raw.githubusercontent.com/thanglequoc/vietnamese-provinces-database/master/json/geojson/38_thanh_hoa/wards/14863_pu_nhi.geojson
14864,Xã Nhi Sơn,38,Tỉnh Thanh Hoá,https://raw.githubusercontent.com/thanglequoc/vietnamese-provinces-database/master/json/geojson/38_thanh_hoa/wards/14864_nhi_son.geojson
14866,Xã Mường Chanh,38,Tỉnh Thanh Hoá,https://raw.githubusercontent.com/thanglequoc/vietnamese-provinces-database/master/json/geojson/38_thanh_hoa/wards/14866_muong_chanh.geojson
14869,Xã Hồi Xuân,38,Tỉnh Thanh Hoá,https://raw.githubusercontent.com/thanglequoc/vietnamese-provinces-database/master/json/geojson/38_thanh_hoa/wards/14869_hoi_xuan.geojson
14872,Xã Trung Thành,38,Tỉnh Thanh Hoá,https://raw.githubusercontent.com/thanglequoc/vietnamese-provinces-database/master/json/geojson/38_thanh_hoa/wards/14872_trung_thanh.geojson
14875,Xã Trung Sơn,38,Tỉnh Thanh Hoá,https://raw.githubusercontent.com/thanglequoc/vietnamese-provinces-database/master/json/geojson/38_thanh_hoa/wards/14875_trung_son.geojson
14878,Xã Phú Lệ,38,Tỉnh Thanh Hoá,https://raw.githubusercontent.com/thanglequoc/vietnamese-provinces-database/master/json/geojson/38_thanh_hoa/wards/14878_phu_le.geojson
14890,Xã Phú Xuân,38,Tỉnh Thanh Hoá,https://raw.githubusercontent.com/thanglequoc/vietnamese-provinces-database/master/json/geojson/38_thanh_hoa/wards/14890_phu_xuan.geojson
14896,Xã Hiền Kiệt,38,Tỉnh Thanh Hoá,https://raw.githubusercontent.com/thanglequoc/vietnamese-provinces-database/master/json/geojson/38_thanh_hoa/wards/14896_hien_kiet.geojson
14902,Xã Nam Xuân,38,Tỉnh Thanh Hoá,https://raw.githubusercontent.com/thanglequoc/vietnamese-provinces-database/master/json/geojson/38_thanh_hoa/wards/14902_nam_xuan.geojson
14908,Xã Thiên Phủ,38,Tỉnh Thanh Hoá,https://raw.githubusercontent.com/thanglequoc/vietnamese-provinces-database/master/json/geojson/38_thanh_hoa/wards/14908_thien_phu.geojson
14923,Xã Bá Thước,38,Tỉnh Thanh Hoá,https://raw.githubusercontent.com/thanglequoc/vietnamese-provinces-database/master/json/geojson/38_thanh_hoa/wards/14923_ba_thuoc.geojson
14932,Xã Điền Quang,38,Tỉnh Thanh Hoá,https://raw.githubusercontent.com/thanglequoc/vietnamese-provinces-database/master/json/geojson/38_thanh_hoa/wards/14932_dien_quang.geojson
14950,Xã Điền Lư,38,Tỉnh Thanh Hoá,https://raw.githubusercontent.com/thanglequoc/vietnamese-provinces-database/master/json/geojson/38_thanh_hoa/wards/14950_dien_lu.geojson
14953,Xã Quý Lương,38,Tỉnh Thanh Hoá,https://raw.githubusercontent.com/thanglequoc/vietnamese-provinces-database/master/json/geojson/38_thanh_hoa/wards/14953_quy_luong.geojson
14956,Xã Pù Luông,38,Tỉnh Thanh Hoá,https://raw.githubusercontent.com/thanglequoc/vietnamese-provinces-database/master/json/geojson/38_thanh_hoa/wards/14956_pu_luong.geojson
14959,Xã Cổ Lũng,38,Tỉnh Thanh Hoá,https://raw.githubusercontent.com/thanglequoc/vietnamese-provinces-database/master/json/geojson/38_thanh_hoa/wards/14959_co_lung.geojson
14974,Xã Văn Nho,38,Tỉnh Thanh Hoá,https://raw.githubusercontent.com/thanglequoc/vietnamese-provinces-database/master/json/geojson/38_thanh_hoa/wards/14974_van_nho.geojson
14980,Xã Thiết Ống,38,Tỉnh Thanh Hoá,https://raw.githubusercontent.com/thanglequoc/vietnamese-provinces-database/master/json/geojson/38_thanh_hoa/wards/14980_thiet_ong.geojson
15001,Xã Trung Hạ,38,Tỉnh Thanh Hoá,https://raw.githubusercontent.com/thanglequoc/vietnamese-provinces-database/master/json/geojson/38_thanh_hoa/wards/15001_trung_ha.geojson
15007,Xã Tam Thanh,38,Tỉnh Thanh Hoá,https://raw.githubusercontent.com/thanglequoc/vietnamese-provinces-database/master/json/geojson/38_thanh_hoa/wards/15007_tam_thanh.geojson
15010,Xã Sơn Thuỷ,38,Tỉnh Thanh Hoá,https://raw.githubusercontent.com/thanglequoc/vietnamese-provinces-database/master/json/geojson/38_thanh_hoa/wards/15010_son_thuy.geojson
15013,Xã Na Mèo,38,Tỉnh Thanh Hoá,https://raw.githubusercontent.com/thanglequoc/vietnamese-provinces-database/master/json/geojson/38_thanh_hoa/wards/15013_na_meo.geojson
15016,Xã Quan Sơn,38,Tỉnh Thanh Hoá,https://raw.githubusercontent.com/thanglequoc/vietnamese-provinces-database/master/json/geojson/38_thanh_hoa/wards/15016_quan_son.geojson
15019,Xã Tam Lư,38,Tỉnh Thanh Hoá,https://raw.githubusercontent.com/thanglequoc/vietnamese-provinces-database/master/json/geojson/38_thanh_hoa/wards/15019_tam_lu.geojson
15022,Xã Sơn Điện,38,Tỉnh Thanh Hoá,https://raw.githubusercontent.com/thanglequoc/vietnamese-provinces-database/master/json/geojson/38_thanh_hoa/wards/15022_son_dien.geojson
15025,Xã Mường Mìn,38,Tỉnh Thanh Hoá,https://raw.githubusercontent.com/thanglequoc/vietnamese-provinces-database/master/json/geojson/38_thanh_hoa/wards/15025_muong_min.geojson
15031,Xã Yên Khương,38,Tỉnh Thanh Hoá,https://raw.githubusercontent.com/thanglequoc/vietnamese-provinces-database/master/json/geojson/38_thanh_hoa/wards/15031_yen_khuong.geojson
15034,Xã Yên Thắng,38,Tỉnh Thanh Hoá,https://raw.githubusercontent.com/thanglequoc/vietnamese-provinces-database/master/json/geojson/38_thanh_hoa/wards/15034_yen_thang.geojson
15043,Xã Giao An,38,Tỉnh Thanh Hoá,https://raw.githubusercontent.com/thanglequoc/vietnamese-provinces-database/master/json/geojson/38_thanh_hoa/wards/15043_giao_an.geojson
15049,Xã Văn Phú,38,Tỉnh Thanh Hoá,https://raw.githubusercontent.com/thanglequoc/vietnamese-provinces-database/master/json/geojson/38_thanh_hoa/wards/15049_van_phu.geojson
15055,Xã Linh Sơn,38,Tỉnh Thanh Hoá,https://raw.githubusercontent.com/thanglequoc/vietnamese-provinces-database/master/json/geojson/38_thanh_hoa/wards/15055_linh_son.geojson
15058,Xã Đồng Lương,38,Tỉnh Thanh Hoá,https://raw.githubusercontent.com/thanglequoc/vietnamese-provinces-database/master/json/geojson/38_thanh_hoa/wards/15058_dong_luong.geojson
15061,Xã Ngọc Lặc,38,Tỉnh Thanh Hoá,https://raw.githubusercontent.com/thanglequoc/vietnamese-provinces-database/master/json/geojson/38_thanh_hoa/wards/15061_ngoc_lac.geojson
15085,Xã Thạch Lập,38,Tỉnh Thanh Hoá,https://raw.githubusercontent.com/thanglequoc/vietnamese-provinces-database/master/json/geojson/38_thanh_hoa/wards/15085_thach_lap.geojson
15091,Xã Ngọc Liên,38,Tỉnh Thanh Hoá,https://raw.githubusercontent.com/thanglequoc/vietnamese-provinces-database/master/json/geojson/38_thanh_hoa/wards/15091_ngoc_lien.geojson
15106,Xã Nguyệt Ấn,38,Tỉnh Thanh Hoá,https://raw.githubusercontent.com/thanglequoc/vietnamese-provinces-database/master/json/geojson/38_thanh_hoa/wards/15106_nguyet_an.geojson
15112,Xã Kiên Thọ,38,Tỉnh Thanh Hoá,https://raw.githubusercontent.com/thanglequoc/vietnamese-provinces-database/master/json/geojson/38_thanh_hoa/wards/15112_kien_tho.geojson
15124,Xã Minh Sơn,38,Tỉnh Thanh Hoá,https://raw.githubusercontent.com/thanglequoc/vietnamese-provinces-database/master/json/geojson/38_thanh_hoa/wards/15124_minh_son.geojson
15127,Xã Cẩm Thuỷ,38,Tỉnh Thanh Hoá,https://raw.githubusercontent.com/thanglequoc/vietnamese-provinces-database/master/json/geojson/38_thanh_hoa/wards/15127_cam_thuy.geojson
15142,Xã Cẩm Thạch,38,Tỉnh Thanh Hoá,https://raw.githubusercontent.com/thanglequoc/vietnamese-provinces-database/master/json/geojson/38_thanh_hoa/wards/15142_cam_thach.geojson
15148,Xã Cẩm Tú,38,Tỉnh Thanh Hoá,https://raw.githubusercontent.com/thanglequoc/vietnamese-provinces-database/master/json/geojson/38_thanh_hoa/wards/15148_cam_tu.geojson
15163,Xã Cẩm Vân,38,Tỉnh Thanh Hoá,https://raw.githubusercontent.com/thanglequoc/vietnamese-provinces-database/master/json/geojson/38_thanh_hoa/wards/15163_cam_van.geojson
15178,Xã Cẩm Tân,38,Tỉnh Thanh Hoá,https://raw.githubusercontent.com/thanglequoc/vietnamese-provinces-database/master/json/geojson/38_thanh_hoa/wards/15178_cam_tan.geojson
15187,Xã Kim Tân,38,Tỉnh Thanh Hoá,https://raw.githubusercontent.com/thanglequoc/vietnamese-provinces-database/master/json/geojson/38_thanh_hoa/wards/15187_kim_tan.geojson
15190,Xã Vân Du,38,Tỉnh Thanh Hoá,https://raw.githubusercontent.com/thanglequoc/vietnamese-provinces-database/master/json/geojson/38_thanh_hoa/wards/15190_van_du.geojson
15199,Xã Thạch Quảng,38,Tỉnh Thanh Hoá,https://raw.githubusercontent.com/thanglequoc/vietnamese-provinces-database/master/json/geojson/38_thanh_hoa/wards/15199_thach_quang.geojson
15211,Xã Thạch Bình,38,Tỉnh Thanh Hoá,https://raw.githubusercontent.com/thanglequoc/vietnamese-provinces-database/master/json/geojson/38_thanh_hoa/wards/15211_thach_binh.geojson
15229,Xã Thành Vinh,38,Tỉnh Thanh Hoá,https://raw.githubusercontent.com/thanglequoc/vietnamese-provinces-database/master/json/geojson/38_thanh_hoa/wards/15229_thanh_vinh.geojson
15250,Xã Ngọc Trạo,38,Tỉnh Thanh Hoá,https://raw.githubusercontent.com/thanglequoc/vietnamese-provinces-database/master/json/geojson/38_thanh_hoa/wards/15250_ngoc_trao.geojson
15271,Xã Hà Trung,38,Tỉnh Thanh Hoá,https://raw.githubusercontent.com/thanglequoc/vietnamese-provinces-database/master/json/geojson/38_thanh_hoa/wards/15271_ha_trung.geojson
15274,Xã Hà Long,38,Tỉnh Thanh Hoá,https://raw.githubusercontent.com/thanglequoc/vietnamese-provinces-database/master/json/geojson/38_thanh_hoa/wards/15274_ha_long.geojson
15286,Xã Hoạt Giang,38,Tỉnh Thanh Hoá,https://raw.githubusercontent.com/thanglequoc/vietnamese-provinces-database/master/json/geojson/38_thanh_hoa/wards/15286_hoat_giang.geojson
15298,Xã Lĩnh Toại,38,Tỉnh Thanh Hoá,https://raw.githubusercontent.com/thanglequoc/vietnamese-provinces-database/master/json/geojson/38_thanh_hoa/wards/15298_linh_toai.geojson
15316,Xã Tống Sơn,38,Tỉnh Thanh Hoá,https://raw.githubusercontent.com/thanglequoc/vietnamese-provinces-database/master/json/geojson/38_thanh_hoa/wards/15316_tong_son.geojson
15349,Xã Vĩnh Lộc,38,Tỉnh Thanh Hoá,https://raw.githubusercontent.com/thanglequoc/vietnamese-provinces-database/master/json/geojson/38_thanh_hoa/wards/15349_vinh_loc.geojson
15361,Xã Tây Đô,38,Tỉnh Thanh Hoá,https://raw.githubusercontent.com/thanglequoc/vietnamese-provinces-database/master/json/geojson/38_thanh_hoa/wards/15361_tay_do.geojson
15382,Xã Biện Thượng,38,Tỉnh Thanh Hoá,https://raw.githubusercontent.com/thanglequoc/vietnamese-provinces-database/master/json/geojson/38_thanh_hoa/wards/15382_bien_thuong.geojson
15409,Xã Yên Phú,38,Tỉnh Thanh Hoá,https://raw.githubusercontent.com/thanglequoc/vietnamese-provinces-database/master/json/geojson/38_thanh_hoa/wards/15409_yen_phu.geojson
15412,Xã Quý Lộc,38,Tỉnh Thanh Hoá,https://raw.githubusercontent.com/thanglequoc/vietnamese-provinces-database/master/json/geojson/38_thanh_hoa/wards/15412_quy_loc.geojson
15421,Xã Yên Trường,38,Tỉnh Thanh Hoá,https://raw.githubusercontent.com/thanglequoc/vietnamese-provinces-database/master/json/geojson/38_thanh_hoa/wards/15421_yen_truong.geojson
15442,Xã Yên Ninh,38,Tỉnh Thanh Hoá,https://raw.githubusercontent.com/thanglequoc/vietnamese-provinces-database/master/json/geojson/38_thanh_hoa/wards/15442_yen_ninh.geojson
15448,Xã Định Hoà,38,Tỉnh Thanh Hoá,https://raw.githubusercontent.com/thanglequoc/vietnamese-provinces-database/master/json/geojson/38_thanh_hoa/wards/15448_dinh_hoa.geojson
15457,Xã Định Tân,38,Tỉnh Thanh Hoá,https://raw.githubusercontent.com/thanglequoc/vietnamese-provinces-database/master/json/geojson/38_thanh_hoa/wards/15457_dinh_tan.geojson
15469,Xã Yên Định,38,Tỉnh Thanh Hoá,https://raw.githubusercontent.com/thanglequoc/vietnamese-provinces-database/master/json/geojson/38_thanh_hoa/wards/15469_yen_dinh.geojson
15499,Xã Thọ Xuân,38,Tỉnh Thanh Hoá,https://raw.githubusercontent.com/thanglequoc/vietnamese-provinces-database/master/json/geojson/38_thanh_hoa/wards/15499_tho_xuan.geojson
15505,Xã Thọ Long,38,Tỉnh Thanh Hoá,https://raw.githubusercontent.com/thanglequoc/vietnamese-provinces-database/master/json/geojson/38_thanh_hoa/wards/15505_tho_long.geojson
15520,Xã Xuân Hoà,38,Tỉnh Thanh Hoá,https://raw.githubusercontent.com/thanglequoc/vietnamese-provinces-database/master/json/geojson/38_thanh_hoa/wards/15520_xuan_hoa.geojson
15544,Xã Lam Sơn,38,Tỉnh Thanh Hoá,https://raw.githubusercontent.com/thanglequoc/vietnamese-provinces-database/master/json/geojson/38_thanh_hoa/wards/15544_lam_son.geojson
15553,Xã Sao Vàng,38,Tỉnh Thanh Hoá,https://raw.githubusercontent.com/thanglequoc/vietnamese-provinces-database/master/json/geojson/38_thanh_hoa/wards/15553_sao_vang.geojson
15568,Xã Thọ Lập,38,Tỉnh Thanh Hoá,https://raw.githubusercontent.com/thanglequoc/vietnamese-provinces-database/master/json/geojson/38_thanh_hoa/wards/15568_tho_lap.geojson
15574,Xã Xuân Tín,38,Tỉnh Thanh Hoá,https://raw.githubusercontent.com/thanglequoc/vietnamese-provinces-database/master/json/geojson/38_thanh_hoa/wards/15574_xuan_tin.geojson
15592,Xã Xuân Lập,38,Tỉnh Thanh Hoá,https://raw.githubusercontent.com/thanglequoc/vietnamese-provinces-database/master/json/geojson/38_thanh_hoa/wards/15592_xuan_lap.geojson
15607,Xã Bát Mọt,38,Tỉnh Thanh Hoá,https://raw.githubusercontent.com/thanglequoc/vietnamese-provinces-database/master/json/geojson/38_thanh_hoa/wards/15607_bat_mot.geojson
15610,Xã Yên Nhân,38,Tỉnh Thanh Hoá,https://raw.githubusercontent.com/thanglequoc/vietnamese-provinces-database/master/json/geojson/38_thanh_hoa/wards/15610_yen_nhan.geojson
15622,Xã Vạn Xuân,38,Tỉnh Thanh Hoá,https://raw.githubusercontent.com/thanglequoc/vietnamese-provinces-database/master/json/geojson/38_thanh_hoa/wards/15622_van_xuan.geojson
15628,Xã Lương Sơn,38,Tỉnh Thanh Hoá,https://raw.githubusercontent.com/thanglequoc/vietnamese-provinces-database/master/json/geojson/38_thanh_hoa/wards/15628_luong_son.geojson
15634,Xã Luận Thành,38,Tỉnh Thanh Hoá,https://raw.githubusercontent.com/thanglequoc/vietnamese-provinces-database/master/json/geojson/38_thanh_hoa/wards/15634_luan_thanh.geojson
15643,Xã Thắng Lộc,38,Tỉnh Thanh Hoá,https://raw.githubusercontent.com/thanglequoc/vietnamese-provinces-database/master/json/geojson/38_thanh_hoa/wards/15643_thang_loc.geojson
15646,Xã Thường Xuân,38,Tỉnh Thanh Hoá,https://raw.githubusercontent.com/thanglequoc/vietnamese-provinces-database/master/json/geojson/38_thanh_hoa/wards/15646_thuong_xuan.geojson
15658,Xã Xuân Chinh,38,Tỉnh Thanh Hoá,https://raw.githubusercontent.com/thanglequoc/vietnamese-provinces-database/master/json/geojson/38_thanh_hoa/wards/15658_xuan_chinh.geojson
15661,Xã Tân Thành,38,Tỉnh Thanh Hoá,https://raw.githubusercontent.com/thanglequoc/vietnamese-provinces-database/master/json/geojson/38_thanh_hoa/wards/15661_tan_thanh.geojson
15664,Xã Triệu Sơn,38,Tỉnh Thanh Hoá,https://raw.githubusercontent.com/thanglequoc/vietnamese-provinces-database/master/json/geojson/38_thanh_hoa/wards/15664_trieu_son.geojson
15667,Xã Thọ Bình,38,Tỉnh Thanh Hoá,https://raw.githubusercontent.com/thanglequoc/vietnamese-provinces-database/master/json/geojson/38_thanh_hoa/wards/15667_tho_binh.geojson
15682,Xã Hợp Tiến,38,Tỉnh Thanh Hoá,https://raw.githubusercontent.com/thanglequoc/vietnamese-provinces-database/master/json/geojson/38_thanh_hoa/wards/15682_hop_tien.geojson
15715,Xã Tân Ninh,38,Tỉnh Thanh Hoá,https://raw.githubusercontent.com/thanglequoc/vietnamese-provinces-database/master/json/geojson/38_thanh_hoa/wards/15715_tan_ninh.geojson
15724,Xã Đồng Tiến,38,Tỉnh Thanh Hoá,https://raw.githubusercontent.com/thanglequoc/vietnamese-provinces-database/master/json/geojson/38_thanh_hoa/wards/15724_dong_tien.geojson
15754,Xã Thọ Ngọc,38,Tỉnh Thanh Hoá,https://raw.githubusercontent.com/thanglequoc/vietnamese-provinces-database/master/json/geojson/38_thanh_hoa/wards/15754_tho_ngoc.geojson
15763,Xã Thọ Phú,38,Tỉnh Thanh Hoá,https://raw.githubusercontent.com/thanglequoc/vietnamese-provinces-database/master/json/geojson/38_thanh_hoa/wards/15763_tho_phu.geojson
15766,Xã An Nông,38,Tỉnh Thanh Hoá,https://raw.githubusercontent.com/thanglequoc/vietnamese-provinces-database/master/json/geojson/38_thanh_hoa/wards/15766_an_nong.geojson
15772,Xã Thiệu Hoá,38,Tỉnh Thanh Hoá,https://raw.githubusercontent.com/thanglequoc/vietnamese-provinces-database/master/json/geojson/38_thanh_hoa/wards/15772_thieu_hoa.geojson
15778,Xã Thiệu Tiến,38,Tỉnh Thanh Hoá,https://raw.githubusercontent.com/thanglequoc/vietnamese-provinces-database/master/json/geojson/38_thanh_hoa/wards/15778_thieu_tien.geojson
15796,Xã Thiệu Quang,38,Tỉnh Thanh Hoá,https://raw.githubusercontent.com/thanglequoc/vietnamese-provinces-database/master/json/geojson/38_thanh_hoa/wards/15796_thieu_quang.geojson
15820,Xã Thiệu Toán,38,Tỉnh Thanh Hoá,https://raw.githubusercontent.com/thanglequoc/vietnamese-provinces-database/master/json/geojson/38_thanh_hoa/wards/15820_thieu_toan.geojson
15835,Xã Thiệu Trung,38,Tỉnh Thanh Hoá,https://raw.githubusercontent.com/thanglequoc/vietnamese-provinces-database/master/json/geojson/38_thanh_hoa/wards/15835_thieu_trung.geojson
15853,Phường Đông Tiến,38,Tỉnh Thanh Hoá,https://raw.githubusercontent.com/thanglequoc/vietnamese-provinces-database/master/json/geojson/38_thanh_hoa/wards/15853_dong_tien.geojson
15865,Xã Hoằng Hoá,38,Tỉnh Thanh Hoá,https://raw.githubusercontent.com/thanglequoc/vietnamese-provinces-database/master/json/geojson/38_thanh_hoa/wards/15865_hoang_hoa.geojson
15880,Xã Hoằng Giang,38,Tỉnh Thanh Hoá,https://raw.githubusercontent.com/thanglequoc/vietnamese-provinces-database/master/json/geojson/38_thanh_hoa/wards/15880_hoang_giang.geojson
15889,Xã Hoằng Phú,38,Tỉnh Thanh Hoá,https://raw.githubusercontent.com/thanglequoc/vietnamese-provinces-database/master/json/geojson/38_thanh_hoa/wards/15889_hoang_phu.geojson
15910,Xã Hoằng Sơn,38,Tỉnh Thanh Hoá,https://raw.githubusercontent.com/thanglequoc/vietnamese-provinces-database/master/json/geojson/38_thanh_hoa/wards/15910_hoang_son.geojson
15925,Phường Nguyệt Viên,38,Tỉnh Thanh Hoá,https://raw.githubusercontent.com/thanglequoc/vietnamese-provinces-database/master/json/geojson/38_thanh_hoa/wards/15925_nguyet_vien.geojson
15961,Xã Hoằng Lộc,38,Tỉnh Thanh Hoá,https://raw.githubusercontent.com/thanglequoc/vietnamese-provinces-database/master/json/geojson/38_thanh_hoa/wards/15961_hoang_loc.geojson
15976,Xã Hoằng Châu,38,Tỉnh Thanh Hoá,https://raw.githubusercontent.com/thanglequoc/vietnamese-provinces-database/master/json/geojson/38_thanh_hoa/wards/15976_hoang_chau.geojson
15991,Xã Hoằng Tiến,38,Tỉnh Thanh Hoá,https://raw.githubusercontent.com/thanglequoc/vietnamese-provinces-database/master/json/geojson/38_thanh_hoa/wards/15991_hoang_tien.geojson
16000,Xã Hoằng Thanh,38,Tỉnh Thanh Hoá,https://raw.githubusercontent.com/thanglequoc/vietnamese-provinces-database/master/json/geojson/38_thanh_hoa/wards/16000_hoang_thanh.geojson
16012,Xã Hậu Lộc,38,Tỉnh Thanh Hoá,https://raw.githubusercontent.com/thanglequoc/vietnamese-provinces-database/master/json/geojson/38_thanh_hoa/wards/16012_hau_loc.geojson
16021,Xã Triệu Lộc,38,Tỉnh Thanh Hoá,https://raw.githubusercontent.com/thanglequoc/vietnamese-provinces-database/master/json/geojson/38_thanh_hoa/wards/16021_trieu_loc.geojson
16033,Xã Đông Thành,38,Tỉnh Thanh Hoá,https://raw.githubusercontent.com/thanglequoc/vietnamese-provinces-database/master/json/geojson/38_thanh_hoa/wards/16033_dong_thanh.geojson
16072,Xã Hoa Lộc,38,Tỉnh Thanh Hoá,https://raw.githubusercontent.com/thanglequoc/vietnamese-provinces-database/master/json/geojson/38_thanh_hoa/wards/16072_hoa_loc.geojson
16078,Xã Vạn Lộc,38,Tỉnh Thanh Hoá,https://raw.githubusercontent.com/thanglequoc/vietnamese-provinces-database/master/json/geojson/38_thanh_hoa/wards/16078_van_loc.geojson
16093,Xã Nga Sơn,38,Tỉnh Thanh Hoá,https://raw.githubusercontent.com/thanglequoc/vietnamese-provinces-database/master/json/geojson/38_thanh_hoa/wards/16093_nga_son.geojson
16108,Xã Tân Tiến,38,Tỉnh Thanh Hoá,https://raw.githubusercontent.com/thanglequoc/vietnamese-provinces-database/master/json/geojson/38_thanh_hoa/wards/16108_tan_tien.geojson
16114,Xã Nga Thắng,38,Tỉnh Thanh Hoá,https://raw.githubusercontent.com/thanglequoc/vietnamese-provinces-database/master/json/geojson/38_thanh_hoa/wards/16114_nga_thang.geojson
16138,Xã Hồ Vương,38,Tỉnh Thanh Hoá,https://raw.githubusercontent.com/thanglequoc/vietnamese-provinces-database/master/json/geojson/38_thanh_hoa/wards/16138_ho_vuong.geojson
16144,Xã Nga An,38,Tỉnh Thanh Hoá,https://raw.githubusercontent.com/thanglequoc/vietnamese-provinces-database/master/json/geojson/38_thanh_hoa/wards/16144_nga_an.geojson
16171,Xã Ba Đình,38,Tỉnh Thanh Hoá,https://raw.githubusercontent.com/thanglequoc/vietnamese-provinces-database/master/json/geojson/38_thanh_hoa/wards/16171_ba_dinh.geojson
16174,Xã Như Xuân,38,Tỉnh Thanh Hoá,https://raw.githubusercontent.com/thanglequoc/vietnamese-provinces-database/master/json/geojson/38_thanh_hoa/wards/16174_nhu_xuan.geojson
16177,Xã Xuân Bình,38,Tỉnh Thanh Hoá,https://raw.githubusercontent.com/thanglequoc/vietnamese-provinces-database/master/json/geojson/38_thanh_hoa/wards/16177_xuan_binh.geojson
16186,Xã Hoá Quỳ,38,Tỉnh Thanh Hoá,https://raw.githubusercontent.com/thanglequoc/vietnamese-provinces-database/master/json/geojson/38_thanh_hoa/wards/16186_hoa_quy.geojson
16213,Xã Thanh Phong,38,Tỉnh Thanh Hoá,https://raw.githubusercontent.com/thanglequoc/vietnamese-provinces-database/master/json/geojson/38_thanh_hoa/wards/16213_thanh_phong.geojson
16222,Xã Thanh Quân,38,Tỉnh Thanh Hoá,https://raw.githubusercontent.com/thanglequoc/vietnamese-provinces-database/master/json/geojson/38_thanh_hoa/wards/16222_thanh_quan.geojson
16225,Xã Thượng Ninh,38,Tỉnh Thanh Hoá,https://raw.githubusercontent.com/thanglequoc/vietnamese-provinces-database/master/json/geojson/38_thanh_hoa/wards/16225_thuong_ninh.geojson
16228,Xã Như Thanh,38,Tỉnh Thanh Hoá,https://raw.githubusercontent.com/thanglequoc/vietnamese-provinces-database/master/json/geojson/38_thanh_hoa/wards/16228_nhu_thanh.geojson
16234,Xã Xuân Du,38,Tỉnh Thanh Hoá,https://raw.githubusercontent.com/thanglequoc/vietnamese-provinces-database/master/json/geojson/38_thanh_hoa/wards/16234_xuan_du.geojson
16249,Xã Mậu Lâm,38,Tỉnh Thanh Hoá,https://raw.githubusercontent.com/thanglequoc/vietnamese-provinces-database/master/json/geojson/38_thanh_hoa/wards/16249_mau_lam.geojson
16258,Xã Xuân Thái,38,Tỉnh Thanh Hoá,https://raw.githubusercontent.com/thanglequoc/vietnamese-provinces-database/master/json/geojson/38_thanh_hoa/wards/16258_xuan_thai.geojson
16264,Xã Yên Thọ,38,Tỉnh Thanh Hoá,https://raw.githubusercontent.com/thanglequoc/vietnamese-provinces-database/master/json/geojson/38_thanh_hoa/wards/16264_yen_tho.geojson
16273,Xã Thanh Kỳ,38,Tỉnh Thanh Hoá,https://raw.githubusercontent.com/thanglequoc/vietnamese-provinces-database/master/json/geojson/38_thanh_hoa/wards/16273_thanh_ky.geojson
16279,Xã Nông Cống,38,Tỉnh Thanh Hoá,https://raw.githubusercontent.com/thanglequoc/vietnamese-provinces-database/master/json/geojson/38_thanh_hoa/wards/16279_nong_cong.geojson
16297,Xã Trung Chính,38,Tỉnh Thanh Hoá,https://raw.githubusercontent.com/thanglequoc/vietnamese-provinces-database/master/json/geojson/38_thanh_hoa/wards/16297_trung_chinh.geojson
16309,Xã Thắng Lợi,38,Tỉnh Thanh Hoá,https://raw.githubusercontent.com/thanglequoc/vietnamese-provinces-database/master/json/geojson/38_thanh_hoa/wards/16309_thang_loi.geojson
16342,Xã Thăng Bình,38,Tỉnh Thanh Hoá,https://raw.githubusercontent.com/thanglequoc/vietnamese-provinces-database/master/json/geojson/38_thanh_hoa/wards/16342_thang_binh.geojson
16348,Xã Trường Văn,38,Tỉnh Thanh Hoá,https://raw.githubusercontent.com/thanglequoc/vietnamese-provinces-database/master/json/geojson/38_thanh_hoa/wards/16348_truong_van.geojson
16363,Xã Tượng Lĩnh,38,Tỉnh Thanh Hoá,https://raw.githubusercontent.com/thanglequoc/vietnamese-provinces-database/master/json/geojson/38_thanh_hoa/wards/16363_tuong_linh.geojson
16369,Xã Công Chính,38,Tỉnh Thanh Hoá,https://raw.githubusercontent.com/thanglequoc/vietnamese-provinces-database/master/json/geojson/38_thanh_hoa/wards/16369_cong_chinh.geojson
16378,Phường Đông Sơn,38,Tỉnh Thanh Hoá,https://raw.githubusercontent.com/thanglequoc/vietnamese-provinces-database/master/json/geojson/38_thanh_hoa/wards/16378_dong_son.geojson
16417,Phường Đông Quang,38,Tỉnh Thanh Hoá,https://raw.githubusercontent.com/thanglequoc/vietnamese-provinces-database/master/json/geojson/38_thanh_hoa/wards/16417_dong_quang.geojson
16438,Xã Lưu Vệ,38,Tỉnh Thanh Hoá,https://raw.githubusercontent.com/thanglequoc/vietnamese-provinces-database/master/json/geojson/38_thanh_hoa/wards/16438_luu_ve.geojson
16480,Xã Quảng Yên,38,Tỉnh Thanh Hoá,https://raw.githubusercontent.com/thanglequoc/vietnamese-provinces-database/master/json/geojson/38_thanh_hoa/wards/16480_quang_yen.geojson
16489,Xã Quảng Chính,38,Tỉnh Thanh Hoá,https://raw.githubusercontent.com/thanglequoc/vietnamese-provinces-database/master/json/geojson/38_thanh_hoa/wards/16489_quang_chinh.geojson
16498,Xã Quảng Ngọc,38,Tỉnh Thanh Hoá,https://raw.githubusercontent.com/thanglequoc/vietnamese-provinces-database/master/json/geojson/38_thanh_hoa/wards/16498_quang_ngoc.geojson
16516,Phường Nam Sầm Sơn,38,Tỉnh Thanh Hoá,https://raw.githubusercontent.com/thanglequoc/vietnamese-provinces-database/master/json/geojson/38_thanh_hoa/wards/16516_nam_sam_son.geojson
16522,Phường Quảng Phú,38,Tỉnh Thanh Hoá,https://raw.githubusercontent.com/thanglequoc/vietnamese-provinces-database/master/json/geojson/38_thanh_hoa/wards/16522_quang_phu.geojson
16531,Phường Sầm Sơn,38,Tỉnh Thanh Hoá,https://raw.githubusercontent.com/thanglequoc/vietnamese-provinces-database/master/json/geojson/38_thanh_hoa/wards/16531_sam_son.geojson
16540,Xã Quảng Ninh,38,Tỉnh Thanh Hoá,https://raw.githubusercontent.com/thanglequoc/vietnamese-provinces-database/master/json/geojson/38_thanh_hoa/wards/16540_quang_ninh.geojson
16543,Xã Quảng Bình,38,Tỉnh Thanh Hoá,https://raw.githubusercontent.com/thanglequoc/vietnamese-provinces-database/master/json/geojson/38_thanh_hoa/wards/16543_quang_binh.geojson
16549,Xã Tiên Trang,38,Tỉnh Thanh Hoá,https://raw.githubusercontent.com/thanglequoc/vietnamese-provinces-database/master/json/geojson/38_thanh_hoa/wards/16549_tien_trang.geojson
16561,Phường Tĩnh Gia,38,Tỉnh Thanh Hoá,https://raw.githubusercontent.com/thanglequoc/vietnamese-provinces-database/master/json/geojson/38_thanh_hoa/wards/16561_tinh_gia.geojson
16576,Phường Ngọc Sơn,38,Tỉnh Thanh Hoá,https://raw.githubusercontent.com/thanglequoc/vietnamese-provinces-database/master/json/geojson/38_thanh_hoa/wards/16576_ngoc_son.geojson
16591,Xã Các Sơn,38,Tỉnh Thanh Hoá,https://raw.githubusercontent.com/thanglequoc/vietnamese-provinces-database/master/json/geojson/38_thanh_hoa/wards/16591_cac_son.geojson
16594,Phường Tân Dân,38,Tỉnh Thanh Hoá,https://raw.githubusercontent.com/thanglequoc/vietnamese-provinces-database/master/json/geojson/38_thanh_hoa/wards/16594_tan_dan.geojson
16597,Phường Hải Lĩnh,38,Tỉnh Thanh Hoá,https://raw.githubusercontent.com/thanglequoc/vietnamese-provinces-database/master/json/geojson/38_thanh_hoa/wards/16597_hai_linh.geojson
16609,Phường Đào Duy Từ,38,Tỉnh Thanh Hoá,https://raw.githubusercontent.com/thanglequoc/vietnamese-provinces-database/master/json/geojson/38_thanh_hoa/wards/16609_dao_duy_tu.geojson
16624,Phường Trúc Lâm,38,Tỉnh Thanh Hoá,https://raw.githubusercontent.com/thanglequoc/vietnamese-provinces-database/master/json/geojson/38_thanh_hoa/wards/16624_truc_lam.geojson
16636,Xã Trường Lâm,38,Tỉnh Thanh Hoá,https://raw.githubusercontent.com/thanglequoc/vietnamese-provinces-database/master/json/geojson/38_thanh_hoa/wards/16636_truong_lam.geojson
16645,Phường Hải Bình,38,Tỉnh Thanh Hoá,https://raw.githubusercontent.com/thanglequoc/vietnamese-provinces-database/master/json/geojson/38_thanh_hoa/wards/16645_hai_binh.geojson
16654,Phường Nghi Sơn,38,Tỉnh Thanh Hoá,https://raw.githubusercontent.com/thanglequoc/vietnamese-provinces-database/master/json/geojson/38_thanh_hoa/wards/16654_nghi_son.geojson
16681,Phường Thành Vinh,40,Tỉnh Nghệ An,https://raw.githubusercontent.com/thanglequoc/vietnamese-provinces-database/master/json/geojson/40_nghe_an/wards/16681_thanh_vinh.geojson
16690,Phường Trường Vinh,40,Tỉnh Nghệ An,https://raw.githubusercontent.com/thanglequoc/vietnamese-provinces-database/master/json/geojson/40_nghe_an/wards/16690_truong_vinh.geojson
16702,Phường Vinh Phú,40,Tỉnh Nghệ An,https://raw.githubusercontent.com/thanglequoc/vietnamese-provinces-database/master/json/geojson/40_nghe_an/wards/16702_vinh_phu.geojson
16708,Phường Vinh Lộc,40,Tỉnh Nghệ An,https://raw.githubusercontent.com/thanglequoc/vietnamese-provinces-database/master/json/geojson/40_nghe_an/wards/16708_vinh_loc.geojson
16732,Phường Cửa Lò,40,Tỉnh Nghệ An,https://raw.githubusercontent.com/thanglequoc/vietnamese-provinces-database/master/json/geojson/40_nghe_an/wards/16732_cua_lo.geojson
16738,Xã Quế Phong,40,Tỉnh Nghệ An,https://raw.githubusercontent.com/thanglequoc/vietnamese-provinces-database/master/json/geojson/40_nghe_an/wards/16738_que_phong.geojson
16744,Xã Thông Thụ,40,Tỉnh Nghệ An,https://raw.githubusercontent.com/thanglequoc/vietnamese-provinces-database/master/json/geojson/40_nghe_an/wards/16744_thong_thu.geojson
16750,Xã Tiền Phong,40,Tỉnh Nghệ An,https://raw.githubusercontent.com/thanglequoc/vietnamese-provinces-database/master/json/geojson/40_nghe_an/wards/16750_tien_phong.geojson
16756,Xã Tri Lễ,40,Tỉnh Nghệ An,https://raw.githubusercontent.com/thanglequoc/vietnamese-provinces-database/master/json/geojson/40_nghe_an/wards/16756_tri_le.geojson
16774,Xã Mường Quàng,40,Tỉnh Nghệ An,https://raw.githubusercontent.com/thanglequoc/vietnamese-provinces-database/master/json/geojson/40_nghe_an/wards/16774_muong_quang.geojson
16777,Xã Quỳ Châu,40,Tỉnh Nghệ An,https://raw.githubusercontent.com/thanglequoc/vietnamese-provinces-database/master/json/geojson/40_nghe_an/wards/16777_quy_chau.geojson
16792,Xã Châu Tiến,40,Tỉnh Nghệ An,https://raw.githubusercontent.com/thanglequoc/vietnamese-provinces-database/master/json/geojson/40_nghe_an/wards/16792_chau_tien.geojson
16801,Xã Hùng Chân,40,Tỉnh Nghệ An,https://raw.githubusercontent.com/thanglequoc/vietnamese-provinces-database/master/json/geojson/40_nghe_an/wards/16801_hung_chan.geojson
16804,Xã Châu Bình,40,Tỉnh Nghệ An,https://raw.githubusercontent.com/thanglequoc/vietnamese-provinces-database/master/json/geojson/40_nghe_an/wards/16804_chau_binh.geojson
16813,Xã Mường Xén,40,Tỉnh Nghệ An,https://raw.githubusercontent.com/thanglequoc/vietnamese-provinces-database/master/json/geojson/40_nghe_an/wards/16813_muong_xen.geojson
16816,Xã Mỹ Lý,40,Tỉnh Nghệ An,https://raw.githubusercontent.com/thanglequoc/vietnamese-provinces-database/master/json/geojson/40_nghe_an/wards/16816_my_ly.geojson
16819,Xã Bắc Lý,40,Tỉnh Nghệ An,https://raw.githubusercontent.com/thanglequoc/vietnamese-provinces-database/master/json/geojson/40_nghe_an/wards/16819_bac_ly.geojson
16822,Xã Keng Đu,40,Tỉnh Nghệ An,https://raw.githubusercontent.com/thanglequoc/vietnamese-provinces-database/master/json/geojson/40_nghe_an/wards/16822_keng_du.geojson
16828,Xã Huồi Tụ,40,Tỉnh Nghệ An,https://raw.githubusercontent.com/thanglequoc/vietnamese-provinces-database/master/json/geojson/40_nghe_an/wards/16828_huoi_tu.geojson
16831,Xã Mường Lống,40,Tỉnh Nghệ An,https://raw.githubusercontent.com/thanglequoc/vietnamese-provinces-database/master/json/geojson/40_nghe_an/wards/16831_muong_long.geojson
16834,Xã Na Loi,40,Tỉnh Nghệ An,https://raw.githubusercontent.com/thanglequoc/vietnamese-provinces-database/master/json/geojson/40_nghe_an/wards/16834_na_loi.geojson
16837,Xã Nậm Cắn,40,Tỉnh Nghệ An,https://raw.githubusercontent.com/thanglequoc/vietnamese-provinces-database/master/json/geojson/40_nghe_an/wards/16837_nam_can.geojson
16849,Xã Hữu Kiệm,40,Tỉnh Nghệ An,https://raw.githubusercontent.com/thanglequoc/vietnamese-provinces-database/master/json/geojson/40_nghe_an/wards/16849_huu_kiem.geojson
16855,Xã Chiêu Lưu,40,Tỉnh Nghệ An,https://raw.githubusercontent.com/thanglequoc/vietnamese-provinces-database/master/json/geojson/40_nghe_an/wards/16855_chieu_luu.geojson
16858,Xã Mường Típ,40,Tỉnh Nghệ An,https://raw.githubusercontent.com/thanglequoc/vietnamese-provinces-database/master/json/geojson/40_nghe_an/wards/16858_muong_tip.geojson
16870,Xã Na Ngoi,40,Tỉnh Nghệ An,https://raw.githubusercontent.com/thanglequoc/vietnamese-provinces-database/master/json/geojson/40_nghe_an/wards/16870_na_ngoi.geojson
16876,Xã Tương Dương,40,Tỉnh Nghệ An,https://raw.githubusercontent.com/thanglequoc/vietnamese-provinces-database/master/json/geojson/40_nghe_an/wards/16876_tuong_duong.geojson
16882,Xã Nhôn Mai,40,Tỉnh Nghệ An,https://raw.githubusercontent.com/thanglequoc/vietnamese-provinces-database/master/json/geojson/40_nghe_an/wards/16882_nhon_mai.geojson
16885,Xã Hữu Khuông,40,Tỉnh Nghệ An,https://raw.githubusercontent.com/thanglequoc/vietnamese-provinces-database/master/json/geojson/40_nghe_an/wards/16885_huu_khuong.geojson
16903,Xã Nga My,40,Tỉnh Nghệ An,https://raw.githubusercontent.com/thanglequoc/vietnamese-provinces-database/master/json/geojson/40_nghe_an/wards/16903_nga_my.geojson
16906,Xã Lượng Minh,40,Tỉnh Nghệ An,https://raw.githubusercontent.com/thanglequoc/vietnamese-provinces-database/master/json/geojson/40_nghe_an/wards/16906_luong_minh.geojson
16909,Xã Yên Hoà,40,Tỉnh Nghệ An,https://raw.githubusercontent.com/thanglequoc/vietnamese-provinces-database/master/json/geojson/40_nghe_an/wards/16909_yen_hoa.geojson
16912,Xã Yên Na,40,Tỉnh Nghệ An,https://raw.githubusercontent.com/thanglequoc/vietnamese-provinces-database/master/json/geojson/40_nghe_an/wards/16912_yen_na.geojson
16933,Xã Tam Quang,40,Tỉnh Nghệ An,https://raw.githubusercontent.com/thanglequoc/vietnamese-provinces-database/master/json/geojson/40_nghe_an/wards/16933_tam_quang.geojson
16936,Xã Tam Thái,40,Tỉnh Nghệ An,https://raw.githubusercontent.com/thanglequoc/vietnamese-provinces-database/master/json/geojson/40_nghe_an/wards/16936_tam_thai.geojson
16939,Phường Thái Hoà,40,Tỉnh Nghệ An,https://raw.githubusercontent.com/thanglequoc/vietnamese-provinces-database/master/json/geojson/40_nghe_an/wards/16939_thai_hoa.geojson
16941,Xã Nghĩa Đàn,40,Tỉnh Nghệ An,https://raw.githubusercontent.com/thanglequoc/vietnamese-provinces-database/master/json/geojson/40_nghe_an/wards/16941_nghia_dan.geojson
16951,Xã Nghĩa Lâm,40,Tỉnh Nghệ An,https://raw.githubusercontent.com/thanglequoc/vietnamese-provinces-database/master/json/geojson/40_nghe_an/wards/16951_nghia_lam.geojson
16969,Xã Nghĩa Thọ,40,Tỉnh Nghệ An,https://raw.githubusercontent.com/thanglequoc/vietnamese-provinces-database/master/json/geojson/40_nghe_an/wards/16969_nghia_tho.geojson
16972,Xã Nghĩa Hưng,40,Tỉnh Nghệ An,https://raw.githubusercontent.com/thanglequoc/vietnamese-provinces-database/master/json/geojson/40_nghe_an/wards/16972_nghia_hung.geojson
16975,Xã Nghĩa Mai,40,Tỉnh Nghệ An,https://raw.githubusercontent.com/thanglequoc/vietnamese-provinces-database/master/json/geojson/40_nghe_an/wards/16975_nghia_mai.geojson
17011,Phường Tây Hiếu,40,Tỉnh Nghệ An,https://raw.githubusercontent.com/thanglequoc/vietnamese-provinces-database/master/json/geojson/40_nghe_an/wards/17011_tay_hieu.geojson
17017,Xã Đông Hiếu,40,Tỉnh Nghệ An,https://raw.githubusercontent.com/thanglequoc/vietnamese-provinces-database/master/json/geojson/40_nghe_an/wards/17017_dong_hieu.geojson
17029,Xã Nghĩa Lộc,40,Tỉnh Nghệ An,https://raw.githubusercontent.com/thanglequoc/vietnamese-provinces-database/master/json/geojson/40_nghe_an/wards/17029_nghia_loc.geojson
17032,Xã Nghĩa Khánh,40,Tỉnh Nghệ An,https://raw.githubusercontent.com/thanglequoc/vietnamese-provinces-database/master/json/geojson/40_nghe_an/wards/17032_nghia_khanh.geojson
17035,Xã Quỳ Hợp,40,Tỉnh Nghệ An,https://raw.githubusercontent.com/thanglequoc/vietnamese-provinces-database/master/json/geojson/40_nghe_an/wards/17035_quy_hop.geojson
17044,Xã Châu Hồng,40,Tỉnh Nghệ An,https://raw.githubusercontent.com/thanglequoc/vietnamese-provinces-database/master/json/geojson/40_nghe_an/wards/17044_chau_hong.geojson
17056,Xã Châu Lộc,40,Tỉnh Nghệ An,https://raw.githubusercontent.com/thanglequoc/vietnamese-provinces-database/master/json/geojson/40_nghe_an/wards/17056_chau_loc.geojson
17059,Xã Tam Hợp,40,Tỉnh Nghệ An,https://raw.githubusercontent.com/thanglequoc/vietnamese-provinces-database/master/json/geojson/40_nghe_an/wards/17059_tam_hop.geojson
17071,Xã Minh Hợp,40,Tỉnh Nghệ An,https://raw.githubusercontent.com/thanglequoc/vietnamese-provinces-database/master/json/geojson/40_nghe_an/wards/17071_minh_hop.geojson
17077,Xã Mường Ham,40,Tỉnh Nghệ An,https://raw.githubusercontent.com/thanglequoc/vietnamese-provinces-database/master/json/geojson/40_nghe_an/wards/17077_muong_ham.geojson
17089,Xã Mường Chọng,40,Tỉnh Nghệ An,https://raw.githubusercontent.com/thanglequoc/vietnamese-provinces-database/master/json/geojson/40_nghe_an/wards/17089_muong_chong.geojson
17110,Phường Hoàng Mai,40,Tỉnh Nghệ An,https://raw.githubusercontent.com/thanglequoc/vietnamese-provinces-database/master/json/geojson/40_nghe_an/wards/17110_hoang_mai.geojson
17125,Phường Quỳnh Mai,40,Tỉnh Nghệ An,https://raw.githubusercontent.com/thanglequoc/vietnamese-provinces-database/master/json/geojson/40_nghe_an/wards/17125_quynh_mai.geojson
17128,Phường Tân Mai,40,Tỉnh Nghệ An,https://raw.githubusercontent.com/thanglequoc/vietnamese-provinces-database/master/json/geojson/40_nghe_an/wards/17128_tan_mai.geojson
17143,Xã Quỳnh Văn,40,Tỉnh Nghệ An,https://raw.githubusercontent.com/thanglequoc/vietnamese-provinces-database/master/json/geojson/40_nghe_an/wards/17143_quynh_van.geojson
17149,Xã Quỳnh Tam,40,Tỉnh Nghệ An,https://raw.githubusercontent.com/thanglequoc/vietnamese-provinces-database/master/json/geojson/40_nghe_an/wards/17149_quynh_tam.geojson
17170,Xã Quỳnh Sơn,40,Tỉnh Nghệ An,https://raw.githubusercontent.com/thanglequoc/vietnamese-provinces-database/master/json/geojson/40_nghe_an/wards/17170_quynh_son.geojson
17176,Xã Quỳnh Anh,40,Tỉnh Nghệ An,https://raw.githubusercontent.com/thanglequoc/vietnamese-provinces-database/master/json/geojson/40_nghe_an/wards/17176_quynh_anh.geojson
17179,Xã Quỳnh Lưu,40,Tỉnh Nghệ An,https://raw.githubusercontent.com/thanglequoc/vietnamese-provinces-database/master/json/geojson/40_nghe_an/wards/17179_quynh_luu.geojson
17212,Xã Quỳnh Phú,40,Tỉnh Nghệ An,https://raw.githubusercontent.com/thanglequoc/vietnamese-provinces-database/master/json/geojson/40_nghe_an/wards/17212_quynh_phu.geojson
17224,Xã Quỳnh Thắng,40,Tỉnh Nghệ An,https://raw.githubusercontent.com/thanglequoc/vietnamese-provinces-database/master/json/geojson/40_nghe_an/wards/17224_quynh_thang.geojson
17230,Xã Bình Chuẩn,40,Tỉnh Nghệ An,https://raw.githubusercontent.com/thanglequoc/vietnamese-provinces-database/master/json/geojson/40_nghe_an/wards/17230_binh_chuan.geojson
17239,Xã Mậu Thạch,40,Tỉnh Nghệ An,https://raw.githubusercontent.com/thanglequoc/vietnamese-provinces-database/master/json/geojson/40_nghe_an/wards/17239_mau_thach.geojson
17242,Xã Cam Phục,40,Tỉnh Nghệ An,https://raw.githubusercontent.com/thanglequoc/vietnamese-provinces-database/master/json/geojson/40_nghe_an/wards/17242_cam_phuc.geojson
17248,Xã Châu Khê,40,Tỉnh Nghệ An,https://raw.githubusercontent.com/thanglequoc/vietnamese-provinces-database/master/json/geojson/40_nghe_an/wards/17248_chau_khe.geojson
17254,Xã Con Cuông,40,Tỉnh Nghệ An,https://raw.githubusercontent.com/thanglequoc/vietnamese-provinces-database/master/json/geojson/40_nghe_an/wards/17254_con_cuong.geojson
17263,Xã Môn Sơn,40,Tỉnh Nghệ An,https://raw.githubusercontent.com/thanglequoc/vietnamese-provinces-database/master/json/geojson/40_nghe_an/wards/17263_mon_son.geojson
17266,Xã Tân Kỳ,40,Tỉnh Nghệ An,https://raw.githubusercontent.com/thanglequoc/vietnamese-provinces-database/master/json/geojson/40_nghe_an/wards/17266_tan_ky.geojson
17272,Xã Tân Phú,40,Tỉnh Nghệ An,https://raw.githubusercontent.com/thanglequoc/vietnamese-provinces-database/master/json/geojson/40_nghe_an/wards/17272_tan_phu.geojson
17278,Xã Giai Xuân,40,Tỉnh Nghệ An,https://raw.githubusercontent.com/thanglequoc/vietnamese-provinces-database/master/json/geojson/40_nghe_an/wards/17278_giai_xuan.geojson
17284,Xã Nghĩa Đồng,40,Tỉnh Nghệ An,https://raw.githubusercontent.com/thanglequoc/vietnamese-provinces-database/master/json/geojson/40_nghe_an/wards/17284_nghia_dong.geojson
17287,Xã Tiên Đồng,40,Tỉnh Nghệ An,https://raw.githubusercontent.com/thanglequoc/vietnamese-provinces-database/master/json/geojson/40_nghe_an/wards/17287_tien_dong.geojson
17305,Xã Tân An,40,Tỉnh Nghệ An,https://raw.githubusercontent.com/thanglequoc/vietnamese-provinces-database/master/json/geojson/40_nghe_an/wards/17305_tan_an.geojson
17326,Xã Nghĩa Hành,40,Tỉnh Nghệ An,https://raw.githubusercontent.com/thanglequoc/vietnamese-provinces-database/master/json/geojson/40_nghe_an/wards/17326_nghia_hanh.geojson
17329,Xã Anh Sơn,40,Tỉnh Nghệ An,https://raw.githubusercontent.com/thanglequoc/vietnamese-provinces-database/master/json/geojson/40_nghe_an/wards/17329_anh_son.geojson
17335,Xã Thành Bình Thọ,40,Tỉnh Nghệ An,https://raw.githubusercontent.com/thanglequoc/vietnamese-provinces-database/master/json/geojson/40_nghe_an/wards/17335_thanh_binh_tho.geojson
17344,Xã Nhân Hoà,40,Tỉnh Nghệ An,https://raw.githubusercontent.com/thanglequoc/vietnamese-provinces-database/master/json/geojson/40_nghe_an/wards/17344_nhan_hoa.geojson
17357,Xã Vĩnh Tường,40,Tỉnh Nghệ An,https://raw.githubusercontent.com/thanglequoc/vietnamese-provinces-database/master/json/geojson/40_nghe_an/wards/17357_vinh_tuong.geojson
17365,Xã Anh Sơn Đông,40,Tỉnh Nghệ An,https://raw.githubusercontent.com/thanglequoc/vietnamese-provinces-database/master/json/geojson/40_nghe_an/wards/17365_anh_son_dong.geojson
17380,Xã Yên Xuân,40,Tỉnh Nghệ An,https://raw.githubusercontent.com/thanglequoc/vietnamese-provinces-database/master/json/geojson/40_nghe_an/wards/17380_yen_xuan.geojson
17395,Xã Hùng Châu,40,Tỉnh Nghệ An,https://raw.githubusercontent.com/thanglequoc/vietnamese-provinces-database/master/json/geojson/40_nghe_an/wards/17395_hung_chau.geojson
17416,Xã Đức Châu,40,Tỉnh Nghệ An,https://raw.githubusercontent.com/thanglequoc/vietnamese-provinces-database/master/json/geojson/40_nghe_an/wards/17416_duc_chau.geojson
17419,Xã Hải Châu,40,Tỉnh Nghệ An,https://raw.githubusercontent.com/thanglequoc/vietnamese-provinces-database/master/json/geojson/40_nghe_an/wards/17419_hai_chau.geojson
17443,Xã Quảng Châu,40,Tỉnh Nghệ An,https://raw.githubusercontent.com/thanglequoc/vietnamese-provinces-database/master/json/geojson/40_nghe_an/wards/17443_quang_chau.geojson
17464,Xã Diễn Châu,40,Tỉnh Nghệ An,https://raw.githubusercontent.com/thanglequoc/vietnamese-provinces-database/master/json/geojson/40_nghe_an/wards/17464_dien_chau.geojson
17476,Xã Minh Châu,40,Tỉnh Nghệ An,https://raw.githubusercontent.com/thanglequoc/vietnamese-provinces-database/master/json/geojson/40_nghe_an/wards/17476_minh_chau.geojson
17479,Xã An Châu,40,Tỉnh Nghệ An,https://raw.githubusercontent.com/thanglequoc/vietnamese-provinces-database/master/json/geojson/40_nghe_an/wards/17479_an_chau.geojson
17488,Xã Tân Châu,40,Tỉnh Nghệ An,https://raw.githubusercontent.com/thanglequoc/vietnamese-provinces-database/master/json/geojson/40_nghe_an/wards/17488_tan_chau.geojson
17506,Xã Yên Thành,40,Tỉnh Nghệ An,https://raw.githubusercontent.com/thanglequoc/vietnamese-provinces-database/master/json/geojson/40_nghe_an/wards/17506_yen_thanh.geojson
17515,Xã Bình Minh,40,Tỉnh Nghệ An,https://raw.githubusercontent.com/thanglequoc/vietnamese-provinces-database/master/json/geojson/40_nghe_an/wards/17515_binh_minh.geojson
17521,Xã Quang Đồng,40,Tỉnh Nghệ An,https://raw.githubusercontent.com/thanglequoc/vietnamese-provinces-database/master/json/geojson/40_nghe_an/wards/17521_quang_dong.geojson
17524,Xã Giai Lạc,40,Tỉnh Nghệ An,https://raw.githubusercontent.com/thanglequoc/vietnamese-provinces-database/master/json/geojson/40_nghe_an/wards/17524_giai_lac.geojson
17530,Xã Đông Thành,40,Tỉnh Nghệ An,https://raw.githubusercontent.com/thanglequoc/vietnamese-provinces-database/master/json/geojson/40_nghe_an/wards/17530_dong_thanh.geojson
17560,Xã Vân Du,40,Tỉnh Nghệ An,https://raw.githubusercontent.com/thanglequoc/vietnamese-provinces-database/master/json/geojson/40_nghe_an/wards/17560_van_du.geojson
17569,Xã Quan Thành,40,Tỉnh Nghệ An,https://raw.githubusercontent.com/thanglequoc/vietnamese-provinces-database/master/json/geojson/40_nghe_an/wards/17569_quan_thanh.geojson
17605,Xã Hợp Minh,40,Tỉnh Nghệ An,https://raw.githubusercontent.com/thanglequoc/vietnamese-provinces-database/master/json/geojson/40_nghe_an/wards/17605_hop_minh.geojson
17611,Xã Vân Tụ,40,Tỉnh Nghệ An,https://raw.githubusercontent.com/thanglequoc/vietnamese-provinces-database/master/json/geojson/40_nghe_an/wards/17611_van_tu.geojson
17623,Xã Bạch Ngọc,40,Tỉnh Nghệ An,https://raw.githubusercontent.com/thanglequoc/vietnamese-provinces-database/master/json/geojson/40_nghe_an/wards/17623_bach_ngoc.geojson
17641,Xã Lương Sơn,40,Tỉnh Nghệ An,https://raw.githubusercontent.com/thanglequoc/vietnamese-provinces-database/master/json/geojson/40_nghe_an/wards/17641_luong_son.geojson
17662,Xã Đô Lương,40,Tỉnh Nghệ An,https://raw.githubusercontent.com/thanglequoc/vietnamese-provinces-database/master/json/geojson/40_nghe_an/wards/17662_do_luong.geojson
17677,Xã Văn Hiến,40,Tỉnh Nghệ An,https://raw.githubusercontent.com/thanglequoc/vietnamese-provinces-database/master/json/geojson/40_nghe_an/wards/17677_van_hien.geojson
17689,Xã Thuần Trung,40,Tỉnh Nghệ An,https://raw.githubusercontent.com/thanglequoc/vietnamese-provinces-database/master/json/geojson/40_nghe_an/wards/17689_thuan_trung.geojson
17707,Xã Bạch Hà,40,Tỉnh Nghệ An,https://raw.githubusercontent.com/thanglequoc/vietnamese-provinces-database/master/json/geojson/40_nghe_an/wards/17707_bach_ha.geojson
17713,Xã Đại Đồng,40,Tỉnh Nghệ An,https://raw.githubusercontent.com/thanglequoc/vietnamese-provinces-database/master/json/geojson/40_nghe_an/wards/17713_dai_dong.geojson
17722,Xã Hạnh Lâm,40,Tỉnh Nghệ An,https://raw.githubusercontent.com/thanglequoc/vietnamese-provinces-database/master/json/geojson/40_nghe_an/wards/17722_hanh_lam.geojson
17728,Xã Cát Ngạn,40,Tỉnh Nghệ An,https://raw.githubusercontent.com/thanglequoc/vietnamese-provinces-database/master/json/geojson/40_nghe_an/wards/17728_cat_ngan.geojson
17743,Xã Tam Đồng,40,Tỉnh Nghệ An,https://raw.githubusercontent.com/thanglequoc/vietnamese-provinces-database/master/json/geojson/40_nghe_an/wards/17743_tam_dong.geojson
17759,Xã Sơn Lâm,40,Tỉnh Nghệ An,https://raw.githubusercontent.com/thanglequoc/vietnamese-provinces-database/master/json/geojson/40_nghe_an/wards/17759_son_lam.geojson
17770,Xã Hoa Quân,40,Tỉnh Nghệ An,https://raw.githubusercontent.com/thanglequoc/vietnamese-provinces-database/master/json/geojson/40_nghe_an/wards/17770_hoa_quan.geojson
17779,Xã Xuân Lâm,40,Tỉnh Nghệ An,https://raw.githubusercontent.com/thanglequoc/vietnamese-provinces-database/master/json/geojson/40_nghe_an/wards/17779_xuan_lam.geojson
17791,Xã Kim Bảng,40,Tỉnh Nghệ An,https://raw.githubusercontent.com/thanglequoc/vietnamese-provinces-database/master/json/geojson/40_nghe_an/wards/17791_kim_bang.geojson
17818,Xã Bích Hào,40,Tỉnh Nghệ An,https://raw.githubusercontent.com/thanglequoc/vietnamese-provinces-database/master/json/geojson/40_nghe_an/wards/17818_bich_hao.geojson
17827,Xã Nghi Lộc,40,Tỉnh Nghệ An,https://raw.githubusercontent.com/thanglequoc/vietnamese-provinces-database/master/json/geojson/40_nghe_an/wards/17827_nghi_loc.geojson
17833,Xã Hải Lộc,40,Tỉnh Nghệ An,https://raw.githubusercontent.com/thanglequoc/vietnamese-provinces-database/master/json/geojson/40_nghe_an/wards/17833_hai_loc.geojson
17842,Xã Thần Lĩnh,40,Tỉnh Nghệ An,https://raw.githubusercontent.com/thanglequoc/vietnamese-provinces-database/master/json/geojson/40_nghe_an/wards/17842_than_linh.geojson
17854,Xã Văn Kiều,40,Tỉnh Nghệ An,https://raw.githubusercontent.com/thanglequoc/vietnamese-provinces-database/master/json/geojson/40_nghe_an/wards/17854_van_kieu.geojson
17857,Xã Phúc Lộc,40,Tỉnh Nghệ An,https://raw.githubusercontent.com/thanglequoc/vietnamese-provinces-database/master/json/geojson/40_nghe_an/wards/17857_phuc_loc.geojson
17866,Xã Trung Lộc,40,Tỉnh Nghệ An,https://raw.githubusercontent.com/thanglequoc/vietnamese-provinces-database/master/json/geojson/40_nghe_an/wards/17866_trung_loc.geojson
17878,Xã Đông Lộc,40,Tỉnh Nghệ An,https://raw.githubusercontent.com/thanglequoc/vietnamese-provinces-database/master/json/geojson/40_nghe_an/wards/17878_dong_loc.geojson
17920,Phường Vinh Hưng,40,Tỉnh Nghệ An,https://raw.githubusercontent.com/thanglequoc/vietnamese-provinces-database/master/json/geojson/40_nghe_an/wards/17920_vinh_hung.geojson
17935,Xã Nam Đàn,40,Tỉnh Nghệ An,https://raw.githubusercontent.com/thanglequoc/vietnamese-provinces-database/master/json/geojson/40_nghe_an/wards/17935_nam_dan.geojson
17944,Xã Đại Huệ,40,Tỉnh Nghệ An,https://raw.githubusercontent.com/thanglequoc/vietnamese-provinces-database/master/json/geojson/40_nghe_an/wards/17944_dai_hue.geojson
17950,Xã Vạn An,40,Tỉnh Nghệ An,https://raw.githubusercontent.com/thanglequoc/vietnamese-provinces-database/master/json/geojson/40_nghe_an/wards/17950_van_an.geojson
17971,Xã Kim Liên,40,Tỉnh Nghệ An,https://raw.githubusercontent.com/thanglequoc/vietnamese-provinces-database/master/json/geojson/40_nghe_an/wards/17971_kim_lien.geojson
17989,Xã Thiên Nhẫn,40,Tỉnh Nghệ An,https://raw.githubusercontent.com/thanglequoc/vietnamese-provinces-database/master/json/geojson/40_nghe_an/wards/17989_thien_nhan.geojson
18001,Xã Hưng Nguyên,40,Tỉnh Nghệ An,https://raw.githubusercontent.com/thanglequoc/vietnamese-provinces-database/master/json/geojson/40_nghe_an/wards/18001_hung_nguyen.geojson
18007,Xã Yên Trung,40,Tỉnh Nghệ An,https://raw.githubusercontent.com/thanglequoc/vietnamese-provinces-database/master/json/geojson/40_nghe_an/wards/18007_yen_trung.geojson
18028,Xã Hưng Nguyên Nam,40,Tỉnh Nghệ An,https://raw.githubusercontent.com/thanglequoc/vietnamese-provinces-database/master/json/geojson/40_nghe_an/wards/18028_hung_nguyen_nam.geojson
18040,Xã Lam Thành,40,Tỉnh Nghệ An,https://raw.githubusercontent.com/thanglequoc/vietnamese-provinces-database/master/json/geojson/40_nghe_an/wards/18040_lam_thanh.geojson
18073,Phường Thành Sen,42,Tỉnh Hà Tĩnh,https://raw.githubusercontent.com/thanglequoc/vietnamese-provinces-database/master/json/geojson/42_ha_tinh/wards/18073_thanh_sen.geojson
18100,Phường Trần Phú,42,Tỉnh Hà Tĩnh,https://raw.githubusercontent.com/thanglequoc/vietnamese-provinces-database/master/json/geojson/42_ha_tinh/wards/18100_tran_phu.geojson
18115,Phường Bắc Hồng Lĩnh,42,Tỉnh Hà Tĩnh,https://raw.githubusercontent.com/thanglequoc/vietnamese-provinces-database/master/json/geojson/42_ha_tinh/wards/18115_bac_hong_linh.geojson
18118,Phường Nam Hồng Lĩnh,42,Tỉnh Hà Tĩnh,https://raw.githubusercontent.com/thanglequoc/vietnamese-provinces-database/master/json/geojson/42_ha_tinh/wards/18118_nam_hong_linh.geojson
18133,Xã Hương Sơn,42,Tỉnh Hà Tĩnh,https://raw.githubusercontent.com/thanglequoc/vietnamese-provinces-database/master/json/geojson/42_ha_tinh/wards/18133_huong_son.geojson
18160,Xã Sơn Hồng,42,Tỉnh Hà Tĩnh,https://raw.githubusercontent.com/thanglequoc/vietnamese-provinces-database/master/json/geojson/42_ha_tinh/wards/18160_son_hong.geojson
18163,Xã Sơn Tiến,42,Tỉnh Hà Tĩnh,https://raw.githubusercontent.com/thanglequoc/vietnamese-provinces-database/master/json/geojson/42_ha_tinh/wards/18163_son_tien.geojson
18172,Xã Sơn Tây,42,Tỉnh Hà Tĩnh,https://raw.githubusercontent.com/thanglequoc/vietnamese-provinces-database/master/json/geojson/42_ha_tinh/wards/18172_son_tay.geojson
18184,Xã Sơn Giang,42,Tỉnh Hà Tĩnh,https://raw.githubusercontent.com/thanglequoc/vietnamese-provinces-database/master/json/geojson/42_ha_tinh/wards/18184_son_giang.geojson
18196,Xã Sơn Kim 1,42,Tỉnh Hà Tĩnh,https://raw.githubusercontent.com/thanglequoc/vietnamese-provinces-database/master/json/geojson/42_ha_tinh/wards/18196_son_kim_1.geojson
18199,Xã Sơn Kim 2,42,Tỉnh Hà Tĩnh,https://raw.githubusercontent.com/thanglequoc/vietnamese-provinces-database/master/json/geojson/42_ha_tinh/wards/18199_son_kim_2.geojson
18202,Xã Tứ Mỹ,42,Tỉnh Hà Tĩnh,https://raw.githubusercontent.com/thanglequoc/vietnamese-provinces-database/master/json/geojson/42_ha_tinh/wards/18202_tu_my.geojson
18223,Xã Kim Hoa,42,Tỉnh Hà Tĩnh,https://raw.githubusercontent.com/thanglequoc/vietnamese-provinces-database/master/json/geojson/42_ha_tinh/wards/18223_kim_hoa.geojson
18229,Xã Đức Thọ,42,Tỉnh Hà Tĩnh,https://raw.githubusercontent.com/thanglequoc/vietnamese-provinces-database/master/json/geojson/42_ha_tinh/wards/18229_duc_tho.geojson
18244,Xã Đức Minh,42,Tỉnh Hà Tĩnh,https://raw.githubusercontent.com/thanglequoc/vietnamese-provinces-database/master/json/geojson/42_ha_tinh/wards/18244_duc_minh.geojson
18262,Xã Đức Quang,42,Tỉnh Hà Tĩnh,https://raw.githubusercontent.com/thanglequoc/vietnamese-provinces-database/master/json/geojson/42_ha_tinh/wards/18262_duc_quang.geojson
18277,Xã Đức Thịnh,42,Tỉnh Hà Tĩnh,https://raw.githubusercontent.com/thanglequoc/vietnamese-provinces-database/master/json/geojson/42_ha_tinh/wards/18277_duc_thinh.geojson
18304,Xã Đức Đồng,42,Tỉnh Hà Tĩnh,https://raw.githubusercontent.com/thanglequoc/vietnamese-provinces-database/master/json/geojson/42_ha_tinh/wards/18304_duc_dong.geojson
18313,Xã Vũ Quang,42,Tỉnh Hà Tĩnh,https://raw.githubusercontent.com/thanglequoc/vietnamese-provinces-database/master/json/geojson/42_ha_tinh/wards/18313_vu_quang.geojson
18322,Xã Mai Hoa,42,Tỉnh Hà Tĩnh,https://raw.githubusercontent.com/thanglequoc/vietnamese-provinces-database/master/json/geojson/42_ha_tinh/wards/18322_mai_hoa.geojson
18328,Xã Thượng Đức,42,Tỉnh Hà Tĩnh,https://raw.githubusercontent.com/thanglequoc/vietnamese-provinces-database/master/json/geojson/42_ha_tinh/wards/18328_thuong_duc.geojson
18352,Xã Nghi Xuân,42,Tỉnh Hà Tĩnh,https://raw.githubusercontent.com/thanglequoc/vietnamese-provinces-database/master/json/geojson/42_ha_tinh/wards/18352_nghi_xuan.geojson
18364,Xã Đan Hải,42,Tỉnh Hà Tĩnh,https://raw.githubusercontent.com/thanglequoc/vietnamese-provinces-database/master/json/geojson/42_ha_tinh/wards/18364_dan_hai.geojson
18373,Xã Tiên Điền,42,Tỉnh Hà Tĩnh,https://raw.githubusercontent.com/thanglequoc/vietnamese-provinces-database/master/json/geojson/42_ha_tinh/wards/18373_tien_dien.geojson
18394,Xã Cổ Đạm,42,Tỉnh Hà Tĩnh,https://raw.githubusercontent.com/thanglequoc/vietnamese-provinces-database/master/json/geojson/42_ha_tinh/wards/18394_co_dam.geojson
18406,Xã Can Lộc,42,Tỉnh Hà Tĩnh,https://raw.githubusercontent.com/thanglequoc/vietnamese-provinces-database/master/json/geojson/42_ha_tinh/wards/18406_can_loc.geojson
18409,Xã Hồng Lộc,42,Tỉnh Hà Tĩnh,https://raw.githubusercontent.com/thanglequoc/vietnamese-provinces-database/master/json/geojson/42_ha_tinh/wards/18409_hong_loc.geojson
18418,Xã Tùng Lộc,42,Tỉnh Hà Tĩnh,https://raw.githubusercontent.com/thanglequoc/vietnamese-provinces-database/master/json/geojson/42_ha_tinh/wards/18418_tung_loc.geojson
18436,Xã Trường Lưu,42,Tỉnh Hà Tĩnh,https://raw.githubusercontent.com/thanglequoc/vietnamese-provinces-database/master/json/geojson/42_ha_tinh/wards/18436_truong_luu.geojson
18466,Xã Gia Hanh,42,Tỉnh Hà Tĩnh,https://raw.githubusercontent.com/thanglequoc/vietnamese-provinces-database/master/json/geojson/42_ha_tinh/wards/18466_gia_hanh.geojson
18481,Xã Xuân Lộc,42,Tỉnh Hà Tĩnh,https://raw.githubusercontent.com/thanglequoc/vietnamese-provinces-database/master/json/geojson/42_ha_tinh/wards/18481_xuan_loc.geojson
18484,Xã Đồng Lộc,42,Tỉnh Hà Tĩnh,https://raw.githubusercontent.com/thanglequoc/vietnamese-provinces-database/master/json/geojson/42_ha_tinh/wards/18484_dong_loc.geojson
18496,Xã Hương Khê,42,Tỉnh Hà Tĩnh,https://raw.githubusercontent.com/thanglequoc/vietnamese-provinces-database/master/json/geojson/42_ha_tinh/wards/18496_huong_khe.geojson
18502,Xã Hà Linh,42,Tỉnh Hà Tĩnh,https://raw.githubusercontent.com/thanglequoc/vietnamese-provinces-database/master/json/geojson/42_ha_tinh/wards/18502_ha_linh.geojson
18523,Xã Hương Bình,42,Tỉnh Hà Tĩnh,https://raw.githubusercontent.com/thanglequoc/vietnamese-provinces-database/master/json/geojson/42_ha_tinh/wards/18523_huong_binh.geojson
18532,Xã Hương Phố,42,Tỉnh Hà Tĩnh,https://raw.githubusercontent.com/thanglequoc/vietnamese-provinces-database/master/json/geojson/42_ha_tinh/wards/18532_huong_pho.geojson
18544,Xã Hương Xuân,42,Tỉnh Hà Tĩnh,https://raw.githubusercontent.com/thanglequoc/vietnamese-provinces-database/master/json/geojson/42_ha_tinh/wards/18544_huong_xuan.geojson
18547,Xã Phúc Trạch,42,Tỉnh Hà Tĩnh,https://raw.githubusercontent.com/thanglequoc/vietnamese-provinces-database/master/json/geojson/42_ha_tinh/wards/18547_phuc_trach.geojson
18550,Xã Hương Đô,42,Tỉnh Hà Tĩnh,https://raw.githubusercontent.com/thanglequoc/vietnamese-provinces-database/master/json/geojson/42_ha_tinh/wards/18550_huong_do.geojson
18562,Xã Thạch Hà,42,Tỉnh Hà Tĩnh,https://raw.githubusercontent.com/thanglequoc/vietnamese-provinces-database/master/json/geojson/42_ha_tinh/wards/18562_thach_ha.geojson
18568,Xã Lộc Hà,42,Tỉnh Hà Tĩnh,https://raw.githubusercontent.com/thanglequoc/vietnamese-provinces-database/master/json/geojson/42_ha_tinh/wards/18568_loc_ha.geojson
18583,Xã Mai Phụ,42,Tỉnh Hà Tĩnh,https://raw.githubusercontent.com/thanglequoc/vietnamese-provinces-database/master/json/geojson/42_ha_tinh/wards/18583_mai_phu.geojson
18586,Xã Đông Kinh,42,Tỉnh Hà Tĩnh,https://raw.githubusercontent.com/thanglequoc/vietnamese-provinces-database/master/json/geojson/42_ha_tinh/wards/18586_dong_kinh.geojson
18601,Xã Việt Xuyên,42,Tỉnh Hà Tĩnh,https://raw.githubusercontent.com/thanglequoc/vietnamese-provinces-database/master/json/geojson/42_ha_tinh/wards/18601_viet_xuyen.geojson
18604,Xã Thạch Khê,42,Tỉnh Hà Tĩnh,https://raw.githubusercontent.com/thanglequoc/vietnamese-provinces-database/master/json/geojson/42_ha_tinh/wards/18604_thach_khe.geojson
18619,Xã Đồng Tiến,42,Tỉnh Hà Tĩnh,https://raw.githubusercontent.com/thanglequoc/vietnamese-provinces-database/master/json/geojson/42_ha_tinh/wards/18619_dong_tien.geojson
18628,Xã Thạch Lạc,42,Tỉnh Hà Tĩnh,https://raw.githubusercontent.com/thanglequoc/vietnamese-provinces-database/master/json/geojson/42_ha_tinh/wards/18628_thach_lac.geojson
18634,Xã Toàn Lưu,42,Tỉnh Hà Tĩnh,https://raw.githubusercontent.com/thanglequoc/vietnamese-provinces-database/master/json/geojson/42_ha_tinh/wards/18634_toan_luu.geojson
18652,Phường Hà Huy Tập,42,Tỉnh Hà Tĩnh,https://raw.githubusercontent.com/thanglequoc/vietnamese-provinces-database/master/json/geojson/42_ha_tinh/wards/18652_ha_huy_tap.geojson
18667,Xã Thạch Xuân,42,Tỉnh Hà Tĩnh,https://raw.githubusercontent.com/thanglequoc/vietnamese-provinces-database/master/json/geojson/42_ha_tinh/wards/18667_thach_xuan.geojson
18673,Xã Cẩm Xuyên,42,Tỉnh Hà Tĩnh,https://raw.githubusercontent.com/thanglequoc/vietnamese-provinces-database/master/json/geojson/42_ha_tinh/wards/18673_cam_xuyen.geojson
18676,Xã Thiên Cầm,42,Tỉnh Hà Tĩnh,https://raw.githubusercontent.com/thanglequoc/vietnamese-provinces-database/master/json/geojson/42_ha_tinh/wards/18676_thien_cam.geojson
18682,Xã Yên Hoà,42,Tỉnh Hà Tĩnh,https://raw.githubusercontent.com/thanglequoc/vietnamese-provinces-database/master/json/geojson/42_ha_tinh/wards/18682_yen_hoa.geojson
18685,Xã Cẩm Bình,42,Tỉnh Hà Tĩnh,https://raw.githubusercontent.com/thanglequoc/vietnamese-provinces-database/master/json/geojson/42_ha_tinh/wards/18685_cam_binh.geojson
18736,Xã Cẩm Hưng,42,Tỉnh Hà Tĩnh,https://raw.githubusercontent.com/thanglequoc/vietnamese-provinces-database/master/json/geojson/42_ha_tinh/wards/18736_cam_hung.geojson
18739,Xã Cẩm Duệ,42,Tỉnh Hà Tĩnh,https://raw.githubusercontent.com/thanglequoc/vietnamese-provinces-database/master/json/geojson/42_ha_tinh/wards/18739_cam_due.geojson
18742,Xã Cẩm Trung,42,Tỉnh Hà Tĩnh,https://raw.githubusercontent.com/thanglequoc/vietnamese-provinces-database/master/json/geojson/42_ha_tinh/wards/18742_cam_trung.geojson
18748,Xã Cẩm Lạc,42,Tỉnh Hà Tĩnh,https://raw.githubusercontent.com/thanglequoc/vietnamese-provinces-database/master/json/geojson/42_ha_tinh/wards/18748_cam_lac.geojson
18754,Phường Sông Trí,42,Tỉnh Hà Tĩnh,https://raw.githubusercontent.com/thanglequoc/vietnamese-provinces-database/master/json/geojson/42_ha_tinh/wards/18754_song_tri.geojson
18766,Xã Kỳ Xuân,42,Tỉnh Hà Tĩnh,https://raw.githubusercontent.com/thanglequoc/vietnamese-provinces-database/master/json/geojson/42_ha_tinh/wards/18766_ky_xuan.geojson
18775,Xã Kỳ Anh,42,Tỉnh Hà Tĩnh,https://raw.githubusercontent.com/thanglequoc/vietnamese-provinces-database/master/json/geojson/42_ha_tinh/wards/18775_ky_anh.geojson
18781,Phường Hải Ninh,42,Tỉnh Hà Tĩnh,https://raw.githubusercontent.com/thanglequoc/vietnamese-provinces-database/master/json/geojson/42_ha_tinh/wards/18781_hai_ninh.geojson
18787,Xã Kỳ Văn,42,Tỉnh Hà Tĩnh,https://raw.githubusercontent.com/thanglequoc/vietnamese-provinces-database/master/json/geojson/42_ha_tinh/wards/18787_ky_van.geojson
18790,Xã Kỳ Khang,42,Tỉnh Hà Tĩnh,https://raw.githubusercontent.com/thanglequoc/vietnamese-provinces-database/master/json/geojson/42_ha_tinh/wards/18790_ky_khang.geojson
18814,Xã Kỳ Hoa,42,Tỉnh Hà Tĩnh,https://raw.githubusercontent.com/thanglequoc/vietnamese-provinces-database/master/json/geojson/42_ha_tinh/wards/18814_ky_hoa.geojson
18823,Phường Vũng Áng,42,Tỉnh Hà Tĩnh,https://raw.githubusercontent.com/thanglequoc/vietnamese-provinces-database/master/json/geojson/42_ha_tinh/wards/18823_vung_ang.geojson
18832,Phường Hoành Sơn,42,Tỉnh Hà Tĩnh,https://raw.githubusercontent.com/thanglequoc/vietnamese-provinces-database/master/json/geojson/42_ha_tinh/wards/18832_hoanh_son.geojson
18838,Xã Kỳ Lạc,42,Tỉnh Hà Tĩnh,https://raw.githubusercontent.com/thanglequoc/vietnamese-provinces-database/master/json/geojson/42_ha_tinh/wards/18838_ky_lac.geojson
18844,Xã Kỳ Thượng,42,Tỉnh Hà Tĩnh,https://raw.githubusercontent.com/thanglequoc/vietnamese-provinces-database/master/json/geojson/42_ha_tinh/wards/18844_ky_thuong.geojson
18859,Phường Đồng Thuận,44,Tỉnh Quảng Trị,https://raw.githubusercontent.com/thanglequoc/vietnamese-provinces-database/master/json/geojson/44_quang_tri/wards/18859_dong_thuan.geojson
18871,Phường Đồng Sơn,44,Tỉnh Quảng Trị,https://raw.githubusercontent.com/thanglequoc/vietnamese-provinces-database/master/json/geojson/44_quang_tri/wards/18871_dong_son.geojson
18880,Phường Đồng Hới,44,Tỉnh Quảng Trị,https://raw.githubusercontent.com/thanglequoc/vietnamese-provinces-database/master/json/geojson/44_quang_tri/wards/18880_dong_hoi.geojson
18901,Xã Minh Hoá,44,Tỉnh Quảng Trị,https://raw.githubusercontent.com/thanglequoc/vietnamese-provinces-database/master/json/geojson/44_quang_tri/wards/18901_minh_hoa.geojson
18904,Xã Dân Hoá,44,Tỉnh Quảng Trị,https://raw.githubusercontent.com/thanglequoc/vietnamese-provinces-database/master/json/geojson/44_quang_tri/wards/18904_dan_hoa.geojson
18919,Xã Tân Thành,44,Tỉnh Quảng Trị,https://raw.githubusercontent.com/thanglequoc/vietnamese-provinces-database/master/json/geojson/44_quang_tri/wards/18919_tan_thanh.geojson
18922,Xã Kim Điền,44,Tỉnh Quảng Trị,https://raw.githubusercontent.com/thanglequoc/vietnamese-provinces-database/master/json/geojson/44_quang_tri/wards/18922_kim_dien.geojson
18943,Xã Kim Phú,44,Tỉnh Quảng Trị,https://raw.githubusercontent.com/thanglequoc/vietnamese-provinces-database/master/json/geojson/44_quang_tri/wards/18943_kim_phu.geojson
18949,Xã Đồng Lê,44,Tỉnh Quảng Trị,https://raw.githubusercontent.com/thanglequoc/vietnamese-provinces-database/master/json/geojson/44_quang_tri/wards/18949_dong_le.geojson
18952,Xã Tuyên Sơn,44,Tỉnh Quảng Trị,https://raw.githubusercontent.com/thanglequoc/vietnamese-provinces-database/master/json/geojson/44_quang_tri/wards/18952_tuyen_son.geojson
18958,Xã Tuyên Lâm,44,Tỉnh Quảng Trị,https://raw.githubusercontent.com/thanglequoc/vietnamese-provinces-database/master/json/geojson/44_quang_tri/wards/18958_tuyen_lam.geojson
18985,Xã Tuyên Phú,44,Tỉnh Quảng Trị,https://raw.githubusercontent.com/thanglequoc/vietnamese-provinces-database/master/json/geojson/44_quang_tri/wards/18985_tuyen_phu.geojson
18991,Xã Tuyên Bình,44,Tỉnh Quảng Trị,https://raw.githubusercontent.com/thanglequoc/vietnamese-provinces-database/master/json/geojson/44_quang_tri/wards/18991_tuyen_binh.geojson
18997,Xã Tuyên Hoá,44,Tỉnh Quảng Trị,https://raw.githubusercontent.com/thanglequoc/vietnamese-provinces-database/master/json/geojson/44_quang_tri/wards/18997_tuyen_hoa.geojson
19009,Phường Ba Đồn,44,Tỉnh Quảng Trị,https://raw.githubusercontent.com/thanglequoc/vietnamese-provinces-database/master/json/geojson/44_quang_tri/wards/19009_ba_don.geojson
19021,Xã Phú Trạch,44,Tỉnh Quảng Trị,https://raw.githubusercontent.com/thanglequoc/vietnamese-provinces-database/master/json/geojson/44_quang_tri/wards/19021_phu_trach.geojson
19030,Xã Trung Thuần,44,Tỉnh Quảng Trị,https://raw.githubusercontent.com/thanglequoc/vietnamese-provinces-database/master/json/geojson/44_quang_tri/wards/19030_trung_thuan.geojson
19033,Xã Hoà Trạch,44,Tỉnh Quảng Trị,https://raw.githubusercontent.com/thanglequoc/vietnamese-provinces-database/master/json/geojson/44_quang_tri/wards/19033_hoa_trach.geojson
19051,Xã Tân Gianh,44,Tỉnh Quảng Trị,https://raw.githubusercontent.com/thanglequoc/vietnamese-provinces-database/master/json/geojson/44_quang_tri/wards/19051_tan_gianh.geojson
19057,Xã Quảng Trạch,44,Tỉnh Quảng Trị,https://raw.githubusercontent.com/thanglequoc/vietnamese-provinces-database/master/json/geojson/44_quang_tri/wards/19057_quang_trach.geojson
19066,Phường Bắc Gianh,44,Tỉnh Quảng Trị,https://raw.githubusercontent.com/thanglequoc/vietnamese-provinces-database/master/json/geojson/44_quang_tri/wards/19066_bac_gianh.geojson
19075,Xã Nam Ba Đồn,44,Tỉnh Quảng Trị,https://raw.githubusercontent.com/thanglequoc/vietnamese-provinces-database/master/json/geojson/44_quang_tri/wards/19075_nam_ba_don.geojson
19093,Xã Nam Gianh,44,Tỉnh Quảng Trị,https://raw.githubusercontent.com/thanglequoc/vietnamese-provinces-database/master/json/geojson/44_quang_tri/wards/19093_nam_gianh.geojson
19111,Xã Hoàn Lão,44,Tỉnh Quảng Trị,https://raw.githubusercontent.com/thanglequoc/vietnamese-provinces-database/master/json/geojson/44_quang_tri/wards/19111_hoan_lao.geojson
19126,Xã Bắc Trạch,44,Tỉnh Quảng Trị,https://raw.githubusercontent.com/thanglequoc/vietnamese-provinces-database/master/json/geojson/44_quang_tri/wards/19126_bac_trach.geojson
19138,Xã Phong Nha,44,Tỉnh Quảng Trị,https://raw.githubusercontent.com/thanglequoc/vietnamese-provinces-database/master/json/geojson/44_quang_tri/wards/19138_phong_nha.geojson
19141,Xã Bố Trạch,44,Tỉnh Quảng Trị,https://raw.githubusercontent.com/thanglequoc/vietnamese-provinces-database/master/json/geojson/44_quang_tri/wards/19141_bo_trach.geojson
19147,Xã Thượng Trạch,44,Tỉnh Quảng Trị,https://raw.githubusercontent.com/thanglequoc/vietnamese-provinces-database/master/json/geojson/44_quang_tri/wards/19147_thuong_trach.geojson
19159,Xã Đông Trạch,44,Tỉnh Quảng Trị,https://raw.githubusercontent.com/thanglequoc/vietnamese-provinces-database/master/json/geojson/44_quang_tri/wards/19159_dong_trach.geojson
19198,Xã Nam Trạch,44,Tỉnh Quảng Trị,https://raw.githubusercontent.com/thanglequoc/vietnamese-provinces-database/master/json/geojson/44_quang_tri/wards/19198_nam_trach.geojson
19204,Xã Trường Sơn,44,Tỉnh Quảng Trị,https://raw.githubusercontent.com/thanglequoc/vietnamese-provinces-database/master/json/geojson/44_quang_tri/wards/19204_truong_son.geojson
19207,Xã Quảng Ninh,44,Tỉnh Quảng Trị,https://raw.githubusercontent.com/thanglequoc/vietnamese-provinces-database/master/json/geojson/44_quang_tri/wards/19207_quang_ninh.geojson
19225,Xã Ninh Châu,44,Tỉnh Quảng Trị,https://raw.githubusercontent.com/thanglequoc/vietnamese-provinces-database/master/json/geojson/44_quang_tri/wards/19225_ninh_chau.geojson
19237,Xã Trường Ninh,44,Tỉnh Quảng Trị,https://raw.githubusercontent.com/thanglequoc/vietnamese-provinces-database/master/json/geojson/44_quang_tri/wards/19237_truong_ninh.geojson
19246,Xã Lệ Ninh,44,Tỉnh Quảng Trị,https://raw.githubusercontent.com/thanglequoc/vietnamese-provinces-database/master/json/geojson/44_quang_tri/wards/19246_le_ninh.geojson
19249,Xã Lệ Thuỷ,44,Tỉnh Quảng Trị,https://raw.githubusercontent.com/thanglequoc/vietnamese-provinces-database/master/json/geojson/44_quang_tri/wards/19249_le_thuy.geojson
19255,Xã Cam Hồng,44,Tỉnh Quảng Trị,https://raw.githubusercontent.com/thanglequoc/vietnamese-provinces-database/master/json/geojson/44_quang_tri/wards/19255_cam_hong.geojson
19288,Xã Sen Ngư,44,Tỉnh Quảng Trị,https://raw.githubusercontent.com/thanglequoc/vietnamese-provinces-database/master/json/geojson/44_quang_tri/wards/19288_sen_ngu.geojson
19291,Xã Tân Mỹ,44,Tỉnh Quảng Trị,https://raw.githubusercontent.com/thanglequoc/vietnamese-provinces-database/master/json/geojson/44_quang_tri/wards/19291_tan_my.geojson
19309,Xã Trường Phú,44,Tỉnh Quảng Trị,https://raw.githubusercontent.com/thanglequoc/vietnamese-provinces-database/master/json/geojson/44_quang_tri/wards/19309_truong_phu.geojson
19318,Xã Kim Ngân,44,Tỉnh Quảng Trị,https://raw.githubusercontent.com/thanglequoc/vietnamese-provinces-database/master/json/geojson/44_quang_tri/wards/19318_kim_ngan.geojson
19333,Phường Đông Hà,44,Tỉnh Quảng Trị,https://raw.githubusercontent.com/thanglequoc/vietnamese-provinces-database/master/json/geojson/44_quang_tri/wards/19333_dong_ha.geojson
19351,Phường Nam Đông Hà,44,Tỉnh Quảng Trị,https://raw.githubusercontent.com/thanglequoc/vietnamese-provinces-database/master/json/geojson/44_quang_tri/wards/19351_nam_dong_ha.geojson
19360,Phường Quảng Trị,44,Tỉnh Quảng Trị,https://raw.githubusercontent.com/thanglequoc/vietnamese-provinces-database/master/json/geojson/44_quang_tri/wards/19360_quang_tri.geojson
19363,Xã Vĩnh Linh,44,Tỉnh Quảng Trị,https://raw.githubusercontent.com/thanglequoc/vietnamese-provinces-database/master/json/geojson/44_quang_tri/wards/19363_vinh_linh.geojson
19366,Xã Bến Quan,44,Tỉnh Quảng Trị,https://raw.githubusercontent.com/thanglequoc/vietnamese-provinces-database/master/json/geojson/44_quang_tri/wards/19366_ben_quan.geojson
19372,Xã Vĩnh Hoàng,44,Tỉnh Quảng Trị,https://raw.githubusercontent.com/thanglequoc/vietnamese-provinces-database/master/json/geojson/44_quang_tri/wards/19372_vinh_hoang.geojson
19405,Xã Vĩnh Thuỷ,44,Tỉnh Quảng Trị,https://raw.githubusercontent.com/thanglequoc/vietnamese-provinces-database/master/json/geojson/44_quang_tri/wards/19405_vinh_thuy.geojson
19414,Xã Cửa Tùng,44,Tỉnh Quảng Trị,https://raw.githubusercontent.com/thanglequoc/vietnamese-provinces-database/master/json/geojson/44_quang_tri/wards/19414_cua_tung.geojson
19429,Xã Khe Sanh,44,Tỉnh Quảng Trị,https://raw.githubusercontent.com/thanglequoc/vietnamese-provinces-database/master/json/geojson/44_quang_tri/wards/19429_khe_sanh.geojson
19432,Xã Lao Bảo,44,Tỉnh Quảng Trị,https://raw.githubusercontent.com/thanglequoc/vietnamese-provinces-database/master/json/geojson/44_quang_tri/wards/19432_lao_bao.geojson
19435,Xã Hướng Lập,44,Tỉnh Quảng Trị,https://raw.githubusercontent.com/thanglequoc/vietnamese-provinces-database/master/json/geojson/44_quang_tri/wards/19435_huong_lap.geojson
19441,Xã Hướng Phùng,44,Tỉnh Quảng Trị,https://raw.githubusercontent.com/thanglequoc/vietnamese-provinces-database/master/json/geojson/44_quang_tri/wards/19441_huong_phung.geojson
19462,Xã Tân Lập,44,Tỉnh Quảng Trị,https://raw.githubusercontent.com/thanglequoc/vietnamese-provinces-database/master/json/geojson/44_quang_tri/wards/19462_tan_lap.geojson
19483,Xã A Dơi,44,Tỉnh Quảng Trị,https://raw.githubusercontent.com/thanglequoc/vietnamese-provinces-database/master/json/geojson/44_quang_tri/wards/19483_a_doi.geojson
19489,Xã Lìa,44,Tỉnh Quảng Trị,https://raw.githubusercontent.com/thanglequoc/vietnamese-provinces-database/master/json/geojson/44_quang_tri/wards/19489_lia.geojson
19495,Xã Gio Linh,44,Tỉnh Quảng Trị,https://raw.githubusercontent.com/thanglequoc/vietnamese-provinces-database/master/json/geojson/44_quang_tri/wards/19495_gio_linh.geojson
19496,Xã Cửa Việt,44,Tỉnh Quảng Trị,https://raw.githubusercontent.com/thanglequoc/vietnamese-provinces-database/master/json/geojson/44_quang_tri/wards/19496_cua_viet.geojson
19501,Xã Bến Hải,44,Tỉnh Quảng Trị,https://raw.githubusercontent.com/thanglequoc/vietnamese-provinces-database/master/json/geojson/44_quang_tri/wards/19501_ben_hai.geojson
19537,Xã Cồn Tiên,44,Tỉnh Quảng Trị,https://raw.githubusercontent.com/thanglequoc/vietnamese-provinces-database/master/json/geojson/44_quang_tri/wards/19537_con_tien.geojson
19555,Xã Hướng Hiệp,44,Tỉnh Quảng Trị,https://raw.githubusercontent.com/thanglequoc/vietnamese-provinces-database/master/json/geojson/44_quang_tri/wards/19555_huong_hiep.geojson
19564,Xã Đakrông,44,Tỉnh Quảng Trị,https://raw.githubusercontent.com/thanglequoc/vietnamese-provinces-database/master/json/geojson/44_quang_tri/wards/19564_dakrong.geojson
19567,Xã Ba Lòng,44,Tỉnh Quảng Trị,https://raw.githubusercontent.com/thanglequoc/vietnamese-provinces-database/master/json/geojson/44_quang_tri/wards/19567_ba_long.geojson
19588,Xã Tà Rụt,44,Tỉnh Quảng Trị,https://raw.githubusercontent.com/thanglequoc/vietnamese-provinces-database/master/json/geojson/44_quang_tri/wards/19588_ta_rut.geojson
19594,Xã La Lay,44,Tỉnh Quảng Trị,https://raw.githubusercontent.com/thanglequoc/vietnamese-provinces-database/master/json/geojson/44_quang_tri/wards/19594_la_lay.geojson
19597,Xã Cam Lộ,44,Tỉnh Quảng Trị,https://raw.githubusercontent.com/thanglequoc/vietnamese-provinces-database/master/json/geojson/44_quang_tri/wards/19597_cam_lo.geojson
19603,Xã Hiếu Giang,44,Tỉnh Quảng Trị,https://raw.githubusercontent.com/thanglequoc/vietnamese-provinces-database/master/json/geojson/44_quang_tri/wards/19603_hieu_giang.geojson
19624,Xã Triệu Phong,44,Tỉnh Quảng Trị,https://raw.githubusercontent.com/thanglequoc/vietnamese-provinces-database/master/json/geojson/44_quang_tri/wards/19624_trieu_phong.geojson
19639,Xã Nam Cửa Việt,44,Tỉnh Quảng Trị,https://raw.githubusercontent.com/thanglequoc/vietnamese-provinces-database/master/json/geojson/44_quang_tri/wards/19639_nam_cua_viet.geojson
19645,Xã Triệu Bình,44,Tỉnh Quảng Trị,https://raw.githubusercontent.com/thanglequoc/vietnamese-provinces-database/master/json/geojson/44_quang_tri/wards/19645_trieu_binh.geojson
19654,Xã Triệu Cơ,44,Tỉnh Quảng Trị,https://raw.githubusercontent.com/thanglequoc/vietnamese-provinces-database/master/json/geojson/44_quang_tri/wards/19654_trieu_co.geojson
19669,Xã Ái Tử,44,Tỉnh Quảng Trị,https://raw.githubusercontent.com/thanglequoc/vietnamese-provinces-database/master/json/geojson/44_quang_tri/wards/19669_ai_tu.geojson
19681,Xã Diên Sanh,44,Tỉnh Quảng Trị,https://raw.githubusercontent.com/thanglequoc/vietnamese-provinces-database/master/json/geojson/44_quang_tri/wards/19681_dien_sanh.geojson
19699,Xã Vĩnh Định,44,Tỉnh Quảng Trị,https://raw.githubusercontent.com/thanglequoc/vietnamese-provinces-database/master/json/geojson/44_quang_tri/wards/19699_vinh_dinh.geojson
19702,Xã Hải Lăng,44,Tỉnh Quảng Trị,https://raw.githubusercontent.com/thanglequoc/vietnamese-provinces-database/master/json/geojson/44_quang_tri/wards/19702_hai_lang.geojson
19735,Xã Nam Hải Lăng,44,Tỉnh Quảng Trị,https://raw.githubusercontent.com/thanglequoc/vietnamese-provinces-database/master/json/geojson/44_quang_tri/wards/19735_nam_hai_lang.geojson
19741,Xã Mỹ Thuỷ,44,Tỉnh Quảng Trị,https://raw.githubusercontent.com/thanglequoc/vietnamese-provinces-database/master/json/geojson/44_quang_tri/wards/19741_my_thuy.geojson
19742,Đặc khu Cồn Cỏ,44,Tỉnh Quảng Trị,https://raw.githubusercontent.com/thanglequoc/vietnamese-provinces-database/master/json/geojson/44_quang_tri/wards/19742_con_co.geojson
19753,Phường Phú Xuân,46,Thành phố Huế,https://raw.githubusercontent.com/thanglequoc/vietnamese-provinces-database/master/json/geojson/46_hue/wards/19753_phu_xuan.geojson
19774,Phường Kim Long,46,Thành phố Huế,https://raw.githubusercontent.com/thanglequoc/vietnamese-provinces-database/master/json/geojson/46_hue/wards/19774_kim_long.geojson
19777,Phường Vỹ Dạ,46,Thành phố Huế,https://raw.githubusercontent.com/thanglequoc/vietnamese-provinces-database/master/json/geojson/46_hue/wards/19777_vy_da.geojson
19789,Phường Thuận Hoá,46,Thành phố Huế,https://raw.githubusercontent.com/thanglequoc/vietnamese-provinces-database/master/json/geojson/46_hue/wards/19789_thuan_hoa.geojson
19804,Phường Hương An,46,Thành phố Huế,https://raw.githubusercontent.com/thanglequoc/vietnamese-provinces-database/master/json/geojson/46_hue/wards/19804_huong_an.geojson
19813,Phường Thuỷ Xuân,46,Thành phố Huế,https://raw.githubusercontent.com/thanglequoc/vietnamese-provinces-database/master/json/geojson/46_hue/wards/19813_thuy_xuan.geojson
19815,Phường An Cựu,46,Thành phố Huế,https://raw.githubusercontent.com/thanglequoc/vietnamese-provinces-database/master/json/geojson/46_hue/wards/19815_an_cuu.geojson
19819,Phường Phong Điền,46,Thành phố Huế,https://raw.githubusercontent.com/thanglequoc/vietnamese-provinces-database/master/json/geojson/46_hue/wards/19819_phong_dien.geojson
19828,Phường Phong Phú,46,Thành phố Huế,https://raw.githubusercontent.com/thanglequoc/vietnamese-provinces-database/master/json/geojson/46_hue/wards/19828_phong_phu.geojson
19831,Phường Phong Dinh,46,Thành phố Huế,https://raw.githubusercontent.com/thanglequoc/vietnamese-provinces-database/master/json/geojson/46_hue/wards/19831_phong_dinh.geojson
19858,Phường Phong Thái,46,Thành phố Huế,https://raw.githubusercontent.com/thanglequoc/vietnamese-provinces-database/master/json/geojson/46_hue/wards/19858_phong_thai.geojson
19867,Xã Quảng Điền,46,Thành phố Huế,https://raw.githubusercontent.com/thanglequoc/vietnamese-provinces-database/master/json/geojson/46_hue/wards/19867_quang_dien.geojson
19873,Phường Phong Quảng,46,Thành phố Huế,https://raw.githubusercontent.com/thanglequoc/vietnamese-provinces-database/master/json/geojson/46_hue/wards/19873_phong_quang.geojson
19885,Xã Đan Điền,46,Thành phố Huế,https://raw.githubusercontent.com/thanglequoc/vietnamese-provinces-database/master/json/geojson/46_hue/wards/19885_dan_dien.geojson
19900,Phường Thuận An,46,Thành phố Huế,https://raw.githubusercontent.com/thanglequoc/vietnamese-provinces-database/master/json/geojson/46_hue/wards/19900_thuan_an.geojson
19909,Phường Dương Nỗ,46,Thành phố Huế,https://raw.githubusercontent.com/thanglequoc/vietnamese-provinces-database/master/json/geojson/46_hue/wards/19909_duong_no.geojson
19918,Xã Phú Hồ,46,Thành phố Huế,https://raw.githubusercontent.com/thanglequoc/vietnamese-provinces-database/master/json/geojson/46_hue/wards/19918_phu_ho.geojson
19930,Phường Mỹ Thượng,46,Thành phố Huế,https://raw.githubusercontent.com/thanglequoc/vietnamese-provinces-database/master/json/geojson/46_hue/wards/19930_my_thuong.geojson
19942,Xã Phú Vang,46,Thành phố Huế,https://raw.githubusercontent.com/thanglequoc/vietnamese-provinces-database/master/json/geojson/46_hue/wards/19942_phu_vang.geojson
19945,Xã Phú Vinh,46,Thành phố Huế,https://raw.githubusercontent.com/thanglequoc/vietnamese-provinces-database/master/json/geojson/46_hue/wards/19945_phu_vinh.geojson
19960,Phường Phú Bài,46,Thành phố Huế,https://raw.githubusercontent.com/thanglequoc/vietnamese-provinces-database/master/json/geojson/46_hue/wards/19960_phu_bai.geojson
19969,Phường Thanh Thuỷ,46,Thành phố Huế,https://raw.githubusercontent.com/thanglequoc/vietnamese-provinces-database/master/json/geojson/46_hue/wards/19969_thanh_thuy.geojson
19975,Phường Hương Thuỷ,46,Thành phố Huế,https://raw.githubusercontent.com/thanglequoc/vietnamese-provinces-database/master/json/geojson/46_hue/wards/19975_huong_thuy.geojson
19996,Phường Hương Trà,46,Thành phố Huế,https://raw.githubusercontent.com/thanglequoc/vietnamese-provinces-database/master/json/geojson/46_hue/wards/19996_huong_tra.geojson
20014,Phường Hoá Châu,46,Thành phố Huế,https://raw.githubusercontent.com/thanglequoc/vietnamese-provinces-database/master/json/geojson/46_hue/wards/20014_hoa_chau.geojson
20017,Phường Kim Trà,46,Thành phố Huế,https://raw.githubusercontent.com/thanglequoc/vietnamese-provinces-database/master/json/geojson/46_hue/wards/20017_kim_tra.geojson
20035,Xã Bình Điền,46,Thành phố Huế,https://raw.githubusercontent.com/thanglequoc/vietnamese-provinces-database/master/json/geojson/46_hue/wards/20035_binh_dien.geojson
20044,Xã A Lưới 2,46,Thành phố Huế,https://raw.githubusercontent.com/thanglequoc/vietnamese-provinces-database/master/json/geojson/46_hue/wards/20044_a_luoi_2.geojson
20050,Xã A Lưới 5,46,Thành phố Huế,https://raw.githubusercontent.com/thanglequoc/vietnamese-provinces-database/master/json/geojson/46_hue/wards/20050_a_luoi_5.geojson
20056,Xã A Lưới 1,46,Thành phố Huế,https://raw.githubusercontent.com/thanglequoc/vietnamese-provinces-database/master/json/geojson/46_hue/wards/20056_a_luoi_1.geojson
20071,Xã A Lưới 3,46,Thành phố Huế,https://raw.githubusercontent.com/thanglequoc/vietnamese-provinces-database/master/json/geojson/46_hue/wards/20071_a_luoi_3.geojson
20101,Xã A Lưới 4,46,Thành phố Huế,https://raw.githubusercontent.com/thanglequoc/vietnamese-provinces-database/master/json/geojson/46_hue/wards/20101_a_luoi_4.geojson
20107,Xã Phú Lộc,46,Thành phố Huế,https://raw.githubusercontent.com/thanglequoc/vietnamese-provinces-database/master/json/geojson/46_hue/wards/20107_phu_loc.geojson
20122,Xã Vinh Lộc,46,Thành phố Huế,https://raw.githubusercontent.com/thanglequoc/vietnamese-provinces-database/master/json/geojson/46_hue/wards/20122_vinh_loc.geojson
20131,Xã Hưng Lộc,46,Thành phố Huế,https://raw.githubusercontent.com/thanglequoc/vietnamese-provinces-database/master/json/geojson/46_hue/wards/20131_hung_loc.geojson
20137,Xã Chân Mây - Lăng Cô,46,Thành phố Huế,https://raw.githubusercontent.com/thanglequoc/vietnamese-provinces-database/master/json/geojson/46_hue/wards/20137_chan_may_lang_co.geojson
20140,Xã Lộc An,46,Thành phố Huế,https://raw.githubusercontent.com/thanglequoc/vietnamese-provinces-database/master/json/geojson/46_hue/wards/20140_loc_an.geojson
20161,Xã Khe Tre,46,Thành phố Huế,https://raw.githubusercontent.com/thanglequoc/vietnamese-provinces-database/master/json/geojson/46_hue/wards/20161_khe_tre.geojson
20179,Xã Nam Đông,46,Thành phố Huế,https://raw.githubusercontent.com/thanglequoc/vietnamese-provinces-database/master/json/geojson/46_hue/wards/20179_nam_dong.geojson
20182,Xã Long Quảng,46,Thành phố Huế,https://raw.githubusercontent.com/thanglequoc/vietnamese-provinces-database/master/json/geojson/46_hue/wards/20182_long_quang.geojson
20194,Phường Hải Vân,48,Thành phố Đà Nẵng,https://raw.githubusercontent.com/thanglequoc/vietnamese-provinces-database/master/json/geojson/48_da_nang/wards/20194_hai_van.geojson
20197,Phường Liên Chiểu,48,Thành phố Đà Nẵng,https://raw.githubusercontent.com/thanglequoc/vietnamese-provinces-database/master/json/geojson/48_da_nang/wards/20197_lien_chieu.geojson
20200,Phường Hoà Khánh,48,Thành phố Đà Nẵng,https://raw.githubusercontent.com/thanglequoc/vietnamese-provinces-database/master/json/geojson/48_da_nang/wards/20200_hoa_khanh.geojson
20209,Phường Thanh Khê,48,Thành phố Đà Nẵng,https://raw.githubusercontent.com/thanglequoc/vietnamese-provinces-database/master/json/geojson/48_da_nang/wards/20209_thanh_khe.geojson
20242,Phường Hải Châu,48,Thành phố Đà Nẵng,https://raw.githubusercontent.com/thanglequoc/vietnamese-provinces-database/master/json/geojson/48_da_nang/wards/20242_hai_chau.geojson
20257,Phường Hoà Cường,48,Thành phố Đà Nẵng,https://raw.githubusercontent.com/thanglequoc/vietnamese-provinces-database/master/json/geojson/48_da_nang/wards/20257_hoa_cuong.geojson
20260,Phường Cẩm Lệ,48,Thành phố Đà Nẵng,https://raw.githubusercontent.com/thanglequoc/vietnamese-provinces-database/master/json/geojson/48_da_nang/wards/20260_cam_le.geojson
20263,Phường Sơn Trà,48,Thành phố Đà Nẵng,https://raw.githubusercontent.com/thanglequoc/vietnamese-provinces-database/master/json/geojson/48_da_nang/wards/20263_son_tra.geojson
20275,Phường An Hải,48,Thành phố Đà Nẵng,https://raw.githubusercontent.com/thanglequoc/vietnamese-provinces-database/master/json/geojson/48_da_nang/wards/20275_an_hai.geojson
20285,Phường Ngũ Hành Sơn,48,Thành phố Đà Nẵng,https://raw.githubusercontent.com/thanglequoc/vietnamese-provinces-database/master/json/geojson/48_da_nang/wards/20285_ngu_hanh_son.geojson
20305,Phường An Khê,48,Thành phố Đà Nẵng,https://raw.githubusercontent.com/thanglequoc/vietnamese-provinces-database/master/json/geojson/48_da_nang/wards/20305_an_khe.geojson
20308,Xã Bà Nà,48,Thành phố Đà Nẵng,https://raw.githubusercontent.com/thanglequoc/vietnamese-provinces-database/master/json/geojson/48_da_nang/wards/20308_ba_na.geojson
20314,Phường Hoà Xuân,48,Thành phố Đà Nẵng,https://raw.githubusercontent.com/thanglequoc/vietnamese-provinces-database/master/json/geojson/48_da_nang/wards/20314_hoa_xuan.geojson
20320,Xã Hoà Vang,48,Thành phố Đà Nẵng,https://raw.githubusercontent.com/thanglequoc/vietnamese-provinces-database/master/json/geojson/48_da_nang/wards/20320_hoa_vang.geojson
20332,Xã Hoà Tiến,48,Thành phố Đà Nẵng,https://raw.githubusercontent.com/thanglequoc/vietnamese-provinces-database/master/json/geojson/48_da_nang/wards/20332_hoa_tien.geojson
20333,Đặc khu Hoàng Sa,48,Thành phố Đà Nẵng,https://raw.githubusercontent.com/thanglequoc/vietnamese-provinces-database/master/json/geojson/48_da_nang/wards/20333_hoang_sa.geojson
20335,Phường Bàn Thạch,48,Thành phố Đà Nẵng,https://raw.githubusercontent.com/thanglequoc/vietnamese-provinces-database/master/json/geojson/48_da_nang/wards/20335_ban_thach.geojson
20341,Phường Tam Kỳ,48,Thành phố Đà Nẵng,https://raw.githubusercontent.com/thanglequoc/vietnamese-provinces-database/master/json/geojson/48_da_nang/wards/20341_tam_ky.geojson
20350,Phường Hương Trà,48,Thành phố Đà Nẵng,https://raw.githubusercontent.com/thanglequoc/vietnamese-provinces-database/master/json/geojson/48_da_nang/wards/20350_huong_tra.geojson
20356,Phường Quảng Phú,48,Thành phố Đà Nẵng,https://raw.githubusercontent.com/thanglequoc/vietnamese-provinces-database/master/json/geojson/48_da_nang/wards/20356_quang_phu.geojson
20364,Xã Chiên Đàn,48,Thành phố Đà Nẵng,https://raw.githubusercontent.com/thanglequoc/vietnamese-provinces-database/master/json/geojson/48_da_nang/wards/20364_chien_dan.geojson
20380,Xã Tây Hồ,48,Thành phố Đà Nẵng,https://raw.githubusercontent.com/thanglequoc/vietnamese-provinces-database/master/json/geojson/48_da_nang/wards/20380_tay_ho.geojson
20392,Xã Phú Ninh,48,Thành phố Đà Nẵng,https://raw.githubusercontent.com/thanglequoc/vietnamese-provinces-database/master/json/geojson/48_da_nang/wards/20392_phu_ninh.geojson
20401,Phường Hội An Tây,48,Thành phố Đà Nẵng,https://raw.githubusercontent.com/thanglequoc/vietnamese-provinces-database/master/json/geojson/48_da_nang/wards/20401_hoi_an_tay.geojson
20410,Phường Hội An,48,Thành phố Đà Nẵng,https://raw.githubusercontent.com/thanglequoc/vietnamese-provinces-database/master/json/geojson/48_da_nang/wards/20410_hoi_an.geojson
20413,Phường Hội An Đông,48,Thành phố Đà Nẵng,https://raw.githubusercontent.com/thanglequoc/vietnamese-provinces-database/master/json/geojson/48_da_nang/wards/20413_hoi_an_dong.geojson
20434,Xã Tân Hiệp,48,Thành phố Đà Nẵng,https://raw.githubusercontent.com/thanglequoc/vietnamese-provinces-database/master/json/geojson/48_da_nang/wards/20434_tan_hiep.geojson
20443,Xã Hùng Sơn,48,Thành phố Đà Nẵng,https://raw.githubusercontent.com/thanglequoc/vietnamese-provinces-database/master/json/geojson/48_da_nang/wards/20443_hung_son.geojson
20455,Xã Tây Giang,48,Thành phố Đà Nẵng,https://raw.githubusercontent.com/thanglequoc/vietnamese-provinces-database/master/json/geojson/48_da_nang/wards/20455_tay_giang.geojson
20458,Xã Avương,48,Thành phố Đà Nẵng,https://raw.githubusercontent.com/thanglequoc/vietnamese-provinces-database/master/json/geojson/48_da_nang/wards/20458_avuong.geojson
20467,Xã Đông Giang,48,Thành phố Đà Nẵng,https://raw.githubusercontent.com/thanglequoc/vietnamese-provinces-database/master/json/geojson/48_da_nang/wards/20467_dong_giang.geojson
20476,Xã Sông Kôn,48,Thành phố Đà Nẵng,https://raw.githubusercontent.com/thanglequoc/vietnamese-provinces-database/master/json/geojson/48_da_nang/wards/20476_song_kon.geojson
20485,Xã Sông Vàng,48,Thành phố Đà Nẵng,https://raw.githubusercontent.com/thanglequoc/vietnamese-provinces-database/master/json/geojson/48_da_nang/wards/20485_song_vang.geojson
20494,Xã Bến Hiên,48,Thành phố Đà Nẵng,https://raw.githubusercontent.com/thanglequoc/vietnamese-provinces-database/master/json/geojson/48_da_nang/wards/20494_ben_hien.geojson
20500,Xã Đại Lộc,48,Thành phố Đà Nẵng,https://raw.githubusercontent.com/thanglequoc/vietnamese-provinces-database/master/json/geojson/48_da_nang/wards/20500_dai_loc.geojson
20506,Xã Thượng Đức,48,Thành phố Đà Nẵng,https://raw.githubusercontent.com/thanglequoc/vietnamese-provinces-database/master/json/geojson/48_da_nang/wards/20506_thuong_duc.geojson
20515,Xã Hà Nha,48,Thành phố Đà Nẵng,https://raw.githubusercontent.com/thanglequoc/vietnamese-provinces-database/master/json/geojson/48_da_nang/wards/20515_ha_nha.geojson
20539,Xã Vu Gia,48,Thành phố Đà Nẵng,https://raw.githubusercontent.com/thanglequoc/vietnamese-provinces-database/master/json/geojson/48_da_nang/wards/20539_vu_gia.geojson
20542,Xã Phú Thuận,48,Thành phố Đà Nẵng,https://raw.githubusercontent.com/thanglequoc/vietnamese-provinces-database/master/json/geojson/48_da_nang/wards/20542_phu_thuan.geojson
20551,Phường Điện Bàn,48,Thành phố Đà Nẵng,https://raw.githubusercontent.com/thanglequoc/vietnamese-provinces-database/master/json/geojson/48_da_nang/wards/20551_dien_ban.geojson
20557,Phường Điện Bàn Bắc,48,Thành phố Đà Nẵng,https://raw.githubusercontent.com/thanglequoc/vietnamese-provinces-database/master/json/geojson/48_da_nang/wards/20557_dien_ban_bac.geojson
20569,Xã Điện Bàn Tây,48,Thành phố Đà Nẵng,https://raw.githubusercontent.com/thanglequoc/vietnamese-provinces-database/master/json/geojson/48_da_nang/wards/20569_dien_ban_tay.geojson
20575,Phường An Thắng,48,Thành phố Đà Nẵng,https://raw.githubusercontent.com/thanglequoc/vietnamese-provinces-database/master/json/geojson/48_da_nang/wards/20575_an_thang.geojson
20579,Phường Điện Bàn Đông,48,Thành phố Đà Nẵng,https://raw.githubusercontent.com/thanglequoc/vietnamese-provinces-database/master/json/geojson/48_da_nang/wards/20579_dien_ban_dong.geojson
20587,Xã Gò Nổi,48,Thành phố Đà Nẵng,https://raw.githubusercontent.com/thanglequoc/vietnamese-provinces-database/master/json/geojson/48_da_nang/wards/20587_go_noi.geojson
20599,Xã Nam Phước,48,Thành phố Đà Nẵng,https://raw.githubusercontent.com/thanglequoc/vietnamese-provinces-database/master/json/geojson/48_da_nang/wards/20599_nam_phuoc.geojson
20611,Xã Thu Bồn,48,Thành phố Đà Nẵng,https://raw.githubusercontent.com/thanglequoc/vietnamese-provinces-database/master/json/geojson/48_da_nang/wards/20611_thu_bon.geojson
20623,Xã Duy Xuyên,48,Thành phố Đà Nẵng,https://raw.githubusercontent.com/thanglequoc/vietnamese-provinces-database/master/json/geojson/48_da_nang/wards/20623_duy_xuyen.geojson
20635,Xã Duy Nghĩa,48,Thành phố Đà Nẵng,https://raw.githubusercontent.com/thanglequoc/vietnamese-provinces-database/master/json/geojson/48_da_nang/wards/20635_duy_nghia.geojson
20641,Xã Quế Sơn,48,Thành phố Đà Nẵng,https://raw.githubusercontent.com/thanglequoc/vietnamese-provinces-database/master/json/geojson/48_da_nang/wards/20641_que_son.geojson
20650,Xã Xuân Phú,48,Thành phố Đà Nẵng,https://raw.githubusercontent.com/thanglequoc/vietnamese-provinces-database/master/json/geojson/48_da_nang/wards/20650_xuan_phu.geojson
20656,Xã Nông Sơn,48,Thành phố Đà Nẵng,https://raw.githubusercontent.com/thanglequoc/vietnamese-provinces-database/master/json/geojson/48_da_nang/wards/20656_nong_son.geojson
20662,Xã Quế Sơn Trung,48,Thành phố Đà Nẵng,https://raw.githubusercontent.com/thanglequoc/vietnamese-provinces-database/master/json/geojson/48_da_nang/wards/20662_que_son_trung.geojson
20669,Xã Quế Phước,48,Thành phố Đà Nẵng,https://raw.githubusercontent.com/thanglequoc/vietnamese-provinces-database/master/json/geojson/48_da_nang/wards/20669_que_phuoc.geojson
20695,Xã Thạnh Mỹ,48,Thành phố Đà Nẵng,https://raw.githubusercontent.com/thanglequoc/vietnamese-provinces-database/master/json/geojson/48_da_nang/wards/20695_thanh_my.geojson
20698,Xã La Êê,48,Thành phố Đà Nẵng,https://raw.githubusercontent.com/thanglequoc/vietnamese-provinces-database/master/json/geojson/48_da_nang/wards/20698_la_ee.geojson
20704,Xã La Dêê,48,Thành phố Đà Nẵng,https://raw.githubusercontent.com/thanglequoc/vietnamese-provinces-database/master/json/geojson/48_da_nang/wards/20704_la_dee.geojson
20707,Xã Nam Giang,48,Thành phố Đà Nẵng,https://raw.githubusercontent.com/thanglequoc/vietnamese-provinces-database/master/json/geojson/48_da_nang/wards/20707_nam_giang.geojson
20710,Xã Bến Giằng,48,Thành phố Đà Nẵng,https://raw.githubusercontent.com/thanglequoc/vietnamese-provinces-database/master/json/geojson/48_da_nang/wards/20710_ben_giang.geojson
20716,Xã Đắc Pring,48,Thành phố Đà Nẵng,https://raw.githubusercontent.com/thanglequoc/vietnamese-provinces-database/master/json/geojson/48_da_nang/wards/20716_dac_pring.geojson
20722,Xã Khâm Đức,48,Thành phố Đà Nẵng,https://raw.githubusercontent.com/thanglequoc/vietnamese-provinces-database/master/json/geojson/48_da_nang/wards/20722_kham_duc.geojson
20728,Xã Phước Hiệp,48,Thành phố Đà Nẵng,https://raw.githubusercontent.com/thanglequoc/vietnamese-provinces-database/master/json/geojson/48_da_nang/wards/20728_phuoc_hiep.geojson
20734,Xã Phước Năng,48,Thành phố Đà Nẵng,https://raw.githubusercontent.com/thanglequoc/vietnamese-provinces-database/master/json/geojson/48_da_nang/wards/20734_phuoc_nang.geojson
20740,Xã Phước Chánh,48,Thành phố Đà Nẵng,https://raw.githubusercontent.com/thanglequoc/vietnamese-provinces-database/master/json/geojson/48_da_nang/wards/20740_phuoc_chanh.geojson
20752,Xã Phước Thành,48,Thành phố Đà Nẵng,https://raw.githubusercontent.com/thanglequoc/vietnamese-provinces-database/master/json/geojson/48_da_nang/wards/20752_phuoc_thanh.geojson
20767,Xã Việt An,48,Thành phố Đà Nẵng,https://raw.githubusercontent.com/thanglequoc/vietnamese-provinces-database/master/json/geojson/48_da_nang/wards/20767_viet_an.geojson
20770,Xã Phước Trà,48,Thành phố Đà Nẵng,https://raw.githubusercontent.com/thanglequoc/vietnamese-provinces-database/master/json/geojson/48_da_nang/wards/20770_phuoc_tra.geojson
20779,Xã Hiệp Đức,48,Thành phố Đà Nẵng,https://raw.githubusercontent.com/thanglequoc/vietnamese-provinces-database/master/json/geojson/48_da_nang/wards/20779_hiep_duc.geojson
20791,Xã Thăng Bình,48,Thành phố Đà Nẵng,https://raw.githubusercontent.com/thanglequoc/vietnamese-provinces-database/master/json/geojson/48_da_nang/wards/20791_thang_binh.geojson
20794,Xã Thăng An,48,Thành phố Đà Nẵng,https://raw.githubusercontent.com/thanglequoc/vietnamese-provinces-database/master/json/geojson/48_da_nang/wards/20794_thang_an.geojson
20818,Xã Đồng Dương,48,Thành phố Đà Nẵng,https://raw.githubusercontent.com/thanglequoc/vietnamese-provinces-database/master/json/geojson/48_da_nang/wards/20818_dong_duong.geojson
20827,Xã Thăng Phú,48,Thành phố Đà Nẵng,https://raw.githubusercontent.com/thanglequoc/vietnamese-provinces-database/master/json/geojson/48_da_nang/wards/20827_thang_phu.geojson
20836,Xã Thăng Trường,48,Thành phố Đà Nẵng,https://raw.githubusercontent.com/thanglequoc/vietnamese-provinces-database/master/json/geojson/48_da_nang/wards/20836_thang_truong.geojson
20848,Xã Thăng Điền,48,Thành phố Đà Nẵng,https://raw.githubusercontent.com/thanglequoc/vietnamese-provinces-database/master/json/geojson/48_da_nang/wards/20848_thang_dien.geojson
20854,Xã Tiên Phước,48,Thành phố Đà Nẵng,https://raw.githubusercontent.com/thanglequoc/vietnamese-provinces-database/master/json/geojson/48_da_nang/wards/20854_tien_phuoc.geojson
20857,Xã Sơn Cẩm Hà,48,Thành phố Đà Nẵng,https://raw.githubusercontent.com/thanglequoc/vietnamese-provinces-database/master/json/geojson/48_da_nang/wards/20857_son_cam_ha.geojson
20875,Xã Lãnh Ngọc,48,Thành phố Đà Nẵng,https://raw.githubusercontent.com/thanglequoc/vietnamese-provinces-database/master/json/geojson/48_da_nang/wards/20875_lanh_ngoc.geojson
20878,Xã Thạnh Bình,48,Thành phố Đà Nẵng,https://raw.githubusercontent.com/thanglequoc/vietnamese-provinces-database/master/json/geojson/48_da_nang/wards/20878_thanh_binh.geojson
20900,Xã Trà My,48,Thành phố Đà Nẵng,https://raw.githubusercontent.com/thanglequoc/vietnamese-provinces-database/master/json/geojson/48_da_nang/wards/20900_tra_my.geojson
20908,Xã Trà Liên,48,Thành phố Đà Nẵng,https://raw.githubusercontent.com/thanglequoc/vietnamese-provinces-database/master/json/geojson/48_da_nang/wards/20908_tra_lien.geojson
20920,Xã Trà Đốc,48,Thành phố Đà Nẵng,https://raw.githubusercontent.com/thanglequoc/vietnamese-provinces-database/master/json/geojson/48_da_nang/wards/20920_tra_doc.geojson
20923,Xã Trà Tân,48,Thành phố Đà Nẵng,https://raw.githubusercontent.com/thanglequoc/vietnamese-provinces-database/master/json/geojson/48_da_nang/wards/20923_tra_tan.geojson
20929,Xã Trà Giáp,48,Thành phố Đà Nẵng,https://raw.githubusercontent.com/thanglequoc/vietnamese-provinces-database/master/json/geojson/48_da_nang/wards/20929_tra_giap.geojson
20938,Xã Trà Leng,48,Thành phố Đà Nẵng,https://raw.githubusercontent.com/thanglequoc/vietnamese-provinces-database/master/json/geojson/48_da_nang/wards/20938_tra_leng.geojson
20941,Xã Trà Tập,48,Thành phố Đà Nẵng,https://raw.githubusercontent.com/thanglequoc/vietnamese-provinces-database/master/json/geojson/48_da_nang/wards/20941_tra_tap.geojson
20944,Xã Nam Trà My,48,Thành phố Đà Nẵng,https://raw.githubusercontent.com/thanglequoc/vietnamese-provinces-database/master/json/geojson/48_da_nang/wards/20944_nam_tra_my.geojson
20950,Xã Trà Linh,48,Thành phố Đà Nẵng,https://raw.githubusercontent.com/thanglequoc/vietnamese-provinces-database/master/json/geojson/48_da_nang/wards/20950_tra_linh.geojson
20959,Xã Trà Vân,48,Thành phố Đà Nẵng,https://raw.githubusercontent.com/thanglequoc/vietnamese-provinces-database/master/json/geojson/48_da_nang/wards/20959_tra_van.geojson
20965,Xã Núi Thành,48,Thành phố Đà Nẵng,https://raw.githubusercontent.com/thanglequoc/vietnamese-provinces-database/master/json/geojson/48_da_nang/wards/20965_nui_thanh.geojson
20971,Xã Tam Xuân,48,Thành phố Đà Nẵng,https://raw.githubusercontent.com/thanglequoc/vietnamese-provinces-database/master/json/geojson/48_da_nang/wards/20971_tam_xuan.geojson
20977,Xã Đức Phú,48,Thành phố Đà Nẵng,https://raw.githubusercontent.com/thanglequoc/vietnamese-provinces-database/master/json/geojson/48_da_nang/wards/20977_duc_phu.geojson
20984,Xã Tam Anh,48,Thành phố Đà Nẵng,https://raw.githubusercontent.com/thanglequoc/vietnamese-provinces-database/master/json/geojson/48_da_nang/wards/20984_tam_anh.geojson
20992,Xã Tam Hải,48,Thành phố Đà Nẵng,https://raw.githubusercontent.com/thanglequoc/vietnamese-provinces-database/master/json/geojson/48_da_nang/wards/20992_tam_hai.geojson
21004,Xã Tam Mỹ,48,Thành phố Đà Nẵng,https://raw.githubusercontent.com/thanglequoc/vietnamese-provinces-database/master/json/geojson/48_da_nang/wards/21004_tam_my.geojson
21025,Phường Cẩm Thành,51,Tỉnh Quảng Ngãi,https://raw.githubusercontent.com/thanglequoc/vietnamese-provinces-database/master/json/geojson/51_quang_ngai/wards/21025_cam_thanh.geojson
21028,Phường Nghĩa Lộ,51,Tỉnh Quảng Ngãi,https://raw.githubusercontent.com/thanglequoc/vietnamese-provinces-database/master/json/geojson/51_quang_ngai/wards/21028_nghia_lo.geojson
21034,Xã An Phú,51,Tỉnh Quảng Ngãi,https://raw.githubusercontent.com/thanglequoc/vietnamese-provinces-database/master/json/geojson/51_quang_ngai/wards/21034_an_phu.geojson
21040,Xã Bình Sơn,51,Tỉnh Quảng Ngãi,https://raw.githubusercontent.com/thanglequoc/vietnamese-provinces-database/master/json/geojson/51_quang_ngai/wards/21040_binh_son.geojson
21061,Xã Vạn Tường,51,Tỉnh Quảng Ngãi,https://raw.githubusercontent.com/thanglequoc/vietnamese-provinces-database/master/json/geojson/51_quang_ngai/wards/21061_van_tuong.geojson
21085,Xã Bình Minh,51,Tỉnh Quảng Ngãi,https://raw.githubusercontent.com/thanglequoc/vietnamese-provinces-database/master/json/geojson/51_quang_ngai/wards/21085_binh_minh.geojson
21100,Xã Bình Chương,51,Tỉnh Quảng Ngãi,https://raw.githubusercontent.com/thanglequoc/vietnamese-provinces-database/master/json/geojson/51_quang_ngai/wards/21100_binh_chuong.geojson
21109,Xã Đông Sơn,51,Tỉnh Quảng Ngãi,https://raw.githubusercontent.com/thanglequoc/vietnamese-provinces-database/master/json/geojson/51_quang_ngai/wards/21109_dong_son.geojson
21115,Xã Trà Bồng,51,Tỉnh Quảng Ngãi,https://raw.githubusercontent.com/thanglequoc/vietnamese-provinces-database/master/json/geojson/51_quang_ngai/wards/21115_tra_bong.geojson
21124,Xã Thanh Bồng,51,Tỉnh Quảng Ngãi,https://raw.githubusercontent.com/thanglequoc/vietnamese-provinces-database/master/json/geojson/51_quang_ngai/wards/21124_thanh_bong.geojson
21127,Xã Đông Trà Bồng,51,Tỉnh Quảng Ngãi,https://raw.githubusercontent.com/thanglequoc/vietnamese-provinces-database/master/json/geojson/51_quang_ngai/wards/21127_dong_tra_bong.geojson
21136,Xã Cà Đam,51,Tỉnh Quảng Ngãi,https://raw.githubusercontent.com/thanglequoc/vietnamese-provinces-database/master/json/geojson/51_quang_ngai/wards/21136_ca_dam.geojson
21154,Xã Tây Trà,51,Tỉnh Quảng Ngãi,https://raw.githubusercontent.com/thanglequoc/vietnamese-provinces-database/master/json/geojson/51_quang_ngai/wards/21154_tay_tra.geojson
21157,Xã Tây Trà Bồng,51,Tỉnh Quảng Ngãi,https://raw.githubusercontent.com/thanglequoc/vietnamese-provinces-database/master/json/geojson/51_quang_ngai/wards/21157_tay_tra_bong.geojson
21172,Phường Trương Quang Trọng,51,Tỉnh Quảng Ngãi,https://raw.githubusercontent.com/thanglequoc/vietnamese-provinces-database/master/json/geojson/51_quang_ngai/wards/21172_truong_quang_trong.geojson
21181,Xã Thọ Phong,51,Tỉnh Quảng Ngãi,https://raw.githubusercontent.com/thanglequoc/vietnamese-provinces-database/master/json/geojson/51_quang_ngai/wards/21181_tho_phong.geojson
21196,Xã Trường Giang,51,Tỉnh Quảng Ngãi,https://raw.githubusercontent.com/thanglequoc/vietnamese-provinces-database/master/json/geojson/51_quang_ngai/wards/21196_truong_giang.geojson
21205,Xã Ba Gia,51,Tỉnh Quảng Ngãi,https://raw.githubusercontent.com/thanglequoc/vietnamese-provinces-database/master/json/geojson/51_quang_ngai/wards/21205_ba_gia.geojson
21211,Xã Tịnh Khê,51,Tỉnh Quảng Ngãi,https://raw.githubusercontent.com/thanglequoc/vietnamese-provinces-database/master/json/geojson/51_quang_ngai/wards/21211_tinh_khe.geojson
21220,Xã Sơn Tịnh,51,Tỉnh Quảng Ngãi,https://raw.githubusercontent.com/thanglequoc/vietnamese-provinces-database/master/json/geojson/51_quang_ngai/wards/21220_son_tinh.geojson
21235,Xã Tư Nghĩa,51,Tỉnh Quảng Ngãi,https://raw.githubusercontent.com/thanglequoc/vietnamese-provinces-database/master/json/geojson/51_quang_ngai/wards/21235_tu_nghia.geojson
21238,Xã Vệ Giang,51,Tỉnh Quảng Ngãi,https://raw.githubusercontent.com/thanglequoc/vietnamese-provinces-database/master/json/geojson/51_quang_ngai/wards/21238_ve_giang.geojson
21244,Xã Trà Giang,51,Tỉnh Quảng Ngãi,https://raw.githubusercontent.com/thanglequoc/vietnamese-provinces-database/master/json/geojson/51_quang_ngai/wards/21244_tra_giang.geojson
21250,Xã Nghĩa Giang,51,Tỉnh Quảng Ngãi,https://raw.githubusercontent.com/thanglequoc/vietnamese-provinces-database/master/json/geojson/51_quang_ngai/wards/21250_nghia_giang.geojson
21289,Xã Sơn Hà,51,Tỉnh Quảng Ngãi,https://raw.githubusercontent.com/thanglequoc/vietnamese-provinces-database/master/json/geojson/51_quang_ngai/wards/21289_son_ha.geojson
21292,Xã Sơn Hạ,51,Tỉnh Quảng Ngãi,https://raw.githubusercontent.com/thanglequoc/vietnamese-provinces-database/master/json/geojson/51_quang_ngai/wards/21292_son_ha.geojson
21307,Xã Sơn Linh,51,Tỉnh Quảng Ngãi,https://raw.githubusercontent.com/thanglequoc/vietnamese-provinces-database/master/json/geojson/51_quang_ngai/wards/21307_son_linh.geojson
21319,Xã Sơn Thuỷ,51,Tỉnh Quảng Ngãi,https://raw.githubusercontent.com/thanglequoc/vietnamese-provinces-database/master/json/geojson/51_quang_ngai/wards/21319_son_thuy.geojson
21325,Xã Sơn Kỳ,51,Tỉnh Quảng Ngãi,https://raw.githubusercontent.com/thanglequoc/vietnamese-provinces-database/master/json/geojson/51_quang_ngai/wards/21325_son_ky.geojson
21334,Xã Sơn Tây Thượng,51,Tỉnh Quảng Ngãi,https://raw.githubusercontent.com/thanglequoc/vietnamese-provinces-database/master/json/geojson/51_quang_ngai/wards/21334_son_tay_thuong.geojson
21340,Xã Sơn Tây,51,Tỉnh Quảng Ngãi,https://raw.githubusercontent.com/thanglequoc/vietnamese-provinces-database/master/json/geojson/51_quang_ngai/wards/21340_son_tay.geojson
21343,Xã Sơn Tây Hạ,51,Tỉnh Quảng Ngãi,https://raw.githubusercontent.com/thanglequoc/vietnamese-provinces-database/master/json/geojson/51_quang_ngai/wards/21343_son_tay_ha.geojson
21349,Xã Sơn Mai,51,Tỉnh Quảng Ngãi,https://raw.githubusercontent.com/thanglequoc/vietnamese-provinces-database/master/json/geojson/51_quang_ngai/wards/21349_son_mai.geojson
21361,Xã Minh Long,51,Tỉnh Quảng Ngãi,https://raw.githubusercontent.com/thanglequoc/vietnamese-provinces-database/master/json/geojson/51_quang_ngai/wards/21361_minh_long.geojson
21364,Xã Nghĩa Hành,51,Tỉnh Quảng Ngãi,https://raw.githubusercontent.com/thanglequoc/vietnamese-provinces-database/master/json/geojson/51_quang_ngai/wards/21364_nghia_hanh.geojson
21370,Xã Phước Giang,51,Tỉnh Quảng Ngãi,https://raw.githubusercontent.com/thanglequoc/vietnamese-provinces-database/master/json/geojson/51_quang_ngai/wards/21370_phuoc_giang.geojson
21385,Xã Đình Cương,51,Tỉnh Quảng Ngãi,https://raw.githubusercontent.com/thanglequoc/vietnamese-provinces-database/master/json/geojson/51_quang_ngai/wards/21385_dinh_cuong.geojson
21388,Xã Thiện Tín,51,Tỉnh Quảng Ngãi,https://raw.githubusercontent.com/thanglequoc/vietnamese-provinces-database/master/json/geojson/51_quang_ngai/wards/21388_thien_tin.geojson
21400,Xã Mộ Đức,51,Tỉnh Quảng Ngãi,https://raw.githubusercontent.com/thanglequoc/vietnamese-provinces-database/master/json/geojson/51_quang_ngai/wards/21400_mo_duc.geojson
21409,Xã Long Phụng,51,Tỉnh Quảng Ngãi,https://raw.githubusercontent.com/thanglequoc/vietnamese-provinces-database/master/json/geojson/51_quang_ngai/wards/21409_long_phung.geojson
21421,Xã Mỏ Cày,51,Tỉnh Quảng Ngãi,https://raw.githubusercontent.com/thanglequoc/vietnamese-provinces-database/master/json/geojson/51_quang_ngai/wards/21421_mo_cay.geojson
21433,Xã Lân Phong,51,Tỉnh Quảng Ngãi,https://raw.githubusercontent.com/thanglequoc/vietnamese-provinces-database/master/json/geojson/51_quang_ngai/wards/21433_lan_phong.geojson
21439,Phường Đức Phổ,51,Tỉnh Quảng Ngãi,https://raw.githubusercontent.com/thanglequoc/vietnamese-provinces-database/master/json/geojson/51_quang_ngai/wards/21439_duc_pho.geojson
21451,Phường Trà Câu,51,Tỉnh Quảng Ngãi,https://raw.githubusercontent.com/thanglequoc/vietnamese-provinces-database/master/json/geojson/51_quang_ngai/wards/21451_tra_cau.geojson
21457,Xã Nguyễn Nghiêm,51,Tỉnh Quảng Ngãi,https://raw.githubusercontent.com/thanglequoc/vietnamese-provinces-database/master/json/geojson/51_quang_ngai/wards/21457_nguyen_nghiem.geojson
21472,Xã Khánh Cường,51,Tỉnh Quảng Ngãi,https://raw.githubusercontent.com/thanglequoc/vietnamese-provinces-database/master/json/geojson/51_quang_ngai/wards/21472_khanh_cuong.geojson
21478,Phường Sa Huỳnh,51,Tỉnh Quảng Ngãi,https://raw.githubusercontent.com/thanglequoc/vietnamese-provinces-database/master/json/geojson/51_quang_ngai/wards/21478_sa_huynh.geojson
21484,Xã Ba Tơ,51,Tỉnh Quảng Ngãi,https://raw.githubusercontent.com/thanglequoc/vietnamese-provinces-database/master/json/geojson/51_quang_ngai/wards/21484_ba_to.geojson
21490,Xã Ba Vinh,51,Tỉnh Quảng Ngãi,https://raw.githubusercontent.com/thanglequoc/vietnamese-provinces-database/master/json/geojson/51_quang_ngai/wards/21490_ba_vinh.geojson
21496,Xã Ba Động,51,Tỉnh Quảng Ngãi,https://raw.githubusercontent.com/thanglequoc/vietnamese-provinces-database/master/json/geojson/51_quang_ngai/wards/21496_ba_dong.geojson
21499,Xã Ba Dinh,51,Tỉnh Quảng Ngãi,https://raw.githubusercontent.com/thanglequoc/vietnamese-provinces-database/master/json/geojson/51_quang_ngai/wards/21499_ba_dinh.geojson
21520,Xã Đặng Thuỳ Trâm,51,Tỉnh Quảng Ngãi,https://raw.githubusercontent.com/thanglequoc/vietnamese-provinces-database/master/json/geojson/51_quang_ngai/wards/21520_dang_thuy_tram.geojson
21523,Xã Ba Tô,51,Tỉnh Quảng Ngãi,https://raw.githubusercontent.com/thanglequoc/vietnamese-provinces-database/master/json/geojson/51_quang_ngai/wards/21523_ba_to.geojson
21529,Xã Ba Vì,51,Tỉnh Quảng Ngãi,https://raw.githubusercontent.com/thanglequoc/vietnamese-provinces-database/master/json/geojson/51_quang_ngai/wards/21529_ba_vi.geojson
21538,Xã Ba Xa,51,Tỉnh Quảng Ngãi,https://raw.githubusercontent.com/thanglequoc/vietnamese-provinces-database/master/json/geojson/51_quang_ngai/wards/21538_ba_xa.geojson
21548,Đặc khu Lý Sơn,51,Tỉnh Quảng Ngãi,https://raw.githubusercontent.com/thanglequoc/vietnamese-provinces-database/master/json/geojson/51_quang_ngai/wards/21548_ly_son.geojson
23284,Phường Đăk Cấm,51,Tỉnh Quảng Ngãi,https://raw.githubusercontent.com/thanglequoc/vietnamese-provinces-database/master/json/geojson/51_quang_ngai/wards/23284_dak_cam.geojson
23293,Phường Kon Tum,51,Tỉnh Quảng Ngãi,https://raw.githubusercontent.com/thanglequoc/vietnamese-provinces-database/master/json/geojson/51_quang_ngai/wards/23293_kon_tum.geojson
23302,Phường Đăk Bla,51,Tỉnh Quảng Ngãi,https://raw.githubusercontent.com/thanglequoc/vietnamese-provinces-database/master/json/geojson/51_quang_ngai/wards/23302_dak_bla.geojson
23317,Xã Ngọk Bay,51,Tỉnh Quảng Ngãi,https://raw.githubusercontent.com/thanglequoc/vietnamese-provinces-database/master/json/geojson/51_quang_ngai/wards/23317_ngok_bay.geojson
23326,Xã Ia Chim,51,Tỉnh Quảng Ngãi,https://raw.githubusercontent.com/thanglequoc/vietnamese-provinces-database/master/json/geojson/51_quang_ngai/wards/23326_ia_chim.geojson
23332,Xã Đăk Rơ Wa,51,Tỉnh Quảng Ngãi,https://raw.githubusercontent.com/thanglequoc/vietnamese-provinces-database/master/json/geojson/51_quang_ngai/wards/23332_dak_ro_wa.geojson
23341,Xã Đăk Pék,51,Tỉnh Quảng Ngãi,https://raw.githubusercontent.com/thanglequoc/vietnamese-provinces-database/master/json/geojson/51_quang_ngai/wards/23341_dak_pek.geojson
23344,Xã Đăk Plô,51,Tỉnh Quảng Ngãi,https://raw.githubusercontent.com/thanglequoc/vietnamese-provinces-database/master/json/geojson/51_quang_ngai/wards/23344_dak_plo.geojson
23356,Xã Xốp,51,Tỉnh Quảng Ngãi,https://raw.githubusercontent.com/thanglequoc/vietnamese-provinces-database/master/json/geojson/51_quang_ngai/wards/23356_xop.geojson
23365,Xã Ngọc Linh,51,Tỉnh Quảng Ngãi,https://raw.githubusercontent.com/thanglequoc/vietnamese-provinces-database/master/json/geojson/51_quang_ngai/wards/23365_ngoc_linh.geojson
23368,Xã Đăk Long,51,Tỉnh Quảng Ngãi,https://raw.githubusercontent.com/thanglequoc/vietnamese-provinces-database/master/json/geojson/51_quang_ngai/wards/23368_dak_long.geojson
23374,Xã Đăk Môn,51,Tỉnh Quảng Ngãi,https://raw.githubusercontent.com/thanglequoc/vietnamese-provinces-database/master/json/geojson/51_quang_ngai/wards/23374_dak_mon.geojson
23377,Xã Bờ Y,51,Tỉnh Quảng Ngãi,https://raw.githubusercontent.com/thanglequoc/vietnamese-provinces-database/master/json/geojson/51_quang_ngai/wards/23377_bo_y.geojson
23383,Xã Dục Nông,51,Tỉnh Quảng Ngãi,https://raw.githubusercontent.com/thanglequoc/vietnamese-provinces-database/master/json/geojson/51_quang_ngai/wards/23383_duc_nong.geojson
23392,Xã Sa Loong,51,Tỉnh Quảng Ngãi,https://raw.githubusercontent.com/thanglequoc/vietnamese-provinces-database/master/json/geojson/51_quang_ngai/wards/23392_sa_loong.geojson
23401,Xã Đăk Tô,51,Tỉnh Quảng Ngãi,https://raw.githubusercontent.com/thanglequoc/vietnamese-provinces-database/master/json/geojson/51_quang_ngai/wards/23401_dak_to.geojson
23416,Xã Đăk Sao,51,Tỉnh Quảng Ngãi,https://raw.githubusercontent.com/thanglequoc/vietnamese-provinces-database/master/json/geojson/51_quang_ngai/wards/23416_dak_sao.geojson
23419,Xã Đăk Tờ Kan,51,Tỉnh Quảng Ngãi,https://raw.githubusercontent.com/thanglequoc/vietnamese-provinces-database/master/json/geojson/51_quang_ngai/wards/23419_dak_to_kan.geojson
23425,Xã Tu Mơ Rông,51,Tỉnh Quảng Ngãi,https://raw.githubusercontent.com/thanglequoc/vietnamese-provinces-database/master/json/geojson/51_quang_ngai/wards/23425_tu_mo_rong.geojson
23428,Xã Ngọk Tụ,51,Tỉnh Quảng Ngãi,https://raw.githubusercontent.com/thanglequoc/vietnamese-provinces-database/master/json/geojson/51_quang_ngai/wards/23428_ngok_tu.geojson
23430,Xã Kon Đào,51,Tỉnh Quảng Ngãi,https://raw.githubusercontent.com/thanglequoc/vietnamese-provinces-database/master/json/geojson/51_quang_ngai/wards/23430_kon_dao.geojson
23446,Xã Măng Ri,51,Tỉnh Quảng Ngãi,https://raw.githubusercontent.com/thanglequoc/vietnamese-provinces-database/master/json/geojson/51_quang_ngai/wards/23446_mang_ri.geojson
23455,Xã Măng Bút,51,Tỉnh Quảng Ngãi,https://raw.githubusercontent.com/thanglequoc/vietnamese-provinces-database/master/json/geojson/51_quang_ngai/wards/23455_mang_but.geojson
23473,Xã Măng Đen,51,Tỉnh Quảng Ngãi,https://raw.githubusercontent.com/thanglequoc/vietnamese-provinces-database/master/json/geojson/51_quang_ngai/wards/23473_mang_den.geojson
23476,Xã Kon Plông,51,Tỉnh Quảng Ngãi,https://raw.githubusercontent.com/thanglequoc/vietnamese-provinces-database/master/json/geojson/51_quang_ngai/wards/23476_kon_plong.geojson
23479,Xã Đăk Rve,51,Tỉnh Quảng Ngãi,https://raw.githubusercontent.com/thanglequoc/vietnamese-provinces-database/master/json/geojson/51_quang_ngai/wards/23479_dak_rve.geojson
23485,Xã Đăk Kôi,51,Tỉnh Quảng Ngãi,https://raw.githubusercontent.com/thanglequoc/vietnamese-provinces-database/master/json/geojson/51_quang_ngai/wards/23485_dak_koi.geojson
23497,Xã Kon Braih,51,Tỉnh Quảng Ngãi,https://raw.githubusercontent.com/thanglequoc/vietnamese-provinces-database/master/json/geojson/51_quang_ngai/wards/23497_kon_braih.geojson
23500,Xã Đăk Hà,51,Tỉnh Quảng Ngãi,https://raw.githubusercontent.com/thanglequoc/vietnamese-provinces-database/master/json/geojson/51_quang_ngai/wards/23500_dak_ha.geojson
23504,Xã Đăk Pxi,51,Tỉnh Quảng Ngãi,https://raw.githubusercontent.com/thanglequoc/vietnamese-provinces-database/master/json/geojson/51_quang_ngai/wards/23504_dak_pxi.geojson
23510,Xã Đăk Ui,51,Tỉnh Quảng Ngãi,https://raw.githubusercontent.com/thanglequoc/vietnamese-provinces-database/master/json/geojson/51_quang_ngai/wards/23510_dak_ui.geojson
23512,Xã Đăk Mar,51,Tỉnh Quảng Ngãi,https://raw.githubusercontent.com/thanglequoc/vietnamese-provinces-database/master/json/geojson/51_quang_ngai/wards/23512_dak_mar.geojson
23515,Xã Ngọk Réo,51,Tỉnh Quảng Ngãi,https://raw.githubusercontent.com/thanglequoc/vietnamese-provinces-database/master/json/geojson/51_quang_ngai/wards/23515_ngok_reo.geojson
23527,Xã Sa Thầy,51,Tỉnh Quảng Ngãi,https://raw.githubusercontent.com/thanglequoc/vietnamese-provinces-database/master/json/geojson/51_quang_ngai/wards/23527_sa_thay.geojson
23530,Xã Rờ Kơi,51,Tỉnh Quảng Ngãi,https://raw.githubusercontent.com/thanglequoc/vietnamese-provinces-database/master/json/geojson/51_quang_ngai/wards/23530_ro_koi.geojson
23534,Xã Sa Bình,51,Tỉnh Quảng Ngãi,https://raw.githubusercontent.com/thanglequoc/vietnamese-provinces-database/master/json/geojson/51_quang_ngai/wards/23534_sa_binh.geojson
23535,Xã Ia Đal,51,Tỉnh Quảng Ngãi,https://raw.githubusercontent.com/thanglequoc/vietnamese-provinces-database/master/json/geojson/51_quang_ngai/wards/23535_ia_dal.geojson
23536,Xã Mô Rai,51,Tỉnh Quảng Ngãi,https://raw.githubusercontent.com/thanglequoc/vietnamese-provinces-database/master/json/geojson/51_quang_ngai/wards/23536_mo_rai.geojson
23538,Xã Ia Tơi,51,Tỉnh Quảng Ngãi,https://raw.githubusercontent.com/thanglequoc/vietnamese-provinces-database/master/json/geojson/51_quang_ngai/wards/23538_ia_toi.geojson
23548,Xã Ya Ly,51,Tỉnh Quảng Ngãi,https://raw.githubusercontent.com/thanglequoc/vietnamese-provinces-database/master/json/geojson/51_quang_ngai/wards/23548_ya_ly.geojson
21553,Phường Quy Nhơn Bắc,52,Tỉnh Gia Lai,https://raw.githubusercontent.com/thanglequoc/vietnamese-provinces-database/master/json/geojson/52_gia_lai/wards/21553_quy_nhon_bac.geojson
21583,Phường Quy Nhơn,52,Tỉnh Gia Lai,https://raw.githubusercontent.com/thanglequoc/vietnamese-provinces-database/master/json/geojson/52_gia_lai/wards/21583_quy_nhon.geojson
21589,Phường Quy Nhơn Tây,52,Tỉnh Gia Lai,https://raw.githubusercontent.com/thanglequoc/vietnamese-provinces-database/master/json/geojson/52_gia_lai/wards/21589_quy_nhon_tay.geojson
21592,Phường Quy Nhơn Nam,52,Tỉnh Gia Lai,https://raw.githubusercontent.com/thanglequoc/vietnamese-provinces-database/master/json/geojson/52_gia_lai/wards/21592_quy_nhon_nam.geojson
21601,Phường Quy Nhơn Đông,52,Tỉnh Gia Lai,https://raw.githubusercontent.com/thanglequoc/vietnamese-provinces-database/master/json/geojson/52_gia_lai/wards/21601_quy_nhon_dong.geojson
21607,Xã Nhơn Châu,52,Tỉnh Gia Lai,https://raw.githubusercontent.com/thanglequoc/vietnamese-provinces-database/master/json/geojson/52_gia_lai/wards/21607_nhon_chau.geojson
21609,Xã An Lão,52,Tỉnh Gia Lai,https://raw.githubusercontent.com/thanglequoc/vietnamese-provinces-database/master/json/geojson/52_gia_lai/wards/21609_an_lao.geojson
21616,Xã An Vinh,52,Tỉnh Gia Lai,https://raw.githubusercontent.com/thanglequoc/vietnamese-provinces-database/master/json/geojson/52_gia_lai/wards/21616_an_vinh.geojson
21622,Xã An Toàn,52,Tỉnh Gia Lai,https://raw.githubusercontent.com/thanglequoc/vietnamese-provinces-database/master/json/geojson/52_gia_lai/wards/21622_an_toan.geojson
21628,Xã An Hoà,52,Tỉnh Gia Lai,https://raw.githubusercontent.com/thanglequoc/vietnamese-provinces-database/master/json/geojson/52_gia_lai/wards/21628_an_hoa.geojson
21637,Phường Tam Quan,52,Tỉnh Gia Lai,https://raw.githubusercontent.com/thanglequoc/vietnamese-provinces-database/master/json/geojson/52_gia_lai/wards/21637_tam_quan.geojson
21640,Phường Bồng Sơn,52,Tỉnh Gia Lai,https://raw.githubusercontent.com/thanglequoc/vietnamese-provinces-database/master/json/geojson/52_gia_lai/wards/21640_bong_son.geojson
21655,Phường Hoài Nhơn Bắc,52,Tỉnh Gia Lai,https://raw.githubusercontent.com/thanglequoc/vietnamese-provinces-database/master/json/geojson/52_gia_lai/wards/21655_hoai_nhon_bac.geojson
21661,Phường Hoài Nhơn Tây,52,Tỉnh Gia Lai,https://raw.githubusercontent.com/thanglequoc/vietnamese-provinces-database/master/json/geojson/52_gia_lai/wards/21661_hoai_nhon_tay.geojson
21664,Phường Hoài Nhơn,52,Tỉnh Gia Lai,https://raw.githubusercontent.com/thanglequoc/vietnamese-provinces-database/master/json/geojson/52_gia_lai/wards/21664_hoai_nhon.geojson
21670,Phường Hoài Nhơn Đông,52,Tỉnh Gia Lai,https://raw.githubusercontent.com/thanglequoc/vietnamese-provinces-database/master/json/geojson/52_gia_lai/wards/21670_hoai_nhon_dong.geojson
21673,Phường Hoài Nhơn Nam,52,Tỉnh Gia Lai,https://raw.githubusercontent.com/thanglequoc/vietnamese-provinces-database/master/json/geojson/52_gia_lai/wards/21673_hoai_nhon_nam.geojson
21688,Xã Hoài Ân,52,Tỉnh Gia Lai,https://raw.githubusercontent.com/thanglequoc/vietnamese-provinces-database/master/json/geojson/52_gia_lai/wards/21688_hoai_an.geojson
21697,Xã Ân Hảo,52,Tỉnh Gia Lai,https://raw.githubusercontent.com/thanglequoc/vietnamese-provinces-database/master/json/geojson/52_gia_lai/wards/21697_an_hao.geojson
21703,Xã Vạn Đức,52,Tỉnh Gia Lai,https://raw.githubusercontent.com/thanglequoc/vietnamese-provinces-database/master/json/geojson/52_gia_lai/wards/21703_van_duc.geojson
21715,Xã Ân Tường,52,Tỉnh Gia Lai,https://raw.githubusercontent.com/thanglequoc/vietnamese-provinces-database/master/json/geojson/52_gia_lai/wards/21715_an_tuong.geojson
21727,Xã Kim Sơn,52,Tỉnh Gia Lai,https://raw.githubusercontent.com/thanglequoc/vietnamese-provinces-database/master/json/geojson/52_gia_lai/wards/21727_kim_son.geojson
21730,Xã Phù Mỹ,52,Tỉnh Gia Lai,https://raw.githubusercontent.com/thanglequoc/vietnamese-provinces-database/master/json/geojson/52_gia_lai/wards/21730_phu_my.geojson
21733,Xã Bình Dương,52,Tỉnh Gia Lai,https://raw.githubusercontent.com/thanglequoc/vietnamese-provinces-database/master/json/geojson/52_gia_lai/wards/21733_binh_duong.geojson
21739,Xã Phù Mỹ Bắc,52,Tỉnh Gia Lai,https://raw.githubusercontent.com/thanglequoc/vietnamese-provinces-database/master/json/geojson/52_gia_lai/wards/21739_phu_my_bac.geojson
21751,Xã Phù Mỹ Đông,52,Tỉnh Gia Lai,https://raw.githubusercontent.com/thanglequoc/vietnamese-provinces-database/master/json/geojson/52_gia_lai/wards/21751_phu_my_dong.geojson
21757,Xã Phù Mỹ Tây,52,Tỉnh Gia Lai,https://raw.githubusercontent.com/thanglequoc/vietnamese-provinces-database/master/json/geojson/52_gia_lai/wards/21757_phu_my_tay.geojson
21769,Xã An Lương,52,Tỉnh Gia Lai,https://raw.githubusercontent.com/thanglequoc/vietnamese-provinces-database/master/json/geojson/52_gia_lai/wards/21769_an_luong.geojson
21775,Xã Phù Mỹ Nam,52,Tỉnh Gia Lai,https://raw.githubusercontent.com/thanglequoc/vietnamese-provinces-database/master/json/geojson/52_gia_lai/wards/21775_phu_my_nam.geojson
21786,Xã Vĩnh Thạnh,52,Tỉnh Gia Lai,https://raw.githubusercontent.com/thanglequoc/vietnamese-provinces-database/master/json/geojson/52_gia_lai/wards/21786_vinh_thanh.geojson
21787,Xã Vĩnh Sơn,52,Tỉnh Gia Lai,https://raw.githubusercontent.com/thanglequoc/vietnamese-provinces-database/master/json/geojson/52_gia_lai/wards/21787_vinh_son.geojson
21796,Xã Vĩnh Thịnh,52,Tỉnh Gia Lai,https://raw.githubusercontent.com/thanglequoc/vietnamese-provinces-database/master/json/geojson/52_gia_lai/wards/21796_vinh_thinh.geojson
21805,Xã Vĩnh Quang,52,Tỉnh Gia Lai,https://raw.githubusercontent.com/thanglequoc/vietnamese-provinces-database/master/json/geojson/52_gia_lai/wards/21805_vinh_quang.geojson
21808,Xã Tây Sơn,52,Tỉnh Gia Lai,https://raw.githubusercontent.com/thanglequoc/vietnamese-provinces-database/master/json/geojson/52_gia_lai/wards/21808_tay_son.geojson
21817,Xã Bình Hiệp,52,Tỉnh Gia Lai,https://raw.githubusercontent.com/thanglequoc/vietnamese-provinces-database/master/json/geojson/52_gia_lai/wards/21817_binh_hiep.geojson
21820,Xã Bình Khê,52,Tỉnh Gia Lai,https://raw.githubusercontent.com/thanglequoc/vietnamese-provinces-database/master/json/geojson/52_gia_lai/wards/21820_binh_khe.geojson
21829,Xã Bình An,52,Tỉnh Gia Lai,https://raw.githubusercontent.com/thanglequoc/vietnamese-provinces-database/master/json/geojson/52_gia_lai/wards/21829_binh_an.geojson
21835,Xã Bình Phú,52,Tỉnh Gia Lai,https://raw.githubusercontent.com/thanglequoc/vietnamese-provinces-database/master/json/geojson/52_gia_lai/wards/21835_binh_phu.geojson
21853,Xã Phù Cát,52,Tỉnh Gia Lai,https://raw.githubusercontent.com/thanglequoc/vietnamese-provinces-database/master/json/geojson/52_gia_lai/wards/21853_phu_cat.geojson
21859,Xã Đề Gi,52,Tỉnh Gia Lai,https://raw.githubusercontent.com/thanglequoc/vietnamese-provinces-database/master/json/geojson/52_gia_lai/wards/21859_de_gi.geojson
21868,Xã Hội Sơn,52,Tỉnh Gia Lai,https://raw.githubusercontent.com/thanglequoc/vietnamese-provinces-database/master/json/geojson/52_gia_lai/wards/21868_hoi_son.geojson
21871,Xã Hoà Hội,52,Tỉnh Gia Lai,https://raw.githubusercontent.com/thanglequoc/vietnamese-provinces-database/master/json/geojson/52_gia_lai/wards/21871_hoa_hoi.geojson
21880,Xã Cát Tiến,52,Tỉnh Gia Lai,https://raw.githubusercontent.com/thanglequoc/vietnamese-provinces-database/master/json/geojson/52_gia_lai/wards/21880_cat_tien.geojson
21892,Xã Xuân An,52,Tỉnh Gia Lai,https://raw.githubusercontent.com/thanglequoc/vietnamese-provinces-database/master/json/geojson/52_gia_lai/wards/21892_xuan_an.geojson
21901,Xã Ngô Mây,52,Tỉnh Gia Lai,https://raw.githubusercontent.com/thanglequoc/vietnamese-provinces-database/master/json/geojson/52_gia_lai/wards/21901_ngo_may.geojson
21907,Phường Bình Định,52,Tỉnh Gia Lai,https://raw.githubusercontent.com/thanglequoc/vietnamese-provinces-database/master/json/geojson/52_gia_lai/wards/21907_binh_dinh.geojson
21910,Phường An Nhơn,52,Tỉnh Gia Lai,https://raw.githubusercontent.com/thanglequoc/vietnamese-provinces-database/master/json/geojson/52_gia_lai/wards/21910_an_nhon.geojson
21925,Phường An Nhơn Bắc,52,Tỉnh Gia Lai,https://raw.githubusercontent.com/thanglequoc/vietnamese-provinces-database/master/json/geojson/52_gia_lai/wards/21925_an_nhon_bac.geojson
21934,Phường An Nhơn Đông,52,Tỉnh Gia Lai,https://raw.githubusercontent.com/thanglequoc/vietnamese-provinces-database/master/json/geojson/52_gia_lai/wards/21934_an_nhon_dong.geojson
21940,Xã An Nhơn Tây,52,Tỉnh Gia Lai,https://raw.githubusercontent.com/thanglequoc/vietnamese-provinces-database/master/json/geojson/52_gia_lai/wards/21940_an_nhon_tay.geojson
21943,Phường An Nhơn Nam,52,Tỉnh Gia Lai,https://raw.githubusercontent.com/thanglequoc/vietnamese-provinces-database/master/json/geojson/52_gia_lai/wards/21943_an_nhon_nam.geojson
21952,Xã Tuy Phước,52,Tỉnh Gia Lai,https://raw.githubusercontent.com/thanglequoc/vietnamese-provinces-database/master/json/geojson/52_gia_lai/wards/21952_tuy_phuoc.geojson
21964,Xã Tuy Phước Bắc,52,Tỉnh Gia Lai,https://raw.githubusercontent.com/thanglequoc/vietnamese-provinces-database/master/json/geojson/52_gia_lai/wards/21964_tuy_phuoc_bac.geojson
21970,Xã Tuy Phước Đông,52,Tỉnh Gia Lai,https://raw.githubusercontent.com/thanglequoc/vietnamese-provinces-database/master/json/geojson/52_gia_lai/wards/21970_tuy_phuoc_dong.geojson
21985,Xã Tuy Phước Tây,52,Tỉnh Gia Lai,https://raw.githubusercontent.com/thanglequoc/vietnamese-provinces-database/master/json/geojson/52_gia_lai/wards/21985_tuy_phuoc_tay.geojson
21994,Xã Vân Canh,52,Tỉnh Gia Lai,https://raw.githubusercontent.com/thanglequoc/vietnamese-provinces-database/master/json/geojson/52_gia_lai/wards/21994_van_canh.geojson
21997,Xã Canh Liên,52,Tỉnh Gia Lai,https://raw.githubusercontent.com/thanglequoc/vietnamese-provinces-database/master/json/geojson/52_gia_lai/wards/21997_canh_lien.geojson
22006,Xã Canh Vinh,52,Tỉnh Gia Lai,https://raw.githubusercontent.com/thanglequoc/vietnamese-provinces-database/master/json/geojson/52_gia_lai/wards/22006_canh_vinh.geojson
23563,Phường Diên Hồng,52,Tỉnh Gia Lai,https://raw.githubusercontent.com/thanglequoc/vietnamese-provinces-database/master/json/geojson/52_gia_lai/wards/23563_dien_hong.geojson
23575,Phường Pleiku,52,Tỉnh Gia Lai,https://raw.githubusercontent.com/thanglequoc/vietnamese-provinces-database/master/json/geojson/52_gia_lai/wards/23575_pleiku.geojson
23584,Phường Thống Nhất,52,Tỉnh Gia Lai,https://raw.githubusercontent.com/thanglequoc/vietnamese-provinces-database/master/json/geojson/52_gia_lai/wards/23584_thong_nhat.geojson
23586,Phường Hội Phú,52,Tỉnh Gia Lai,https://raw.githubusercontent.com/thanglequoc/vietnamese-provinces-database/master/json/geojson/52_gia_lai/wards/23586_hoi_phu.geojson
23590,Xã Biển Hồ,52,Tỉnh Gia Lai,https://raw.githubusercontent.com/thanglequoc/vietnamese-provinces-database/master/json/geojson/52_gia_lai/wards/23590_bien_ho.geojson
23602,Phường An Phú,52,Tỉnh Gia Lai,https://raw.githubusercontent.com/thanglequoc/vietnamese-provinces-database/master/json/geojson/52_gia_lai/wards/23602_an_phu.geojson
23611,Xã Gào,52,Tỉnh Gia Lai,https://raw.githubusercontent.com/thanglequoc/vietnamese-provinces-database/master/json/geojson/52_gia_lai/wards/23611_gao.geojson
23614,Phường An Bình,52,Tỉnh Gia Lai,https://raw.githubusercontent.com/thanglequoc/vietnamese-provinces-database/master/json/geojson/52_gia_lai/wards/23614_an_binh.geojson
23617,Phường An Khê,52,Tỉnh Gia Lai,https://raw.githubusercontent.com/thanglequoc/vietnamese-provinces-database/master/json/geojson/52_gia_lai/wards/23617_an_khe.geojson
23629,Xã Cửu An,52,Tỉnh Gia Lai,https://raw.githubusercontent.com/thanglequoc/vietnamese-provinces-database/master/json/geojson/52_gia_lai/wards/23629_cuu_an.geojson
23638,Xã Kbang,52,Tỉnh Gia Lai,https://raw.githubusercontent.com/thanglequoc/vietnamese-provinces-database/master/json/geojson/52_gia_lai/wards/23638_kbang.geojson
23644,Xã Đak Rong,52,Tỉnh Gia Lai,https://raw.githubusercontent.com/thanglequoc/vietnamese-provinces-database/master/json/geojson/52_gia_lai/wards/23644_dak_rong.geojson
23647,Xã Sơn Lang,52,Tỉnh Gia Lai,https://raw.githubusercontent.com/thanglequoc/vietnamese-provinces-database/master/json/geojson/52_gia_lai/wards/23647_son_lang.geojson
23650,Xã Krong,52,Tỉnh Gia Lai,https://raw.githubusercontent.com/thanglequoc/vietnamese-provinces-database/master/json/geojson/52_gia_lai/wards/23650_krong.geojson
23668,Xã Tơ Tung,52,Tỉnh Gia Lai,https://raw.githubusercontent.com/thanglequoc/vietnamese-provinces-database/master/json/geojson/52_gia_lai/wards/23668_to_tung.geojson
23674,Xã Kông Bơ La,52,Tỉnh Gia Lai,https://raw.githubusercontent.com/thanglequoc/vietnamese-provinces-database/master/json/geojson/52_gia_lai/wards/23674_kong_bo_la.geojson
23677,Xã Đak Đoa,52,Tỉnh Gia Lai,https://raw.githubusercontent.com/thanglequoc/vietnamese-provinces-database/master/json/geojson/52_gia_lai/wards/23677_dak_doa.geojson
23683,Xã Đak Sơmei,52,Tỉnh Gia Lai,https://raw.githubusercontent.com/thanglequoc/vietnamese-provinces-database/master/json/geojson/52_gia_lai/wards/23683_dak_somei.geojson
23701,Xã Kon Gang,52,Tỉnh Gia Lai,https://raw.githubusercontent.com/thanglequoc/vietnamese-provinces-database/master/json/geojson/52_gia_lai/wards/23701_kon_gang.geojson
23710,Xã Ia Băng,52,Tỉnh Gia Lai,https://raw.githubusercontent.com/thanglequoc/vietnamese-provinces-database/master/json/geojson/52_gia_lai/wards/23710_ia_bang.geojson
23714,Xã KDang,52,Tỉnh Gia Lai,https://raw.githubusercontent.com/thanglequoc/vietnamese-provinces-database/master/json/geojson/52_gia_lai/wards/23714_kdang.geojson
23722,Xã Chư Păh,52,Tỉnh Gia Lai,https://raw.githubusercontent.com/thanglequoc/vietnamese-provinces-database/master/json/geojson/52_gia_lai/wards/23722_chu_pah.geojson
23728,Xã Ia Khươl,52,Tỉnh Gia Lai,https://raw.githubusercontent.com/thanglequoc/vietnamese-provinces-database/master/json/geojson/52_gia_lai/wards/23728_ia_khuol.geojson
23734,Xã Ia Ly,52,Tỉnh Gia Lai,https://raw.githubusercontent.com/thanglequoc/vietnamese-provinces-database/master/json/geojson/52_gia_lai/wards/23734_ia_ly.geojson
23749,Xã Ia Phí,52,Tỉnh Gia Lai,https://raw.githubusercontent.com/thanglequoc/vietnamese-provinces-database/master/json/geojson/52_gia_lai/wards/23749_ia_phi.geojson
23764,Xã Ia Grai,52,Tỉnh Gia Lai,https://raw.githubusercontent.com/thanglequoc/vietnamese-provinces-database/master/json/geojson/52_gia_lai/wards/23764_ia_grai.geojson
23767,Xã Ia Hrung,52,Tỉnh Gia Lai,https://raw.githubusercontent.com/thanglequoc/vietnamese-provinces-database/master/json/geojson/52_gia_lai/wards/23767_ia_hrung.geojson
23776,Xã Ia Krái,52,Tỉnh Gia Lai,https://raw.githubusercontent.com/thanglequoc/vietnamese-provinces-database/master/json/geojson/52_gia_lai/wards/23776_ia_krai.geojson
23782,Xã Ia O,52,Tỉnh Gia Lai,https://raw.githubusercontent.com/thanglequoc/vietnamese-provinces-database/master/json/geojson/52_gia_lai/wards/23782_ia_o.geojson
23788,Xã Ia Chia,52,Tỉnh Gia Lai,https://raw.githubusercontent.com/thanglequoc/vietnamese-provinces-database/master/json/geojson/52_gia_lai/wards/23788_ia_chia.geojson
23794,Xã Mang Yang,52,Tỉnh Gia Lai,https://raw.githubusercontent.com/thanglequoc/vietnamese-provinces-database/master/json/geojson/52_gia_lai/wards/23794_mang_yang.geojson
23798,Xã Ayun,52,Tỉnh Gia Lai,https://raw.githubusercontent.com/thanglequoc/vietnamese-provinces-database/master/json/geojson/52_gia_lai/wards/23798_ayun.geojson
23799,Xã Hra,52,Tỉnh Gia Lai,https://raw.githubusercontent.com/thanglequoc/vietnamese-provinces-database/master/json/geojson/52_gia_lai/wards/23799_hra.geojson
23812,Xã Lơ Pang,52,Tỉnh Gia Lai,https://raw.githubusercontent.com/thanglequoc/vietnamese-provinces-database/master/json/geojson/52_gia_lai/wards/23812_lo_pang.geojson
23818,Xã Kon Chiêng,52,Tỉnh Gia Lai,https://raw.githubusercontent.com/thanglequoc/vietnamese-provinces-database/master/json/geojson/52_gia_lai/wards/23818_kon_chieng.geojson
23824,Xã Kông Chro,52,Tỉnh Gia Lai,https://raw.githubusercontent.com/thanglequoc/vietnamese-provinces-database/master/json/geojson/52_gia_lai/wards/23824_kong_chro.geojson
23830,Xã Chư Krey,52,Tỉnh Gia Lai,https://raw.githubusercontent.com/thanglequoc/vietnamese-provinces-database/master/json/geojson/52_gia_lai/wards/23830_chu_krey.geojson
23833,Xã Ya Ma,52,Tỉnh Gia Lai,https://raw.githubusercontent.com/thanglequoc/vietnamese-provinces-database/master/json/geojson/52_gia_lai/wards/23833_ya_ma.geojson
23839,Xã SRó,52,Tỉnh Gia Lai,https://raw.githubusercontent.com/thanglequoc/vietnamese-provinces-database/master/json/geojson/52_gia_lai/wards/23839_sro.geojson
23842,Xã Đăk Song,52,Tỉnh Gia Lai,https://raw.githubusercontent.com/thanglequoc/vietnamese-provinces-database/master/json/geojson/52_gia_lai/wards/23842_dak_song.geojson
23851,Xã Chơ Long,52,Tỉnh Gia Lai,https://raw.githubusercontent.com/thanglequoc/vietnamese-provinces-database/master/json/geojson/52_gia_lai/wards/23851_cho_long.geojson
23857,Xã Đức Cơ,52,Tỉnh Gia Lai,https://raw.githubusercontent.com/thanglequoc/vietnamese-provinces-database/master/json/geojson/52_gia_lai/wards/23857_duc_co.geojson
23866,Xã Ia Krêl,52,Tỉnh Gia Lai,https://raw.githubusercontent.com/thanglequoc/vietnamese-provinces-database/master/json/geojson/52_gia_lai/wards/23866_ia_krel.geojson
23869,Xã Ia Dơk,52,Tỉnh Gia Lai,https://raw.githubusercontent.com/thanglequoc/vietnamese-provinces-database/master/json/geojson/52_gia_lai/wards/23869_ia_dok.geojson
23872,Xã Ia Dom,52,Tỉnh Gia Lai,https://raw.githubusercontent.com/thanglequoc/vietnamese-provinces-database/master/json/geojson/52_gia_lai/wards/23872_ia_dom.geojson
23881,Xã Ia Pnôn,52,Tỉnh Gia Lai,https://raw.githubusercontent.com/thanglequoc/vietnamese-provinces-database/master/json/geojson/52_gia_lai/wards/23881_ia_pnon.geojson
23884,Xã Ia Nan,52,Tỉnh Gia Lai,https://raw.githubusercontent.com/thanglequoc/vietnamese-provinces-database/master/json/geojson/52_gia_lai/wards/23884_ia_nan.geojson
23887,Xã Chư Prông,52,Tỉnh Gia Lai,https://raw.githubusercontent.com/thanglequoc/vietnamese-provinces-database/master/json/geojson/52_gia_lai/wards/23887_chu_prong.geojson
23896,Xã Bàu Cạn,52,Tỉnh Gia Lai,https://raw.githubusercontent.com/thanglequoc/vietnamese-provinces-database/master/json/geojson/52_gia_lai/wards/23896_bau_can.geojson
23908,Xã Ia Tôr,52,Tỉnh Gia Lai,https://raw.githubusercontent.com/thanglequoc/vietnamese-provinces-database/master/json/geojson/52_gia_lai/wards/23908_ia_tor.geojson
23911,Xã Ia Boòng,52,Tỉnh Gia Lai,https://raw.githubusercontent.com/thanglequoc/vietnamese-provinces-database/master/json/geojson/52_gia_lai/wards/23911_ia_boong.geojson
23917,Xã Ia Púch,52,Tỉnh Gia Lai,https://raw.githubusercontent.com/thanglequoc/vietnamese-provinces-database/master/json/geojson/52_gia_lai/wards/23917_ia_puch.geojson
23926,Xã Ia Pia,52,Tỉnh Gia Lai,https://raw.githubusercontent.com/thanglequoc/vietnamese-provinces-database/master/json/geojson/52_gia_lai/wards/23926_ia_pia.geojson
23935,Xã Ia Lâu,52,Tỉnh Gia Lai,https://raw.githubusercontent.com/thanglequoc/vietnamese-provinces-database/master/json/geojson/52_gia_lai/wards/23935_ia_lau.geojson
23938,Xã Ia Mơ,52,Tỉnh Gia Lai,https://raw.githubusercontent.com/thanglequoc/vietnamese-provinces-database/master/json/geojson/52_gia_lai/wards/23938_ia_mo.geojson
23941,Xã Chư Sê,52,Tỉnh Gia Lai,https://raw.githubusercontent.com/thanglequoc/vietnamese-provinces-database/master/json/geojson/52_gia_lai/wards/23941_chu_se.geojson
23942,Xã Chư Pưh,52,Tỉnh Gia Lai,https://raw.githubusercontent.com/thanglequoc/vietnamese-provinces-database/master/json/geojson/52_gia_lai/wards/23942_chu_puh.geojson
23947,Xã Bờ Ngoong,52,Tỉnh Gia Lai,https://raw.githubusercontent.com/thanglequoc/vietnamese-provinces-database/master/json/geojson/52_gia_lai/wards/23947_bo_ngoong.geojson
23954,Xã Al Bá,52,Tỉnh Gia Lai,https://raw.githubusercontent.com/thanglequoc/vietnamese-provinces-database/master/json/geojson/52_gia_lai/wards/23954_al_ba.geojson
23971,Xã Ia Hrú,52,Tỉnh Gia Lai,https://raw.githubusercontent.com/thanglequoc/vietnamese-provinces-database/master/json/geojson/52_gia_lai/wards/23971_ia_hru.geojson
23977,Xã Ia Ko,52,Tỉnh Gia Lai,https://raw.githubusercontent.com/thanglequoc/vietnamese-provinces-database/master/json/geojson/52_gia_lai/wards/23977_ia_ko.geojson
23986,Xã Ia Le,52,Tỉnh Gia Lai,https://raw.githubusercontent.com/thanglequoc/vietnamese-provinces-database/master/json/geojson/52_gia_lai/wards/23986_ia_le.geojson
23995,Xã Đak Pơ,52,Tỉnh Gia Lai,https://raw.githubusercontent.com/thanglequoc/vietnamese-provinces-database/master/json/geojson/52_gia_lai/wards/23995_dak_po.geojson
24007,Xã Ya Hội,52,Tỉnh Gia Lai,https://raw.githubusercontent.com/thanglequoc/vietnamese-provinces-database/master/json/geojson/52_gia_lai/wards/24007_ya_hoi.geojson
24013,Xã Pờ Tó,52,Tỉnh Gia Lai,https://raw.githubusercontent.com/thanglequoc/vietnamese-provinces-database/master/json/geojson/52_gia_lai/wards/24013_po_to.geojson
24022,Xã Ia Pa,52,Tỉnh Gia Lai,https://raw.githubusercontent.com/thanglequoc/vietnamese-provinces-database/master/json/geojson/52_gia_lai/wards/24022_ia_pa.geojson
24028,Xã Ia Tul,52,Tỉnh Gia Lai,https://raw.githubusercontent.com/thanglequoc/vietnamese-provinces-database/master/json/geojson/52_gia_lai/wards/24028_ia_tul.geojson
24043,Xã Phú Thiện,52,Tỉnh Gia Lai,https://raw.githubusercontent.com/thanglequoc/vietnamese-provinces-database/master/json/geojson/52_gia_lai/wards/24043_phu_thien.geojson
24044,Phường Ayun Pa,52,Tỉnh Gia Lai,https://raw.githubusercontent.com/thanglequoc/vietnamese-provinces-database/master/json/geojson/52_gia_lai/wards/24044_ayun_pa.geojson
24049,Xã Chư A Thai,52,Tỉnh Gia Lai,https://raw.githubusercontent.com/thanglequoc/vietnamese-provinces-database/master/json/geojson/52_gia_lai/wards/24049_chu_a_thai.geojson
24061,Xã Ia Hiao,52,Tỉnh Gia Lai,https://raw.githubusercontent.com/thanglequoc/vietnamese-provinces-database/master/json/geojson/52_gia_lai/wards/24061_ia_hiao.geojson
24065,Xã Ia Rbol,52,Tỉnh Gia Lai,https://raw.githubusercontent.com/thanglequoc/vietnamese-provinces-database/master/json/geojson/52_gia_lai/wards/24065_ia_rbol.geojson
24073,Xã Ia Sao,52,Tỉnh Gia Lai,https://raw.githubusercontent.com/thanglequoc/vietnamese-provinces-database/master/json/geojson/52_gia_lai/wards/24073_ia_sao.geojson
24076,Xã Phú Túc,52,Tỉnh Gia Lai,https://raw.githubusercontent.com/thanglequoc/vietnamese-provinces-database/master/json/geojson/52_gia_lai/wards/24076_phu_tuc.geojson
24100,Xã Ia Dreh,52,Tỉnh Gia Lai,https://raw.githubusercontent.com/thanglequoc/vietnamese-provinces-database/master/json/geojson/52_gia_lai/wards/24100_ia_dreh.geojson
24109,Xã Uar,52,Tỉnh Gia Lai,https://raw.githubusercontent.com/thanglequoc/vietnamese-provinces-database/master/json/geojson/52_gia_lai/wards/24109_uar.geojson
24112,Xã Ia Rsai,52,Tỉnh Gia Lai,https://raw.githubusercontent.com/thanglequoc/vietnamese-provinces-database/master/json/geojson/52_gia_lai/wards/24112_ia_rsai.geojson
22333,Phường Bắc Nha Trang,56,Tỉnh Khánh Hoà,https://raw.githubusercontent.com/thanglequoc/vietnamese-provinces-database/master/json/geojson/56_khanh_hoa/wards/22333_bac_nha_trang.geojson
22366,Phường Nha Trang,56,Tỉnh Khánh Hoà,https://raw.githubusercontent.com/thanglequoc/vietnamese-provinces-database/master/json/geojson/56_khanh_hoa/wards/22366_nha_trang.geojson
22390,Phường Tây Nha Trang,56,Tỉnh Khánh Hoà,https://raw.githubusercontent.com/thanglequoc/vietnamese-provinces-database/master/json/geojson/56_khanh_hoa/wards/22390_tay_nha_trang.geojson
22402,Phường Nam Nha Trang,56,Tỉnh Khánh Hoà,https://raw.githubusercontent.com/thanglequoc/vietnamese-provinces-database/master/json/geojson/56_khanh_hoa/wards/22402_nam_nha_trang.geojson
22411,Phường Bắc Cam Ranh,56,Tỉnh Khánh Hoà,https://raw.githubusercontent.com/thanglequoc/vietnamese-provinces-database/master/json/geojson/56_khanh_hoa/wards/22411_bac_cam_ranh.geojson
22420,Phường Cam Ranh,56,Tỉnh Khánh Hoà,https://raw.githubusercontent.com/thanglequoc/vietnamese-provinces-database/master/json/geojson/56_khanh_hoa/wards/22420_cam_ranh.geojson
22423,Phường Ba Ngòi,56,Tỉnh Khánh Hoà,https://raw.githubusercontent.com/thanglequoc/vietnamese-provinces-database/master/json/geojson/56_khanh_hoa/wards/22423_ba_ngoi.geojson
22432,Phường Cam Linh,56,Tỉnh Khánh Hoà,https://raw.githubusercontent.com/thanglequoc/vietnamese-provinces-database/master/json/geojson/56_khanh_hoa/wards/22432_cam_linh.geojson
22435,Xã Cam Hiệp,56,Tỉnh Khánh Hoà,https://raw.githubusercontent.com/thanglequoc/vietnamese-provinces-database/master/json/geojson/56_khanh_hoa/wards/22435_cam_hiep.geojson
22453,Xã Cam Lâm,56,Tỉnh Khánh Hoà,https://raw.githubusercontent.com/thanglequoc/vietnamese-provinces-database/master/json/geojson/56_khanh_hoa/wards/22453_cam_lam.geojson
22465,Xã Cam An,56,Tỉnh Khánh Hoà,https://raw.githubusercontent.com/thanglequoc/vietnamese-provinces-database/master/json/geojson/56_khanh_hoa/wards/22465_cam_an.geojson
22480,Xã Nam Cam Ranh,56,Tỉnh Khánh Hoà,https://raw.githubusercontent.com/thanglequoc/vietnamese-provinces-database/master/json/geojson/56_khanh_hoa/wards/22480_nam_cam_ranh.geojson
22489,Xã Vạn Ninh,56,Tỉnh Khánh Hoà,https://raw.githubusercontent.com/thanglequoc/vietnamese-provinces-database/master/json/geojson/56_khanh_hoa/wards/22489_van_ninh.geojson
22498,Xã Tu Bông,56,Tỉnh Khánh Hoà,https://raw.githubusercontent.com/thanglequoc/vietnamese-provinces-database/master/json/geojson/56_khanh_hoa/wards/22498_tu_bong.geojson
22504,Xã Đại Lãnh,56,Tỉnh Khánh Hoà,https://raw.githubusercontent.com/thanglequoc/vietnamese-provinces-database/master/json/geojson/56_khanh_hoa/wards/22504_dai_lanh.geojson
22516,Xã Vạn Thắng,56,Tỉnh Khánh Hoà,https://raw.githubusercontent.com/thanglequoc/vietnamese-provinces-database/master/json/geojson/56_khanh_hoa/wards/22516_van_thang.geojson
22525,Xã Vạn Hưng,56,Tỉnh Khánh Hoà,https://raw.githubusercontent.com/thanglequoc/vietnamese-provinces-database/master/json/geojson/56_khanh_hoa/wards/22525_van_hung.geojson
22528,Phường Ninh Hoà,56,Tỉnh Khánh Hoà,https://raw.githubusercontent.com/thanglequoc/vietnamese-provinces-database/master/json/geojson/56_khanh_hoa/wards/22528_ninh_hoa.geojson
22546,Xã Bắc Ninh Hoà,56,Tỉnh Khánh Hoà,https://raw.githubusercontent.com/thanglequoc/vietnamese-provinces-database/master/json/geojson/56_khanh_hoa/wards/22546_bac_ninh_hoa.geojson
22552,Xã Tây Ninh Hoà,56,Tỉnh Khánh Hoà,https://raw.githubusercontent.com/thanglequoc/vietnamese-provinces-database/master/json/geojson/56_khanh_hoa/wards/22552_tay_ninh_hoa.geojson
22558,Xã Hoà Trí,56,Tỉnh Khánh Hoà,https://raw.githubusercontent.com/thanglequoc/vietnamese-provinces-database/master/json/geojson/56_khanh_hoa/wards/22558_hoa_tri.geojson
22561,Phường Đông Ninh Hoà,56,Tỉnh Khánh Hoà,https://raw.githubusercontent.com/thanglequoc/vietnamese-provinces-database/master/json/geojson/56_khanh_hoa/wards/22561_dong_ninh_hoa.geojson
22576,Xã Tân Định,56,Tỉnh Khánh Hoà,https://raw.githubusercontent.com/thanglequoc/vietnamese-provinces-database/master/json/geojson/56_khanh_hoa/wards/22576_tan_dinh.geojson
22591,Phường Hoà Thắng,56,Tỉnh Khánh Hoà,https://raw.githubusercontent.com/thanglequoc/vietnamese-provinces-database/master/json/geojson/56_khanh_hoa/wards/22591_hoa_thang.geojson
22597,Xã Nam Ninh Hoà,56,Tỉnh Khánh Hoà,https://raw.githubusercontent.com/thanglequoc/vietnamese-provinces-database/master/json/geojson/56_khanh_hoa/wards/22597_nam_ninh_hoa.geojson
22609,Xã Khánh Vĩnh,56,Tỉnh Khánh Hoà,https://raw.githubusercontent.com/thanglequoc/vietnamese-provinces-database/master/json/geojson/56_khanh_hoa/wards/22609_khanh_vinh.geojson
22612,Xã Trung Khánh Vĩnh,56,Tỉnh Khánh Hoà,https://raw.githubusercontent.com/thanglequoc/vietnamese-provinces-database/master/json/geojson/56_khanh_hoa/wards/22612_trung_khanh_vinh.geojson
22615,Xã Bắc Khánh Vĩnh,56,Tỉnh Khánh Hoà,https://raw.githubusercontent.com/thanglequoc/vietnamese-provinces-database/master/json/geojson/56_khanh_hoa/wards/22615_bac_khanh_vinh.geojson
22624,Xã Tây Khánh Vĩnh,56,Tỉnh Khánh Hoà,https://raw.githubusercontent.com/thanglequoc/vietnamese-provinces-database/master/json/geojson/56_khanh_hoa/wards/22624_tay_khanh_vinh.geojson
22648,Xã Nam Khánh Vĩnh,56,Tỉnh Khánh Hoà,https://raw.githubusercontent.com/thanglequoc/vietnamese-provinces-database/master/json/geojson/56_khanh_hoa/wards/22648_nam_khanh_vinh.geojson
22651,Xã Diên Khánh,56,Tỉnh Khánh Hoà,https://raw.githubusercontent.com/thanglequoc/vietnamese-provinces-database/master/json/geojson/56_khanh_hoa/wards/22651_dien_khanh.geojson
22657,Xã Diên Điền,56,Tỉnh Khánh Hoà,https://raw.githubusercontent.com/thanglequoc/vietnamese-provinces-database/master/json/geojson/56_khanh_hoa/wards/22657_dien_dien.geojson
22660,Xã Diên Lâm,56,Tỉnh Khánh Hoà,https://raw.githubusercontent.com/thanglequoc/vietnamese-provinces-database/master/json/geojson/56_khanh_hoa/wards/22660_dien_lam.geojson
22672,Xã Diên Thọ,56,Tỉnh Khánh Hoà,https://raw.githubusercontent.com/thanglequoc/vietnamese-provinces-database/master/json/geojson/56_khanh_hoa/wards/22672_dien_tho.geojson
22678,Xã Diên Lạc,56,Tỉnh Khánh Hoà,https://raw.githubusercontent.com/thanglequoc/vietnamese-provinces-database/master/json/geojson/56_khanh_hoa/wards/22678_dien_lac.geojson
22702,Xã Suối Hiệp,56,Tỉnh Khánh Hoà,https://raw.githubusercontent.com/thanglequoc/vietnamese-provinces-database/master/json/geojson/56_khanh_hoa/wards/22702_suoi_hiep.geojson
22708,Xã Suối Dầu,56,Tỉnh Khánh Hoà,https://raw.githubusercontent.com/thanglequoc/vietnamese-provinces-database/master/json/geojson/56_khanh_hoa/wards/22708_suoi_dau.geojson
22714,Xã Khánh Sơn,56,Tỉnh Khánh Hoà,https://raw.githubusercontent.com/thanglequoc/vietnamese-provinces-database/master/json/geojson/56_khanh_hoa/wards/22714_khanh_son.geojson
22720,Xã Tây Khánh Sơn,56,Tỉnh Khánh Hoà,https://raw.githubusercontent.com/thanglequoc/vietnamese-provinces-database/master/json/geojson/56_khanh_hoa/wards/22720_tay_khanh_son.geojson
22732,Xã Đông Khánh Sơn,56,Tỉnh Khánh Hoà,https://raw.githubusercontent.com/thanglequoc/vietnamese-provinces-database/master/json/geojson/56_khanh_hoa/wards/22732_dong_khanh_son.geojson
22736,Đặc khu Trường Sa,56,Tỉnh Khánh Hoà,https://raw.githubusercontent.com/thanglequoc/vietnamese-provinces-database/master/json/geojson/56_khanh_hoa/wards/22736_truong_sa.geojson
22738,Phường Đô Vinh,56,Tỉnh Khánh Hoà,https://raw.githubusercontent.com/thanglequoc/vietnamese-provinces-database/master/json/geojson/56_khanh_hoa/wards/22738_do_vinh.geojson
22741,Phường Bảo An,56,Tỉnh Khánh Hoà,https://raw.githubusercontent.com/thanglequoc/vietnamese-provinces-database/master/json/geojson/56_khanh_hoa/wards/22741_bao_an.geojson
22759,Phường Phan Rang,56,Tỉnh Khánh Hoà,https://raw.githubusercontent.com/thanglequoc/vietnamese-provinces-database/master/json/geojson/56_khanh_hoa/wards/22759_phan_rang.geojson
22780,Phường Đông Hải,56,Tỉnh Khánh Hoà,https://raw.githubusercontent.com/thanglequoc/vietnamese-provinces-database/master/json/geojson/56_khanh_hoa/wards/22780_dong_hai.geojson
22786,Xã Bác Ái Tây,56,Tỉnh Khánh Hoà,https://raw.githubusercontent.com/thanglequoc/vietnamese-provinces-database/master/json/geojson/56_khanh_hoa/wards/22786_bac_ai_tay.geojson
22795,Xã Bác Ái,56,Tỉnh Khánh Hoà,https://raw.githubusercontent.com/thanglequoc/vietnamese-provinces-database/master/json/geojson/56_khanh_hoa/wards/22795_bac_ai.geojson
22801,Xã Bác Ái Đông,56,Tỉnh Khánh Hoà,https://raw.githubusercontent.com/thanglequoc/vietnamese-provinces-database/master/json/geojson/56_khanh_hoa/wards/22801_bac_ai_dong.geojson
22810,Xã Ninh Sơn,56,Tỉnh Khánh Hoà,https://raw.githubusercontent.com/thanglequoc/vietnamese-provinces-database/master/json/geojson/56_khanh_hoa/wards/22810_ninh_son.geojson
22813,Xã Lâm Sơn,56,Tỉnh Khánh Hoà,https://raw.githubusercontent.com/thanglequoc/vietnamese-provinces-database/master/json/geojson/56_khanh_hoa/wards/22813_lam_son.geojson
22822,Xã Mỹ Sơn,56,Tỉnh Khánh Hoà,https://raw.githubusercontent.com/thanglequoc/vietnamese-provinces-database/master/json/geojson/56_khanh_hoa/wards/22822_my_son.geojson
22828,Xã Anh Dũng,56,Tỉnh Khánh Hoà,https://raw.githubusercontent.com/thanglequoc/vietnamese-provinces-database/master/json/geojson/56_khanh_hoa/wards/22828_anh_dung.geojson
22834,Phường Ninh Chử,56,Tỉnh Khánh Hoà,https://raw.githubusercontent.com/thanglequoc/vietnamese-provinces-database/master/json/geojson/56_khanh_hoa/wards/22834_ninh_chu.geojson
22840,Xã Công Hải,56,Tỉnh Khánh Hoà,https://raw.githubusercontent.com/thanglequoc/vietnamese-provinces-database/master/json/geojson/56_khanh_hoa/wards/22840_cong_hai.geojson
22846,Xã Vĩnh Hải,56,Tỉnh Khánh Hoà,https://raw.githubusercontent.com/thanglequoc/vietnamese-provinces-database/master/json/geojson/56_khanh_hoa/wards/22846_vinh_hai.geojson
22849,Xã Thuận Bắc,56,Tỉnh Khánh Hoà,https://raw.githubusercontent.com/thanglequoc/vietnamese-provinces-database/master/json/geojson/56_khanh_hoa/wards/22849_thuan_bac.geojson
22852,Xã Ninh Hải,56,Tỉnh Khánh Hoà,https://raw.githubusercontent.com/thanglequoc/vietnamese-provinces-database/master/json/geojson/56_khanh_hoa/wards/22852_ninh_hai.geojson
22861,Xã Xuân Hải,56,Tỉnh Khánh Hoà,https://raw.githubusercontent.com/thanglequoc/vietnamese-provinces-database/master/json/geojson/56_khanh_hoa/wards/22861_xuan_hai.geojson
22870,Xã Ninh Phước,56,Tỉnh Khánh Hoà,https://raw.githubusercontent.com/thanglequoc/vietnamese-provinces-database/master/json/geojson/56_khanh_hoa/wards/22870_ninh_phuoc.geojson
22873,Xã Phước Hậu,56,Tỉnh Khánh Hoà,https://raw.githubusercontent.com/thanglequoc/vietnamese-provinces-database/master/json/geojson/56_khanh_hoa/wards/22873_phuoc_hau.geojson
22888,Xã Phước Dinh,56,Tỉnh Khánh Hoà,https://raw.githubusercontent.com/thanglequoc/vietnamese-provinces-database/master/json/geojson/56_khanh_hoa/wards/22888_phuoc_dinh.geojson
22891,Xã Phước Hữu,56,Tỉnh Khánh Hoà,https://raw.githubusercontent.com/thanglequoc/vietnamese-provinces-database/master/json/geojson/56_khanh_hoa/wards/22891_phuoc_huu.geojson
22897,Xã Thuận Nam,56,Tỉnh Khánh Hoà,https://raw.githubusercontent.com/thanglequoc/vietnamese-provinces-database/master/json/geojson/56_khanh_hoa/wards/22897_thuan_nam.geojson
22900,Xã Phước Hà,56,Tỉnh Khánh Hoà,https://raw.githubusercontent.com/thanglequoc/vietnamese-provinces-database/master/json/geojson/56_khanh_hoa/wards/22900_phuoc_ha.geojson
22909,Xã Cà Ná,56,Tỉnh Khánh Hoà,https://raw.githubusercontent.com/thanglequoc/vietnamese-provinces-database/master/json/geojson/56_khanh_hoa/wards/22909_ca_na.geojson
22015,Phường Tuy Hoà,66,Tỉnh Đắk Lắk,https://raw.githubusercontent.com/thanglequoc/vietnamese-provinces-database/master/json/geojson/66_dak_lak/wards/22015_tuy_hoa.geojson
22045,Phường Bình Kiến,66,Tỉnh Đắk Lắk,https://raw.githubusercontent.com/thanglequoc/vietnamese-provinces-database/master/json/geojson/66_dak_lak/wards/22045_binh_kien.geojson
22051,Phường Sông Cầu,66,Tỉnh Đắk Lắk,https://raw.githubusercontent.com/thanglequoc/vietnamese-provinces-database/master/json/geojson/66_dak_lak/wards/22051_song_cau.geojson
22057,Xã Xuân Lộc,66,Tỉnh Đắk Lắk,https://raw.githubusercontent.com/thanglequoc/vietnamese-provinces-database/master/json/geojson/66_dak_lak/wards/22057_xuan_loc.geojson
22060,Xã Xuân Cảnh,66,Tỉnh Đắk Lắk,https://raw.githubusercontent.com/thanglequoc/vietnamese-provinces-database/master/json/geojson/66_dak_lak/wards/22060_xuan_canh.geojson
22075,Xã Xuân Thọ,66,Tỉnh Đắk Lắk,https://raw.githubusercontent.com/thanglequoc/vietnamese-provinces-database/master/json/geojson/66_dak_lak/wards/22075_xuan_tho.geojson
22076,Phường Xuân Đài,66,Tỉnh Đắk Lắk,https://raw.githubusercontent.com/thanglequoc/vietnamese-provinces-database/master/json/geojson/66_dak_lak/wards/22076_xuan_dai.geojson
22081,Xã Đồng Xuân,66,Tỉnh Đắk Lắk,https://raw.githubusercontent.com/thanglequoc/vietnamese-provinces-database/master/json/geojson/66_dak_lak/wards/22081_dong_xuan.geojson
22090,Xã Xuân Lãnh,66,Tỉnh Đắk Lắk,https://raw.githubusercontent.com/thanglequoc/vietnamese-provinces-database/master/json/geojson/66_dak_lak/wards/22090_xuan_lanh.geojson
22096,Xã Phú Mỡ,66,Tỉnh Đắk Lắk,https://raw.githubusercontent.com/thanglequoc/vietnamese-provinces-database/master/json/geojson/66_dak_lak/wards/22096_phu_mo.geojson
22111,Xã Xuân Phước,66,Tỉnh Đắk Lắk,https://raw.githubusercontent.com/thanglequoc/vietnamese-provinces-database/master/json/geojson/66_dak_lak/wards/22111_xuan_phuoc.geojson
22114,Xã Tuy An Bắc,66,Tỉnh Đắk Lắk,https://raw.githubusercontent.com/thanglequoc/vietnamese-provinces-database/master/json/geojson/66_dak_lak/wards/22114_tuy_an_bac.geojson
22120,Xã Tuy An Đông,66,Tỉnh Đắk Lắk,https://raw.githubusercontent.com/thanglequoc/vietnamese-provinces-database/master/json/geojson/66_dak_lak/wards/22120_tuy_an_dong.geojson
22132,Xã Tuy An Tây,66,Tỉnh Đắk Lắk,https://raw.githubusercontent.com/thanglequoc/vietnamese-provinces-database/master/json/geojson/66_dak_lak/wards/22132_tuy_an_tay.geojson
22147,Xã Ô Loan,66,Tỉnh Đắk Lắk,https://raw.githubusercontent.com/thanglequoc/vietnamese-provinces-database/master/json/geojson/66_dak_lak/wards/22147_o_loan.geojson
22153,Xã Tuy An Nam,66,Tỉnh Đắk Lắk,https://raw.githubusercontent.com/thanglequoc/vietnamese-provinces-database/master/json/geojson/66_dak_lak/wards/22153_tuy_an_nam.geojson
22165,Xã Sơn Hoà,66,Tỉnh Đắk Lắk,https://raw.githubusercontent.com/thanglequoc/vietnamese-provinces-database/master/json/geojson/66_dak_lak/wards/22165_son_hoa.geojson
22171,Xã Tây Sơn,66,Tỉnh Đắk Lắk,https://raw.githubusercontent.com/thanglequoc/vietnamese-provinces-database/master/json/geojson/66_dak_lak/wards/22171_tay_son.geojson
22177,Xã Vân Hoà,66,Tỉnh Đắk Lắk,https://raw.githubusercontent.com/thanglequoc/vietnamese-provinces-database/master/json/geojson/66_dak_lak/wards/22177_van_hoa.geojson
22192,Xã Suối Trai,66,Tỉnh Đắk Lắk,https://raw.githubusercontent.com/thanglequoc/vietnamese-provinces-database/master/json/geojson/66_dak_lak/wards/22192_suoi_trai.geojson
22207,Xã Sông Hinh,66,Tỉnh Đắk Lắk,https://raw.githubusercontent.com/thanglequoc/vietnamese-provinces-database/master/json/geojson/66_dak_lak/wards/22207_song_hinh.geojson
22222,Xã Đức Bình,66,Tỉnh Đắk Lắk,https://raw.githubusercontent.com/thanglequoc/vietnamese-provinces-database/master/json/geojson/66_dak_lak/wards/22222_duc_binh.geojson
22225,Xã Ea Bá,66,Tỉnh Đắk Lắk,https://raw.githubusercontent.com/thanglequoc/vietnamese-provinces-database/master/json/geojson/66_dak_lak/wards/22225_ea_ba.geojson
22237,Xã Ea Ly,66,Tỉnh Đắk Lắk,https://raw.githubusercontent.com/thanglequoc/vietnamese-provinces-database/master/json/geojson/66_dak_lak/wards/22237_ea_ly.geojson
22240,Phường Phú Yên,66,Tỉnh Đắk Lắk,https://raw.githubusercontent.com/thanglequoc/vietnamese-provinces-database/master/json/geojson/66_dak_lak/wards/22240_phu_yen.geojson
22250,Xã Sơn Thành,66,Tỉnh Đắk Lắk,https://raw.githubusercontent.com/thanglequoc/vietnamese-provinces-database/master/json/geojson/66_dak_lak/wards/22250_son_thanh.geojson
22255,Xã Tây Hoà,66,Tỉnh Đắk Lắk,https://raw.githubusercontent.com/thanglequoc/vietnamese-provinces-database/master/json/geojson/66_dak_lak/wards/22255_tay_hoa.geojson
22258,Phường Đông Hoà,66,Tỉnh Đắk Lắk,https://raw.githubusercontent.com/thanglequoc/vietnamese-provinces-database/master/json/geojson/66_dak_lak/wards/22258_dong_hoa.geojson
22261,Phường Hoà Hiệp,66,Tỉnh Đắk Lắk,https://raw.githubusercontent.com/thanglequoc/vietnamese-provinces-database/master/json/geojson/66_dak_lak/wards/22261_hoa_hiep.geojson
22276,Xã Hoà Thịnh,66,Tỉnh Đắk Lắk,https://raw.githubusercontent.com/thanglequoc/vietnamese-provinces-database/master/json/geojson/66_dak_lak/wards/22276_hoa_thinh.geojson
22285,Xã Hoà Mỹ,66,Tỉnh Đắk Lắk,https://raw.githubusercontent.com/thanglequoc/vietnamese-provinces-database/master/json/geojson/66_dak_lak/wards/22285_hoa_my.geojson
22291,Xã Hoà Xuân,66,Tỉnh Đắk Lắk,https://raw.githubusercontent.com/thanglequoc/vietnamese-provinces-database/master/json/geojson/66_dak_lak/wards/22291_hoa_xuan.geojson
22303,Xã Phú Hoà 2,66,Tỉnh Đắk Lắk,https://raw.githubusercontent.com/thanglequoc/vietnamese-provinces-database/master/json/geojson/66_dak_lak/wards/22303_phu_hoa_2.geojson
22319,Xã Phú Hoà 1,66,Tỉnh Đắk Lắk,https://raw.githubusercontent.com/thanglequoc/vietnamese-provinces-database/master/json/geojson/66_dak_lak/wards/22319_phu_hoa_1.geojson
24121,Phường Tân Lập,66,Tỉnh Đắk Lắk,https://raw.githubusercontent.com/thanglequoc/vietnamese-provinces-database/master/json/geojson/66_dak_lak/wards/24121_tan_lap.geojson
24133,Phường Buôn Ma Thuột,66,Tỉnh Đắk Lắk,https://raw.githubusercontent.com/thanglequoc/vietnamese-provinces-database/master/json/geojson/66_dak_lak/wards/24133_buon_ma_thuot.geojson
24154,Phường Thành Nhất,66,Tỉnh Đắk Lắk,https://raw.githubusercontent.com/thanglequoc/vietnamese-provinces-database/master/json/geojson/66_dak_lak/wards/24154_thanh_nhat.geojson
24163,Phường Tân An,66,Tỉnh Đắk Lắk,https://raw.githubusercontent.com/thanglequoc/vietnamese-provinces-database/master/json/geojson/66_dak_lak/wards/24163_tan_an.geojson
24169,Phường Ea Kao,66,Tỉnh Đắk Lắk,https://raw.githubusercontent.com/thanglequoc/vietnamese-provinces-database/master/json/geojson/66_dak_lak/wards/24169_ea_kao.geojson
24175,Xã Hoà Phú,66,Tỉnh Đắk Lắk,https://raw.githubusercontent.com/thanglequoc/vietnamese-provinces-database/master/json/geojson/66_dak_lak/wards/24175_hoa_phu.geojson
24181,Xã Ea Drăng,66,Tỉnh Đắk Lắk,https://raw.githubusercontent.com/thanglequoc/vietnamese-provinces-database/master/json/geojson/66_dak_lak/wards/24181_ea_drang.geojson
24184,Xã Ea H'Leo,66,Tỉnh Đắk Lắk,https://raw.githubusercontent.com/thanglequoc/vietnamese-provinces-database/master/json/geojson/66_dak_lak/wards/24184_ea_hleo.geojson
24187,Xã Ea Hiao,66,Tỉnh Đắk Lắk,https://raw.githubusercontent.com/thanglequoc/vietnamese-provinces-database/master/json/geojson/66_dak_lak/wards/24187_ea_hiao.geojson
24193,Xã Ea Wy,66,Tỉnh Đắk Lắk,https://raw.githubusercontent.com/thanglequoc/vietnamese-provinces-database/master/json/geojson/66_dak_lak/wards/24193_ea_wy.geojson
24208,Xã Ea Khăl,66,Tỉnh Đắk Lắk,https://raw.githubusercontent.com/thanglequoc/vietnamese-provinces-database/master/json/geojson/66_dak_lak/wards/24208_ea_khal.geojson
24211,Xã Ea Súp,66,Tỉnh Đắk Lắk,https://raw.githubusercontent.com/thanglequoc/vietnamese-provinces-database/master/json/geojson/66_dak_lak/wards/24211_ea_sup.geojson
24214,Xã Ia Lốp,66,Tỉnh Đắk Lắk,https://raw.githubusercontent.com/thanglequoc/vietnamese-provinces-database/master/json/geojson/66_dak_lak/wards/24214_ia_lop.geojson
24217,Xã Ea Rốk,66,Tỉnh Đắk Lắk,https://raw.githubusercontent.com/thanglequoc/vietnamese-provinces-database/master/json/geojson/66_dak_lak/wards/24217_ea_rok.geojson
24221,Xã Ia Rvê,66,Tỉnh Đắk Lắk,https://raw.githubusercontent.com/thanglequoc/vietnamese-provinces-database/master/json/geojson/66_dak_lak/wards/24221_ia_rve.geojson
24229,Xã Ea Bung,66,Tỉnh Đắk Lắk,https://raw.githubusercontent.com/thanglequoc/vietnamese-provinces-database/master/json/geojson/66_dak_lak/wards/24229_ea_bung.geojson
24235,Xã Buôn Đôn,66,Tỉnh Đắk Lắk,https://raw.githubusercontent.com/thanglequoc/vietnamese-provinces-database/master/json/geojson/66_dak_lak/wards/24235_buon_don.geojson
24241,Xã Ea Wer,66,Tỉnh Đắk Lắk,https://raw.githubusercontent.com/thanglequoc/vietnamese-provinces-database/master/json/geojson/66_dak_lak/wards/24241_ea_wer.geojson
24250,Xã Ea Nuôl,66,Tỉnh Đắk Lắk,https://raw.githubusercontent.com/thanglequoc/vietnamese-provinces-database/master/json/geojson/66_dak_lak/wards/24250_ea_nuol.geojson
24259,Xã Quảng Phú,66,Tỉnh Đắk Lắk,https://raw.githubusercontent.com/thanglequoc/vietnamese-provinces-database/master/json/geojson/66_dak_lak/wards/24259_quang_phu.geojson
24265,Xã Ea Kiết,66,Tỉnh Đắk Lắk,https://raw.githubusercontent.com/thanglequoc/vietnamese-provinces-database/master/json/geojson/66_dak_lak/wards/24265_ea_kiet.geojson
24277,Xã Ea Tul,66,Tỉnh Đắk Lắk,https://raw.githubusercontent.com/thanglequoc/vietnamese-provinces-database/master/json/geojson/66_dak_lak/wards/24277_ea_tul.geojson
24280,Xã Cư M'gar,66,Tỉnh Đắk Lắk,https://raw.githubusercontent.com/thanglequoc/vietnamese-provinces-database/master/json/geojson/66_dak_lak/wards/24280_cu_mgar.geojson
24286,Xã Ea M'Droh,66,Tỉnh Đắk Lắk,https://raw.githubusercontent.com/thanglequoc/vietnamese-provinces-database/master/json/geojson/66_dak_lak/wards/24286_ea_mdroh.geojson
24301,Xã Cuôr Đăng,66,Tỉnh Đắk Lắk,https://raw.githubusercontent.com/thanglequoc/vietnamese-provinces-database/master/json/geojson/66_dak_lak/wards/24301_cuor_dang.geojson
24305,Phường Buôn Hồ,66,Tỉnh Đắk Lắk,https://raw.githubusercontent.com/thanglequoc/vietnamese-provinces-database/master/json/geojson/66_dak_lak/wards/24305_buon_ho.geojson
24310,Xã Krông Búk,66,Tỉnh Đắk Lắk,https://raw.githubusercontent.com/thanglequoc/vietnamese-provinces-database/master/json/geojson/66_dak_lak/wards/24310_krong_buk.geojson
24313,Xã Cư Pơng,66,Tỉnh Đắk Lắk,https://raw.githubusercontent.com/thanglequoc/vietnamese-provinces-database/master/json/geojson/66_dak_lak/wards/24313_cu_pong.geojson
24316,Xã Pơng Drang,66,Tỉnh Đắk Lắk,https://raw.githubusercontent.com/thanglequoc/vietnamese-provinces-database/master/json/geojson/66_dak_lak/wards/24316_pong_drang.geojson
24328,Xã Ea Drông,66,Tỉnh Đắk Lắk,https://raw.githubusercontent.com/thanglequoc/vietnamese-provinces-database/master/json/geojson/66_dak_lak/wards/24328_ea_drong.geojson
24340,Phường Cư Bao,66,Tỉnh Đắk Lắk,https://raw.githubusercontent.com/thanglequoc/vietnamese-provinces-database/master/json/geojson/66_dak_lak/wards/24340_cu_bao.geojson
24343,Xã Krông Năng,66,Tỉnh Đắk Lắk,https://raw.githubusercontent.com/thanglequoc/vietnamese-provinces-database/master/json/geojson/66_dak_lak/wards/24343_krong_nang.geojson
24346,Xã Dliê Ya,66,Tỉnh Đắk Lắk,https://raw.githubusercontent.com/thanglequoc/vietnamese-provinces-database/master/json/geojson/66_dak_lak/wards/24346_dlie_ya.geojson
24352,Xã Tam Giang,66,Tỉnh Đắk Lắk,https://raw.githubusercontent.com/thanglequoc/vietnamese-provinces-database/master/json/geojson/66_dak_lak/wards/24352_tam_giang.geojson
24364,Xã Phú Xuân,66,Tỉnh Đắk Lắk,https://raw.githubusercontent.com/thanglequoc/vietnamese-provinces-database/master/json/geojson/66_dak_lak/wards/24364_phu_xuan.geojson
24373,Xã Ea Kar,66,Tỉnh Đắk Lắk,https://raw.githubusercontent.com/thanglequoc/vietnamese-provinces-database/master/json/geojson/66_dak_lak/wards/24373_ea_kar.geojson
24376,Xã Ea Knốp,66,Tỉnh Đắk Lắk,https://raw.githubusercontent.com/thanglequoc/vietnamese-provinces-database/master/json/geojson/66_dak_lak/wards/24376_ea_knop.geojson
24400,Xã Ea Păl,66,Tỉnh Đắk Lắk,https://raw.githubusercontent.com/thanglequoc/vietnamese-provinces-database/master/json/geojson/66_dak_lak/wards/24400_ea_pal.geojson
24403,Xã Ea Ô,66,Tỉnh Đắk Lắk,https://raw.githubusercontent.com/thanglequoc/vietnamese-provinces-database/master/json/geojson/66_dak_lak/wards/24403_ea_o.geojson
24406,Xã Cư Yang,66,Tỉnh Đắk Lắk,https://raw.githubusercontent.com/thanglequoc/vietnamese-provinces-database/master/json/geojson/66_dak_lak/wards/24406_cu_yang.geojson
24412,Xã M'Drắk,66,Tỉnh Đắk Lắk,https://raw.githubusercontent.com/thanglequoc/vietnamese-provinces-database/master/json/geojson/66_dak_lak/wards/24412_mdrak.geojson
24415,Xã Cư Prao,66,Tỉnh Đắk Lắk,https://raw.githubusercontent.com/thanglequoc/vietnamese-provinces-database/master/json/geojson/66_dak_lak/wards/24415_cu_prao.geojson
24433,Xã Ea Riêng,66,Tỉnh Đắk Lắk,https://raw.githubusercontent.com/thanglequoc/vietnamese-provinces-database/master/json/geojson/66_dak_lak/wards/24433_ea_rieng.geojson
24436,Xã Cư M'ta,66,Tỉnh Đắk Lắk,https://raw.githubusercontent.com/thanglequoc/vietnamese-provinces-database/master/json/geojson/66_dak_lak/wards/24436_cu_mta.geojson
24444,Xã Krông Á,66,Tỉnh Đắk Lắk,https://raw.githubusercontent.com/thanglequoc/vietnamese-provinces-database/master/json/geojson/66_dak_lak/wards/24444_krong_a.geojson
24445,Xã Ea Trang,66,Tỉnh Đắk Lắk,https://raw.githubusercontent.com/thanglequoc/vietnamese-provinces-database/master/json/geojson/66_dak_lak/wards/24445_ea_trang.geojson
24448,Xã Krông Bông,66,Tỉnh Đắk Lắk,https://raw.githubusercontent.com/thanglequoc/vietnamese-provinces-database/master/json/geojson/66_dak_lak/wards/24448_krong_bong.geojson
24454,Xã Dang Kang,66,Tỉnh Đắk Lắk,https://raw.githubusercontent.com/thanglequoc/vietnamese-provinces-database/master/json/geojson/66_dak_lak/wards/24454_dang_kang.geojson
24472,Xã Hoà Sơn,66,Tỉnh Đắk Lắk,https://raw.githubusercontent.com/thanglequoc/vietnamese-provinces-database/master/json/geojson/66_dak_lak/wards/24472_hoa_son.geojson
24478,Xã Cư Pui,66,Tỉnh Đắk Lắk,https://raw.githubusercontent.com/thanglequoc/vietnamese-provinces-database/master/json/geojson/66_dak_lak/wards/24478_cu_pui.geojson
24484,Xã Yang Mao,66,Tỉnh Đắk Lắk,https://raw.githubusercontent.com/thanglequoc/vietnamese-provinces-database/master/json/geojson/66_dak_lak/wards/24484_yang_mao.geojson
24490,Xã Krông Pắc,66,Tỉnh Đắk Lắk,https://raw.githubusercontent.com/thanglequoc/vietnamese-provinces-database/master/json/geojson/66_dak_lak/wards/24490_krong_pac.geojson
24496,Xã Ea Kly,66,Tỉnh Đắk Lắk,https://raw.githubusercontent.com/thanglequoc/vietnamese-provinces-database/master/json/geojson/66_dak_lak/wards/24496_ea_kly.geojson
24502,Xã Ea Phê,66,Tỉnh Đắk Lắk,https://raw.githubusercontent.com/thanglequoc/vietnamese-provinces-database/master/json/geojson/66_dak_lak/wards/24502_ea_phe.geojson
24505,Xã Ea Knuếc,66,Tỉnh Đắk Lắk,https://raw.githubusercontent.com/thanglequoc/vietnamese-provinces-database/master/json/geojson/66_dak_lak/wards/24505_ea_knuec.geojson
24526,Xã Tân Tiến,66,Tỉnh Đắk Lắk,https://raw.githubusercontent.com/thanglequoc/vietnamese-provinces-database/master/json/geojson/66_dak_lak/wards/24526_tan_tien.geojson
24529,Xã Vụ Bổn,66,Tỉnh Đắk Lắk,https://raw.githubusercontent.com/thanglequoc/vietnamese-provinces-database/master/json/geojson/66_dak_lak/wards/24529_vu_bon.geojson
24538,Xã Krông Ana,66,Tỉnh Đắk Lắk,https://raw.githubusercontent.com/thanglequoc/vietnamese-provinces-database/master/json/geojson/66_dak_lak/wards/24538_krong_ana.geojson
24540,Xã Ea Ning,66,Tỉnh Đắk Lắk,https://raw.githubusercontent.com/thanglequoc/vietnamese-provinces-database/master/json/geojson/66_dak_lak/wards/24540_ea_ning.geojson
24544,Xã Ea Ktur,66,Tỉnh Đắk Lắk,https://raw.githubusercontent.com/thanglequoc/vietnamese-provinces-database/master/json/geojson/66_dak_lak/wards/24544_ea_ktur.geojson
24559,Xã Ea Na,66,Tỉnh Đắk Lắk,https://raw.githubusercontent.com/thanglequoc/vietnamese-provinces-database/master/json/geojson/66_dak_lak/wards/24559_ea_na.geojson
24561,Xã Dray Bhăng,66,Tỉnh Đắk Lắk,https://raw.githubusercontent.com/thanglequoc/vietnamese-provinces-database/master/json/geojson/66_dak_lak/wards/24561_dray_bhang.geojson
24568,Xã Dur Kmăl,66,Tỉnh Đắk Lắk,https://raw.githubusercontent.com/thanglequoc/vietnamese-provinces-database/master/json/geojson/66_dak_lak/wards/24568_dur_kmal.geojson
24580,Xã Liên Sơn Lắk,66,Tỉnh Đắk Lắk,https://raw.githubusercontent.com/thanglequoc/vietnamese-provinces-database/master/json/geojson/66_dak_lak/wards/24580_lien_son_lak.geojson
24595,Xã Đắk Liêng,66,Tỉnh Đắk Lắk,https://raw.githubusercontent.com/thanglequoc/vietnamese-provinces-database/master/json/geojson/66_dak_lak/wards/24595_dak_lieng.geojson
24598,Xã Đắk Phơi,66,Tỉnh Đắk Lắk,https://raw.githubusercontent.com/thanglequoc/vietnamese-provinces-database/master/json/geojson/66_dak_lak/wards/24598_dak_phoi.geojson
24604,Xã Krông Nô,66,Tỉnh Đắk Lắk,https://raw.githubusercontent.com/thanglequoc/vietnamese-provinces-database/master/json/geojson/66_dak_lak/wards/24604_krong_no.geojson
24607,Xã Nam Ka,66,Tỉnh Đắk Lắk,https://raw.githubusercontent.com/thanglequoc/vietnamese-provinces-database/master/json/geojson/66_dak_lak/wards/24607_nam_ka.geojson
22918,Phường Mũi Né,68,Tỉnh Lâm Đồng,https://raw.githubusercontent.com/thanglequoc/vietnamese-provinces-database/master/json/geojson/68_lam_dong/wards/22918_mui_ne.geojson
22924,Phường Phú Thuỷ,68,Tỉnh Lâm Đồng,https://raw.githubusercontent.com/thanglequoc/vietnamese-provinces-database/master/json/geojson/68_lam_dong/wards/22924_phu_thuy.geojson
22933,Phường Hàm Thắng,68,Tỉnh Lâm Đồng,https://raw.githubusercontent.com/thanglequoc/vietnamese-provinces-database/master/json/geojson/68_lam_dong/wards/22933_ham_thang.geojson
22945,Phường Phan Thiết,68,Tỉnh Lâm Đồng,https://raw.githubusercontent.com/thanglequoc/vietnamese-provinces-database/master/json/geojson/68_lam_dong/wards/22945_phan_thiet.geojson
22954,Phường Tiến Thành,68,Tỉnh Lâm Đồng,https://raw.githubusercontent.com/thanglequoc/vietnamese-provinces-database/master/json/geojson/68_lam_dong/wards/22954_tien_thanh.geojson
22960,Phường Bình Thuận,68,Tỉnh Lâm Đồng,https://raw.githubusercontent.com/thanglequoc/vietnamese-provinces-database/master/json/geojson/68_lam_dong/wards/22960_binh_thuan.geojson
22963,Xã Tuyên Quang,68,Tỉnh Lâm Đồng,https://raw.githubusercontent.com/thanglequoc/vietnamese-provinces-database/master/json/geojson/68_lam_dong/wards/22963_tuyen_quang.geojson
22969,Xã Liên Hương,68,Tỉnh Lâm Đồng,https://raw.githubusercontent.com/thanglequoc/vietnamese-provinces-database/master/json/geojson/68_lam_dong/wards/22969_lien_huong.geojson
22972,Xã Phan Rí Cửa,68,Tỉnh Lâm Đồng,https://raw.githubusercontent.com/thanglequoc/vietnamese-provinces-database/master/json/geojson/68_lam_dong/wards/22972_phan_ri_cua.geojson
22978,Xã Tuy Phong,68,Tỉnh Lâm Đồng,https://raw.githubusercontent.com/thanglequoc/vietnamese-provinces-database/master/json/geojson/68_lam_dong/wards/22978_tuy_phong.geojson
22981,Xã Vĩnh Hảo,68,Tỉnh Lâm Đồng,https://raw.githubusercontent.com/thanglequoc/vietnamese-provinces-database/master/json/geojson/68_lam_dong/wards/22981_vinh_hao.geojson
23005,Xã Bắc Bình,68,Tỉnh Lâm Đồng,https://raw.githubusercontent.com/thanglequoc/vietnamese-provinces-database/master/json/geojson/68_lam_dong/wards/23005_bac_binh.geojson
23008,Xã Phan Sơn,68,Tỉnh Lâm Đồng,https://raw.githubusercontent.com/thanglequoc/vietnamese-provinces-database/master/json/geojson/68_lam_dong/wards/23008_phan_son.geojson
23020,Xã Hải Ninh,68,Tỉnh Lâm Đồng,https://raw.githubusercontent.com/thanglequoc/vietnamese-provinces-database/master/json/geojson/68_lam_dong/wards/23020_hai_ninh.geojson
23023,Xã Sông Luỹ,68,Tỉnh Lâm Đồng,https://raw.githubusercontent.com/thanglequoc/vietnamese-provinces-database/master/json/geojson/68_lam_dong/wards/23023_song_luy.geojson
23032,Xã Lương Sơn,68,Tỉnh Lâm Đồng,https://raw.githubusercontent.com/thanglequoc/vietnamese-provinces-database/master/json/geojson/68_lam_dong/wards/23032_luong_son.geojson
23041,Xã Hồng Thái,68,Tỉnh Lâm Đồng,https://raw.githubusercontent.com/thanglequoc/vietnamese-provinces-database/master/json/geojson/68_lam_dong/wards/23041_hong_thai.geojson
23053,Xã Hoà Thắng,68,Tỉnh Lâm Đồng,https://raw.githubusercontent.com/thanglequoc/vietnamese-provinces-database/master/json/geojson/68_lam_dong/wards/23053_hoa_thang.geojson
23059,Xã Hàm Thuận,68,Tỉnh Lâm Đồng,https://raw.githubusercontent.com/thanglequoc/vietnamese-provinces-database/master/json/geojson/68_lam_dong/wards/23059_ham_thuan.geojson
23065,Xã La Dạ,68,Tỉnh Lâm Đồng,https://raw.githubusercontent.com/thanglequoc/vietnamese-provinces-database/master/json/geojson/68_lam_dong/wards/23065_la_da.geojson
23074,Xã Đông Giang,68,Tỉnh Lâm Đồng,https://raw.githubusercontent.com/thanglequoc/vietnamese-provinces-database/master/json/geojson/68_lam_dong/wards/23074_dong_giang.geojson
23086,Xã Hồng Sơn,68,Tỉnh Lâm Đồng,https://raw.githubusercontent.com/thanglequoc/vietnamese-provinces-database/master/json/geojson/68_lam_dong/wards/23086_hong_son.geojson
23089,Xã Hàm Thuận Bắc,68,Tỉnh Lâm Đồng,https://raw.githubusercontent.com/thanglequoc/vietnamese-provinces-database/master/json/geojson/68_lam_dong/wards/23089_ham_thuan_bac.geojson
23095,Xã Hàm Liêm,68,Tỉnh Lâm Đồng,https://raw.githubusercontent.com/thanglequoc/vietnamese-provinces-database/master/json/geojson/68_lam_dong/wards/23095_ham_liem.geojson
23110,Xã Hàm Thuận Nam,68,Tỉnh Lâm Đồng,https://raw.githubusercontent.com/thanglequoc/vietnamese-provinces-database/master/json/geojson/68_lam_dong/wards/23110_ham_thuan_nam.geojson
23122,Xã Hàm Thạnh,68,Tỉnh Lâm Đồng,https://raw.githubusercontent.com/thanglequoc/vietnamese-provinces-database/master/json/geojson/68_lam_dong/wards/23122_ham_thanh.geojson
23128,Xã Hàm Kiệm,68,Tỉnh Lâm Đồng,https://raw.githubusercontent.com/thanglequoc/vietnamese-provinces-database/master/json/geojson/68_lam_dong/wards/23128_ham_kiem.geojson
23134,Xã Tân Lập,68,Tỉnh Lâm Đồng,https://raw.githubusercontent.com/thanglequoc/vietnamese-provinces-database/master/json/geojson/68_lam_dong/wards/23134_tan_lap.geojson
23143,Xã Tân Thành,68,Tỉnh Lâm Đồng,https://raw.githubusercontent.com/thanglequoc/vietnamese-provinces-database/master/json/geojson/68_lam_dong/wards/23143_tan_thanh.geojson
23149,Xã Tánh Linh,68,Tỉnh Lâm Đồng,https://raw.githubusercontent.com/thanglequoc/vietnamese-provinces-database/master/json/geojson/68_lam_dong/wards/23149_tanh_linh.geojson
23152,Xã Bắc Ruộng,68,Tỉnh Lâm Đồng,https://raw.githubusercontent.com/thanglequoc/vietnamese-provinces-database/master/json/geojson/68_lam_dong/wards/23152_bac_ruong.geojson
23158,Xã Nghị Đức,68,Tỉnh Lâm Đồng,https://raw.githubusercontent.com/thanglequoc/vietnamese-provinces-database/master/json/geojson/68_lam_dong/wards/23158_nghi_duc.geojson
23173,Xã Đồng Kho,68,Tỉnh Lâm Đồng,https://raw.githubusercontent.com/thanglequoc/vietnamese-provinces-database/master/json/geojson/68_lam_dong/wards/23173_dong_kho.geojson
23188,Xã Suối Kiết,68,Tỉnh Lâm Đồng,https://raw.githubusercontent.com/thanglequoc/vietnamese-provinces-database/master/json/geojson/68_lam_dong/wards/23188_suoi_kiet.geojson
23191,Xã Đức Linh,68,Tỉnh Lâm Đồng,https://raw.githubusercontent.com/thanglequoc/vietnamese-provinces-database/master/json/geojson/68_lam_dong/wards/23191_duc_linh.geojson
23194,Xã Hoài Đức,68,Tỉnh Lâm Đồng,https://raw.githubusercontent.com/thanglequoc/vietnamese-provinces-database/master/json/geojson/68_lam_dong/wards/23194_hoai_duc.geojson
23200,Xã Nam Thành,68,Tỉnh Lâm Đồng,https://raw.githubusercontent.com/thanglequoc/vietnamese-provinces-database/master/json/geojson/68_lam_dong/wards/23200_nam_thanh.geojson
23227,Xã Trà Tân,68,Tỉnh Lâm Đồng,https://raw.githubusercontent.com/thanglequoc/vietnamese-provinces-database/master/json/geojson/68_lam_dong/wards/23227_tra_tan.geojson
23230,Xã Tân Minh,68,Tỉnh Lâm Đồng,https://raw.githubusercontent.com/thanglequoc/vietnamese-provinces-database/master/json/geojson/68_lam_dong/wards/23230_tan_minh.geojson
23231,Phường Phước Hội,68,Tỉnh Lâm Đồng,https://raw.githubusercontent.com/thanglequoc/vietnamese-provinces-database/master/json/geojson/68_lam_dong/wards/23231_phuoc_hoi.geojson
23235,Phường La Gi,68,Tỉnh Lâm Đồng,https://raw.githubusercontent.com/thanglequoc/vietnamese-provinces-database/master/json/geojson/68_lam_dong/wards/23235_la_gi.geojson
23236,Xã Hàm Tân,68,Tỉnh Lâm Đồng,https://raw.githubusercontent.com/thanglequoc/vietnamese-provinces-database/master/json/geojson/68_lam_dong/wards/23236_ham_tan.geojson
23246,Xã Tân Hải,68,Tỉnh Lâm Đồng,https://raw.githubusercontent.com/thanglequoc/vietnamese-provinces-database/master/json/geojson/68_lam_dong/wards/23246_tan_hai.geojson
23266,Xã Sơn Mỹ,68,Tỉnh Lâm Đồng,https://raw.githubusercontent.com/thanglequoc/vietnamese-provinces-database/master/json/geojson/68_lam_dong/wards/23266_son_my.geojson
23272,Đặc khu Phú Quý,68,Tỉnh Lâm Đồng,https://raw.githubusercontent.com/thanglequoc/vietnamese-provinces-database/master/json/geojson/68_lam_dong/wards/23272_phu_quy.geojson
24611,Phường Bắc Gia Nghĩa,68,Tỉnh Lâm Đồng,https://raw.githubusercontent.com/thanglequoc/vietnamese-provinces-database/master/json/geojson/68_lam_dong/wards/24611_bac_gia_nghia.geojson
24615,Phường Nam Gia Nghĩa,68,Tỉnh Lâm Đồng,https://raw.githubusercontent.com/thanglequoc/vietnamese-provinces-database/master/json/geojson/68_lam_dong/wards/24615_nam_gia_nghia.geojson
24616,Xã Quảng Sơn,68,Tỉnh Lâm Đồng,https://raw.githubusercontent.com/thanglequoc/vietnamese-provinces-database/master/json/geojson/68_lam_dong/wards/24616_quang_son.geojson
24617,Phường Đông Gia Nghĩa,68,Tỉnh Lâm Đồng,https://raw.githubusercontent.com/thanglequoc/vietnamese-provinces-database/master/json/geojson/68_lam_dong/wards/24617_dong_gia_nghia.geojson
24620,Xã Quảng Hoà,68,Tỉnh Lâm Đồng,https://raw.githubusercontent.com/thanglequoc/vietnamese-provinces-database/master/json/geojson/68_lam_dong/wards/24620_quang_hoa.geojson
24631,Xã Quảng Khê,68,Tỉnh Lâm Đồng,https://raw.githubusercontent.com/thanglequoc/vietnamese-provinces-database/master/json/geojson/68_lam_dong/wards/24631_quang_khe.geojson
24637,Xã Tà Đùng,68,Tỉnh Lâm Đồng,https://raw.githubusercontent.com/thanglequoc/vietnamese-provinces-database/master/json/geojson/68_lam_dong/wards/24637_ta_dung.geojson
24640,Xã Cư Jút,68,Tỉnh Lâm Đồng,https://raw.githubusercontent.com/thanglequoc/vietnamese-provinces-database/master/json/geojson/68_lam_dong/wards/24640_cu_jut.geojson
24646,Xã Đắk Wil,68,Tỉnh Lâm Đồng,https://raw.githubusercontent.com/thanglequoc/vietnamese-provinces-database/master/json/geojson/68_lam_dong/wards/24646_dak_wil.geojson
24649,Xã Nam Dong,68,Tỉnh Lâm Đồng,https://raw.githubusercontent.com/thanglequoc/vietnamese-provinces-database/master/json/geojson/68_lam_dong/wards/24649_nam_dong.geojson
24664,Xã Đức Lập,68,Tỉnh Lâm Đồng,https://raw.githubusercontent.com/thanglequoc/vietnamese-provinces-database/master/json/geojson/68_lam_dong/wards/24664_duc_lap.geojson
24670,Xã Đắk Mil,68,Tỉnh Lâm Đồng,https://raw.githubusercontent.com/thanglequoc/vietnamese-provinces-database/master/json/geojson/68_lam_dong/wards/24670_dak_mil.geojson
24678,Xã Đắk Sắk,68,Tỉnh Lâm Đồng,https://raw.githubusercontent.com/thanglequoc/vietnamese-provinces-database/master/json/geojson/68_lam_dong/wards/24678_dak_sak.geojson
24682,Xã Thuận An,68,Tỉnh Lâm Đồng,https://raw.githubusercontent.com/thanglequoc/vietnamese-provinces-database/master/json/geojson/68_lam_dong/wards/24682_thuan_an.geojson
24688,Xã Krông Nô,68,Tỉnh Lâm Đồng,https://raw.githubusercontent.com/thanglequoc/vietnamese-provinces-database/master/json/geojson/68_lam_dong/wards/24688_krong_no.geojson
24697,Xã Nam Đà,68,Tỉnh Lâm Đồng,https://raw.githubusercontent.com/thanglequoc/vietnamese-provinces-database/master/json/geojson/68_lam_dong/wards/24697_nam_da.geojson
24703,Xã Nâm Nung,68,Tỉnh Lâm Đồng,https://raw.githubusercontent.com/thanglequoc/vietnamese-provinces-database/master/json/geojson/68_lam_dong/wards/24703_nam_nung.geojson
24712,Xã Quảng Phú,68,Tỉnh Lâm Đồng,https://raw.githubusercontent.com/thanglequoc/vietnamese-provinces-database/master/json/geojson/68_lam_dong/wards/24712_quang_phu.geojson
24717,Xã Đức An,68,Tỉnh Lâm Đồng,https://raw.githubusercontent.com/thanglequoc/vietnamese-provinces-database/master/json/geojson/68_lam_dong/wards/24717_duc_an.geojson
24718,Xã Đắk Song,68,Tỉnh Lâm Đồng,https://raw.githubusercontent.com/thanglequoc/vietnamese-provinces-database/master/json/geojson/68_lam_dong/wards/24718_dak_song.geojson
24722,Xã Thuận Hạnh,68,Tỉnh Lâm Đồng,https://raw.githubusercontent.com/thanglequoc/vietnamese-provinces-database/master/json/geojson/68_lam_dong/wards/24722_thuan_hanh.geojson
24730,Xã Trường Xuân,68,Tỉnh Lâm Đồng,https://raw.githubusercontent.com/thanglequoc/vietnamese-provinces-database/master/json/geojson/68_lam_dong/wards/24730_truong_xuan.geojson
24733,Xã Kiến Đức,68,Tỉnh Lâm Đồng,https://raw.githubusercontent.com/thanglequoc/vietnamese-provinces-database/master/json/geojson/68_lam_dong/wards/24733_kien_duc.geojson
24736,Xã Quảng Trực,68,Tỉnh Lâm Đồng,https://raw.githubusercontent.com/thanglequoc/vietnamese-provinces-database/master/json/geojson/68_lam_dong/wards/24736_quang_truc.geojson
24739,Xã Tuy Đức,68,Tỉnh Lâm Đồng,https://raw.githubusercontent.com/thanglequoc/vietnamese-provinces-database/master/json/geojson/68_lam_dong/wards/24739_tuy_duc.geojson
24748,Xã Quảng Tân,68,Tỉnh Lâm Đồng,https://raw.githubusercontent.com/thanglequoc/vietnamese-provinces-database/master/json/geojson/68_lam_dong/wards/24748_quang_tan.geojson
24751,Xã Nhân Cơ,68,Tỉnh Lâm Đồng,https://raw.githubusercontent.com/thanglequoc/vietnamese-provinces-database/master/json/geojson/68_lam_dong/wards/24751_nhan_co.geojson
24760,Xã Quảng Tín,68,Tỉnh Lâm Đồng,https://raw.githubusercontent.com/thanglequoc/vietnamese-provinces-database/master/json/geojson/68_lam_dong/wards/24760_quang_tin.geojson
24778,Phường Lâm Viên - Đà Lạt,68,Tỉnh Lâm Đồng,https://raw.githubusercontent.com/thanglequoc/vietnamese-provinces-database/master/json/geojson/68_lam_dong/wards/24778_lam_vien_da_lat.geojson
24781,Phường Xuân Hương - Đà Lạt,68,Tỉnh Lâm Đồng,https://raw.githubusercontent.com/thanglequoc/vietnamese-provinces-database/master/json/geojson/68_lam_dong/wards/24781_xuan_huong_da_lat.geojson
24787,Phường Cam Ly - Đà Lạt,68,Tỉnh Lâm Đồng,https://raw.githubusercontent.com/thanglequoc/vietnamese-provinces-database/master/json/geojson/68_lam_dong/wards/24787_cam_ly_da_lat.geojson
24805,Phường Xuân Trường - Đà Lạt,68,Tỉnh Lâm Đồng,https://raw.githubusercontent.com/thanglequoc/vietnamese-provinces-database/master/json/geojson/68_lam_dong/wards/24805_xuan_truong_da_lat.geojson
24820,Phường 2 Bảo Lộc,68,Tỉnh Lâm Đồng,https://raw.githubusercontent.com/thanglequoc/vietnamese-provinces-database/master/json/geojson/68_lam_dong/wards/24820_2_bao_loc.geojson
24823,Phường 1 Bảo Lộc,68,Tỉnh Lâm Đồng,https://raw.githubusercontent.com/thanglequoc/vietnamese-provinces-database/master/json/geojson/68_lam_dong/wards/24823_1_bao_loc.geojson
24829,Phường B'Lao,68,Tỉnh Lâm Đồng,https://raw.githubusercontent.com/thanglequoc/vietnamese-provinces-database/master/json/geojson/68_lam_dong/wards/24829_blao.geojson
24841,Phường 3 Bảo Lộc,68,Tỉnh Lâm Đồng,https://raw.githubusercontent.com/thanglequoc/vietnamese-provinces-database/master/json/geojson/68_lam_dong/wards/24841_3_bao_loc.geojson
24846,Phường Lang Biang - Đà Lạt,68,Tỉnh Lâm Đồng,https://raw.githubusercontent.com/thanglequoc/vietnamese-provinces-database/master/json/geojson/68_lam_dong/wards/24846_lang_biang_da_lat.geojson
24848,Xã Lạc Dương,68,Tỉnh Lâm Đồng,https://raw.githubusercontent.com/thanglequoc/vietnamese-provinces-database/master/json/geojson/68_lam_dong/wards/24848_lac_duong.geojson
24853,Xã Đam Rông 4,68,Tỉnh Lâm Đồng,https://raw.githubusercontent.com/thanglequoc/vietnamese-provinces-database/master/json/geojson/68_lam_dong/wards/24853_dam_rong_4.geojson
24868,Xã Nam Ban Lâm Hà,68,Tỉnh Lâm Đồng,https://raw.githubusercontent.com/thanglequoc/vietnamese-provinces-database/master/json/geojson/68_lam_dong/wards/24868_nam_ban_lam_ha.geojson
24871,Xã Đinh Văn Lâm Hà,68,Tỉnh Lâm Đồng,https://raw.githubusercontent.com/thanglequoc/vietnamese-provinces-database/master/json/geojson/68_lam_dong/wards/24871_dinh_van_lam_ha.geojson
24875,Xã Đam Rông 3,68,Tỉnh Lâm Đồng,https://raw.githubusercontent.com/thanglequoc/vietnamese-provinces-database/master/json/geojson/68_lam_dong/wards/24875_dam_rong_3.geojson
24877,Xã Đam Rông 2,68,Tỉnh Lâm Đồng,https://raw.githubusercontent.com/thanglequoc/vietnamese-provinces-database/master/json/geojson/68_lam_dong/wards/24877_dam_rong_2.geojson
24883,Xã Nam Hà Lâm Hà,68,Tỉnh Lâm Đồng,https://raw.githubusercontent.com/thanglequoc/vietnamese-provinces-database/master/json/geojson/68_lam_dong/wards/24883_nam_ha_lam_ha.geojson
24886,Xã Đam Rông 1,68,Tỉnh Lâm Đồng,https://raw.githubusercontent.com/thanglequoc/vietnamese-provinces-database/master/json/geojson/68_lam_dong/wards/24886_dam_rong_1.geojson
24895,Xã Phú Sơn Lâm Hà,68,Tỉnh Lâm Đồng,https://raw.githubusercontent.com/thanglequoc/vietnamese-provinces-database/master/json/geojson/68_lam_dong/wards/24895_phu_son_lam_ha.geojson
24907,Xã Phúc Thọ Lâm Hà,68,Tỉnh Lâm Đồng,https://raw.githubusercontent.com/thanglequoc/vietnamese-provinces-database/master/json/geojson/68_lam_dong/wards/24907_phuc_tho_lam_ha.geojson
24916,Xã Tân Hà Lâm Hà,68,Tỉnh Lâm Đồng,https://raw.githubusercontent.com/thanglequoc/vietnamese-provinces-database/master/json/geojson/68_lam_dong/wards/24916_tan_ha_lam_ha.geojson
24931,Xã Đơn Dương,68,Tỉnh Lâm Đồng,https://raw.githubusercontent.com/thanglequoc/vietnamese-provinces-database/master/json/geojson/68_lam_dong/wards/24931_don_duong.geojson
24934,Xã D'Ran,68,Tỉnh Lâm Đồng,https://raw.githubusercontent.com/thanglequoc/vietnamese-provinces-database/master/json/geojson/68_lam_dong/wards/24934_dran.geojson
24943,Xã Ka Đô,68,Tỉnh Lâm Đồng,https://raw.githubusercontent.com/thanglequoc/vietnamese-provinces-database/master/json/geojson/68_lam_dong/wards/24943_ka_do.geojson
24955,Xã Quảng Lập,68,Tỉnh Lâm Đồng,https://raw.githubusercontent.com/thanglequoc/vietnamese-provinces-database/master/json/geojson/68_lam_dong/wards/24955_quang_lap.geojson
24958,Xã Đức Trọng,68,Tỉnh Lâm Đồng,https://raw.githubusercontent.com/thanglequoc/vietnamese-provinces-database/master/json/geojson/68_lam_dong/wards/24958_duc_trong.geojson
24967,Xã Hiệp Thạnh,68,Tỉnh Lâm Đồng,https://raw.githubusercontent.com/thanglequoc/vietnamese-provinces-database/master/json/geojson/68_lam_dong/wards/24967_hiep_thanh.geojson
24976,Xã Tân Hội,68,Tỉnh Lâm Đồng,https://raw.githubusercontent.com/thanglequoc/vietnamese-provinces-database/master/json/geojson/68_lam_dong/wards/24976_tan_hoi.geojson
24985,Xã Ninh Gia,68,Tỉnh Lâm Đồng,https://raw.githubusercontent.com/thanglequoc/vietnamese-provinces-database/master/json/geojson/68_lam_dong/wards/24985_ninh_gia.geojson
24988,Xã Tà Năng,68,Tỉnh Lâm Đồng,https://raw.githubusercontent.com/thanglequoc/vietnamese-provinces-database/master/json/geojson/68_lam_dong/wards/24988_ta_nang.geojson
24991,Xã Tà Hine,68,Tỉnh Lâm Đồng,https://raw.githubusercontent.com/thanglequoc/vietnamese-provinces-database/master/json/geojson/68_lam_dong/wards/24991_ta_hine.geojson
25000,Xã Di Linh,68,Tỉnh Lâm Đồng,https://raw.githubusercontent.com/thanglequoc/vietnamese-provinces-database/master/json/geojson/68_lam_dong/wards/25000_di_linh.geojson
25007,Xã Đinh Trang Thượng,68,Tỉnh Lâm Đồng,https://raw.githubusercontent.com/thanglequoc/vietnamese-provinces-database/master/json/geojson/68_lam_dong/wards/25007_dinh_trang_thuong.geojson
25015,Xã Gia Hiệp,68,Tỉnh Lâm Đồng,https://raw.githubusercontent.com/thanglequoc/vietnamese-provinces-database/master/json/geojson/68_lam_dong/wards/25015_gia_hiep.geojson
25018,Xã Bảo Thuận,68,Tỉnh Lâm Đồng,https://raw.githubusercontent.com/thanglequoc/vietnamese-provinces-database/master/json/geojson/68_lam_dong/wards/25018_bao_thuan.geojson
25036,Xã Hoà Ninh,68,Tỉnh Lâm Đồng,https://raw.githubusercontent.com/thanglequoc/vietnamese-provinces-database/master/json/geojson/68_lam_dong/wards/25036_hoa_ninh.geojson
25042,Xã Hoà Bắc,68,Tỉnh Lâm Đồng,https://raw.githubusercontent.com/thanglequoc/vietnamese-provinces-database/master/json/geojson/68_lam_dong/wards/25042_hoa_bac.geojson
25051,Xã Sơn Điền,68,Tỉnh Lâm Đồng,https://raw.githubusercontent.com/thanglequoc/vietnamese-provinces-database/master/json/geojson/68_lam_dong/wards/25051_son_dien.geojson
25054,Xã Bảo Lâm 1,68,Tỉnh Lâm Đồng,https://raw.githubusercontent.com/thanglequoc/vietnamese-provinces-database/master/json/geojson/68_lam_dong/wards/25054_bao_lam_1.geojson
25057,Xã Bảo Lâm 5,68,Tỉnh Lâm Đồng,https://raw.githubusercontent.com/thanglequoc/vietnamese-provinces-database/master/json/geojson/68_lam_dong/wards/25057_bao_lam_5.geojson
25063,Xã Bảo Lâm 4,68,Tỉnh Lâm Đồng,https://raw.githubusercontent.com/thanglequoc/vietnamese-provinces-database/master/json/geojson/68_lam_dong/wards/25063_bao_lam_4.geojson
25084,Xã Bảo Lâm 2,68,Tỉnh Lâm Đồng,https://raw.githubusercontent.com/thanglequoc/vietnamese-provinces-database/master/json/geojson/68_lam_dong/wards/25084_bao_lam_2.geojson
25093,Xã Bảo Lâm 3,68,Tỉnh Lâm Đồng,https://raw.githubusercontent.com/thanglequoc/vietnamese-provinces-database/master/json/geojson/68_lam_dong/wards/25093_bao_lam_3.geojson
25099,Xã Đạ Huoai,68,Tỉnh Lâm Đồng,https://raw.githubusercontent.com/thanglequoc/vietnamese-provinces-database/master/json/geojson/68_lam_dong/wards/25099_da_huoai.geojson
25105,Xã Đạ Huoai 2,68,Tỉnh Lâm Đồng,https://raw.githubusercontent.com/thanglequoc/vietnamese-provinces-database/master/json/geojson/68_lam_dong/wards/25105_da_huoai_2.geojson
25114,Xã Đạ Huoai 3,68,Tỉnh Lâm Đồng,https://raw.githubusercontent.com/thanglequoc/vietnamese-provinces-database/master/json/geojson/68_lam_dong/wards/25114_da_huoai_3.geojson
25126,Xã Đạ Tẻh,68,Tỉnh Lâm Đồng,https://raw.githubusercontent.com/thanglequoc/vietnamese-provinces-database/master/json/geojson/68_lam_dong/wards/25126_da_teh.geojson
25135,Xã Đạ Tẻh 3,68,Tỉnh Lâm Đồng,https://raw.githubusercontent.com/thanglequoc/vietnamese-provinces-database/master/json/geojson/68_lam_dong/wards/25135_da_teh_3.geojson
25138,Xã Đạ Tẻh 2,68,Tỉnh Lâm Đồng,https://raw.githubusercontent.com/thanglequoc/vietnamese-provinces-database/master/json/geojson/68_lam_dong/wards/25138_da_teh_2.geojson
25159,Xã Cát Tiên,68,Tỉnh Lâm Đồng,https://raw.githubusercontent.com/thanglequoc/vietnamese-provinces-database/master/json/geojson/68_lam_dong/wards/25159_cat_tien.geojson
25162,Xã Cát Tiên 3,68,Tỉnh Lâm Đồng,https://raw.githubusercontent.com/thanglequoc/vietnamese-provinces-database/master/json/geojson/68_lam_dong/wards/25162_cat_tien_3.geojson
25180,Xã Cát Tiên 2,68,Tỉnh Lâm Đồng,https://raw.githubusercontent.com/thanglequoc/vietnamese-provinces-database/master/json/geojson/68_lam_dong/wards/25180_cat_tien_2.geojson
25195,Phường Bình Phước,75,Thành phố Đồng Nai,https://raw.githubusercontent.com/thanglequoc/vietnamese-provinces-database/master/json/geojson/75_dong_nai/wards/25195_binh_phuoc.geojson
25210,Phường Đồng Xoài,75,Thành phố Đồng Nai,https://raw.githubusercontent.com/thanglequoc/vietnamese-provinces-database/master/json/geojson/75_dong_nai/wards/25210_dong_xoai.geojson
25217,Phường Phước Long,75,Thành phố Đồng Nai,https://raw.githubusercontent.com/thanglequoc/vietnamese-provinces-database/master/json/geojson/75_dong_nai/wards/25217_phuoc_long.geojson
25220,Phường Phước Bình,75,Thành phố Đồng Nai,https://raw.githubusercontent.com/thanglequoc/vietnamese-provinces-database/master/json/geojson/75_dong_nai/wards/25220_phuoc_binh.geojson
25222,Xã Bù Gia Mập,75,Thành phố Đồng Nai,https://raw.githubusercontent.com/thanglequoc/vietnamese-provinces-database/master/json/geojson/75_dong_nai/wards/25222_bu_gia_map.geojson
25225,Xã Đăk Ơ,75,Thành phố Đồng Nai,https://raw.githubusercontent.com/thanglequoc/vietnamese-provinces-database/master/json/geojson/75_dong_nai/wards/25225_dak_o.geojson
25231,Xã Đa Kia,75,Thành phố Đồng Nai,https://raw.githubusercontent.com/thanglequoc/vietnamese-provinces-database/master/json/geojson/75_dong_nai/wards/25231_da_kia.geojson
25246,Xã Bình Tân,75,Thành phố Đồng Nai,https://raw.githubusercontent.com/thanglequoc/vietnamese-provinces-database/master/json/geojson/75_dong_nai/wards/25246_binh_tan.geojson
25252,Xã Phú Riềng,75,Thành phố Đồng Nai,https://raw.githubusercontent.com/thanglequoc/vietnamese-provinces-database/master/json/geojson/75_dong_nai/wards/25252_phu_rieng.geojson
25255,Xã Long Hà,75,Thành phố Đồng Nai,https://raw.githubusercontent.com/thanglequoc/vietnamese-provinces-database/master/json/geojson/75_dong_nai/wards/25255_long_ha.geojson
25261,Xã Phú Trung,75,Thành phố Đồng Nai,https://raw.githubusercontent.com/thanglequoc/vietnamese-provinces-database/master/json/geojson/75_dong_nai/wards/25261_phu_trung.geojson
25267,Xã Phú Nghĩa,75,Thành phố Đồng Nai,https://raw.githubusercontent.com/thanglequoc/vietnamese-provinces-database/master/json/geojson/75_dong_nai/wards/25267_phu_nghia.geojson
25270,Phường Lộc Ninh,75,Thành phố Đồng Nai,https://raw.githubusercontent.com/thanglequoc/vietnamese-provinces-database/master/json/geojson/75_dong_nai/wards/25270_loc_ninh.geojson
25279,Xã Lộc Tấn,75,Thành phố Đồng Nai,https://raw.githubusercontent.com/thanglequoc/vietnamese-provinces-database/master/json/geojson/75_dong_nai/wards/25279_loc_tan.geojson
25280,Xã Lộc Thạnh,75,Thành phố Đồng Nai,https://raw.githubusercontent.com/thanglequoc/vietnamese-provinces-database/master/json/geojson/75_dong_nai/wards/25280_loc_thanh.geojson
25292,Xã Lộc Quang,75,Thành phố Đồng Nai,https://raw.githubusercontent.com/thanglequoc/vietnamese-provinces-database/master/json/geojson/75_dong_nai/wards/25292_loc_quang.geojson
25294,Xã Lộc Thành,75,Thành phố Đồng Nai,https://raw.githubusercontent.com/thanglequoc/vietnamese-provinces-database/master/json/geojson/75_dong_nai/wards/25294_loc_thanh.geojson
25303,Xã Lộc Hưng,75,Thành phố Đồng Nai,https://raw.githubusercontent.com/thanglequoc/vietnamese-provinces-database/master/json/geojson/75_dong_nai/wards/25303_loc_hung.geojson
25308,Xã Thiện Hưng,75,Thành phố Đồng Nai,https://raw.githubusercontent.com/thanglequoc/vietnamese-provinces-database/master/json/geojson/75_dong_nai/wards/25308_thien_hung.geojson
25309,Xã Hưng Phước,75,Thành phố Đồng Nai,https://raw.githubusercontent.com/thanglequoc/vietnamese-provinces-database/master/json/geojson/75_dong_nai/wards/25309_hung_phuoc.geojson
25318,Xã Tân Tiến,75,Thành phố Đồng Nai,https://raw.githubusercontent.com/thanglequoc/vietnamese-provinces-database/master/json/geojson/75_dong_nai/wards/25318_tan_tien.geojson
25326,Phường Bình Long,75,Thành phố Đồng Nai,https://raw.githubusercontent.com/thanglequoc/vietnamese-provinces-database/master/json/geojson/75_dong_nai/wards/25326_binh_long.geojson
25333,Phường An Lộc,75,Thành phố Đồng Nai,https://raw.githubusercontent.com/thanglequoc/vietnamese-provinces-database/master/json/geojson/75_dong_nai/wards/25333_an_loc.geojson
25345,Xã Tân Hưng,75,Thành phố Đồng Nai,https://raw.githubusercontent.com/thanglequoc/vietnamese-provinces-database/master/json/geojson/75_dong_nai/wards/25345_tan_hung.geojson
25349,Xã Minh Đức,75,Thành phố Đồng Nai,https://raw.githubusercontent.com/thanglequoc/vietnamese-provinces-database/master/json/geojson/75_dong_nai/wards/25349_minh_duc.geojson
25351,Xã Tân Quan,75,Thành phố Đồng Nai,https://raw.githubusercontent.com/thanglequoc/vietnamese-provinces-database/master/json/geojson/75_dong_nai/wards/25351_tan_quan.geojson
25357,Phường Tân Khai,75,Thành phố Đồng Nai,https://raw.githubusercontent.com/thanglequoc/vietnamese-provinces-database/master/json/geojson/75_dong_nai/wards/25357_tan_khai.geojson
25363,Phường Đồng Phú,75,Thành phố Đồng Nai,https://raw.githubusercontent.com/thanglequoc/vietnamese-provinces-database/master/json/geojson/75_dong_nai/wards/25363_dong_phu.geojson
25378,Xã Tân Lợi,75,Thành phố Đồng Nai,https://raw.githubusercontent.com/thanglequoc/vietnamese-provinces-database/master/json/geojson/75_dong_nai/wards/25378_tan_loi.geojson
25387,Xã Thuận Lợi,75,Thành phố Đồng Nai,https://raw.githubusercontent.com/thanglequoc/vietnamese-provinces-database/master/json/geojson/75_dong_nai/wards/25387_thuan_loi.geojson
25390,Xã Đồng Tâm,75,Thành phố Đồng Nai,https://raw.githubusercontent.com/thanglequoc/vietnamese-provinces-database/master/json/geojson/75_dong_nai/wards/25390_dong_tam.geojson
25396,Xã Bù Đăng,75,Thành phố Đồng Nai,https://raw.githubusercontent.com/thanglequoc/vietnamese-provinces-database/master/json/geojson/75_dong_nai/wards/25396_bu_dang.geojson
25399,Xã Đak Nhau,75,Thành phố Đồng Nai,https://raw.githubusercontent.com/thanglequoc/vietnamese-provinces-database/master/json/geojson/75_dong_nai/wards/25399_dak_nhau.geojson
25402,Xã Thọ Sơn,75,Thành phố Đồng Nai,https://raw.githubusercontent.com/thanglequoc/vietnamese-provinces-database/master/json/geojson/75_dong_nai/wards/25402_tho_son.geojson
25405,Xã Bom Bo,75,Thành phố Đồng Nai,https://raw.githubusercontent.com/thanglequoc/vietnamese-provinces-database/master/json/geojson/75_dong_nai/wards/25405_bom_bo.geojson
25417,Xã Nghĩa Trung,75,Thành phố Đồng Nai,https://raw.githubusercontent.com/thanglequoc/vietnamese-provinces-database/master/json/geojson/75_dong_nai/wards/25417_nghia_trung.geojson
25420,Xã Phước Sơn,75,Thành phố Đồng Nai,https://raw.githubusercontent.com/thanglequoc/vietnamese-provinces-database/master/json/geojson/75_dong_nai/wards/25420_phuoc_son.geojson
25432,Phường Chơn Thành,75,Thành phố Đồng Nai,https://raw.githubusercontent.com/thanglequoc/vietnamese-provinces-database/master/json/geojson/75_dong_nai/wards/25432_chon_thanh.geojson
25441,Phường Minh Hưng,75,Thành phố Đồng Nai,https://raw.githubusercontent.com/thanglequoc/vietnamese-provinces-database/master/json/geojson/75_dong_nai/wards/25441_minh_hung.geojson
25450,Xã Nha Bích,75,Thành phố Đồng Nai,https://raw.githubusercontent.com/thanglequoc/vietnamese-provinces-database/master/json/geojson/75_dong_nai/wards/25450_nha_bich.geojson
25993,Phường Trảng Dài,75,Thành phố Đồng Nai,https://raw.githubusercontent.com/thanglequoc/vietnamese-provinces-database/master/json/geojson/75_dong_nai/wards/25993_trang_dai.geojson
26005,Phường Hố Nai,75,Thành phố Đồng Nai,https://raw.githubusercontent.com/thanglequoc/vietnamese-provinces-database/master/json/geojson/75_dong_nai/wards/26005_ho_nai.geojson
26017,Phường Tam Hiệp,75,Thành phố Đồng Nai,https://raw.githubusercontent.com/thanglequoc/vietnamese-provinces-database/master/json/geojson/75_dong_nai/wards/26017_tam_hiep.geojson
26020,Phường Long Bình,75,Thành phố Đồng Nai,https://raw.githubusercontent.com/thanglequoc/vietnamese-provinces-database/master/json/geojson/75_dong_nai/wards/26020_long_binh.geojson
26041,Phường Trấn Biên,75,Thành phố Đồng Nai,https://raw.githubusercontent.com/thanglequoc/vietnamese-provinces-database/master/json/geojson/75_dong_nai/wards/26041_tran_bien.geojson
26068,Phường Biên Hoà,75,Thành phố Đồng Nai,https://raw.githubusercontent.com/thanglequoc/vietnamese-provinces-database/master/json/geojson/75_dong_nai/wards/26068_bien_hoa.geojson
26080,Phường Long Khánh,75,Thành phố Đồng Nai,https://raw.githubusercontent.com/thanglequoc/vietnamese-provinces-database/master/json/geojson/75_dong_nai/wards/26080_long_khanh.geojson
26089,Phường Bình Lộc,75,Thành phố Đồng Nai,https://raw.githubusercontent.com/thanglequoc/vietnamese-provinces-database/master/json/geojson/75_dong_nai/wards/26089_binh_loc.geojson
26098,Phường Bảo Vinh,75,Thành phố Đồng Nai,https://raw.githubusercontent.com/thanglequoc/vietnamese-provinces-database/master/json/geojson/75_dong_nai/wards/26098_bao_vinh.geojson
26104,Phường Xuân Lập,75,Thành phố Đồng Nai,https://raw.githubusercontent.com/thanglequoc/vietnamese-provinces-database/master/json/geojson/75_dong_nai/wards/26104_xuan_lap.geojson
26113,Phường Hàng Gòn,75,Thành phố Đồng Nai,https://raw.githubusercontent.com/thanglequoc/vietnamese-provinces-database/master/json/geojson/75_dong_nai/wards/26113_hang_gon.geojson
26116,Phường Tân Phú,75,Thành phố Đồng Nai,https://raw.githubusercontent.com/thanglequoc/vietnamese-provinces-database/master/json/geojson/75_dong_nai/wards/26116_tan_phu.geojson
26119,Xã Đak Lua,75,Thành phố Đồng Nai,https://raw.githubusercontent.com/thanglequoc/vietnamese-provinces-database/master/json/geojson/75_dong_nai/wards/26119_dak_lua.geojson
26122,Xã Nam Cát Tiên,75,Thành phố Đồng Nai,https://raw.githubusercontent.com/thanglequoc/vietnamese-provinces-database/master/json/geojson/75_dong_nai/wards/26122_nam_cat_tien.geojson
26134,Xã Tà Lài,75,Thành phố Đồng Nai,https://raw.githubusercontent.com/thanglequoc/vietnamese-provinces-database/master/json/geojson/75_dong_nai/wards/26134_ta_lai.geojson
26158,Xã Phú Lâm,75,Thành phố Đồng Nai,https://raw.githubusercontent.com/thanglequoc/vietnamese-provinces-database/master/json/geojson/75_dong_nai/wards/26158_phu_lam.geojson
26170,Phường Trị An,75,Thành phố Đồng Nai,https://raw.githubusercontent.com/thanglequoc/vietnamese-provinces-database/master/json/geojson/75_dong_nai/wards/26170_tri_an.geojson
26173,Xã Phú Lý,75,Thành phố Đồng Nai,https://raw.githubusercontent.com/thanglequoc/vietnamese-provinces-database/master/json/geojson/75_dong_nai/wards/26173_phu_ly.geojson
26179,Xã Tân An,75,Thành phố Đồng Nai,https://raw.githubusercontent.com/thanglequoc/vietnamese-provinces-database/master/json/geojson/75_dong_nai/wards/26179_tan_an.geojson
26188,Phường Tân Triều,75,Thành phố Đồng Nai,https://raw.githubusercontent.com/thanglequoc/vietnamese-provinces-database/master/json/geojson/75_dong_nai/wards/26188_tan_trieu.geojson
26206,Xã Định Quán,75,Thành phố Đồng Nai,https://raw.githubusercontent.com/thanglequoc/vietnamese-provinces-database/master/json/geojson/75_dong_nai/wards/26206_dinh_quan.geojson
26209,Xã Thanh Sơn,75,Thành phố Đồng Nai,https://raw.githubusercontent.com/thanglequoc/vietnamese-provinces-database/master/json/geojson/75_dong_nai/wards/26209_thanh_son.geojson
26215,Xã Phú Vinh,75,Thành phố Đồng Nai,https://raw.githubusercontent.com/thanglequoc/vietnamese-provinces-database/master/json/geojson/75_dong_nai/wards/26215_phu_vinh.geojson
26221,Xã Phú Hoà,75,Thành phố Đồng Nai,https://raw.githubusercontent.com/thanglequoc/vietnamese-provinces-database/master/json/geojson/75_dong_nai/wards/26221_phu_hoa.geojson
26227,Xã La Ngà,75,Thành phố Đồng Nai,https://raw.githubusercontent.com/thanglequoc/vietnamese-provinces-database/master/json/geojson/75_dong_nai/wards/26227_la_nga.geojson
26248,Phường Trảng Bom,75,Thành phố Đồng Nai,https://raw.githubusercontent.com/thanglequoc/vietnamese-provinces-database/master/json/geojson/75_dong_nai/wards/26248_trang_bom.geojson
26254,Xã Bàu Hàm,75,Thành phố Đồng Nai,https://raw.githubusercontent.com/thanglequoc/vietnamese-provinces-database/master/json/geojson/75_dong_nai/wards/26254_bau_ham.geojson
26278,Xã Bình Minh,75,Thành phố Đồng Nai,https://raw.githubusercontent.com/thanglequoc/vietnamese-provinces-database/master/json/geojson/75_dong_nai/wards/26278_binh_minh.geojson
26281,Xã Hưng Thịnh,75,Thành phố Đồng Nai,https://raw.githubusercontent.com/thanglequoc/vietnamese-provinces-database/master/json/geojson/75_dong_nai/wards/26281_hung_thinh.geojson
26296,Xã An Viễn,75,Thành phố Đồng Nai,https://raw.githubusercontent.com/thanglequoc/vietnamese-provinces-database/master/json/geojson/75_dong_nai/wards/26296_an_vien.geojson
26299,Xã Thống Nhất,75,Thành phố Đồng Nai,https://raw.githubusercontent.com/thanglequoc/vietnamese-provinces-database/master/json/geojson/75_dong_nai/wards/26299_thong_nhat.geojson
26311,Xã Gia Kiệm,75,Thành phố Đồng Nai,https://raw.githubusercontent.com/thanglequoc/vietnamese-provinces-database/master/json/geojson/75_dong_nai/wards/26311_gia_kiem.geojson
26326,Phường Dầu Giây,75,Thành phố Đồng Nai,https://raw.githubusercontent.com/thanglequoc/vietnamese-provinces-database/master/json/geojson/75_dong_nai/wards/26326_dau_giay.geojson
26332,Xã Xuân Quế,75,Thành phố Đồng Nai,https://raw.githubusercontent.com/thanglequoc/vietnamese-provinces-database/master/json/geojson/75_dong_nai/wards/26332_xuan_que.geojson
26341,Xã Cẩm Mỹ,75,Thành phố Đồng Nai,https://raw.githubusercontent.com/thanglequoc/vietnamese-provinces-database/master/json/geojson/75_dong_nai/wards/26341_cam_my.geojson
26347,Xã Xuân Đường,75,Thành phố Đồng Nai,https://raw.githubusercontent.com/thanglequoc/vietnamese-provinces-database/master/json/geojson/75_dong_nai/wards/26347_xuan_duong.geojson
26359,Xã Xuân Đông,75,Thành phố Đồng Nai,https://raw.githubusercontent.com/thanglequoc/vietnamese-provinces-database/master/json/geojson/75_dong_nai/wards/26359_xuan_dong.geojson
26362,Xã Sông Ray,75,Thành phố Đồng Nai,https://raw.githubusercontent.com/thanglequoc/vietnamese-provinces-database/master/json/geojson/75_dong_nai/wards/26362_song_ray.geojson
26368,Phường Long Thành,75,Thành phố Đồng Nai,https://raw.githubusercontent.com/thanglequoc/vietnamese-provinces-database/master/json/geojson/75_dong_nai/wards/26368_long_thanh.geojson
26374,Phường Tam Phước,75,Thành phố Đồng Nai,https://raw.githubusercontent.com/thanglequoc/vietnamese-provinces-database/master/json/geojson/75_dong_nai/wards/26374_tam_phuoc.geojson
26377,Phường Phước Tân,75,Thành phố Đồng Nai,https://raw.githubusercontent.com/thanglequoc/vietnamese-provinces-database/master/json/geojson/75_dong_nai/wards/26377_phuoc_tan.geojson
26380,Phường Long Hưng,75,Thành phố Đồng Nai,https://raw.githubusercontent.com/thanglequoc/vietnamese-provinces-database/master/json/geojson/75_dong_nai/wards/26380_long_hung.geojson
26383,Xã An Phước,75,Thành phố Đồng Nai,https://raw.githubusercontent.com/thanglequoc/vietnamese-provinces-database/master/json/geojson/75_dong_nai/wards/26383_an_phuoc.geojson
26389,Xã Bình An,75,Thành phố Đồng Nai,https://raw.githubusercontent.com/thanglequoc/vietnamese-provinces-database/master/json/geojson/75_dong_nai/wards/26389_binh_an.geojson
26413,Xã Long Phước,75,Thành phố Đồng Nai,https://raw.githubusercontent.com/thanglequoc/vietnamese-provinces-database/master/json/geojson/75_dong_nai/wards/26413_long_phuoc.geojson
26422,Xã Phước Thái,75,Thành phố Đồng Nai,https://raw.githubusercontent.com/thanglequoc/vietnamese-provinces-database/master/json/geojson/75_dong_nai/wards/26422_phuoc_thai.geojson
26425,Phường Xuân Lộc,75,Thành phố Đồng Nai,https://raw.githubusercontent.com/thanglequoc/vietnamese-provinces-database/master/json/geojson/75_dong_nai/wards/26425_xuan_loc.geojson
26428,Xã Xuân Bắc,75,Thành phố Đồng Nai,https://raw.githubusercontent.com/thanglequoc/vietnamese-provinces-database/master/json/geojson/75_dong_nai/wards/26428_xuan_bac.geojson
26434,Xã Xuân Thành,75,Thành phố Đồng Nai,https://raw.githubusercontent.com/thanglequoc/vietnamese-provinces-database/master/json/geojson/75_dong_nai/wards/26434_xuan_thanh.geojson
26446,Xã Xuân Hoà,75,Thành phố Đồng Nai,https://raw.githubusercontent.com/thanglequoc/vietnamese-provinces-database/master/json/geojson/75_dong_nai/wards/26446_xuan_hoa.geojson
26458,Xã Xuân Phú,75,Thành phố Đồng Nai,https://raw.githubusercontent.com/thanglequoc/vietnamese-provinces-database/master/json/geojson/75_dong_nai/wards/26458_xuan_phu.geojson
26461,Xã Xuân Định,75,Thành phố Đồng Nai,https://raw.githubusercontent.com/thanglequoc/vietnamese-provinces-database/master/json/geojson/75_dong_nai/wards/26461_xuan_dinh.geojson
26485,Phường Nhơn Trạch,75,Thành phố Đồng Nai,https://raw.githubusercontent.com/thanglequoc/vietnamese-provinces-database/master/json/geojson/75_dong_nai/wards/26485_nhon_trach.geojson
26491,Xã Đại Phước,75,Thành phố Đồng Nai,https://raw.githubusercontent.com/thanglequoc/vietnamese-provinces-database/master/json/geojson/75_dong_nai/wards/26491_dai_phuoc.geojson
26503,Xã Phước An,75,Thành phố Đồng Nai,https://raw.githubusercontent.com/thanglequoc/vietnamese-provinces-database/master/json/geojson/75_dong_nai/wards/26503_phuoc_an.geojson
25747,Phường Thủ Dầu Một,79,Thành phố Hồ Chí Minh,https://raw.githubusercontent.com/thanglequoc/vietnamese-provinces-database/master/json/geojson/79_ho_chi_minh/wards/25747_thu_dau_mot.geojson
25750,Phường Phú Lợi,79,Thành phố Hồ Chí Minh,https://raw.githubusercontent.com/thanglequoc/vietnamese-provinces-database/master/json/geojson/79_ho_chi_minh/wards/25750_phu_loi.geojson
25760,Phường Bình Dương,79,Thành phố Hồ Chí Minh,https://raw.githubusercontent.com/thanglequoc/vietnamese-provinces-database/master/json/geojson/79_ho_chi_minh/wards/25760_binh_duong.geojson
25768,Phường Phú An,79,Thành phố Hồ Chí Minh,https://raw.githubusercontent.com/thanglequoc/vietnamese-provinces-database/master/json/geojson/79_ho_chi_minh/wards/25768_phu_an.geojson
25771,Phường Chánh Hiệp,79,Thành phố Hồ Chí Minh,https://raw.githubusercontent.com/thanglequoc/vietnamese-provinces-database/master/json/geojson/79_ho_chi_minh/wards/25771_chanh_hiep.geojson
25777,Xã Dầu Tiếng,79,Thành phố Hồ Chí Minh,https://raw.githubusercontent.com/thanglequoc/vietnamese-provinces-database/master/json/geojson/79_ho_chi_minh/wards/25777_dau_tieng.geojson
25780,Xã Minh Thạnh,79,Thành phố Hồ Chí Minh,https://raw.githubusercontent.com/thanglequoc/vietnamese-provinces-database/master/json/geojson/79_ho_chi_minh/wards/25780_minh_thanh.geojson
25792,Xã Long Hoà,79,Thành phố Hồ Chí Minh,https://raw.githubusercontent.com/thanglequoc/vietnamese-provinces-database/master/json/geojson/79_ho_chi_minh/wards/25792_long_hoa.geojson
25807,Xã Thanh An,79,Thành phố Hồ Chí Minh,https://raw.githubusercontent.com/thanglequoc/vietnamese-provinces-database/master/json/geojson/79_ho_chi_minh/wards/25807_thanh_an.geojson
25813,Phường Bến Cát,79,Thành phố Hồ Chí Minh,https://raw.githubusercontent.com/thanglequoc/vietnamese-provinces-database/master/json/geojson/79_ho_chi_minh/wards/25813_ben_cat.geojson
25819,Xã Trừ Văn Thố,79,Thành phố Hồ Chí Minh,https://raw.githubusercontent.com/thanglequoc/vietnamese-provinces-database/master/json/geojson/79_ho_chi_minh/wards/25819_tru_van_tho.geojson
25822,Xã Bàu Bàng,79,Thành phố Hồ Chí Minh,https://raw.githubusercontent.com/thanglequoc/vietnamese-provinces-database/master/json/geojson/79_ho_chi_minh/wards/25822_bau_bang.geojson
25837,Phường Chánh Phú Hoà,79,Thành phố Hồ Chí Minh,https://raw.githubusercontent.com/thanglequoc/vietnamese-provinces-database/master/json/geojson/79_ho_chi_minh/wards/25837_chanh_phu_hoa.geojson
25840,Phường Long Nguyên,79,Thành phố Hồ Chí Minh,https://raw.githubusercontent.com/thanglequoc/vietnamese-provinces-database/master/json/geojson/79_ho_chi_minh/wards/25840_long_nguyen.geojson
25843,Phường Tây Nam,79,Thành phố Hồ Chí Minh,https://raw.githubusercontent.com/thanglequoc/vietnamese-provinces-database/master/json/geojson/79_ho_chi_minh/wards/25843_tay_nam.geojson
25846,Phường Thới Hoà,79,Thành phố Hồ Chí Minh,https://raw.githubusercontent.com/thanglequoc/vietnamese-provinces-database/master/json/geojson/79_ho_chi_minh/wards/25846_thoi_hoa.geojson
25849,Phường Hoà Lợi,79,Thành phố Hồ Chí Minh,https://raw.githubusercontent.com/thanglequoc/vietnamese-provinces-database/master/json/geojson/79_ho_chi_minh/wards/25849_hoa_loi.geojson
25858,Xã Phú Giáo,79,Thành phố Hồ Chí Minh,https://raw.githubusercontent.com/thanglequoc/vietnamese-provinces-database/master/json/geojson/79_ho_chi_minh/wards/25858_phu_giao.geojson
25864,Xã Phước Thành,79,Thành phố Hồ Chí Minh,https://raw.githubusercontent.com/thanglequoc/vietnamese-provinces-database/master/json/geojson/79_ho_chi_minh/wards/25864_phuoc_thanh.geojson
25867,Xã An Long,79,Thành phố Hồ Chí Minh,https://raw.githubusercontent.com/thanglequoc/vietnamese-provinces-database/master/json/geojson/79_ho_chi_minh/wards/25867_an_long.geojson
25882,Xã Phước Hoà,79,Thành phố Hồ Chí Minh,https://raw.githubusercontent.com/thanglequoc/vietnamese-provinces-database/master/json/geojson/79_ho_chi_minh/wards/25882_phuoc_hoa.geojson
25888,Phường Tân Uyên,79,Thành phố Hồ Chí Minh,https://raw.githubusercontent.com/thanglequoc/vietnamese-provinces-database/master/json/geojson/79_ho_chi_minh/wards/25888_tan_uyen.geojson
25891,Phường Tân Khánh,79,Thành phố Hồ Chí Minh,https://raw.githubusercontent.com/thanglequoc/vietnamese-provinces-database/master/json/geojson/79_ho_chi_minh/wards/25891_tan_khanh.geojson
25906,Xã Bắc Tân Uyên,79,Thành phố Hồ Chí Minh,https://raw.githubusercontent.com/thanglequoc/vietnamese-provinces-database/master/json/geojson/79_ho_chi_minh/wards/25906_bac_tan_uyen.geojson
25909,Xã Thường Tân,79,Thành phố Hồ Chí Minh,https://raw.githubusercontent.com/thanglequoc/vietnamese-provinces-database/master/json/geojson/79_ho_chi_minh/wards/25909_thuong_tan.geojson
25912,Phường Vĩnh Tân,79,Thành phố Hồ Chí Minh,https://raw.githubusercontent.com/thanglequoc/vietnamese-provinces-database/master/json/geojson/79_ho_chi_minh/wards/25912_vinh_tan.geojson
25915,Phường Bình Cơ,79,Thành phố Hồ Chí Minh,https://raw.githubusercontent.com/thanglequoc/vietnamese-provinces-database/master/json/geojson/79_ho_chi_minh/wards/25915_binh_co.geojson
25920,Phường Tân Hiệp,79,Thành phố Hồ Chí Minh,https://raw.githubusercontent.com/thanglequoc/vietnamese-provinces-database/master/json/geojson/79_ho_chi_minh/wards/25920_tan_hiep.geojson
25942,Phường Dĩ An,79,Thành phố Hồ Chí Minh,https://raw.githubusercontent.com/thanglequoc/vietnamese-provinces-database/master/json/geojson/79_ho_chi_minh/wards/25942_di_an.geojson
25945,Phường Tân Đông Hiệp,79,Thành phố Hồ Chí Minh,https://raw.githubusercontent.com/thanglequoc/vietnamese-provinces-database/master/json/geojson/79_ho_chi_minh/wards/25945_tan_dong_hiep.geojson
25951,Phường Đông Hoà,79,Thành phố Hồ Chí Minh,https://raw.githubusercontent.com/thanglequoc/vietnamese-provinces-database/master/json/geojson/79_ho_chi_minh/wards/25951_dong_hoa.geojson
25966,Phường Lái Thiêu,79,Thành phố Hồ Chí Minh,https://raw.githubusercontent.com/thanglequoc/vietnamese-provinces-database/master/json/geojson/79_ho_chi_minh/wards/25966_lai_thieu.geojson
25969,Phường Thuận Giao,79,Thành phố Hồ Chí Minh,https://raw.githubusercontent.com/thanglequoc/vietnamese-provinces-database/master/json/geojson/79_ho_chi_minh/wards/25969_thuan_giao.geojson
25975,Phường An Phú,79,Thành phố Hồ Chí Minh,https://raw.githubusercontent.com/thanglequoc/vietnamese-provinces-database/master/json/geojson/79_ho_chi_minh/wards/25975_an_phu.geojson
25978,Phường Thuận An,79,Thành phố Hồ Chí Minh,https://raw.githubusercontent.com/thanglequoc/vietnamese-provinces-database/master/json/geojson/79_ho_chi_minh/wards/25978_thuan_an.geojson
25987,Phường Bình Hoà,79,Thành phố Hồ Chí Minh,https://raw.githubusercontent.com/thanglequoc/vietnamese-provinces-database/master/json/geojson/79_ho_chi_minh/wards/25987_binh_hoa.geojson
26506,Phường Vũng Tàu,79,Thành phố Hồ Chí Minh,https://raw.githubusercontent.com/thanglequoc/vietnamese-provinces-database/master/json/geojson/79_ho_chi_minh/wards/26506_vung_tau.geojson
26526,Phường Tam Thắng,79,Thành phố Hồ Chí Minh,https://raw.githubusercontent.com/thanglequoc/vietnamese-provinces-database/master/json/geojson/79_ho_chi_minh/wards/26526_tam_thang.geojson
26536,Phường Rạch Dừa,79,Thành phố Hồ Chí Minh,https://raw.githubusercontent.com/thanglequoc/vietnamese-provinces-database/master/json/geojson/79_ho_chi_minh/wards/26536_rach_dua.geojson
26542,Phường Phước Thắng,79,Thành phố Hồ Chí Minh,https://raw.githubusercontent.com/thanglequoc/vietnamese-provinces-database/master/json/geojson/79_ho_chi_minh/wards/26542_phuoc_thang.geojson
26545,Xã Long Sơn,79,Thành phố Hồ Chí Minh,https://raw.githubusercontent.com/thanglequoc/vietnamese-provinces-database/master/json/geojson/79_ho_chi_minh/wards/26545_long_son.geojson
26560,Phường Bà Rịa,79,Thành phố Hồ Chí Minh,https://raw.githubusercontent.com/thanglequoc/vietnamese-provinces-database/master/json/geojson/79_ho_chi_minh/wards/26560_ba_ria.geojson
26566,Phường Long Hương,79,Thành phố Hồ Chí Minh,https://raw.githubusercontent.com/thanglequoc/vietnamese-provinces-database/master/json/geojson/79_ho_chi_minh/wards/26566_long_huong.geojson
26572,Phường Tam Long,79,Thành phố Hồ Chí Minh,https://raw.githubusercontent.com/thanglequoc/vietnamese-provinces-database/master/json/geojson/79_ho_chi_minh/wards/26572_tam_long.geojson
26575,Xã Ngãi Giao,79,Thành phố Hồ Chí Minh,https://raw.githubusercontent.com/thanglequoc/vietnamese-provinces-database/master/json/geojson/79_ho_chi_minh/wards/26575_ngai_giao.geojson
26584,Xã Xuân Sơn,79,Thành phố Hồ Chí Minh,https://raw.githubusercontent.com/thanglequoc/vietnamese-provinces-database/master/json/geojson/79_ho_chi_minh/wards/26584_xuan_son.geojson
26590,Xã Bình Giã,79,Thành phố Hồ Chí Minh,https://raw.githubusercontent.com/thanglequoc/vietnamese-provinces-database/master/json/geojson/79_ho_chi_minh/wards/26590_binh_gia.geojson
26596,Xã Châu Đức,79,Thành phố Hồ Chí Minh,https://raw.githubusercontent.com/thanglequoc/vietnamese-provinces-database/master/json/geojson/79_ho_chi_minh/wards/26596_chau_duc.geojson
26608,Xã Kim Long,79,Thành phố Hồ Chí Minh,https://raw.githubusercontent.com/thanglequoc/vietnamese-provinces-database/master/json/geojson/79_ho_chi_minh/wards/26608_kim_long.geojson
26617,Xã Nghĩa Thành,79,Thành phố Hồ Chí Minh,https://raw.githubusercontent.com/thanglequoc/vietnamese-provinces-database/master/json/geojson/79_ho_chi_minh/wards/26617_nghia_thanh.geojson
26620,Xã Hồ Tràm,79,Thành phố Hồ Chí Minh,https://raw.githubusercontent.com/thanglequoc/vietnamese-provinces-database/master/json/geojson/79_ho_chi_minh/wards/26620_ho_tram.geojson
26632,Xã Xuyên Mộc,79,Thành phố Hồ Chí Minh,https://raw.githubusercontent.com/thanglequoc/vietnamese-provinces-database/master/json/geojson/79_ho_chi_minh/wards/26632_xuyen_moc.geojson
26638,Xã Bàu Lâm,79,Thành phố Hồ Chí Minh,https://raw.githubusercontent.com/thanglequoc/vietnamese-provinces-database/master/json/geojson/79_ho_chi_minh/wards/26638_bau_lam.geojson
26641,Xã Hoà Hội,79,Thành phố Hồ Chí Minh,https://raw.githubusercontent.com/thanglequoc/vietnamese-provinces-database/master/json/geojson/79_ho_chi_minh/wards/26641_hoa_hoi.geojson
26647,Xã Hoà Hiệp,79,Thành phố Hồ Chí Minh,https://raw.githubusercontent.com/thanglequoc/vietnamese-provinces-database/master/json/geojson/79_ho_chi_minh/wards/26647_hoa_hiep.geojson
26656,Xã Bình Châu,79,Thành phố Hồ Chí Minh,https://raw.githubusercontent.com/thanglequoc/vietnamese-provinces-database/master/json/geojson/79_ho_chi_minh/wards/26656_binh_chau.geojson
26659,Xã Long Điền,79,Thành phố Hồ Chí Minh,https://raw.githubusercontent.com/thanglequoc/vietnamese-provinces-database/master/json/geojson/79_ho_chi_minh/wards/26659_long_dien.geojson
26662,Xã Long Hải,79,Thành phố Hồ Chí Minh,https://raw.githubusercontent.com/thanglequoc/vietnamese-provinces-database/master/json/geojson/79_ho_chi_minh/wards/26662_long_hai.geojson
26680,Xã Đất Đỏ,79,Thành phố Hồ Chí Minh,https://raw.githubusercontent.com/thanglequoc/vietnamese-provinces-database/master/json/geojson/79_ho_chi_minh/wards/26680_dat_do.geojson
26686,Xã Phước Hải,79,Thành phố Hồ Chí Minh,https://raw.githubusercontent.com/thanglequoc/vietnamese-provinces-database/master/json/geojson/79_ho_chi_minh/wards/26686_phuoc_hai.geojson
26704,Phường Phú Mỹ,79,Thành phố Hồ Chí Minh,https://raw.githubusercontent.com/thanglequoc/vietnamese-provinces-database/master/json/geojson/79_ho_chi_minh/wards/26704_phu_my.geojson
26710,Phường Tân Hải,79,Thành phố Hồ Chí Minh,https://raw.githubusercontent.com/thanglequoc/vietnamese-provinces-database/master/json/geojson/79_ho_chi_minh/wards/26710_tan_hai.geojson
26713,Phường Tân Phước,79,Thành phố Hồ Chí Minh,https://raw.githubusercontent.com/thanglequoc/vietnamese-provinces-database/master/json/geojson/79_ho_chi_minh/wards/26713_tan_phuoc.geojson
26725,Phường Tân Thành,79,Thành phố Hồ Chí Minh,https://raw.githubusercontent.com/thanglequoc/vietnamese-provinces-database/master/json/geojson/79_ho_chi_minh/wards/26725_tan_thanh.geojson
26728,Xã Châu Pha,79,Thành phố Hồ Chí Minh,https://raw.githubusercontent.com/thanglequoc/vietnamese-provinces-database/master/json/geojson/79_ho_chi_minh/wards/26728_chau_pha.geojson
26732,Đặc khu Côn Đảo,79,Thành phố Hồ Chí Minh,https://raw.githubusercontent.com/thanglequoc/vietnamese-provinces-database/master/json/geojson/79_ho_chi_minh/wards/26732_con_dao.geojson
26737,Phường Tân Định,79,Thành phố Hồ Chí Minh,https://raw.githubusercontent.com/thanglequoc/vietnamese-provinces-database/master/json/geojson/79_ho_chi_minh/wards/26737_tan_dinh.geojson
26740,Phường Sài Gòn,79,Thành phố Hồ Chí Minh,https://raw.githubusercontent.com/thanglequoc/vietnamese-provinces-database/master/json/geojson/79_ho_chi_minh/wards/26740_sai_gon.geojson
26743,Phường Bến Thành,79,Thành phố Hồ Chí Minh,https://raw.githubusercontent.com/thanglequoc/vietnamese-provinces-database/master/json/geojson/79_ho_chi_minh/wards/26743_ben_thanh.geojson
26758,Phường Cầu Ông Lãnh,79,Thành phố Hồ Chí Minh,https://raw.githubusercontent.com/thanglequoc/vietnamese-provinces-database/master/json/geojson/79_ho_chi_minh/wards/26758_cau_ong_lanh.geojson
26767,Phường An Phú Đông,79,Thành phố Hồ Chí Minh,https://raw.githubusercontent.com/thanglequoc/vietnamese-provinces-database/master/json/geojson/79_ho_chi_minh/wards/26767_an_phu_dong.geojson
26773,Phường Thới An,79,Thành phố Hồ Chí Minh,https://raw.githubusercontent.com/thanglequoc/vietnamese-provinces-database/master/json/geojson/79_ho_chi_minh/wards/26773_thoi_an.geojson
26782,Phường Tân Thới Hiệp,79,Thành phố Hồ Chí Minh,https://raw.githubusercontent.com/thanglequoc/vietnamese-provinces-database/master/json/geojson/79_ho_chi_minh/wards/26782_tan_thoi_hiep.geojson
26785,Phường Trung Mỹ Tây,79,Thành phố Hồ Chí Minh,https://raw.githubusercontent.com/thanglequoc/vietnamese-provinces-database/master/json/geojson/79_ho_chi_minh/wards/26785_trung_my_tay.geojson
26791,Phường Đông Hưng Thuận,79,Thành phố Hồ Chí Minh,https://raw.githubusercontent.com/thanglequoc/vietnamese-provinces-database/master/json/geojson/79_ho_chi_minh/wards/26791_dong_hung_thuan.geojson
26800,Phường Linh Xuân,79,Thành phố Hồ Chí Minh,https://raw.githubusercontent.com/thanglequoc/vietnamese-provinces-database/master/json/geojson/79_ho_chi_minh/wards/26800_linh_xuan.geojson
26803,Phường Tam Bình,79,Thành phố Hồ Chí Minh,https://raw.githubusercontent.com/thanglequoc/vietnamese-provinces-database/master/json/geojson/79_ho_chi_minh/wards/26803_tam_binh.geojson
26809,Phường Hiệp Bình,79,Thành phố Hồ Chí Minh,https://raw.githubusercontent.com/thanglequoc/vietnamese-provinces-database/master/json/geojson/79_ho_chi_minh/wards/26809_hiep_binh.geojson
26824,Phường Thủ Đức,79,Thành phố Hồ Chí Minh,https://raw.githubusercontent.com/thanglequoc/vietnamese-provinces-database/master/json/geojson/79_ho_chi_minh/wards/26824_thu_duc.geojson
26833,Phường Long Bình,79,Thành phố Hồ Chí Minh,https://raw.githubusercontent.com/thanglequoc/vietnamese-provinces-database/master/json/geojson/79_ho_chi_minh/wards/26833_long_binh.geojson
26842,Phường Tăng Nhơn Phú,79,Thành phố Hồ Chí Minh,https://raw.githubusercontent.com/thanglequoc/vietnamese-provinces-database/master/json/geojson/79_ho_chi_minh/wards/26842_tang_nhon_phu.geojson
26848,Phường Phước Long,79,Thành phố Hồ Chí Minh,https://raw.githubusercontent.com/thanglequoc/vietnamese-provinces-database/master/json/geojson/79_ho_chi_minh/wards/26848_phuoc_long.geojson
26857,Phường Long Phước,79,Thành phố Hồ Chí Minh,https://raw.githubusercontent.com/thanglequoc/vietnamese-provinces-database/master/json/geojson/79_ho_chi_minh/wards/26857_long_phuoc.geojson
26860,Phường Long Trường,79,Thành phố Hồ Chí Minh,https://raw.githubusercontent.com/thanglequoc/vietnamese-provinces-database/master/json/geojson/79_ho_chi_minh/wards/26860_long_truong.geojson
26876,Phường An Nhơn,79,Thành phố Hồ Chí Minh,https://raw.githubusercontent.com/thanglequoc/vietnamese-provinces-database/master/json/geojson/79_ho_chi_minh/wards/26876_an_nhon.geojson
26878,Phường An Hội Đông,79,Thành phố Hồ Chí Minh,https://raw.githubusercontent.com/thanglequoc/vietnamese-provinces-database/master/json/geojson/79_ho_chi_minh/wards/26878_an_hoi_dong.geojson
26882,Phường An Hội Tây,79,Thành phố Hồ Chí Minh,https://raw.githubusercontent.com/thanglequoc/vietnamese-provinces-database/master/json/geojson/79_ho_chi_minh/wards/26882_an_hoi_tay.geojson
26884,Phường Gò Vấp,79,Thành phố Hồ Chí Minh,https://raw.githubusercontent.com/thanglequoc/vietnamese-provinces-database/master/json/geojson/79_ho_chi_minh/wards/26884_go_vap.geojson
26890,Phường Hạnh Thông,79,Thành phố Hồ Chí Minh,https://raw.githubusercontent.com/thanglequoc/vietnamese-provinces-database/master/json/geojson/79_ho_chi_minh/wards/26890_hanh_thong.geojson
26898,Phường Thông Tây Hội,79,Thành phố Hồ Chí Minh,https://raw.githubusercontent.com/thanglequoc/vietnamese-provinces-database/master/json/geojson/79_ho_chi_minh/wards/26898_thong_tay_hoi.geojson
26905,Phường Bình Lợi Trung,79,Thành phố Hồ Chí Minh,https://raw.githubusercontent.com/thanglequoc/vietnamese-provinces-database/master/json/geojson/79_ho_chi_minh/wards/26905_binh_loi_trung.geojson
26911,Phường Bình Quới,79,Thành phố Hồ Chí Minh,https://raw.githubusercontent.com/thanglequoc/vietnamese-provinces-database/master/json/geojson/79_ho_chi_minh/wards/26911_binh_quoi.geojson
26929,Phường Bình Thạnh,79,Thành phố Hồ Chí Minh,https://raw.githubusercontent.com/thanglequoc/vietnamese-provinces-database/master/json/geojson/79_ho_chi_minh/wards/26929_binh_thanh.geojson
26944,Phường Gia Định,79,Thành phố Hồ Chí Minh,https://raw.githubusercontent.com/thanglequoc/vietnamese-provinces-database/master/json/geojson/79_ho_chi_minh/wards/26944_gia_dinh.geojson
26956,Phường Thạnh Mỹ Tây,79,Thành phố Hồ Chí Minh,https://raw.githubusercontent.com/thanglequoc/vietnamese-provinces-database/master/json/geojson/79_ho_chi_minh/wards/26956_thanh_my_tay.geojson
26968,Phường Tân Sơn Nhất,79,Thành phố Hồ Chí Minh,https://raw.githubusercontent.com/thanglequoc/vietnamese-provinces-database/master/json/geojson/79_ho_chi_minh/wards/26968_tan_son_nhat.geojson
26977,Phường Tân Sơn Hoà,79,Thành phố Hồ Chí Minh,https://raw.githubusercontent.com/thanglequoc/vietnamese-provinces-database/master/json/geojson/79_ho_chi_minh/wards/26977_tan_son_hoa.geojson
26983,Phường Bảy Hiền,79,Thành phố Hồ Chí Minh,https://raw.githubusercontent.com/thanglequoc/vietnamese-provinces-database/master/json/geojson/79_ho_chi_minh/wards/26983_bay_hien.geojson
26995,Phường Tân Hoà,79,Thành phố Hồ Chí Minh,https://raw.githubusercontent.com/thanglequoc/vietnamese-provinces-database/master/json/geojson/79_ho_chi_minh/wards/26995_tan_hoa.geojson
27004,Phường Tân Bình,79,Thành phố Hồ Chí Minh,https://raw.githubusercontent.com/thanglequoc/vietnamese-provinces-database/master/json/geojson/79_ho_chi_minh/wards/27004_tan_binh.geojson
27007,Phường Tân Sơn,79,Thành phố Hồ Chí Minh,https://raw.githubusercontent.com/thanglequoc/vietnamese-provinces-database/master/json/geojson/79_ho_chi_minh/wards/27007_tan_son.geojson
27013,Phường Tây Thạnh,79,Thành phố Hồ Chí Minh,https://raw.githubusercontent.com/thanglequoc/vietnamese-provinces-database/master/json/geojson/79_ho_chi_minh/wards/27013_tay_thanh.geojson
27019,Phường Tân Sơn Nhì,79,Thành phố Hồ Chí Minh,https://raw.githubusercontent.com/thanglequoc/vietnamese-provinces-database/master/json/geojson/79_ho_chi_minh/wards/27019_tan_son_nhi.geojson
27022,Phường Phú Thọ Hoà,79,Thành phố Hồ Chí Minh,https://raw.githubusercontent.com/thanglequoc/vietnamese-provinces-database/master/json/geojson/79_ho_chi_minh/wards/27022_phu_tho_hoa.geojson
27028,Phường Phú Thạnh,79,Thành phố Hồ Chí Minh,https://raw.githubusercontent.com/thanglequoc/vietnamese-provinces-database/master/json/geojson/79_ho_chi_minh/wards/27028_phu_thanh.geojson
27031,Phường Tân Phú,79,Thành phố Hồ Chí Minh,https://raw.githubusercontent.com/thanglequoc/vietnamese-provinces-database/master/json/geojson/79_ho_chi_minh/wards/27031_tan_phu.geojson
27043,Phường Đức Nhuận,79,Thành phố Hồ Chí Minh,https://raw.githubusercontent.com/thanglequoc/vietnamese-provinces-database/master/json/geojson/79_ho_chi_minh/wards/27043_duc_nhuan.geojson
27058,Phường Cầu Kiệu,79,Thành phố Hồ Chí Minh,https://raw.githubusercontent.com/thanglequoc/vietnamese-provinces-database/master/json/geojson/79_ho_chi_minh/wards/27058_cau_kieu.geojson
27073,Phường Phú Nhuận,79,Thành phố Hồ Chí Minh,https://raw.githubusercontent.com/thanglequoc/vietnamese-provinces-database/master/json/geojson/79_ho_chi_minh/wards/27073_phu_nhuan.geojson
27094,Phường An Khánh,79,Thành phố Hồ Chí Minh,https://raw.githubusercontent.com/thanglequoc/vietnamese-provinces-database/master/json/geojson/79_ho_chi_minh/wards/27094_an_khanh.geojson
27097,Phường Bình Trưng,79,Thành phố Hồ Chí Minh,https://raw.githubusercontent.com/thanglequoc/vietnamese-provinces-database/master/json/geojson/79_ho_chi_minh/wards/27097_binh_trung.geojson
27112,Phường Cát Lái,79,Thành phố Hồ Chí Minh,https://raw.githubusercontent.com/thanglequoc/vietnamese-provinces-database/master/json/geojson/79_ho_chi_minh/wards/27112_cat_lai.geojson
27139,Phường Xuân Hoà,79,Thành phố Hồ Chí Minh,https://raw.githubusercontent.com/thanglequoc/vietnamese-provinces-database/master/json/geojson/79_ho_chi_minh/wards/27139_xuan_hoa.geojson
27142,Phường Nhiêu Lộc,79,Thành phố Hồ Chí Minh,https://raw.githubusercontent.com/thanglequoc/vietnamese-provinces-database/master/json/geojson/79_ho_chi_minh/wards/27142_nhieu_loc.geojson
27154,Phường Bàn Cờ,79,Thành phố Hồ Chí Minh,https://raw.githubusercontent.com/thanglequoc/vietnamese-provinces-database/master/json/geojson/79_ho_chi_minh/wards/27154_ban_co.geojson
27163,Phường Hoà Hưng,79,Thành phố Hồ Chí Minh,https://raw.githubusercontent.com/thanglequoc/vietnamese-provinces-database/master/json/geojson/79_ho_chi_minh/wards/27163_hoa_hung.geojson
27169,Phường Diên Hồng,79,Thành phố Hồ Chí Minh,https://raw.githubusercontent.com/thanglequoc/vietnamese-provinces-database/master/json/geojson/79_ho_chi_minh/wards/27169_dien_hong.geojson
27190,Phường Vườn Lài,79,Thành phố Hồ Chí Minh,https://raw.githubusercontent.com/thanglequoc/vietnamese-provinces-database/master/json/geojson/79_ho_chi_minh/wards/27190_vuon_lai.geojson
27211,Phường Hoà Bình,79,Thành phố Hồ Chí Minh,https://raw.githubusercontent.com/thanglequoc/vietnamese-provinces-database/master/json/geojson/79_ho_chi_minh/wards/27211_hoa_binh.geojson
27226,Phường Phú Thọ,79,Thành phố Hồ Chí Minh,https://raw.githubusercontent.com/thanglequoc/vietnamese-provinces-database/master/json/geojson/79_ho_chi_minh/wards/27226_phu_tho.geojson
27232,Phường Bình Thới,79,Thành phố Hồ Chí Minh,https://raw.githubusercontent.com/thanglequoc/vietnamese-provinces-database/master/json/geojson/79_ho_chi_minh/wards/27232_binh_thoi.geojson
27238,Phường Minh Phụng,79,Thành phố Hồ Chí Minh,https://raw.githubusercontent.com/thanglequoc/vietnamese-provinces-database/master/json/geojson/79_ho_chi_minh/wards/27238_minh_phung.geojson
27259,Phường Xóm Chiếu,79,Thành phố Hồ Chí Minh,https://raw.githubusercontent.com/thanglequoc/vietnamese-provinces-database/master/json/geojson/79_ho_chi_minh/wards/27259_xom_chieu.geojson
27265,Phường Khánh Hội,79,Thành phố Hồ Chí Minh,https://raw.githubusercontent.com/thanglequoc/vietnamese-provinces-database/master/json/geojson/79_ho_chi_minh/wards/27265_khanh_hoi.geojson
27286,Phường Vĩnh Hội,79,Thành phố Hồ Chí Minh,https://raw.githubusercontent.com/thanglequoc/vietnamese-provinces-database/master/json/geojson/79_ho_chi_minh/wards/27286_vinh_hoi.geojson
27301,Phường Chợ Quán,79,Thành phố Hồ Chí Minh,https://raw.githubusercontent.com/thanglequoc/vietnamese-provinces-database/master/json/geojson/79_ho_chi_minh/wards/27301_cho_quan.geojson
27316,Phường An Đông,79,Thành phố Hồ Chí Minh,https://raw.githubusercontent.com/thanglequoc/vietnamese-provinces-database/master/json/geojson/79_ho_chi_minh/wards/27316_an_dong.geojson
27343,Phường Chợ Lớn,79,Thành phố Hồ Chí Minh,https://raw.githubusercontent.com/thanglequoc/vietnamese-provinces-database/master/json/geojson/79_ho_chi_minh/wards/27343_cho_lon.geojson
27349,Phường Phú Lâm,79,Thành phố Hồ Chí Minh,https://raw.githubusercontent.com/thanglequoc/vietnamese-provinces-database/master/json/geojson/79_ho_chi_minh/wards/27349_phu_lam.geojson
27364,Phường Bình Phú,79,Thành phố Hồ Chí Minh,https://raw.githubusercontent.com/thanglequoc/vietnamese-provinces-database/master/json/geojson/79_ho_chi_minh/wards/27364_binh_phu.geojson
27367,Phường Bình Tây,79,Thành phố Hồ Chí Minh,https://raw.githubusercontent.com/thanglequoc/vietnamese-provinces-database/master/json/geojson/79_ho_chi_minh/wards/27367_binh_tay.geojson
27373,Phường Bình Tiên,79,Thành phố Hồ Chí Minh,https://raw.githubusercontent.com/thanglequoc/vietnamese-provinces-database/master/json/geojson/79_ho_chi_minh/wards/27373_binh_tien.geojson
27418,Phường Chánh Hưng,79,Thành phố Hồ Chí Minh,https://raw.githubusercontent.com/thanglequoc/vietnamese-provinces-database/master/json/geojson/79_ho_chi_minh/wards/27418_chanh_hung.geojson
27424,Phường Bình Đông,79,Thành phố Hồ Chí Minh,https://raw.githubusercontent.com/thanglequoc/vietnamese-provinces-database/master/json/geojson/79_ho_chi_minh/wards/27424_binh_dong.geojson
27427,Phường Phú Định,79,Thành phố Hồ Chí Minh,https://raw.githubusercontent.com/thanglequoc/vietnamese-provinces-database/master/json/geojson/79_ho_chi_minh/wards/27427_phu_dinh.geojson
27439,Phường Bình Hưng Hoà,79,Thành phố Hồ Chí Minh,https://raw.githubusercontent.com/thanglequoc/vietnamese-provinces-database/master/json/geojson/79_ho_chi_minh/wards/27439_binh_hung_hoa.geojson
27442,Phường Bình Tân,79,Thành phố Hồ Chí Minh,https://raw.githubusercontent.com/thanglequoc/vietnamese-provinces-database/master/json/geojson/79_ho_chi_minh/wards/27442_binh_tan.geojson
27448,Phường Bình Trị Đông,79,Thành phố Hồ Chí Minh,https://raw.githubusercontent.com/thanglequoc/vietnamese-provinces-database/master/json/geojson/79_ho_chi_minh/wards/27448_binh_tri_dong.geojson
27457,Phường Tân Tạo,79,Thành phố Hồ Chí Minh,https://raw.githubusercontent.com/thanglequoc/vietnamese-provinces-database/master/json/geojson/79_ho_chi_minh/wards/27457_tan_tao.geojson
27460,Phường An Lạc,79,Thành phố Hồ Chí Minh,https://raw.githubusercontent.com/thanglequoc/vietnamese-provinces-database/master/json/geojson/79_ho_chi_minh/wards/27460_an_lac.geojson
27475,Phường Tân Hưng,79,Thành phố Hồ Chí Minh,https://raw.githubusercontent.com/thanglequoc/vietnamese-provinces-database/master/json/geojson/79_ho_chi_minh/wards/27475_tan_hung.geojson
27478,Phường Tân Thuận,79,Thành phố Hồ Chí Minh,https://raw.githubusercontent.com/thanglequoc/vietnamese-provinces-database/master/json/geojson/79_ho_chi_minh/wards/27478_tan_thuan.geojson
27484,Phường Phú Thuận,79,Thành phố Hồ Chí Minh,https://raw.githubusercontent.com/thanglequoc/vietnamese-provinces-database/master/json/geojson/79_ho_chi_minh/wards/27484_phu_thuan.geojson
27487,Phường Tân Mỹ,79,Thành phố Hồ Chí Minh,https://raw.githubusercontent.com/thanglequoc/vietnamese-provinces-database/master/json/geojson/79_ho_chi_minh/wards/27487_tan_my.geojson
27496,Xã Tân An Hội,79,Thành phố Hồ Chí Minh,https://raw.githubusercontent.com/thanglequoc/vietnamese-provinces-database/master/json/geojson/79_ho_chi_minh/wards/27496_tan_an_hoi.geojson
27508,Xã An Nhơn Tây,79,Thành phố Hồ Chí Minh,https://raw.githubusercontent.com/thanglequoc/vietnamese-provinces-database/master/json/geojson/79_ho_chi_minh/wards/27508_an_nhon_tay.geojson
27511,Xã Nhuận Đức,79,Thành phố Hồ Chí Minh,https://raw.githubusercontent.com/thanglequoc/vietnamese-provinces-database/master/json/geojson/79_ho_chi_minh/wards/27511_nhuan_duc.geojson
27526,Xã Thái Mỹ,79,Thành phố Hồ Chí Minh,https://raw.githubusercontent.com/thanglequoc/vietnamese-provinces-database/master/json/geojson/79_ho_chi_minh/wards/27526_thai_my.geojson
27541,Xã Phú Hoà Đông,79,Thành phố Hồ Chí Minh,https://raw.githubusercontent.com/thanglequoc/vietnamese-provinces-database/master/json/geojson/79_ho_chi_minh/wards/27541_phu_hoa_dong.geojson
27544,Xã Bình Mỹ,79,Thành phố Hồ Chí Minh,https://raw.githubusercontent.com/thanglequoc/vietnamese-provinces-database/master/json/geojson/79_ho_chi_minh/wards/27544_binh_my.geojson
27553,Xã Củ Chi,79,Thành phố Hồ Chí Minh,https://raw.githubusercontent.com/thanglequoc/vietnamese-provinces-database/master/json/geojson/79_ho_chi_minh/wards/27553_cu_chi.geojson
27559,Xã Hóc Môn,79,Thành phố Hồ Chí Minh,https://raw.githubusercontent.com/thanglequoc/vietnamese-provinces-database/master/json/geojson/79_ho_chi_minh/wards/27559_hoc_mon.geojson
27568,Xã Đông Thạnh,79,Thành phố Hồ Chí Minh,https://raw.githubusercontent.com/thanglequoc/vietnamese-provinces-database/master/json/geojson/79_ho_chi_minh/wards/27568_dong_thanh.geojson
27577,Xã Xuân Thới Sơn,79,Thành phố Hồ Chí Minh,https://raw.githubusercontent.com/thanglequoc/vietnamese-provinces-database/master/json/geojson/79_ho_chi_minh/wards/27577_xuan_thoi_son.geojson
27592,Xã Bà Điểm,79,Thành phố Hồ Chí Minh,https://raw.githubusercontent.com/thanglequoc/vietnamese-provinces-database/master/json/geojson/79_ho_chi_minh/wards/27592_ba_diem.geojson
27595,Xã Tân Nhựt,79,Thành phố Hồ Chí Minh,https://raw.githubusercontent.com/thanglequoc/vietnamese-provinces-database/master/json/geojson/79_ho_chi_minh/wards/27595_tan_nhut.geojson
27601,Xã Vĩnh Lộc,79,Thành phố Hồ Chí Minh,https://raw.githubusercontent.com/thanglequoc/vietnamese-provinces-database/master/json/geojson/79_ho_chi_minh/wards/27601_vinh_loc.geojson
27604,Xã Tân Vĩnh Lộc,79,Thành phố Hồ Chí Minh,https://raw.githubusercontent.com/thanglequoc/vietnamese-provinces-database/master/json/geojson/79_ho_chi_minh/wards/27604_tan_vinh_loc.geojson
27610,Xã Bình Lợi,79,Thành phố Hồ Chí Minh,https://raw.githubusercontent.com/thanglequoc/vietnamese-provinces-database/master/json/geojson/79_ho_chi_minh/wards/27610_binh_loi.geojson
27619,Xã Bình Hưng,79,Thành phố Hồ Chí Minh,https://raw.githubusercontent.com/thanglequoc/vietnamese-provinces-database/master/json/geojson/79_ho_chi_minh/wards/27619_binh_hung.geojson
27628,Xã Hưng Long,79,Thành phố Hồ Chí Minh,https://raw.githubusercontent.com/thanglequoc/vietnamese-provinces-database/master/json/geojson/79_ho_chi_minh/wards/27628_hung_long.geojson
27637,Xã Bình Chánh,79,Thành phố Hồ Chí Minh,https://raw.githubusercontent.com/thanglequoc/vietnamese-provinces-database/master/json/geojson/79_ho_chi_minh/wards/27637_binh_chanh.geojson
27655,Xã Nhà Bè,79,Thành phố Hồ Chí Minh,https://raw.githubusercontent.com/thanglequoc/vietnamese-provinces-database/master/json/geojson/79_ho_chi_minh/wards/27655_nha_be.geojson
27658,Xã Hiệp Phước,79,Thành phố Hồ Chí Minh,https://raw.githubusercontent.com/thanglequoc/vietnamese-provinces-database/master/json/geojson/79_ho_chi_minh/wards/27658_hiep_phuoc.geojson
27664,Xã Cần Giờ,79,Thành phố Hồ Chí Minh,https://raw.githubusercontent.com/thanglequoc/vietnamese-provinces-database/master/json/geojson/79_ho_chi_minh/wards/27664_can_gio.geojson
27667,Xã Bình Khánh,79,Thành phố Hồ Chí Minh,https://raw.githubusercontent.com/thanglequoc/vietnamese-provinces-database/master/json/geojson/79_ho_chi_minh/wards/27667_binh_khanh.geojson
27673,Xã An Thới Đông,79,Thành phố Hồ Chí Minh,https://raw.githubusercontent.com/thanglequoc/vietnamese-provinces-database/master/json/geojson/79_ho_chi_minh/wards/27673_an_thoi_dong.geojson
27676,Xã Thạnh An,79,Thành phố Hồ Chí Minh,https://raw.githubusercontent.com/thanglequoc/vietnamese-provinces-database/master/json/geojson/79_ho_chi_minh/wards/27676_thanh_an.geojson
25459,Phường Tân Ninh,80,Tỉnh Tây Ninh,https://raw.githubusercontent.com/thanglequoc/vietnamese-provinces-database/master/json/geojson/80_tay_ninh/wards/25459_tan_ninh.geojson
25480,Phường Bình Minh,80,Tỉnh Tây Ninh,https://raw.githubusercontent.com/thanglequoc/vietnamese-provinces-database/master/json/geojson/80_tay_ninh/wards/25480_binh_minh.geojson
25486,Xã Tân Biên,80,Tỉnh Tây Ninh,https://raw.githubusercontent.com/thanglequoc/vietnamese-provinces-database/master/json/geojson/80_tay_ninh/wards/25486_tan_bien.geojson
25489,Xã Tân Lập,80,Tỉnh Tây Ninh,https://raw.githubusercontent.com/thanglequoc/vietnamese-provinces-database/master/json/geojson/80_tay_ninh/wards/25489_tan_lap.geojson
25498,Xã Thạnh Bình,80,Tỉnh Tây Ninh,https://raw.githubusercontent.com/thanglequoc/vietnamese-provinces-database/master/json/geojson/80_tay_ninh/wards/25498_thanh_binh.geojson
25510,Xã Trà Vong,80,Tỉnh Tây Ninh,https://raw.githubusercontent.com/thanglequoc/vietnamese-provinces-database/master/json/geojson/80_tay_ninh/wards/25510_tra_vong.geojson
25516,Xã Tân Châu,80,Tỉnh Tây Ninh,https://raw.githubusercontent.com/thanglequoc/vietnamese-provinces-database/master/json/geojson/80_tay_ninh/wards/25516_tan_chau.geojson
25522,Xã Tân Đông,80,Tỉnh Tây Ninh,https://raw.githubusercontent.com/thanglequoc/vietnamese-provinces-database/master/json/geojson/80_tay_ninh/wards/25522_tan_dong.geojson
25525,Xã Tân Hội,80,Tỉnh Tây Ninh,https://raw.githubusercontent.com/thanglequoc/vietnamese-provinces-database/master/json/geojson/80_tay_ninh/wards/25525_tan_hoi.geojson
25531,Xã Tân Hoà,80,Tỉnh Tây Ninh,https://raw.githubusercontent.com/thanglequoc/vietnamese-provinces-database/master/json/geojson/80_tay_ninh/wards/25531_tan_hoa.geojson
25534,Xã Tân Thành,80,Tỉnh Tây Ninh,https://raw.githubusercontent.com/thanglequoc/vietnamese-provinces-database/master/json/geojson/80_tay_ninh/wards/25534_tan_thanh.geojson
25549,Xã Tân Phú,80,Tỉnh Tây Ninh,https://raw.githubusercontent.com/thanglequoc/vietnamese-provinces-database/master/json/geojson/80_tay_ninh/wards/25549_tan_phu.geojson
25552,Xã Dương Minh Châu,80,Tỉnh Tây Ninh,https://raw.githubusercontent.com/thanglequoc/vietnamese-provinces-database/master/json/geojson/80_tay_ninh/wards/25552_duong_minh_chau.geojson
25567,Phường Ninh Thạnh,80,Tỉnh Tây Ninh,https://raw.githubusercontent.com/thanglequoc/vietnamese-provinces-database/master/json/geojson/80_tay_ninh/wards/25567_ninh_thanh.geojson
25573,Xã Cầu Khởi,80,Tỉnh Tây Ninh,https://raw.githubusercontent.com/thanglequoc/vietnamese-provinces-database/master/json/geojson/80_tay_ninh/wards/25573_cau_khoi.geojson
25579,Xã Lộc Ninh,80,Tỉnh Tây Ninh,https://raw.githubusercontent.com/thanglequoc/vietnamese-provinces-database/master/json/geojson/80_tay_ninh/wards/25579_loc_ninh.geojson
25585,Xã Châu Thành,80,Tỉnh Tây Ninh,https://raw.githubusercontent.com/thanglequoc/vietnamese-provinces-database/master/json/geojson/80_tay_ninh/wards/25585_chau_thanh.geojson
25588,Xã Hảo Đước,80,Tỉnh Tây Ninh,https://raw.githubusercontent.com/thanglequoc/vietnamese-provinces-database/master/json/geojson/80_tay_ninh/wards/25588_hao_duoc.geojson
25591,Xã Phước Vinh,80,Tỉnh Tây Ninh,https://raw.githubusercontent.com/thanglequoc/vietnamese-provinces-database/master/json/geojson/80_tay_ninh/wards/25591_phuoc_vinh.geojson
25606,Xã Hoà Hội,80,Tỉnh Tây Ninh,https://raw.githubusercontent.com/thanglequoc/vietnamese-provinces-database/master/json/geojson/80_tay_ninh/wards/25606_hoa_hoi.geojson
25621,Xã Ninh Điền,80,Tỉnh Tây Ninh,https://raw.githubusercontent.com/thanglequoc/vietnamese-provinces-database/master/json/geojson/80_tay_ninh/wards/25621_ninh_dien.geojson
25630,Phường Long Hoa,80,Tỉnh Tây Ninh,https://raw.githubusercontent.com/thanglequoc/vietnamese-provinces-database/master/json/geojson/80_tay_ninh/wards/25630_long_hoa.geojson
25633,Phường Thanh Điền,80,Tỉnh Tây Ninh,https://raw.githubusercontent.com/thanglequoc/vietnamese-provinces-database/master/json/geojson/80_tay_ninh/wards/25633_thanh_dien.geojson
25645,Phường Hoà Thành,80,Tỉnh Tây Ninh,https://raw.githubusercontent.com/thanglequoc/vietnamese-provinces-database/master/json/geojson/80_tay_ninh/wards/25645_hoa_thanh.geojson
25654,Phường Gò Dầu,80,Tỉnh Tây Ninh,https://raw.githubusercontent.com/thanglequoc/vietnamese-provinces-database/master/json/geojson/80_tay_ninh/wards/25654_go_dau.geojson
25657,Xã Thạnh Đức,80,Tỉnh Tây Ninh,https://raw.githubusercontent.com/thanglequoc/vietnamese-provinces-database/master/json/geojson/80_tay_ninh/wards/25657_thanh_duc.geojson
25663,Xã Phước Thạnh,80,Tỉnh Tây Ninh,https://raw.githubusercontent.com/thanglequoc/vietnamese-provinces-database/master/json/geojson/80_tay_ninh/wards/25663_phuoc_thanh.geojson
25666,Xã Truông Mít,80,Tỉnh Tây Ninh,https://raw.githubusercontent.com/thanglequoc/vietnamese-provinces-database/master/json/geojson/80_tay_ninh/wards/25666_truong_mit.geojson
25672,Phường Gia Lộc,80,Tỉnh Tây Ninh,https://raw.githubusercontent.com/thanglequoc/vietnamese-provinces-database/master/json/geojson/80_tay_ninh/wards/25672_gia_loc.geojson
25681,Xã Bến Cầu,80,Tỉnh Tây Ninh,https://raw.githubusercontent.com/thanglequoc/vietnamese-provinces-database/master/json/geojson/80_tay_ninh/wards/25681_ben_cau.geojson
25684,Xã Long Chữ,80,Tỉnh Tây Ninh,https://raw.githubusercontent.com/thanglequoc/vietnamese-provinces-database/master/json/geojson/80_tay_ninh/wards/25684_long_chu.geojson
25702,Xã Long Thuận,80,Tỉnh Tây Ninh,https://raw.githubusercontent.com/thanglequoc/vietnamese-provinces-database/master/json/geojson/80_tay_ninh/wards/25702_long_thuan.geojson
25708,Phường Trảng Bàng,80,Tỉnh Tây Ninh,https://raw.githubusercontent.com/thanglequoc/vietnamese-provinces-database/master/json/geojson/80_tay_ninh/wards/25708_trang_bang.geojson
25711,Xã Hưng Thuận,80,Tỉnh Tây Ninh,https://raw.githubusercontent.com/thanglequoc/vietnamese-provinces-database/master/json/geojson/80_tay_ninh/wards/25711_hung_thuan.geojson
25729,Xã Phước Chỉ,80,Tỉnh Tây Ninh,https://raw.githubusercontent.com/thanglequoc/vietnamese-provinces-database/master/json/geojson/80_tay_ninh/wards/25729_phuoc_chi.geojson
25732,Phường An Tịnh,80,Tỉnh Tây Ninh,https://raw.githubusercontent.com/thanglequoc/vietnamese-provinces-database/master/json/geojson/80_tay_ninh/wards/25732_an_tinh.geojson
27694,Phường Long An,80,Tỉnh Tây Ninh,https://raw.githubusercontent.com/thanglequoc/vietnamese-provinces-database/master/json/geojson/80_tay_ninh/wards/27694_long_an.geojson
27712,Phường Tân An,80,Tỉnh Tây Ninh,https://raw.githubusercontent.com/thanglequoc/vietnamese-provinces-database/master/json/geojson/80_tay_ninh/wards/27712_tan_an.geojson
27715,Phường Khánh Hậu,80,Tỉnh Tây Ninh,https://raw.githubusercontent.com/thanglequoc/vietnamese-provinces-database/master/json/geojson/80_tay_ninh/wards/27715_khanh_hau.geojson
27721,Xã Tân Hưng,80,Tỉnh Tây Ninh,https://raw.githubusercontent.com/thanglequoc/vietnamese-provinces-database/master/json/geojson/80_tay_ninh/wards/27721_tan_hung.geojson
27727,Xã Hưng Điền,80,Tỉnh Tây Ninh,https://raw.githubusercontent.com/thanglequoc/vietnamese-provinces-database/master/json/geojson/80_tay_ninh/wards/27727_hung_dien.geojson
27736,Xã Vĩnh Thạnh,80,Tỉnh Tây Ninh,https://raw.githubusercontent.com/thanglequoc/vietnamese-provinces-database/master/json/geojson/80_tay_ninh/wards/27736_vinh_thanh.geojson
27748,Xã Vĩnh Châu,80,Tỉnh Tây Ninh,https://raw.githubusercontent.com/thanglequoc/vietnamese-provinces-database/master/json/geojson/80_tay_ninh/wards/27748_vinh_chau.geojson
27757,Xã Vĩnh Hưng,80,Tỉnh Tây Ninh,https://raw.githubusercontent.com/thanglequoc/vietnamese-provinces-database/master/json/geojson/80_tay_ninh/wards/27757_vinh_hung.geojson
27763,Xã Khánh Hưng,80,Tỉnh Tây Ninh,https://raw.githubusercontent.com/thanglequoc/vietnamese-provinces-database/master/json/geojson/80_tay_ninh/wards/27763_khanh_hung.geojson
27775,Xã Tuyên Bình,80,Tỉnh Tây Ninh,https://raw.githubusercontent.com/thanglequoc/vietnamese-provinces-database/master/json/geojson/80_tay_ninh/wards/27775_tuyen_binh.geojson
27787,Phường Kiến Tường,80,Tỉnh Tây Ninh,https://raw.githubusercontent.com/thanglequoc/vietnamese-provinces-database/master/json/geojson/80_tay_ninh/wards/27787_kien_tuong.geojson
27793,Xã Bình Hiệp,80,Tỉnh Tây Ninh,https://raw.githubusercontent.com/thanglequoc/vietnamese-provinces-database/master/json/geojson/80_tay_ninh/wards/27793_binh_hiep.geojson
27811,Xã Bình Hoà,80,Tỉnh Tây Ninh,https://raw.githubusercontent.com/thanglequoc/vietnamese-provinces-database/master/json/geojson/80_tay_ninh/wards/27811_binh_hoa.geojson
27817,Xã Tuyên Thạnh,80,Tỉnh Tây Ninh,https://raw.githubusercontent.com/thanglequoc/vietnamese-provinces-database/master/json/geojson/80_tay_ninh/wards/27817_tuyen_thanh.geojson
27823,Xã Mộc Hoá,80,Tỉnh Tây Ninh,https://raw.githubusercontent.com/thanglequoc/vietnamese-provinces-database/master/json/geojson/80_tay_ninh/wards/27823_moc_hoa.geojson
27826,Xã Tân Thạnh,80,Tỉnh Tây Ninh,https://raw.githubusercontent.com/thanglequoc/vietnamese-provinces-database/master/json/geojson/80_tay_ninh/wards/27826_tan_thanh.geojson
27838,Xã Nhơn Hoà Lập,80,Tỉnh Tây Ninh,https://raw.githubusercontent.com/thanglequoc/vietnamese-provinces-database/master/json/geojson/80_tay_ninh/wards/27838_nhon_hoa_lap.geojson
27841,Xã Hậu Thạnh,80,Tỉnh Tây Ninh,https://raw.githubusercontent.com/thanglequoc/vietnamese-provinces-database/master/json/geojson/80_tay_ninh/wards/27841_hau_thanh.geojson
27856,Xã Nhơn Ninh,80,Tỉnh Tây Ninh,https://raw.githubusercontent.com/thanglequoc/vietnamese-provinces-database/master/json/geojson/80_tay_ninh/wards/27856_nhon_ninh.geojson
27865,Xã Thạnh Hoá,80,Tỉnh Tây Ninh,https://raw.githubusercontent.com/thanglequoc/vietnamese-provinces-database/master/json/geojson/80_tay_ninh/wards/27865_thanh_hoa.geojson
27868,Xã Bình Thành,80,Tỉnh Tây Ninh,https://raw.githubusercontent.com/thanglequoc/vietnamese-provinces-database/master/json/geojson/80_tay_ninh/wards/27868_binh_thanh.geojson
27877,Xã Thạnh Phước,80,Tỉnh Tây Ninh,https://raw.githubusercontent.com/thanglequoc/vietnamese-provinces-database/master/json/geojson/80_tay_ninh/wards/27877_thanh_phuoc.geojson
27889,Xã Tân Tây,80,Tỉnh Tây Ninh,https://raw.githubusercontent.com/thanglequoc/vietnamese-provinces-database/master/json/geojson/80_tay_ninh/wards/27889_tan_tay.geojson
27898,Xã Đông Thành,80,Tỉnh Tây Ninh,https://raw.githubusercontent.com/thanglequoc/vietnamese-provinces-database/master/json/geojson/80_tay_ninh/wards/27898_dong_thanh.geojson
27907,Xã Mỹ Quý,80,Tỉnh Tây Ninh,https://raw.githubusercontent.com/thanglequoc/vietnamese-provinces-database/master/json/geojson/80_tay_ninh/wards/27907_my_quy.geojson
27925,Xã Đức Huệ,80,Tỉnh Tây Ninh,https://raw.githubusercontent.com/thanglequoc/vietnamese-provinces-database/master/json/geojson/80_tay_ninh/wards/27925_duc_hue.geojson
27931,Xã Hậu Nghĩa,80,Tỉnh Tây Ninh,https://raw.githubusercontent.com/thanglequoc/vietnamese-provinces-database/master/json/geojson/80_tay_ninh/wards/27931_hau_nghia.geojson
27937,Xã Đức Hoà,80,Tỉnh Tây Ninh,https://raw.githubusercontent.com/thanglequoc/vietnamese-provinces-database/master/json/geojson/80_tay_ninh/wards/27937_duc_hoa.geojson
27943,Xã An Ninh,80,Tỉnh Tây Ninh,https://raw.githubusercontent.com/thanglequoc/vietnamese-provinces-database/master/json/geojson/80_tay_ninh/wards/27943_an_ninh.geojson
27952,Xã Hiệp Hoà,80,Tỉnh Tây Ninh,https://raw.githubusercontent.com/thanglequoc/vietnamese-provinces-database/master/json/geojson/80_tay_ninh/wards/27952_hiep_hoa.geojson
27964,Xã Đức Lập,80,Tỉnh Tây Ninh,https://raw.githubusercontent.com/thanglequoc/vietnamese-provinces-database/master/json/geojson/80_tay_ninh/wards/27964_duc_lap.geojson
27976,Xã Mỹ Hạnh,80,Tỉnh Tây Ninh,https://raw.githubusercontent.com/thanglequoc/vietnamese-provinces-database/master/json/geojson/80_tay_ninh/wards/27976_my_hanh.geojson
27979,Xã Hoà Khánh,80,Tỉnh Tây Ninh,https://raw.githubusercontent.com/thanglequoc/vietnamese-provinces-database/master/json/geojson/80_tay_ninh/wards/27979_hoa_khanh.geojson
27991,Xã Bến Lức,80,Tỉnh Tây Ninh,https://raw.githubusercontent.com/thanglequoc/vietnamese-provinces-database/master/json/geojson/80_tay_ninh/wards/27991_ben_luc.geojson
27994,Xã Thạnh Lợi,80,Tỉnh Tây Ninh,https://raw.githubusercontent.com/thanglequoc/vietnamese-provinces-database/master/json/geojson/80_tay_ninh/wards/27994_thanh_loi.geojson
28003,Xã Lương Hoà,80,Tỉnh Tây Ninh,https://raw.githubusercontent.com/thanglequoc/vietnamese-provinces-database/master/json/geojson/80_tay_ninh/wards/28003_luong_hoa.geojson
28015,Xã Bình Đức,80,Tỉnh Tây Ninh,https://raw.githubusercontent.com/thanglequoc/vietnamese-provinces-database/master/json/geojson/80_tay_ninh/wards/28015_binh_duc.geojson
28018,Xã Mỹ Yên,80,Tỉnh Tây Ninh,https://raw.githubusercontent.com/thanglequoc/vietnamese-provinces-database/master/json/geojson/80_tay_ninh/wards/28018_my_yen.geojson
28036,Xã Thủ Thừa,80,Tỉnh Tây Ninh,https://raw.githubusercontent.com/thanglequoc/vietnamese-provinces-database/master/json/geojson/80_tay_ninh/wards/28036_thu_thua.geojson
28051,Xã Mỹ Thạnh,80,Tỉnh Tây Ninh,https://raw.githubusercontent.com/thanglequoc/vietnamese-provinces-database/master/json/geojson/80_tay_ninh/wards/28051_my_thanh.geojson
28066,Xã Mỹ An,80,Tỉnh Tây Ninh,https://raw.githubusercontent.com/thanglequoc/vietnamese-provinces-database/master/json/geojson/80_tay_ninh/wards/28066_my_an.geojson
28072,Xã Tân Long,80,Tỉnh Tây Ninh,https://raw.githubusercontent.com/thanglequoc/vietnamese-provinces-database/master/json/geojson/80_tay_ninh/wards/28072_tan_long.geojson
28075,Xã Tân Trụ,80,Tỉnh Tây Ninh,https://raw.githubusercontent.com/thanglequoc/vietnamese-provinces-database/master/json/geojson/80_tay_ninh/wards/28075_tan_tru.geojson
28087,Xã Nhựt Tảo,80,Tỉnh Tây Ninh,https://raw.githubusercontent.com/thanglequoc/vietnamese-provinces-database/master/json/geojson/80_tay_ninh/wards/28087_nhut_tao.geojson
28093,Xã Vàm Cỏ,80,Tỉnh Tây Ninh,https://raw.githubusercontent.com/thanglequoc/vietnamese-provinces-database/master/json/geojson/80_tay_ninh/wards/28093_vam_co.geojson
28108,Xã Cần Đước,80,Tỉnh Tây Ninh,https://raw.githubusercontent.com/thanglequoc/vietnamese-provinces-database/master/json/geojson/80_tay_ninh/wards/28108_can_duoc.geojson
28114,Xã Rạch Kiến,80,Tỉnh Tây Ninh,https://raw.githubusercontent.com/thanglequoc/vietnamese-provinces-database/master/json/geojson/80_tay_ninh/wards/28114_rach_kien.geojson
28126,Xã Long Cang,80,Tỉnh Tây Ninh,https://raw.githubusercontent.com/thanglequoc/vietnamese-provinces-database/master/json/geojson/80_tay_ninh/wards/28126_long_cang.geojson
28132,Xã Mỹ Lệ,80,Tỉnh Tây Ninh,https://raw.githubusercontent.com/thanglequoc/vietnamese-provinces-database/master/json/geojson/80_tay_ninh/wards/28132_my_le.geojson
28138,Xã Tân Lân,80,Tỉnh Tây Ninh,https://raw.githubusercontent.com/thanglequoc/vietnamese-provinces-database/master/json/geojson/80_tay_ninh/wards/28138_tan_lan.geojson
28144,Xã Long Hựu,80,Tỉnh Tây Ninh,https://raw.githubusercontent.com/thanglequoc/vietnamese-provinces-database/master/json/geojson/80_tay_ninh/wards/28144_long_huu.geojson
28159,Xã Cần Giuộc,80,Tỉnh Tây Ninh,https://raw.githubusercontent.com/thanglequoc/vietnamese-provinces-database/master/json/geojson/80_tay_ninh/wards/28159_can_giuoc.geojson
28165,Xã Phước Lý,80,Tỉnh Tây Ninh,https://raw.githubusercontent.com/thanglequoc/vietnamese-provinces-database/master/json/geojson/80_tay_ninh/wards/28165_phuoc_ly.geojson
28177,Xã Mỹ Lộc,80,Tỉnh Tây Ninh,https://raw.githubusercontent.com/thanglequoc/vietnamese-provinces-database/master/json/geojson/80_tay_ninh/wards/28177_my_loc.geojson
28201,Xã Phước Vĩnh Tây,80,Tỉnh Tây Ninh,https://raw.githubusercontent.com/thanglequoc/vietnamese-provinces-database/master/json/geojson/80_tay_ninh/wards/28201_phuoc_vinh_tay.geojson
28207,Xã Tân Tập,80,Tỉnh Tây Ninh,https://raw.githubusercontent.com/thanglequoc/vietnamese-provinces-database/master/json/geojson/80_tay_ninh/wards/28207_tan_tap.geojson
28210,Xã Tầm Vu,80,Tỉnh Tây Ninh,https://raw.githubusercontent.com/thanglequoc/vietnamese-provinces-database/master/json/geojson/80_tay_ninh/wards/28210_tam_vu.geojson
28222,Xã Vĩnh Công,80,Tỉnh Tây Ninh,https://raw.githubusercontent.com/thanglequoc/vietnamese-provinces-database/master/json/geojson/80_tay_ninh/wards/28222_vinh_cong.geojson
28225,Xã Thuận Mỹ,80,Tỉnh Tây Ninh,https://raw.githubusercontent.com/thanglequoc/vietnamese-provinces-database/master/json/geojson/80_tay_ninh/wards/28225_thuan_my.geojson
28243,Xã An Lục Long,80,Tỉnh Tây Ninh,https://raw.githubusercontent.com/thanglequoc/vietnamese-provinces-database/master/json/geojson/80_tay_ninh/wards/28243_an_luc_long.geojson
28249,Phường Đạo Thạnh,82,Tỉnh Đồng Tháp,https://raw.githubusercontent.com/thanglequoc/vietnamese-provinces-database/master/json/geojson/82_dong_thap/wards/28249_dao_thanh.geojson
28261,Phường Mỹ Tho,82,Tỉnh Đồng Tháp,https://raw.githubusercontent.com/thanglequoc/vietnamese-provinces-database/master/json/geojson/82_dong_thap/wards/28261_my_tho.geojson
28270,Phường Thới Sơn,82,Tỉnh Đồng Tháp,https://raw.githubusercontent.com/thanglequoc/vietnamese-provinces-database/master/json/geojson/82_dong_thap/wards/28270_thoi_son.geojson
28273,Phường Mỹ Phong,82,Tỉnh Đồng Tháp,https://raw.githubusercontent.com/thanglequoc/vietnamese-provinces-database/master/json/geojson/82_dong_thap/wards/28273_my_phong.geojson
28285,Phường Trung An,82,Tỉnh Đồng Tháp,https://raw.githubusercontent.com/thanglequoc/vietnamese-provinces-database/master/json/geojson/82_dong_thap/wards/28285_trung_an.geojson
28297,Phường Long Thuận,82,Tỉnh Đồng Tháp,https://raw.githubusercontent.com/thanglequoc/vietnamese-provinces-database/master/json/geojson/82_dong_thap/wards/28297_long_thuan.geojson
28306,Phường Gò Công,82,Tỉnh Đồng Tháp,https://raw.githubusercontent.com/thanglequoc/vietnamese-provinces-database/master/json/geojson/82_dong_thap/wards/28306_go_cong.geojson
28315,Phường Bình Xuân,82,Tỉnh Đồng Tháp,https://raw.githubusercontent.com/thanglequoc/vietnamese-provinces-database/master/json/geojson/82_dong_thap/wards/28315_binh_xuan.geojson
28321,Xã Tân Phước 1,82,Tỉnh Đồng Tháp,https://raw.githubusercontent.com/thanglequoc/vietnamese-provinces-database/master/json/geojson/82_dong_thap/wards/28321_tan_phuoc_1.geojson
28327,Xã Tân Phước 2,82,Tỉnh Đồng Tháp,https://raw.githubusercontent.com/thanglequoc/vietnamese-provinces-database/master/json/geojson/82_dong_thap/wards/28327_tan_phuoc_2.geojson
28336,Xã Hưng Thạnh,82,Tỉnh Đồng Tháp,https://raw.githubusercontent.com/thanglequoc/vietnamese-provinces-database/master/json/geojson/82_dong_thap/wards/28336_hung_thanh.geojson
28345,Xã Tân Phước 3,82,Tỉnh Đồng Tháp,https://raw.githubusercontent.com/thanglequoc/vietnamese-provinces-database/master/json/geojson/82_dong_thap/wards/28345_tan_phuoc_3.geojson
28360,Xã Cái Bè,82,Tỉnh Đồng Tháp,https://raw.githubusercontent.com/thanglequoc/vietnamese-provinces-database/master/json/geojson/82_dong_thap/wards/28360_cai_be.geojson
28366,Xã Hậu Mỹ,82,Tỉnh Đồng Tháp,https://raw.githubusercontent.com/thanglequoc/vietnamese-provinces-database/master/json/geojson/82_dong_thap/wards/28366_hau_my.geojson
28378,Xã Mỹ Thiện,82,Tỉnh Đồng Tháp,https://raw.githubusercontent.com/thanglequoc/vietnamese-provinces-database/master/json/geojson/82_dong_thap/wards/28378_my_thien.geojson
28393,Xã Hội Cư,82,Tỉnh Đồng Tháp,https://raw.githubusercontent.com/thanglequoc/vietnamese-provinces-database/master/json/geojson/82_dong_thap/wards/28393_hoi_cu.geojson
28405,Xã Mỹ Đức Tây,82,Tỉnh Đồng Tháp,https://raw.githubusercontent.com/thanglequoc/vietnamese-provinces-database/master/json/geojson/82_dong_thap/wards/28405_my_duc_tay.geojson
28414,Xã Mỹ Lợi,82,Tỉnh Đồng Tháp,https://raw.githubusercontent.com/thanglequoc/vietnamese-provinces-database/master/json/geojson/82_dong_thap/wards/28414_my_loi.geojson
28426,Xã Thanh Hưng,82,Tỉnh Đồng Tháp,https://raw.githubusercontent.com/thanglequoc/vietnamese-provinces-database/master/json/geojson/82_dong_thap/wards/28426_thanh_hung.geojson
28429,Xã An Hữu,82,Tỉnh Đồng Tháp,https://raw.githubusercontent.com/thanglequoc/vietnamese-provinces-database/master/json/geojson/82_dong_thap/wards/28429_an_huu.geojson
28435,Phường Mỹ Phước Tây,82,Tỉnh Đồng Tháp,https://raw.githubusercontent.com/thanglequoc/vietnamese-provinces-database/master/json/geojson/82_dong_thap/wards/28435_my_phuoc_tay.geojson
28436,Phường Thanh Hoà,82,Tỉnh Đồng Tháp,https://raw.githubusercontent.com/thanglequoc/vietnamese-provinces-database/master/json/geojson/82_dong_thap/wards/28436_thanh_hoa.geojson
28439,Phường Cai Lậy,82,Tỉnh Đồng Tháp,https://raw.githubusercontent.com/thanglequoc/vietnamese-provinces-database/master/json/geojson/82_dong_thap/wards/28439_cai_lay.geojson
28444,Xã Thạnh Phú,82,Tỉnh Đồng Tháp,https://raw.githubusercontent.com/thanglequoc/vietnamese-provinces-database/master/json/geojson/82_dong_thap/wards/28444_thanh_phu.geojson
28456,Xã Mỹ Thành,82,Tỉnh Đồng Tháp,https://raw.githubusercontent.com/thanglequoc/vietnamese-provinces-database/master/json/geojson/82_dong_thap/wards/28456_my_thanh.geojson
28468,Xã Tân Phú,82,Tỉnh Đồng Tháp,https://raw.githubusercontent.com/thanglequoc/vietnamese-provinces-database/master/json/geojson/82_dong_thap/wards/28468_tan_phu.geojson
28471,Xã Bình Phú,82,Tỉnh Đồng Tháp,https://raw.githubusercontent.com/thanglequoc/vietnamese-provinces-database/master/json/geojson/82_dong_thap/wards/28471_binh_phu.geojson
28477,Phường Nhị Quý,82,Tỉnh Đồng Tháp,https://raw.githubusercontent.com/thanglequoc/vietnamese-provinces-database/master/json/geojson/82_dong_thap/wards/28477_nhi_quy.geojson
28501,Xã Hiệp Đức,82,Tỉnh Đồng Tháp,https://raw.githubusercontent.com/thanglequoc/vietnamese-provinces-database/master/json/geojson/82_dong_thap/wards/28501_hiep_duc.geojson
28504,Xã Long Tiên,82,Tỉnh Đồng Tháp,https://raw.githubusercontent.com/thanglequoc/vietnamese-provinces-database/master/json/geojson/82_dong_thap/wards/28504_long_tien.geojson
28516,Xã Ngũ Hiệp,82,Tỉnh Đồng Tháp,https://raw.githubusercontent.com/thanglequoc/vietnamese-provinces-database/master/json/geojson/82_dong_thap/wards/28516_ngu_hiep.geojson
28519,Xã Châu Thành,82,Tỉnh Đồng Tháp,https://raw.githubusercontent.com/thanglequoc/vietnamese-provinces-database/master/json/geojson/82_dong_thap/wards/28519_chau_thanh.geojson
28525,Xã Tân Hương,82,Tỉnh Đồng Tháp,https://raw.githubusercontent.com/thanglequoc/vietnamese-provinces-database/master/json/geojson/82_dong_thap/wards/28525_tan_huong.geojson
28537,Xã Long Hưng,82,Tỉnh Đồng Tháp,https://raw.githubusercontent.com/thanglequoc/vietnamese-provinces-database/master/json/geojson/82_dong_thap/wards/28537_long_hung.geojson
28543,Xã Long Định,82,Tỉnh Đồng Tháp,https://raw.githubusercontent.com/thanglequoc/vietnamese-provinces-database/master/json/geojson/82_dong_thap/wards/28543_long_dinh.geojson
28564,Xã Bình Trưng,82,Tỉnh Đồng Tháp,https://raw.githubusercontent.com/thanglequoc/vietnamese-provinces-database/master/json/geojson/82_dong_thap/wards/28564_binh_trung.geojson
28576,Xã Vĩnh Kim,82,Tỉnh Đồng Tháp,https://raw.githubusercontent.com/thanglequoc/vietnamese-provinces-database/master/json/geojson/82_dong_thap/wards/28576_vinh_kim.geojson
28582,Xã Kim Sơn,82,Tỉnh Đồng Tháp,https://raw.githubusercontent.com/thanglequoc/vietnamese-provinces-database/master/json/geojson/82_dong_thap/wards/28582_kim_son.geojson
28594,Xã Chợ Gạo,82,Tỉnh Đồng Tháp,https://raw.githubusercontent.com/thanglequoc/vietnamese-provinces-database/master/json/geojson/82_dong_thap/wards/28594_cho_gao.geojson
28603,Xã Mỹ Tịnh An,82,Tỉnh Đồng Tháp,https://raw.githubusercontent.com/thanglequoc/vietnamese-provinces-database/master/json/geojson/82_dong_thap/wards/28603_my_tinh_an.geojson
28615,Xã Lương Hoà Lạc,82,Tỉnh Đồng Tháp,https://raw.githubusercontent.com/thanglequoc/vietnamese-provinces-database/master/json/geojson/82_dong_thap/wards/28615_luong_hoa_lac.geojson
28627,Xã Tân Thuận Bình,82,Tỉnh Đồng Tháp,https://raw.githubusercontent.com/thanglequoc/vietnamese-provinces-database/master/json/geojson/82_dong_thap/wards/28627_tan_thuan_binh.geojson
28633,Xã An Thạnh Thuỷ,82,Tỉnh Đồng Tháp,https://raw.githubusercontent.com/thanglequoc/vietnamese-provinces-database/master/json/geojson/82_dong_thap/wards/28633_an_thanh_thuy.geojson
28648,Xã Bình Ninh,82,Tỉnh Đồng Tháp,https://raw.githubusercontent.com/thanglequoc/vietnamese-provinces-database/master/json/geojson/82_dong_thap/wards/28648_binh_ninh.geojson
28651,Xã Vĩnh Bình,82,Tỉnh Đồng Tháp,https://raw.githubusercontent.com/thanglequoc/vietnamese-provinces-database/master/json/geojson/82_dong_thap/wards/28651_vinh_binh.geojson
28660,Xã Đồng Sơn,82,Tỉnh Đồng Tháp,https://raw.githubusercontent.com/thanglequoc/vietnamese-provinces-database/master/json/geojson/82_dong_thap/wards/28660_dong_son.geojson
28663,Xã Phú Thành,82,Tỉnh Đồng Tháp,https://raw.githubusercontent.com/thanglequoc/vietnamese-provinces-database/master/json/geojson/82_dong_thap/wards/28663_phu_thanh.geojson
28678,Xã Vĩnh Hựu,82,Tỉnh Đồng Tháp,https://raw.githubusercontent.com/thanglequoc/vietnamese-provinces-database/master/json/geojson/82_dong_thap/wards/28678_vinh_huu.geojson
28687,Xã Long Bình,82,Tỉnh Đồng Tháp,https://raw.githubusercontent.com/thanglequoc/vietnamese-provinces-database/master/json/geojson/82_dong_thap/wards/28687_long_binh.geojson
28693,Xã Tân Thới,82,Tỉnh Đồng Tháp,https://raw.githubusercontent.com/thanglequoc/vietnamese-provinces-database/master/json/geojson/82_dong_thap/wards/28693_tan_thoi.geojson
28696,Xã Tân Phú Đông,82,Tỉnh Đồng Tháp,https://raw.githubusercontent.com/thanglequoc/vietnamese-provinces-database/master/json/geojson/82_dong_thap/wards/28696_tan_phu_dong.geojson
28702,Xã Tân Hoà,82,Tỉnh Đồng Tháp,https://raw.githubusercontent.com/thanglequoc/vietnamese-provinces-database/master/json/geojson/82_dong_thap/wards/28702_tan_hoa.geojson
28720,Xã Gia Thuận,82,Tỉnh Đồng Tháp,https://raw.githubusercontent.com/thanglequoc/vietnamese-provinces-database/master/json/geojson/82_dong_thap/wards/28720_gia_thuan.geojson
28723,Xã Tân Đông,82,Tỉnh Đồng Tháp,https://raw.githubusercontent.com/thanglequoc/vietnamese-provinces-database/master/json/geojson/82_dong_thap/wards/28723_tan_dong.geojson
28729,Phường Sơn Qui,82,Tỉnh Đồng Tháp,https://raw.githubusercontent.com/thanglequoc/vietnamese-provinces-database/master/json/geojson/82_dong_thap/wards/28729_son_qui.geojson
28738,Xã Tân Điền,82,Tỉnh Đồng Tháp,https://raw.githubusercontent.com/thanglequoc/vietnamese-provinces-database/master/json/geojson/82_dong_thap/wards/28738_tan_dien.geojson
28747,Xã Gò Công Đông,82,Tỉnh Đồng Tháp,https://raw.githubusercontent.com/thanglequoc/vietnamese-provinces-database/master/json/geojson/82_dong_thap/wards/28747_go_cong_dong.geojson
29869,Phường Cao Lãnh,82,Tỉnh Đồng Tháp,https://raw.githubusercontent.com/thanglequoc/vietnamese-provinces-database/master/json/geojson/82_dong_thap/wards/29869_cao_lanh.geojson
29884,Phường Mỹ Ngãi,82,Tỉnh Đồng Tháp,https://raw.githubusercontent.com/thanglequoc/vietnamese-provinces-database/master/json/geojson/82_dong_thap/wards/29884_my_ngai.geojson
29888,Phường Mỹ Trà,82,Tỉnh Đồng Tháp,https://raw.githubusercontent.com/thanglequoc/vietnamese-provinces-database/master/json/geojson/82_dong_thap/wards/29888_my_tra.geojson
29905,Phường Sa Đéc,82,Tỉnh Đồng Tháp,https://raw.githubusercontent.com/thanglequoc/vietnamese-provinces-database/master/json/geojson/82_dong_thap/wards/29905_sa_dec.geojson
29926,Xã Tân Hồng,82,Tỉnh Đồng Tháp,https://raw.githubusercontent.com/thanglequoc/vietnamese-provinces-database/master/json/geojson/82_dong_thap/wards/29926_tan_hong.geojson
29929,Xã Tân Hộ Cơ,82,Tỉnh Đồng Tháp,https://raw.githubusercontent.com/thanglequoc/vietnamese-provinces-database/master/json/geojson/82_dong_thap/wards/29929_tan_ho_co.geojson
29938,Xã Tân Thành,82,Tỉnh Đồng Tháp,https://raw.githubusercontent.com/thanglequoc/vietnamese-provinces-database/master/json/geojson/82_dong_thap/wards/29938_tan_thanh.geojson
29944,Xã An Phước,82,Tỉnh Đồng Tháp,https://raw.githubusercontent.com/thanglequoc/vietnamese-provinces-database/master/json/geojson/82_dong_thap/wards/29944_an_phuoc.geojson
29954,Phường An Bình,82,Tỉnh Đồng Tháp,https://raw.githubusercontent.com/thanglequoc/vietnamese-provinces-database/master/json/geojson/82_dong_thap/wards/29954_an_binh.geojson
29955,Phường Hồng Ngự,82,Tỉnh Đồng Tháp,https://raw.githubusercontent.com/thanglequoc/vietnamese-provinces-database/master/json/geojson/82_dong_thap/wards/29955_hong_ngu.geojson
29971,Xã Thường Phước,82,Tỉnh Đồng Tháp,https://raw.githubusercontent.com/thanglequoc/vietnamese-provinces-database/master/json/geojson/82_dong_thap/wards/29971_thuong_phuoc.geojson
29978,Phường Thường Lạc,82,Tỉnh Đồng Tháp,https://raw.githubusercontent.com/thanglequoc/vietnamese-provinces-database/master/json/geojson/82_dong_thap/wards/29978_thuong_lac.geojson
29983,Xã Long Khánh,82,Tỉnh Đồng Tháp,https://raw.githubusercontent.com/thanglequoc/vietnamese-provinces-database/master/json/geojson/82_dong_thap/wards/29983_long_khanh.geojson
29992,Xã Long Phú Thuận,82,Tỉnh Đồng Tháp,https://raw.githubusercontent.com/thanglequoc/vietnamese-provinces-database/master/json/geojson/82_dong_thap/wards/29992_long_phu_thuan.geojson
30001,Xã Tràm Chim,82,Tỉnh Đồng Tháp,https://raw.githubusercontent.com/thanglequoc/vietnamese-provinces-database/master/json/geojson/82_dong_thap/wards/30001_tram_chim.geojson
30010,Xã Tam Nông,82,Tỉnh Đồng Tháp,https://raw.githubusercontent.com/thanglequoc/vietnamese-provinces-database/master/json/geojson/82_dong_thap/wards/30010_tam_nong.geojson
30019,Xã An Hoà,82,Tỉnh Đồng Tháp,https://raw.githubusercontent.com/thanglequoc/vietnamese-provinces-database/master/json/geojson/82_dong_thap/wards/30019_an_hoa.geojson
30025,Xã Phú Cường,82,Tỉnh Đồng Tháp,https://raw.githubusercontent.com/thanglequoc/vietnamese-provinces-database/master/json/geojson/82_dong_thap/wards/30025_phu_cuong.geojson
30028,Xã An Long,82,Tỉnh Đồng Tháp,https://raw.githubusercontent.com/thanglequoc/vietnamese-provinces-database/master/json/geojson/82_dong_thap/wards/30028_an_long.geojson
30034,Xã Phú Thọ,82,Tỉnh Đồng Tháp,https://raw.githubusercontent.com/thanglequoc/vietnamese-provinces-database/master/json/geojson/82_dong_thap/wards/30034_phu_tho.geojson
30037,Xã Tháp Mười,82,Tỉnh Đồng Tháp,https://raw.githubusercontent.com/thanglequoc/vietnamese-provinces-database/master/json/geojson/82_dong_thap/wards/30037_thap_muoi.geojson
30043,Xã Phương Thịnh,82,Tỉnh Đồng Tháp,https://raw.githubusercontent.com/thanglequoc/vietnamese-provinces-database/master/json/geojson/82_dong_thap/wards/30043_phuong_thinh.geojson
30046,Xã Trường Xuân,82,Tỉnh Đồng Tháp,https://raw.githubusercontent.com/thanglequoc/vietnamese-provinces-database/master/json/geojson/82_dong_thap/wards/30046_truong_xuan.geojson
30055,Xã Mỹ Quí,82,Tỉnh Đồng Tháp,https://raw.githubusercontent.com/thanglequoc/vietnamese-provinces-database/master/json/geojson/82_dong_thap/wards/30055_my_qui.geojson
30061,Xã Đốc Binh Kiều,82,Tỉnh Đồng Tháp,https://raw.githubusercontent.com/thanglequoc/vietnamese-provinces-database/master/json/geojson/82_dong_thap/wards/30061_doc_binh_kieu.geojson
30073,Xã Thanh Mỹ,82,Tỉnh Đồng Tháp,https://raw.githubusercontent.com/thanglequoc/vietnamese-provinces-database/master/json/geojson/82_dong_thap/wards/30073_thanh_my.geojson
30076,Xã Mỹ Thọ,82,Tỉnh Đồng Tháp,https://raw.githubusercontent.com/thanglequoc/vietnamese-provinces-database/master/json/geojson/82_dong_thap/wards/30076_my_tho.geojson
30085,Xã Ba Sao,82,Tỉnh Đồng Tháp,https://raw.githubusercontent.com/thanglequoc/vietnamese-provinces-database/master/json/geojson/82_dong_thap/wards/30085_ba_sao.geojson
30088,Xã Phong Mỹ,82,Tỉnh Đồng Tháp,https://raw.githubusercontent.com/thanglequoc/vietnamese-provinces-database/master/json/geojson/82_dong_thap/wards/30088_phong_my.geojson
30112,Xã Mỹ Hiệp,82,Tỉnh Đồng Tháp,https://raw.githubusercontent.com/thanglequoc/vietnamese-provinces-database/master/json/geojson/82_dong_thap/wards/30112_my_hiep.geojson
30118,Xã Bình Hàng Trung,82,Tỉnh Đồng Tháp,https://raw.githubusercontent.com/thanglequoc/vietnamese-provinces-database/master/json/geojson/82_dong_thap/wards/30118_binh_hang_trung.geojson
30130,Xã Thanh Bình,82,Tỉnh Đồng Tháp,https://raw.githubusercontent.com/thanglequoc/vietnamese-provinces-database/master/json/geojson/82_dong_thap/wards/30130_thanh_binh.geojson
30154,Xã Tân Long,82,Tỉnh Đồng Tháp,https://raw.githubusercontent.com/thanglequoc/vietnamese-provinces-database/master/json/geojson/82_dong_thap/wards/30154_tan_long.geojson
30157,Xã Tân Thạnh,82,Tỉnh Đồng Tháp,https://raw.githubusercontent.com/thanglequoc/vietnamese-provinces-database/master/json/geojson/82_dong_thap/wards/30157_tan_thanh.geojson
30163,Xã Bình Thành,82,Tỉnh Đồng Tháp,https://raw.githubusercontent.com/thanglequoc/vietnamese-provinces-database/master/json/geojson/82_dong_thap/wards/30163_binh_thanh.geojson
30169,Xã Lấp Vò,82,Tỉnh Đồng Tháp,https://raw.githubusercontent.com/thanglequoc/vietnamese-provinces-database/master/json/geojson/82_dong_thap/wards/30169_lap_vo.geojson
30178,Xã Mỹ An Hưng,82,Tỉnh Đồng Tháp,https://raw.githubusercontent.com/thanglequoc/vietnamese-provinces-database/master/json/geojson/82_dong_thap/wards/30178_my_an_hung.geojson
30184,Xã Tân Khánh Trung,82,Tỉnh Đồng Tháp,https://raw.githubusercontent.com/thanglequoc/vietnamese-provinces-database/master/json/geojson/82_dong_thap/wards/30184_tan_khanh_trung.geojson
30208,Xã Hoà Long,82,Tỉnh Đồng Tháp,https://raw.githubusercontent.com/thanglequoc/vietnamese-provinces-database/master/json/geojson/82_dong_thap/wards/30208_hoa_long.geojson
30214,Xã Tân Dương,82,Tỉnh Đồng Tháp,https://raw.githubusercontent.com/thanglequoc/vietnamese-provinces-database/master/json/geojson/82_dong_thap/wards/30214_tan_duong.geojson
30226,Xã Lai Vung,82,Tỉnh Đồng Tháp,https://raw.githubusercontent.com/thanglequoc/vietnamese-provinces-database/master/json/geojson/82_dong_thap/wards/30226_lai_vung.geojson
30235,Xã Phong Hoà,82,Tỉnh Đồng Tháp,https://raw.githubusercontent.com/thanglequoc/vietnamese-provinces-database/master/json/geojson/82_dong_thap/wards/30235_phong_hoa.geojson
30244,Xã Phú Hựu,82,Tỉnh Đồng Tháp,https://raw.githubusercontent.com/thanglequoc/vietnamese-provinces-database/master/json/geojson/82_dong_thap/wards/30244_phu_huu.geojson
30253,Xã Tân Nhuận Đông,82,Tỉnh Đồng Tháp,https://raw.githubusercontent.com/thanglequoc/vietnamese-provinces-database/master/json/geojson/82_dong_thap/wards/30253_tan_nhuan_dong.geojson
30259,Xã Tân Phú Trung,82,Tỉnh Đồng Tháp,https://raw.githubusercontent.com/thanglequoc/vietnamese-provinces-database/master/json/geojson/82_dong_thap/wards/30259_tan_phu_trung.geojson
28756,Phường Phú Khương,86,Tỉnh Vĩnh Long,https://raw.githubusercontent.com/thanglequoc/vietnamese-provinces-database/master/json/geojson/86_vinh_long/wards/28756_phu_khuong.geojson
28777,Phường An Hội,86,Tỉnh Vĩnh Long,https://raw.githubusercontent.com/thanglequoc/vietnamese-provinces-database/master/json/geojson/86_vinh_long/wards/28777_an_hoi.geojson
28783,Phường Sơn Đông,86,Tỉnh Vĩnh Long,https://raw.githubusercontent.com/thanglequoc/vietnamese-provinces-database/master/json/geojson/86_vinh_long/wards/28783_son_dong.geojson
28789,Phường Bến Tre,86,Tỉnh Vĩnh Long,https://raw.githubusercontent.com/thanglequoc/vietnamese-provinces-database/master/json/geojson/86_vinh_long/wards/28789_ben_tre.geojson
28807,Xã Giao Long,86,Tỉnh Vĩnh Long,https://raw.githubusercontent.com/thanglequoc/vietnamese-provinces-database/master/json/geojson/86_vinh_long/wards/28807_giao_long.geojson
28810,Xã Phú Túc,86,Tỉnh Vĩnh Long,https://raw.githubusercontent.com/thanglequoc/vietnamese-provinces-database/master/json/geojson/86_vinh_long/wards/28810_phu_tuc.geojson
28840,Xã Tân Phú,86,Tỉnh Vĩnh Long,https://raw.githubusercontent.com/thanglequoc/vietnamese-provinces-database/master/json/geojson/86_vinh_long/wards/28840_tan_phu.geojson
28858,Phường Phú Tân,86,Tỉnh Vĩnh Long,https://raw.githubusercontent.com/thanglequoc/vietnamese-provinces-database/master/json/geojson/86_vinh_long/wards/28858_phu_tan.geojson
28861,Xã Tiên Thuỷ,86,Tỉnh Vĩnh Long,https://raw.githubusercontent.com/thanglequoc/vietnamese-provinces-database/master/json/geojson/86_vinh_long/wards/28861_tien_thuy.geojson
28870,Xã Chợ Lách,86,Tỉnh Vĩnh Long,https://raw.githubusercontent.com/thanglequoc/vietnamese-provinces-database/master/json/geojson/86_vinh_long/wards/28870_cho_lach.geojson
28879,Xã Phú Phụng,86,Tỉnh Vĩnh Long,https://raw.githubusercontent.com/thanglequoc/vietnamese-provinces-database/master/json/geojson/86_vinh_long/wards/28879_phu_phung.geojson
28894,Xã Vĩnh Thành,86,Tỉnh Vĩnh Long,https://raw.githubusercontent.com/thanglequoc/vietnamese-provinces-database/master/json/geojson/86_vinh_long/wards/28894_vinh_thanh.geojson
28901,Xã Hưng Khánh Trung,86,Tỉnh Vĩnh Long,https://raw.githubusercontent.com/thanglequoc/vietnamese-provinces-database/master/json/geojson/86_vinh_long/wards/28901_hung_khanh_trung.geojson
28903,Xã Mỏ Cày,86,Tỉnh Vĩnh Long,https://raw.githubusercontent.com/thanglequoc/vietnamese-provinces-database/master/json/geojson/86_vinh_long/wards/28903_mo_cay.geojson
28915,Xã Phước Mỹ Trung,86,Tỉnh Vĩnh Long,https://raw.githubusercontent.com/thanglequoc/vietnamese-provinces-database/master/json/geojson/86_vinh_long/wards/28915_phuoc_my_trung.geojson
28921,Xã Tân Thành Bình,86,Tỉnh Vĩnh Long,https://raw.githubusercontent.com/thanglequoc/vietnamese-provinces-database/master/json/geojson/86_vinh_long/wards/28921_tan_thanh_binh.geojson
28945,Xã Đồng Khởi,86,Tỉnh Vĩnh Long,https://raw.githubusercontent.com/thanglequoc/vietnamese-provinces-database/master/json/geojson/86_vinh_long/wards/28945_dong_khoi.geojson
28948,Xã Nhuận Phú Tân,86,Tỉnh Vĩnh Long,https://raw.githubusercontent.com/thanglequoc/vietnamese-provinces-database/master/json/geojson/86_vinh_long/wards/28948_nhuan_phu_tan.geojson
28957,Xã An Định,86,Tỉnh Vĩnh Long,https://raw.githubusercontent.com/thanglequoc/vietnamese-provinces-database/master/json/geojson/86_vinh_long/wards/28957_an_dinh.geojson
28969,Xã Thành Thới,86,Tỉnh Vĩnh Long,https://raw.githubusercontent.com/thanglequoc/vietnamese-provinces-database/master/json/geojson/86_vinh_long/wards/28969_thanh_thoi.geojson
28981,Xã Hương Mỹ,86,Tỉnh Vĩnh Long,https://raw.githubusercontent.com/thanglequoc/vietnamese-provinces-database/master/json/geojson/86_vinh_long/wards/28981_huong_my.geojson
28984,Xã Giồng Trôm,86,Tỉnh Vĩnh Long,https://raw.githubusercontent.com/thanglequoc/vietnamese-provinces-database/master/json/geojson/86_vinh_long/wards/28984_giong_trom.geojson
28987,Xã Lương Hoà,86,Tỉnh Vĩnh Long,https://raw.githubusercontent.com/thanglequoc/vietnamese-provinces-database/master/json/geojson/86_vinh_long/wards/28987_luong_hoa.geojson
28993,Xã Lương Phú,86,Tỉnh Vĩnh Long,https://raw.githubusercontent.com/thanglequoc/vietnamese-provinces-database/master/json/geojson/86_vinh_long/wards/28993_luong_phu.geojson
28996,Xã Châu Hoà,86,Tỉnh Vĩnh Long,https://raw.githubusercontent.com/thanglequoc/vietnamese-provinces-database/master/json/geojson/86_vinh_long/wards/28996_chau_hoa.geojson
29020,Xã Phước Long,86,Tỉnh Vĩnh Long,https://raw.githubusercontent.com/thanglequoc/vietnamese-provinces-database/master/json/geojson/86_vinh_long/wards/29020_phuoc_long.geojson
29029,Xã Tân Hào,86,Tỉnh Vĩnh Long,https://raw.githubusercontent.com/thanglequoc/vietnamese-provinces-database/master/json/geojson/86_vinh_long/wards/29029_tan_hao.geojson
29044,Xã Hưng Nhượng,86,Tỉnh Vĩnh Long,https://raw.githubusercontent.com/thanglequoc/vietnamese-provinces-database/master/json/geojson/86_vinh_long/wards/29044_hung_nhuong.geojson
29050,Xã Bình Đại,86,Tỉnh Vĩnh Long,https://raw.githubusercontent.com/thanglequoc/vietnamese-provinces-database/master/json/geojson/86_vinh_long/wards/29050_binh_dai.geojson
29062,Xã Phú Thuận,86,Tỉnh Vĩnh Long,https://raw.githubusercontent.com/thanglequoc/vietnamese-provinces-database/master/json/geojson/86_vinh_long/wards/29062_phu_thuan.geojson
29077,Xã Lộc Thuận,86,Tỉnh Vĩnh Long,https://raw.githubusercontent.com/thanglequoc/vietnamese-provinces-database/master/json/geojson/86_vinh_long/wards/29077_loc_thuan.geojson
29083,Xã Châu Hưng,86,Tỉnh Vĩnh Long,https://raw.githubusercontent.com/thanglequoc/vietnamese-provinces-database/master/json/geojson/86_vinh_long/wards/29083_chau_hung.geojson
29089,Xã Thạnh Trị,86,Tỉnh Vĩnh Long,https://raw.githubusercontent.com/thanglequoc/vietnamese-provinces-database/master/json/geojson/86_vinh_long/wards/29089_thanh_tri.geojson
29104,Xã Thạnh Phước,86,Tỉnh Vĩnh Long,https://raw.githubusercontent.com/thanglequoc/vietnamese-provinces-database/master/json/geojson/86_vinh_long/wards/29104_thanh_phuoc.geojson
29107,Xã Thới Thuận,86,Tỉnh Vĩnh Long,https://raw.githubusercontent.com/thanglequoc/vietnamese-provinces-database/master/json/geojson/86_vinh_long/wards/29107_thoi_thuan.geojson
29110,Xã Ba Tri,86,Tỉnh Vĩnh Long,https://raw.githubusercontent.com/thanglequoc/vietnamese-provinces-database/master/json/geojson/86_vinh_long/wards/29110_ba_tri.geojson
29122,Xã Mỹ Chánh Hoà,86,Tỉnh Vĩnh Long,https://raw.githubusercontent.com/thanglequoc/vietnamese-provinces-database/master/json/geojson/86_vinh_long/wards/29122_my_chanh_hoa.geojson
29125,Xã Bảo Thạnh,86,Tỉnh Vĩnh Long,https://raw.githubusercontent.com/thanglequoc/vietnamese-provinces-database/master/json/geojson/86_vinh_long/wards/29125_bao_thanh.geojson
29137,Xã Tân Xuân,86,Tỉnh Vĩnh Long,https://raw.githubusercontent.com/thanglequoc/vietnamese-provinces-database/master/json/geojson/86_vinh_long/wards/29137_tan_xuan.geojson
29143,Xã An Ngãi Trung,86,Tỉnh Vĩnh Long,https://raw.githubusercontent.com/thanglequoc/vietnamese-provinces-database/master/json/geojson/86_vinh_long/wards/29143_an_ngai_trung.geojson
29158,Xã An Hiệp,86,Tỉnh Vĩnh Long,https://raw.githubusercontent.com/thanglequoc/vietnamese-provinces-database/master/json/geojson/86_vinh_long/wards/29158_an_hiep.geojson
29167,Xã Tân Thuỷ,86,Tỉnh Vĩnh Long,https://raw.githubusercontent.com/thanglequoc/vietnamese-provinces-database/master/json/geojson/86_vinh_long/wards/29167_tan_thuy.geojson
29182,Xã Thạnh Phú,86,Tỉnh Vĩnh Long,https://raw.githubusercontent.com/thanglequoc/vietnamese-provinces-database/master/json/geojson/86_vinh_long/wards/29182_thanh_phu.geojson
29191,Xã Quới Điền,86,Tỉnh Vĩnh Long,https://raw.githubusercontent.com/thanglequoc/vietnamese-provinces-database/master/json/geojson/86_vinh_long/wards/29191_quoi_dien.geojson
29194,Xã Đại Điền,86,Tỉnh Vĩnh Long,https://raw.githubusercontent.com/thanglequoc/vietnamese-provinces-database/master/json/geojson/86_vinh_long/wards/29194_dai_dien.geojson
29221,Xã Thạnh Hải,86,Tỉnh Vĩnh Long,https://raw.githubusercontent.com/thanglequoc/vietnamese-provinces-database/master/json/geojson/86_vinh_long/wards/29221_thanh_hai.geojson
29224,Xã An Qui,86,Tỉnh Vĩnh Long,https://raw.githubusercontent.com/thanglequoc/vietnamese-provinces-database/master/json/geojson/86_vinh_long/wards/29224_an_qui.geojson
29227,Xã Thạnh Phong,86,Tỉnh Vĩnh Long,https://raw.githubusercontent.com/thanglequoc/vietnamese-provinces-database/master/json/geojson/86_vinh_long/wards/29227_thanh_phong.geojson
29242,Phường Trà Vinh,86,Tỉnh Vĩnh Long,https://raw.githubusercontent.com/thanglequoc/vietnamese-provinces-database/master/json/geojson/86_vinh_long/wards/29242_tra_vinh.geojson
29254,Phường Nguyệt Hoá,86,Tỉnh Vĩnh Long,https://raw.githubusercontent.com/thanglequoc/vietnamese-provinces-database/master/json/geojson/86_vinh_long/wards/29254_nguyet_hoa.geojson
29263,Phường Long Đức,86,Tỉnh Vĩnh Long,https://raw.githubusercontent.com/thanglequoc/vietnamese-provinces-database/master/json/geojson/86_vinh_long/wards/29263_long_duc.geojson
29266,Xã Càng Long,86,Tỉnh Vĩnh Long,https://raw.githubusercontent.com/thanglequoc/vietnamese-provinces-database/master/json/geojson/86_vinh_long/wards/29266_cang_long.geojson
29275,Xã An Trường,86,Tỉnh Vĩnh Long,https://raw.githubusercontent.com/thanglequoc/vietnamese-provinces-database/master/json/geojson/86_vinh_long/wards/29275_an_truong.geojson
29278,Xã Tân An,86,Tỉnh Vĩnh Long,https://raw.githubusercontent.com/thanglequoc/vietnamese-provinces-database/master/json/geojson/86_vinh_long/wards/29278_tan_an.geojson
29287,Xã Bình Phú,86,Tỉnh Vĩnh Long,https://raw.githubusercontent.com/thanglequoc/vietnamese-provinces-database/master/json/geojson/86_vinh_long/wards/29287_binh_phu.geojson
29302,Xã Nhị Long,86,Tỉnh Vĩnh Long,https://raw.githubusercontent.com/thanglequoc/vietnamese-provinces-database/master/json/geojson/86_vinh_long/wards/29302_nhi_long.geojson
29308,Xã Cầu Kè,86,Tỉnh Vĩnh Long,https://raw.githubusercontent.com/thanglequoc/vietnamese-provinces-database/master/json/geojson/86_vinh_long/wards/29308_cau_ke.geojson
29317,Xã An Phú Tân,86,Tỉnh Vĩnh Long,https://raw.githubusercontent.com/thanglequoc/vietnamese-provinces-database/master/json/geojson/86_vinh_long/wards/29317_an_phu_tan.geojson
29329,Xã Phong Thạnh,86,Tỉnh Vĩnh Long,https://raw.githubusercontent.com/thanglequoc/vietnamese-provinces-database/master/json/geojson/86_vinh_long/wards/29329_phong_thanh.geojson
29335,Xã Tam Ngãi,86,Tỉnh Vĩnh Long,https://raw.githubusercontent.com/thanglequoc/vietnamese-provinces-database/master/json/geojson/86_vinh_long/wards/29335_tam_ngai.geojson
29341,Xã Tiểu Cần,86,Tỉnh Vĩnh Long,https://raw.githubusercontent.com/thanglequoc/vietnamese-provinces-database/master/json/geojson/86_vinh_long/wards/29341_tieu_can.geojson
29362,Xã Hùng Hoà,86,Tỉnh Vĩnh Long,https://raw.githubusercontent.com/thanglequoc/vietnamese-provinces-database/master/json/geojson/86_vinh_long/wards/29362_hung_hoa.geojson
29365,Xã Tập Ngãi,86,Tỉnh Vĩnh Long,https://raw.githubusercontent.com/thanglequoc/vietnamese-provinces-database/master/json/geojson/86_vinh_long/wards/29365_tap_ngai.geojson
29371,Xã Tân Hoà,86,Tỉnh Vĩnh Long,https://raw.githubusercontent.com/thanglequoc/vietnamese-provinces-database/master/json/geojson/86_vinh_long/wards/29371_tan_hoa.geojson
29374,Xã Châu Thành,86,Tỉnh Vĩnh Long,https://raw.githubusercontent.com/thanglequoc/vietnamese-provinces-database/master/json/geojson/86_vinh_long/wards/29374_chau_thanh.geojson
29386,Xã Song Lộc,86,Tỉnh Vĩnh Long,https://raw.githubusercontent.com/thanglequoc/vietnamese-provinces-database/master/json/geojson/86_vinh_long/wards/29386_song_loc.geojson
29398,Phường Hoà Thuận,86,Tỉnh Vĩnh Long,https://raw.githubusercontent.com/thanglequoc/vietnamese-provinces-database/master/json/geojson/86_vinh_long/wards/29398_hoa_thuan.geojson
29407,Xã Hưng Mỹ,86,Tỉnh Vĩnh Long,https://raw.githubusercontent.com/thanglequoc/vietnamese-provinces-database/master/json/geojson/86_vinh_long/wards/29407_hung_my.geojson
29410,Xã Hoà Minh,86,Tỉnh Vĩnh Long,https://raw.githubusercontent.com/thanglequoc/vietnamese-provinces-database/master/json/geojson/86_vinh_long/wards/29410_hoa_minh.geojson
29413,Xã Long Hoà,86,Tỉnh Vĩnh Long,https://raw.githubusercontent.com/thanglequoc/vietnamese-provinces-database/master/json/geojson/86_vinh_long/wards/29413_long_hoa.geojson
29416,Xã Cầu Ngang,86,Tỉnh Vĩnh Long,https://raw.githubusercontent.com/thanglequoc/vietnamese-provinces-database/master/json/geojson/86_vinh_long/wards/29416_cau_ngang.geojson
29419,Xã Mỹ Long,86,Tỉnh Vĩnh Long,https://raw.githubusercontent.com/thanglequoc/vietnamese-provinces-database/master/json/geojson/86_vinh_long/wards/29419_my_long.geojson
29431,Xã Vinh Kim,86,Tỉnh Vĩnh Long,https://raw.githubusercontent.com/thanglequoc/vietnamese-provinces-database/master/json/geojson/86_vinh_long/wards/29431_vinh_kim.geojson
29446,Xã Nhị Trường,86,Tỉnh Vĩnh Long,https://raw.githubusercontent.com/thanglequoc/vietnamese-provinces-database/master/json/geojson/86_vinh_long/wards/29446_nhi_truong.geojson
29455,Xã Hiệp Mỹ,86,Tỉnh Vĩnh Long,https://raw.githubusercontent.com/thanglequoc/vietnamese-provinces-database/master/json/geojson/86_vinh_long/wards/29455_hiep_my.geojson
29461,Xã Trà Cú,86,Tỉnh Vĩnh Long,https://raw.githubusercontent.com/thanglequoc/vietnamese-provinces-database/master/json/geojson/86_vinh_long/wards/29461_tra_cu.geojson
29467,Xã Tập Sơn,86,Tỉnh Vĩnh Long,https://raw.githubusercontent.com/thanglequoc/vietnamese-provinces-database/master/json/geojson/86_vinh_long/wards/29467_tap_son.geojson
29476,Xã Lưu Nghiệp Anh,86,Tỉnh Vĩnh Long,https://raw.githubusercontent.com/thanglequoc/vietnamese-provinces-database/master/json/geojson/86_vinh_long/wards/29476_luu_nghiep_anh.geojson
29489,Xã Hàm Giang,86,Tỉnh Vĩnh Long,https://raw.githubusercontent.com/thanglequoc/vietnamese-provinces-database/master/json/geojson/86_vinh_long/wards/29489_ham_giang.geojson
29491,Xã Đại An,86,Tỉnh Vĩnh Long,https://raw.githubusercontent.com/thanglequoc/vietnamese-provinces-database/master/json/geojson/86_vinh_long/wards/29491_dai_an.geojson
29497,Xã Đôn Châu,86,Tỉnh Vĩnh Long,https://raw.githubusercontent.com/thanglequoc/vietnamese-provinces-database/master/json/geojson/86_vinh_long/wards/29497_don_chau.geojson
29506,Xã Long Hiệp,86,Tỉnh Vĩnh Long,https://raw.githubusercontent.com/thanglequoc/vietnamese-provinces-database/master/json/geojson/86_vinh_long/wards/29506_long_hiep.geojson
29512,Phường Duyên Hải,86,Tỉnh Vĩnh Long,https://raw.githubusercontent.com/thanglequoc/vietnamese-provinces-database/master/json/geojson/86_vinh_long/wards/29512_duyen_hai.geojson
29513,Xã Long Thành,86,Tỉnh Vĩnh Long,https://raw.githubusercontent.com/thanglequoc/vietnamese-provinces-database/master/json/geojson/86_vinh_long/wards/29513_long_thanh.geojson
29516,Phường Trường Long Hoà,86,Tỉnh Vĩnh Long,https://raw.githubusercontent.com/thanglequoc/vietnamese-provinces-database/master/json/geojson/86_vinh_long/wards/29516_truong_long_hoa.geojson
29518,Xã Long Hữu,86,Tỉnh Vĩnh Long,https://raw.githubusercontent.com/thanglequoc/vietnamese-provinces-database/master/json/geojson/86_vinh_long/wards/29518_long_huu.geojson
29530,Xã Ngũ Lạc,86,Tỉnh Vĩnh Long,https://raw.githubusercontent.com/thanglequoc/vietnamese-provinces-database/master/json/geojson/86_vinh_long/wards/29530_ngu_lac.geojson
29533,Xã Long Vĩnh,86,Tỉnh Vĩnh Long,https://raw.githubusercontent.com/thanglequoc/vietnamese-provinces-database/master/json/geojson/86_vinh_long/wards/29533_long_vinh.geojson
29536,Xã Đông Hải,86,Tỉnh Vĩnh Long,https://raw.githubusercontent.com/thanglequoc/vietnamese-provinces-database/master/json/geojson/86_vinh_long/wards/29536_dong_hai.geojson
29551,Phường Long Châu,86,Tỉnh Vĩnh Long,https://raw.githubusercontent.com/thanglequoc/vietnamese-provinces-database/master/json/geojson/86_vinh_long/wards/29551_long_chau.geojson
29557,Phường Phước Hậu,86,Tỉnh Vĩnh Long,https://raw.githubusercontent.com/thanglequoc/vietnamese-provinces-database/master/json/geojson/86_vinh_long/wards/29557_phuoc_hau.geojson
29566,Phường Tân Ngãi,86,Tỉnh Vĩnh Long,https://raw.githubusercontent.com/thanglequoc/vietnamese-provinces-database/master/json/geojson/86_vinh_long/wards/29566_tan_ngai.geojson
29584,Xã An Bình,86,Tỉnh Vĩnh Long,https://raw.githubusercontent.com/thanglequoc/vietnamese-provinces-database/master/json/geojson/86_vinh_long/wards/29584_an_binh.geojson
29590,Phường Thanh Đức,86,Tỉnh Vĩnh Long,https://raw.githubusercontent.com/thanglequoc/vietnamese-provinces-database/master/json/geojson/86_vinh_long/wards/29590_thanh_duc.geojson
29593,Phường Tân Hạnh,86,Tỉnh Vĩnh Long,https://raw.githubusercontent.com/thanglequoc/vietnamese-provinces-database/master/json/geojson/86_vinh_long/wards/29593_tan_hanh.geojson
29602,Xã Long Hồ,86,Tỉnh Vĩnh Long,https://raw.githubusercontent.com/thanglequoc/vietnamese-provinces-database/master/json/geojson/86_vinh_long/wards/29602_long_ho.geojson
29611,Xã Phú Quới,86,Tỉnh Vĩnh Long,https://raw.githubusercontent.com/thanglequoc/vietnamese-provinces-database/master/json/geojson/86_vinh_long/wards/29611_phu_quoi.geojson
29623,Xã Nhơn Phú,86,Tỉnh Vĩnh Long,https://raw.githubusercontent.com/thanglequoc/vietnamese-provinces-database/master/json/geojson/86_vinh_long/wards/29623_nhon_phu.geojson
29638,Xã Bình Phước,86,Tỉnh Vĩnh Long,https://raw.githubusercontent.com/thanglequoc/vietnamese-provinces-database/master/json/geojson/86_vinh_long/wards/29638_binh_phuoc.geojson
29641,Xã Cái Nhum,86,Tỉnh Vĩnh Long,https://raw.githubusercontent.com/thanglequoc/vietnamese-provinces-database/master/json/geojson/86_vinh_long/wards/29641_cai_nhum.geojson
29653,Xã Tân Long Hội,86,Tỉnh Vĩnh Long,https://raw.githubusercontent.com/thanglequoc/vietnamese-provinces-database/master/json/geojson/86_vinh_long/wards/29653_tan_long_hoi.geojson
29659,Xã Trung Thành,86,Tỉnh Vĩnh Long,https://raw.githubusercontent.com/thanglequoc/vietnamese-provinces-database/master/json/geojson/86_vinh_long/wards/29659_trung_thanh.geojson
29668,Xã Quới An,86,Tỉnh Vĩnh Long,https://raw.githubusercontent.com/thanglequoc/vietnamese-provinces-database/master/json/geojson/86_vinh_long/wards/29668_quoi_an.geojson
29677,Xã Quới Thiện,86,Tỉnh Vĩnh Long,https://raw.githubusercontent.com/thanglequoc/vietnamese-provinces-database/master/json/geojson/86_vinh_long/wards/29677_quoi_thien.geojson
29683,Xã Trung Hiệp,86,Tỉnh Vĩnh Long,https://raw.githubusercontent.com/thanglequoc/vietnamese-provinces-database/master/json/geojson/86_vinh_long/wards/29683_trung_hiep.geojson
29698,Xã Trung Ngãi,86,Tỉnh Vĩnh Long,https://raw.githubusercontent.com/thanglequoc/vietnamese-provinces-database/master/json/geojson/86_vinh_long/wards/29698_trung_ngai.geojson
29701,Xã Hiếu Phụng,86,Tỉnh Vĩnh Long,https://raw.githubusercontent.com/thanglequoc/vietnamese-provinces-database/master/json/geojson/86_vinh_long/wards/29701_hieu_phung.geojson
29713,Xã Hiếu Thành,86,Tỉnh Vĩnh Long,https://raw.githubusercontent.com/thanglequoc/vietnamese-provinces-database/master/json/geojson/86_vinh_long/wards/29713_hieu_thanh.geojson
29719,Xã Tam Bình,86,Tỉnh Vĩnh Long,https://raw.githubusercontent.com/thanglequoc/vietnamese-provinces-database/master/json/geojson/86_vinh_long/wards/29719_tam_binh.geojson
29728,Xã Cái Ngang,86,Tỉnh Vĩnh Long,https://raw.githubusercontent.com/thanglequoc/vietnamese-provinces-database/master/json/geojson/86_vinh_long/wards/29728_cai_ngang.geojson
29734,Xã Hoà Hiệp,86,Tỉnh Vĩnh Long,https://raw.githubusercontent.com/thanglequoc/vietnamese-provinces-database/master/json/geojson/86_vinh_long/wards/29734_hoa_hiep.geojson
29740,Xã Song Phú,86,Tỉnh Vĩnh Long,https://raw.githubusercontent.com/thanglequoc/vietnamese-provinces-database/master/json/geojson/86_vinh_long/wards/29740_song_phu.geojson
29767,Xã Ngãi Tứ,86,Tỉnh Vĩnh Long,https://raw.githubusercontent.com/thanglequoc/vietnamese-provinces-database/master/json/geojson/86_vinh_long/wards/29767_ngai_tu.geojson
29770,Phường Cái Vồn,86,Tỉnh Vĩnh Long,https://raw.githubusercontent.com/thanglequoc/vietnamese-provinces-database/master/json/geojson/86_vinh_long/wards/29770_cai_von.geojson
29771,Phường Bình Minh,86,Tỉnh Vĩnh Long,https://raw.githubusercontent.com/thanglequoc/vietnamese-provinces-database/master/json/geojson/86_vinh_long/wards/29771_binh_minh.geojson
29785,Xã Tân Lược,86,Tỉnh Vĩnh Long,https://raw.githubusercontent.com/thanglequoc/vietnamese-provinces-database/master/json/geojson/86_vinh_long/wards/29785_tan_luoc.geojson
29788,Xã Mỹ Thuận,86,Tỉnh Vĩnh Long,https://raw.githubusercontent.com/thanglequoc/vietnamese-provinces-database/master/json/geojson/86_vinh_long/wards/29788_my_thuan.geojson
29800,Xã Tân Quới,86,Tỉnh Vĩnh Long,https://raw.githubusercontent.com/thanglequoc/vietnamese-provinces-database/master/json/geojson/86_vinh_long/wards/29800_tan_quoi.geojson
29812,Phường Đông Thành,86,Tỉnh Vĩnh Long,https://raw.githubusercontent.com/thanglequoc/vietnamese-provinces-database/master/json/geojson/86_vinh_long/wards/29812_dong_thanh.geojson
29821,Xã Trà Ôn,86,Tỉnh Vĩnh Long,https://raw.githubusercontent.com/thanglequoc/vietnamese-provinces-database/master/json/geojson/86_vinh_long/wards/29821_tra_on.geojson
29830,Xã Hoà Bình,86,Tỉnh Vĩnh Long,https://raw.githubusercontent.com/thanglequoc/vietnamese-provinces-database/master/json/geojson/86_vinh_long/wards/29830_hoa_binh.geojson
29836,Xã Trà Côn,86,Tỉnh Vĩnh Long,https://raw.githubusercontent.com/thanglequoc/vietnamese-provinces-database/master/json/geojson/86_vinh_long/wards/29836_tra_con.geojson
29845,Xã Vĩnh Xuân,86,Tỉnh Vĩnh Long,https://raw.githubusercontent.com/thanglequoc/vietnamese-provinces-database/master/json/geojson/86_vinh_long/wards/29845_vinh_xuan.geojson
29857,Xã Lục Sĩ Thành,86,Tỉnh Vĩnh Long,https://raw.githubusercontent.com/thanglequoc/vietnamese-provinces-database/master/json/geojson/86_vinh_long/wards/29857_luc_si_thanh.geojson
30292,Phường Bình Đức,91,Tỉnh An Giang,https://raw.githubusercontent.com/thanglequoc/vietnamese-provinces-database/master/json/geojson/91_an_giang/wards/30292_binh_duc.geojson
30301,Phường Mỹ Thới,91,Tỉnh An Giang,https://raw.githubusercontent.com/thanglequoc/vietnamese-provinces-database/master/json/geojson/91_an_giang/wards/30301_my_thoi.geojson
30307,Phường Long Xuyên,91,Tỉnh An Giang,https://raw.githubusercontent.com/thanglequoc/vietnamese-provinces-database/master/json/geojson/91_an_giang/wards/30307_long_xuyen.geojson
30313,Xã Mỹ Hoà Hưng,91,Tỉnh An Giang,https://raw.githubusercontent.com/thanglequoc/vietnamese-provinces-database/master/json/geojson/91_an_giang/wards/30313_my_hoa_hung.geojson
30316,Phường Châu Đốc,91,Tỉnh An Giang,https://raw.githubusercontent.com/thanglequoc/vietnamese-provinces-database/master/json/geojson/91_an_giang/wards/30316_chau_doc.geojson
30325,Phường Vĩnh Tế,91,Tỉnh An Giang,https://raw.githubusercontent.com/thanglequoc/vietnamese-provinces-database/master/json/geojson/91_an_giang/wards/30325_vinh_te.geojson
30337,Xã An Phú,91,Tỉnh An Giang,https://raw.githubusercontent.com/thanglequoc/vietnamese-provinces-database/master/json/geojson/91_an_giang/wards/30337_an_phu.geojson
30341,Xã Khánh Bình,91,Tỉnh An Giang,https://raw.githubusercontent.com/thanglequoc/vietnamese-provinces-database/master/json/geojson/91_an_giang/wards/30341_khanh_binh.geojson
30346,Xã Nhơn Hội,91,Tỉnh An Giang,https://raw.githubusercontent.com/thanglequoc/vietnamese-provinces-database/master/json/geojson/91_an_giang/wards/30346_nhon_hoi.geojson
30352,Xã Phú Hữu,91,Tỉnh An Giang,https://raw.githubusercontent.com/thanglequoc/vietnamese-provinces-database/master/json/geojson/91_an_giang/wards/30352_phu_huu.geojson
30367,Xã Vĩnh Hậu,91,Tỉnh An Giang,https://raw.githubusercontent.com/thanglequoc/vietnamese-provinces-database/master/json/geojson/91_an_giang/wards/30367_vinh_hau.geojson
30376,Phường Tân Châu,91,Tỉnh An Giang,https://raw.githubusercontent.com/thanglequoc/vietnamese-provinces-database/master/json/geojson/91_an_giang/wards/30376_tan_chau.geojson
30377,Phường Long Phú,91,Tỉnh An Giang,https://raw.githubusercontent.com/thanglequoc/vietnamese-provinces-database/master/json/geojson/91_an_giang/wards/30377_long_phu.geojson
30385,Xã Vĩnh Xương,91,Tỉnh An Giang,https://raw.githubusercontent.com/thanglequoc/vietnamese-provinces-database/master/json/geojson/91_an_giang/wards/30385_vinh_xuong.geojson
30388,Xã Tân An,91,Tỉnh An Giang,https://raw.githubusercontent.com/thanglequoc/vietnamese-provinces-database/master/json/geojson/91_an_giang/wards/30388_tan_an.geojson
30403,Xã Châu Phong,91,Tỉnh An Giang,https://raw.githubusercontent.com/thanglequoc/vietnamese-provinces-database/master/json/geojson/91_an_giang/wards/30403_chau_phong.geojson
30406,Xã Phú Tân,91,Tỉnh An Giang,https://raw.githubusercontent.com/thanglequoc/vietnamese-provinces-database/master/json/geojson/91_an_giang/wards/30406_phu_tan.geojson
30409,Xã Chợ Vàm,91,Tỉnh An Giang,https://raw.githubusercontent.com/thanglequoc/vietnamese-provinces-database/master/json/geojson/91_an_giang/wards/30409_cho_vam.geojson
30421,Xã Phú Lâm,91,Tỉnh An Giang,https://raw.githubusercontent.com/thanglequoc/vietnamese-provinces-database/master/json/geojson/91_an_giang/wards/30421_phu_lam.geojson
30430,Xã Hoà Lạc,91,Tỉnh An Giang,https://raw.githubusercontent.com/thanglequoc/vietnamese-provinces-database/master/json/geojson/91_an_giang/wards/30430_hoa_lac.geojson
30436,Xã Phú An,91,Tỉnh An Giang,https://raw.githubusercontent.com/thanglequoc/vietnamese-provinces-database/master/json/geojson/91_an_giang/wards/30436_phu_an.geojson
30445,Xã Bình Thạnh Đông,91,Tỉnh An Giang,https://raw.githubusercontent.com/thanglequoc/vietnamese-provinces-database/master/json/geojson/91_an_giang/wards/30445_binh_thanh_dong.geojson
30463,Xã Châu Phú,91,Tỉnh An Giang,https://raw.githubusercontent.com/thanglequoc/vietnamese-provinces-database/master/json/geojson/91_an_giang/wards/30463_chau_phu.geojson
30469,Xã Mỹ Đức,91,Tỉnh An Giang,https://raw.githubusercontent.com/thanglequoc/vietnamese-provinces-database/master/json/geojson/91_an_giang/wards/30469_my_duc.geojson
30478,Xã Vĩnh Thạnh Trung,91,Tỉnh An Giang,https://raw.githubusercontent.com/thanglequoc/vietnamese-provinces-database/master/json/geojson/91_an_giang/wards/30478_vinh_thanh_trung.geojson
30481,Xã Thạnh Mỹ Tây,91,Tỉnh An Giang,https://raw.githubusercontent.com/thanglequoc/vietnamese-provinces-database/master/json/geojson/91_an_giang/wards/30481_thanh_my_tay.geojson
30487,Xã Bình Mỹ,91,Tỉnh An Giang,https://raw.githubusercontent.com/thanglequoc/vietnamese-provinces-database/master/json/geojson/91_an_giang/wards/30487_binh_my.geojson
30502,Phường Thới Sơn,91,Tỉnh An Giang,https://raw.githubusercontent.com/thanglequoc/vietnamese-provinces-database/master/json/geojson/91_an_giang/wards/30502_thoi_son.geojson
30505,Phường Chi Lăng,91,Tỉnh An Giang,https://raw.githubusercontent.com/thanglequoc/vietnamese-provinces-database/master/json/geojson/91_an_giang/wards/30505_chi_lang.geojson
30520,Phường Tịnh Biên,91,Tỉnh An Giang,https://raw.githubusercontent.com/thanglequoc/vietnamese-provinces-database/master/json/geojson/91_an_giang/wards/30520_tinh_bien.geojson
30526,Xã An Cư,91,Tỉnh An Giang,https://raw.githubusercontent.com/thanglequoc/vietnamese-provinces-database/master/json/geojson/91_an_giang/wards/30526_an_cu.geojson
30538,Xã Núi Cấm,91,Tỉnh An Giang,https://raw.githubusercontent.com/thanglequoc/vietnamese-provinces-database/master/json/geojson/91_an_giang/wards/30538_nui_cam.geojson
30544,Xã Tri Tôn,91,Tỉnh An Giang,https://raw.githubusercontent.com/thanglequoc/vietnamese-provinces-database/master/json/geojson/91_an_giang/wards/30544_tri_ton.geojson
30547,Xã Ba Chúc,91,Tỉnh An Giang,https://raw.githubusercontent.com/thanglequoc/vietnamese-provinces-database/master/json/geojson/91_an_giang/wards/30547_ba_chuc.geojson
30568,Xã Vĩnh Gia,91,Tỉnh An Giang,https://raw.githubusercontent.com/thanglequoc/vietnamese-provinces-database/master/json/geojson/91_an_giang/wards/30568_vinh_gia.geojson
30577,Xã Ô Lâm,91,Tỉnh An Giang,https://raw.githubusercontent.com/thanglequoc/vietnamese-provinces-database/master/json/geojson/91_an_giang/wards/30577_o_lam.geojson
30580,Xã Cô Tô,91,Tỉnh An Giang,https://raw.githubusercontent.com/thanglequoc/vietnamese-provinces-database/master/json/geojson/91_an_giang/wards/30580_co_to.geojson
30589,Xã An Châu,91,Tỉnh An Giang,https://raw.githubusercontent.com/thanglequoc/vietnamese-provinces-database/master/json/geojson/91_an_giang/wards/30589_an_chau.geojson
30595,Xã Cần Đăng,91,Tỉnh An Giang,https://raw.githubusercontent.com/thanglequoc/vietnamese-provinces-database/master/json/geojson/91_an_giang/wards/30595_can_dang.geojson
30604,Xã Vĩnh An,91,Tỉnh An Giang,https://raw.githubusercontent.com/thanglequoc/vietnamese-provinces-database/master/json/geojson/91_an_giang/wards/30604_vinh_an.geojson
30607,Xã Bình Hoà,91,Tỉnh An Giang,https://raw.githubusercontent.com/thanglequoc/vietnamese-provinces-database/master/json/geojson/91_an_giang/wards/30607_binh_hoa.geojson
30619,Xã Vĩnh Hanh,91,Tỉnh An Giang,https://raw.githubusercontent.com/thanglequoc/vietnamese-provinces-database/master/json/geojson/91_an_giang/wards/30619_vinh_hanh.geojson
30628,Xã Chợ Mới,91,Tỉnh An Giang,https://raw.githubusercontent.com/thanglequoc/vietnamese-provinces-database/master/json/geojson/91_an_giang/wards/30628_cho_moi.geojson
30631,Xã Long Điền,91,Tỉnh An Giang,https://raw.githubusercontent.com/thanglequoc/vietnamese-provinces-database/master/json/geojson/91_an_giang/wards/30631_long_dien.geojson
30643,Xã Cù Lao Giêng,91,Tỉnh An Giang,https://raw.githubusercontent.com/thanglequoc/vietnamese-provinces-database/master/json/geojson/91_an_giang/wards/30643_cu_lao_gieng.geojson
30658,Xã Nhơn Mỹ,91,Tỉnh An Giang,https://raw.githubusercontent.com/thanglequoc/vietnamese-provinces-database/master/json/geojson/91_an_giang/wards/30658_nhon_my.geojson
30664,Xã Long Kiến,91,Tỉnh An Giang,https://raw.githubusercontent.com/thanglequoc/vietnamese-provinces-database/master/json/geojson/91_an_giang/wards/30664_long_kien.geojson
30673,Xã Hội An,91,Tỉnh An Giang,https://raw.githubusercontent.com/thanglequoc/vietnamese-provinces-database/master/json/geojson/91_an_giang/wards/30673_hoi_an.geojson
30682,Xã Thoại Sơn,91,Tỉnh An Giang,https://raw.githubusercontent.com/thanglequoc/vietnamese-provinces-database/master/json/geojson/91_an_giang/wards/30682_thoai_son.geojson
30685,Xã Phú Hoà,91,Tỉnh An Giang,https://raw.githubusercontent.com/thanglequoc/vietnamese-provinces-database/master/json/geojson/91_an_giang/wards/30685_phu_hoa.geojson
30688,Xã Óc Eo,91,Tỉnh An Giang,https://raw.githubusercontent.com/thanglequoc/vietnamese-provinces-database/master/json/geojson/91_an_giang/wards/30688_oc_eo.geojson
30691,Xã Tây Phú,91,Tỉnh An Giang,https://raw.githubusercontent.com/thanglequoc/vietnamese-provinces-database/master/json/geojson/91_an_giang/wards/30691_tay_phu.geojson
30697,Xã Vĩnh Trạch,91,Tỉnh An Giang,https://raw.githubusercontent.com/thanglequoc/vietnamese-provinces-database/master/json/geojson/91_an_giang/wards/30697_vinh_trach.geojson
30709,Xã Định Mỹ,91,Tỉnh An Giang,https://raw.githubusercontent.com/thanglequoc/vietnamese-provinces-database/master/json/geojson/91_an_giang/wards/30709_dinh_my.geojson
30742,Phường Rạch Giá,91,Tỉnh An Giang,https://raw.githubusercontent.com/thanglequoc/vietnamese-provinces-database/master/json/geojson/91_an_giang/wards/30742_rach_gia.geojson
30760,Phường Vĩnh Thông,91,Tỉnh An Giang,https://raw.githubusercontent.com/thanglequoc/vietnamese-provinces-database/master/json/geojson/91_an_giang/wards/30760_vinh_thong.geojson
30766,Phường Tô Châu,91,Tỉnh An Giang,https://raw.githubusercontent.com/thanglequoc/vietnamese-provinces-database/master/json/geojson/91_an_giang/wards/30766_to_chau.geojson
30769,Phường Hà Tiên,91,Tỉnh An Giang,https://raw.githubusercontent.com/thanglequoc/vietnamese-provinces-database/master/json/geojson/91_an_giang/wards/30769_ha_tien.geojson
30781,Xã Tiên Hải,91,Tỉnh An Giang,https://raw.githubusercontent.com/thanglequoc/vietnamese-provinces-database/master/json/geojson/91_an_giang/wards/30781_tien_hai.geojson
30787,Xã Kiên Lương,91,Tỉnh An Giang,https://raw.githubusercontent.com/thanglequoc/vietnamese-provinces-database/master/json/geojson/91_an_giang/wards/30787_kien_luong.geojson
30790,Xã Hoà Điền,91,Tỉnh An Giang,https://raw.githubusercontent.com/thanglequoc/vietnamese-provinces-database/master/json/geojson/91_an_giang/wards/30790_hoa_dien.geojson
30793,Xã Vĩnh Điều,91,Tỉnh An Giang,https://raw.githubusercontent.com/thanglequoc/vietnamese-provinces-database/master/json/geojson/91_an_giang/wards/30793_vinh_dieu.geojson
30796,Xã Giang Thành,91,Tỉnh An Giang,https://raw.githubusercontent.com/thanglequoc/vietnamese-provinces-database/master/json/geojson/91_an_giang/wards/30796_giang_thanh.geojson
30811,Xã Sơn Hải,91,Tỉnh An Giang,https://raw.githubusercontent.com/thanglequoc/vietnamese-provinces-database/master/json/geojson/91_an_giang/wards/30811_son_hai.geojson
30814,Xã Hòn Nghệ,91,Tỉnh An Giang,https://raw.githubusercontent.com/thanglequoc/vietnamese-provinces-database/master/json/geojson/91_an_giang/wards/30814_hon_nghe.geojson
30817,Xã Hòn Đất,91,Tỉnh An Giang,https://raw.githubusercontent.com/thanglequoc/vietnamese-provinces-database/master/json/geojson/91_an_giang/wards/30817_hon_dat.geojson
30823,Xã Bình Sơn,91,Tỉnh An Giang,https://raw.githubusercontent.com/thanglequoc/vietnamese-provinces-database/master/json/geojson/91_an_giang/wards/30823_binh_son.geojson
30826,Xã Bình Giang,91,Tỉnh An Giang,https://raw.githubusercontent.com/thanglequoc/vietnamese-provinces-database/master/json/geojson/91_an_giang/wards/30826_binh_giang.geojson
30835,Xã Sơn Kiên,91,Tỉnh An Giang,https://raw.githubusercontent.com/thanglequoc/vietnamese-provinces-database/master/json/geojson/91_an_giang/wards/30835_son_kien.geojson
30838,Xã Mỹ Thuận,91,Tỉnh An Giang,https://raw.githubusercontent.com/thanglequoc/vietnamese-provinces-database/master/json/geojson/91_an_giang/wards/30838_my_thuan.geojson
30850,Xã Tân Hiệp,91,Tỉnh An Giang,https://raw.githubusercontent.com/thanglequoc/vietnamese-provinces-database/master/json/geojson/91_an_giang/wards/30850_tan_hiep.geojson
30856,Xã Tân Hội,91,Tỉnh An Giang,https://raw.githubusercontent.com/thanglequoc/vietnamese-provinces-database/master/json/geojson/91_an_giang/wards/30856_tan_hoi.geojson
30874,Xã Thạnh Đông,91,Tỉnh An Giang,https://raw.githubusercontent.com/thanglequoc/vietnamese-provinces-database/master/json/geojson/91_an_giang/wards/30874_thanh_dong.geojson
30880,Xã Châu Thành,91,Tỉnh An Giang,https://raw.githubusercontent.com/thanglequoc/vietnamese-provinces-database/master/json/geojson/91_an_giang/wards/30880_chau_thanh.geojson
30886,Xã Thạnh Lộc,91,Tỉnh An Giang,https://raw.githubusercontent.com/thanglequoc/vietnamese-provinces-database/master/json/geojson/91_an_giang/wards/30886_thanh_loc.geojson
30898,Xã Bình An,91,Tỉnh An Giang,https://raw.githubusercontent.com/thanglequoc/vietnamese-provinces-database/master/json/geojson/91_an_giang/wards/30898_binh_an.geojson
30904,Xã Giồng Riềng,91,Tỉnh An Giang,https://raw.githubusercontent.com/thanglequoc/vietnamese-provinces-database/master/json/geojson/91_an_giang/wards/30904_giong_rieng.geojson
30910,Xã Thạnh Hưng,91,Tỉnh An Giang,https://raw.githubusercontent.com/thanglequoc/vietnamese-provinces-database/master/json/geojson/91_an_giang/wards/30910_thanh_hung.geojson
30928,Xã Ngọc Chúc,91,Tỉnh An Giang,https://raw.githubusercontent.com/thanglequoc/vietnamese-provinces-database/master/json/geojson/91_an_giang/wards/30928_ngoc_chuc.geojson
30934,Xã Hoà Hưng,91,Tỉnh An Giang,https://raw.githubusercontent.com/thanglequoc/vietnamese-provinces-database/master/json/geojson/91_an_giang/wards/30934_hoa_hung.geojson
30943,Xã Long Thạnh,91,Tỉnh An Giang,https://raw.githubusercontent.com/thanglequoc/vietnamese-provinces-database/master/json/geojson/91_an_giang/wards/30943_long_thanh.geojson
30949,Xã Hoà Thuận,91,Tỉnh An Giang,https://raw.githubusercontent.com/thanglequoc/vietnamese-provinces-database/master/json/geojson/91_an_giang/wards/30949_hoa_thuan.geojson
30952,Xã Gò Quao,91,Tỉnh An Giang,https://raw.githubusercontent.com/thanglequoc/vietnamese-provinces-database/master/json/geojson/91_an_giang/wards/30952_go_quao.geojson
30958,Xã Định Hoà,91,Tỉnh An Giang,https://raw.githubusercontent.com/thanglequoc/vietnamese-provinces-database/master/json/geojson/91_an_giang/wards/30958_dinh_hoa.geojson
30970,Xã Vĩnh Hoà Hưng,91,Tỉnh An Giang,https://raw.githubusercontent.com/thanglequoc/vietnamese-provinces-database/master/json/geojson/91_an_giang/wards/30970_vinh_hoa_hung.geojson
30982,Xã Vĩnh Tuy,91,Tỉnh An Giang,https://raw.githubusercontent.com/thanglequoc/vietnamese-provinces-database/master/json/geojson/91_an_giang/wards/30982_vinh_tuy.geojson
30985,Xã An Biên,91,Tỉnh An Giang,https://raw.githubusercontent.com/thanglequoc/vietnamese-provinces-database/master/json/geojson/91_an_giang/wards/30985_an_bien.geojson
30988,Xã Tây Yên,91,Tỉnh An Giang,https://raw.githubusercontent.com/thanglequoc/vietnamese-provinces-database/master/json/geojson/91_an_giang/wards/30988_tay_yen.geojson
31006,Xã Đông Thái,91,Tỉnh An Giang,https://raw.githubusercontent.com/thanglequoc/vietnamese-provinces-database/master/json/geojson/91_an_giang/wards/31006_dong_thai.geojson
31012,Xã Vĩnh Hoà,91,Tỉnh An Giang,https://raw.githubusercontent.com/thanglequoc/vietnamese-provinces-database/master/json/geojson/91_an_giang/wards/31012_vinh_hoa.geojson
31018,Xã An Minh,91,Tỉnh An Giang,https://raw.githubusercontent.com/thanglequoc/vietnamese-provinces-database/master/json/geojson/91_an_giang/wards/31018_an_minh.geojson
31024,Xã Đông Hoà,91,Tỉnh An Giang,https://raw.githubusercontent.com/thanglequoc/vietnamese-provinces-database/master/json/geojson/91_an_giang/wards/31024_dong_hoa.geojson
31027,Xã U Minh Thượng,91,Tỉnh An Giang,https://raw.githubusercontent.com/thanglequoc/vietnamese-provinces-database/master/json/geojson/91_an_giang/wards/31027_u_minh_thuong.geojson
31031,Xã Tân Thạnh,91,Tỉnh An Giang,https://raw.githubusercontent.com/thanglequoc/vietnamese-provinces-database/master/json/geojson/91_an_giang/wards/31031_tan_thanh.geojson
31036,Xã Đông Hưng,91,Tỉnh An Giang,https://raw.githubusercontent.com/thanglequoc/vietnamese-provinces-database/master/json/geojson/91_an_giang/wards/31036_dong_hung.geojson
31042,Xã Vân Khánh,91,Tỉnh An Giang,https://raw.githubusercontent.com/thanglequoc/vietnamese-provinces-database/master/json/geojson/91_an_giang/wards/31042_van_khanh.geojson
31051,Xã Vĩnh Phong,91,Tỉnh An Giang,https://raw.githubusercontent.com/thanglequoc/vietnamese-provinces-database/master/json/geojson/91_an_giang/wards/31051_vinh_phong.geojson
31064,Xã Vĩnh Bình,91,Tỉnh An Giang,https://raw.githubusercontent.com/thanglequoc/vietnamese-provinces-database/master/json/geojson/91_an_giang/wards/31064_vinh_binh.geojson
31069,Xã Vĩnh Thuận,91,Tỉnh An Giang,https://raw.githubusercontent.com/thanglequoc/vietnamese-provinces-database/master/json/geojson/91_an_giang/wards/31069_vinh_thuan.geojson
31078,Đặc khu Phú Quốc,91,Tỉnh An Giang,https://raw.githubusercontent.com/thanglequoc/vietnamese-provinces-database/master/json/geojson/91_an_giang/wards/31078_phu_quoc.geojson
31105,Đặc khu Thổ Châu,91,Tỉnh An Giang,https://raw.githubusercontent.com/thanglequoc/vietnamese-provinces-database/master/json/geojson/91_an_giang/wards/31105_tho_chau.geojson
31108,Đặc khu Kiên Hải,91,Tỉnh An Giang,https://raw.githubusercontent.com/thanglequoc/vietnamese-provinces-database/master/json/geojson/91_an_giang/wards/31108_kien_hai.geojson
31120,Phường Cái Khế,92,Thành phố Cần Thơ,https://raw.githubusercontent.com/thanglequoc/vietnamese-provinces-database/master/json/geojson/92_can_tho/wards/31120_cai_khe.geojson
31135,Phường Ninh Kiều,92,Thành phố Cần Thơ,https://raw.githubusercontent.com/thanglequoc/vietnamese-provinces-database/master/json/geojson/92_can_tho/wards/31135_ninh_kieu.geojson
31147,Phường Tân An,92,Thành phố Cần Thơ,https://raw.githubusercontent.com/thanglequoc/vietnamese-provinces-database/master/json/geojson/92_can_tho/wards/31147_tan_an.geojson
31150,Phường An Bình,92,Thành phố Cần Thơ,https://raw.githubusercontent.com/thanglequoc/vietnamese-provinces-database/master/json/geojson/92_can_tho/wards/31150_an_binh.geojson
31153,Phường Ô Môn,92,Thành phố Cần Thơ,https://raw.githubusercontent.com/thanglequoc/vietnamese-provinces-database/master/json/geojson/92_can_tho/wards/31153_o_mon.geojson
31157,Phường Thới Long,92,Thành phố Cần Thơ,https://raw.githubusercontent.com/thanglequoc/vietnamese-provinces-database/master/json/geojson/92_can_tho/wards/31157_thoi_long.geojson
31162,Phường Phước Thới,92,Thành phố Cần Thơ,https://raw.githubusercontent.com/thanglequoc/vietnamese-provinces-database/master/json/geojson/92_can_tho/wards/31162_phuoc_thoi.geojson
31168,Phường Bình Thuỷ,92,Thành phố Cần Thơ,https://raw.githubusercontent.com/thanglequoc/vietnamese-provinces-database/master/json/geojson/92_can_tho/wards/31168_binh_thuy.geojson
31174,Phường Thới An Đông,92,Thành phố Cần Thơ,https://raw.githubusercontent.com/thanglequoc/vietnamese-provinces-database/master/json/geojson/92_can_tho/wards/31174_thoi_an_dong.geojson
31183,Phường Long Tuyền,92,Thành phố Cần Thơ,https://raw.githubusercontent.com/thanglequoc/vietnamese-provinces-database/master/json/geojson/92_can_tho/wards/31183_long_tuyen.geojson
31186,Phường Cái Răng,92,Thành phố Cần Thơ,https://raw.githubusercontent.com/thanglequoc/vietnamese-provinces-database/master/json/geojson/92_can_tho/wards/31186_cai_rang.geojson
31201,Phường Hưng Phú,92,Thành phố Cần Thơ,https://raw.githubusercontent.com/thanglequoc/vietnamese-provinces-database/master/json/geojson/92_can_tho/wards/31201_hung_phu.geojson
31207,Phường Thốt Nốt,92,Thành phố Cần Thơ,https://raw.githubusercontent.com/thanglequoc/vietnamese-provinces-database/master/json/geojson/92_can_tho/wards/31207_thot_not.geojson
31213,Phường Tân Lộc,92,Thành phố Cần Thơ,https://raw.githubusercontent.com/thanglequoc/vietnamese-provinces-database/master/json/geojson/92_can_tho/wards/31213_tan_loc.geojson
31217,Phường Trung Nhứt,92,Thành phố Cần Thơ,https://raw.githubusercontent.com/thanglequoc/vietnamese-provinces-database/master/json/geojson/92_can_tho/wards/31217_trung_nhut.geojson
31228,Phường Thuận Hưng,92,Thành phố Cần Thơ,https://raw.githubusercontent.com/thanglequoc/vietnamese-provinces-database/master/json/geojson/92_can_tho/wards/31228_thuan_hung.geojson
31231,Xã Thạnh An,92,Thành phố Cần Thơ,https://raw.githubusercontent.com/thanglequoc/vietnamese-provinces-database/master/json/geojson/92_can_tho/wards/31231_thanh_an.geojson
31232,Xã Vĩnh Thạnh,92,Thành phố Cần Thơ,https://raw.githubusercontent.com/thanglequoc/vietnamese-provinces-database/master/json/geojson/92_can_tho/wards/31232_vinh_thanh.geojson
31237,Xã Vĩnh Trinh,92,Thành phố Cần Thơ,https://raw.githubusercontent.com/thanglequoc/vietnamese-provinces-database/master/json/geojson/92_can_tho/wards/31237_vinh_trinh.geojson
31246,Xã Thạnh Quới,92,Thành phố Cần Thơ,https://raw.githubusercontent.com/thanglequoc/vietnamese-provinces-database/master/json/geojson/92_can_tho/wards/31246_thanh_quoi.geojson
31249,Xã Thạnh Phú,92,Thành phố Cần Thơ,https://raw.githubusercontent.com/thanglequoc/vietnamese-provinces-database/master/json/geojson/92_can_tho/wards/31249_thanh_phu.geojson
31255,Xã Trung Hưng,92,Thành phố Cần Thơ,https://raw.githubusercontent.com/thanglequoc/vietnamese-provinces-database/master/json/geojson/92_can_tho/wards/31255_trung_hung.geojson
31258,Xã Thới Lai,92,Thành phố Cần Thơ,https://raw.githubusercontent.com/thanglequoc/vietnamese-provinces-database/master/json/geojson/92_can_tho/wards/31258_thoi_lai.geojson
31261,Xã Cờ Đỏ,92,Thành phố Cần Thơ,https://raw.githubusercontent.com/thanglequoc/vietnamese-provinces-database/master/json/geojson/92_can_tho/wards/31261_co_do.geojson
31264,Xã Thới Hưng,92,Thành phố Cần Thơ,https://raw.githubusercontent.com/thanglequoc/vietnamese-provinces-database/master/json/geojson/92_can_tho/wards/31264_thoi_hung.geojson
31273,Xã Đông Hiệp,92,Thành phố Cần Thơ,https://raw.githubusercontent.com/thanglequoc/vietnamese-provinces-database/master/json/geojson/92_can_tho/wards/31273_dong_hiep.geojson
31282,Xã Đông Thuận,92,Thành phố Cần Thơ,https://raw.githubusercontent.com/thanglequoc/vietnamese-provinces-database/master/json/geojson/92_can_tho/wards/31282_dong_thuan.geojson
31288,Xã Trường Thành,92,Thành phố Cần Thơ,https://raw.githubusercontent.com/thanglequoc/vietnamese-provinces-database/master/json/geojson/92_can_tho/wards/31288_truong_thanh.geojson
31294,Xã Trường Xuân,92,Thành phố Cần Thơ,https://raw.githubusercontent.com/thanglequoc/vietnamese-provinces-database/master/json/geojson/92_can_tho/wards/31294_truong_xuan.geojson
31299,Xã Phong Điền,92,Thành phố Cần Thơ,https://raw.githubusercontent.com/thanglequoc/vietnamese-provinces-database/master/json/geojson/92_can_tho/wards/31299_phong_dien.geojson
31309,Xã Trường Long,92,Thành phố Cần Thơ,https://raw.githubusercontent.com/thanglequoc/vietnamese-provinces-database/master/json/geojson/92_can_tho/wards/31309_truong_long.geojson
31315,Xã Nhơn Ái,92,Thành phố Cần Thơ,https://raw.githubusercontent.com/thanglequoc/vietnamese-provinces-database/master/json/geojson/92_can_tho/wards/31315_nhon_ai.geojson
31321,Phường Vị Thanh,92,Thành phố Cần Thơ,https://raw.githubusercontent.com/thanglequoc/vietnamese-provinces-database/master/json/geojson/92_can_tho/wards/31321_vi_thanh.geojson
31333,Phường Vị Tân,92,Thành phố Cần Thơ,https://raw.githubusercontent.com/thanglequoc/vietnamese-provinces-database/master/json/geojson/92_can_tho/wards/31333_vi_tan.geojson
31338,Xã Hoả Lựu,92,Thành phố Cần Thơ,https://raw.githubusercontent.com/thanglequoc/vietnamese-provinces-database/master/json/geojson/92_can_tho/wards/31338_hoa_luu.geojson
31340,Phường Ngã Bảy,92,Thành phố Cần Thơ,https://raw.githubusercontent.com/thanglequoc/vietnamese-provinces-database/master/json/geojson/92_can_tho/wards/31340_nga_bay.geojson
31342,Xã Tân Hoà,92,Thành phố Cần Thơ,https://raw.githubusercontent.com/thanglequoc/vietnamese-provinces-database/master/json/geojson/92_can_tho/wards/31342_tan_hoa.geojson
31348,Xã Trường Long Tây,92,Thành phố Cần Thơ,https://raw.githubusercontent.com/thanglequoc/vietnamese-provinces-database/master/json/geojson/92_can_tho/wards/31348_truong_long_tay.geojson
31360,Xã Thạnh Xuân,92,Thành phố Cần Thơ,https://raw.githubusercontent.com/thanglequoc/vietnamese-provinces-database/master/json/geojson/92_can_tho/wards/31360_thanh_xuan.geojson
31366,Xã Châu Thành,92,Thành phố Cần Thơ,https://raw.githubusercontent.com/thanglequoc/vietnamese-provinces-database/master/json/geojson/92_can_tho/wards/31366_chau_thanh.geojson
31369,Xã Đông Phước,92,Thành phố Cần Thơ,https://raw.githubusercontent.com/thanglequoc/vietnamese-provinces-database/master/json/geojson/92_can_tho/wards/31369_dong_phuoc.geojson
31378,Xã Phú Hữu,92,Thành phố Cần Thơ,https://raw.githubusercontent.com/thanglequoc/vietnamese-provinces-database/master/json/geojson/92_can_tho/wards/31378_phu_huu.geojson
31393,Xã Hoà An,92,Thành phố Cần Thơ,https://raw.githubusercontent.com/thanglequoc/vietnamese-provinces-database/master/json/geojson/92_can_tho/wards/31393_hoa_an.geojson
31396,Xã Hiệp Hưng,92,Thành phố Cần Thơ,https://raw.githubusercontent.com/thanglequoc/vietnamese-provinces-database/master/json/geojson/92_can_tho/wards/31396_hiep_hung.geojson
31399,Xã Tân Bình,92,Thành phố Cần Thơ,https://raw.githubusercontent.com/thanglequoc/vietnamese-provinces-database/master/json/geojson/92_can_tho/wards/31399_tan_binh.geojson
31408,Xã Thạnh Hoà,92,Thành phố Cần Thơ,https://raw.githubusercontent.com/thanglequoc/vietnamese-provinces-database/master/json/geojson/92_can_tho/wards/31408_thanh_hoa.geojson
31411,Phường Đại Thành,92,Thành phố Cần Thơ,https://raw.githubusercontent.com/thanglequoc/vietnamese-provinces-database/master/json/geojson/92_can_tho/wards/31411_dai_thanh.geojson
31420,Xã Phụng Hiệp,92,Thành phố Cần Thơ,https://raw.githubusercontent.com/thanglequoc/vietnamese-provinces-database/master/json/geojson/92_can_tho/wards/31420_phung_hiep.geojson
31426,Xã Phương Bình,92,Thành phố Cần Thơ,https://raw.githubusercontent.com/thanglequoc/vietnamese-provinces-database/master/json/geojson/92_can_tho/wards/31426_phuong_binh.geojson
31432,Xã Tân Phước Hưng,92,Thành phố Cần Thơ,https://raw.githubusercontent.com/thanglequoc/vietnamese-provinces-database/master/json/geojson/92_can_tho/wards/31432_tan_phuoc_hung.geojson
31441,Xã Vị Thuỷ,92,Thành phố Cần Thơ,https://raw.githubusercontent.com/thanglequoc/vietnamese-provinces-database/master/json/geojson/92_can_tho/wards/31441_vi_thuy.geojson
31453,Xã Vĩnh Thuận Đông,92,Thành phố Cần Thơ,https://raw.githubusercontent.com/thanglequoc/vietnamese-provinces-database/master/json/geojson/92_can_tho/wards/31453_vinh_thuan_dong.geojson
31459,Xã Vĩnh Tường,92,Thành phố Cần Thơ,https://raw.githubusercontent.com/thanglequoc/vietnamese-provinces-database/master/json/geojson/92_can_tho/wards/31459_vinh_tuong.geojson
31465,Xã Vị Thanh 1,92,Thành phố Cần Thơ,https://raw.githubusercontent.com/thanglequoc/vietnamese-provinces-database/master/json/geojson/92_can_tho/wards/31465_vi_thanh_1.geojson
31471,Phường Long Mỹ,92,Thành phố Cần Thơ,https://raw.githubusercontent.com/thanglequoc/vietnamese-provinces-database/master/json/geojson/92_can_tho/wards/31471_long_my.geojson
31473,Phường Long Bình,92,Thành phố Cần Thơ,https://raw.githubusercontent.com/thanglequoc/vietnamese-provinces-database/master/json/geojson/92_can_tho/wards/31473_long_binh.geojson
31480,Phường Long Phú 1,92,Thành phố Cần Thơ,https://raw.githubusercontent.com/thanglequoc/vietnamese-provinces-database/master/json/geojson/92_can_tho/wards/31480_long_phu_1.geojson
31489,Xã Vĩnh Viễn,92,Thành phố Cần Thơ,https://raw.githubusercontent.com/thanglequoc/vietnamese-provinces-database/master/json/geojson/92_can_tho/wards/31489_vinh_vien.geojson
31492,Xã Lương Tâm,92,Thành phố Cần Thơ,https://raw.githubusercontent.com/thanglequoc/vietnamese-provinces-database/master/json/geojson/92_can_tho/wards/31492_luong_tam.geojson
31495,Xã Xà Phiên,92,Thành phố Cần Thơ,https://raw.githubusercontent.com/thanglequoc/vietnamese-provinces-database/master/json/geojson/92_can_tho/wards/31495_xa_phien.geojson
31507,Phường Sóc Trăng,92,Thành phố Cần Thơ,https://raw.githubusercontent.com/thanglequoc/vietnamese-provinces-database/master/json/geojson/92_can_tho/wards/31507_soc_trang.geojson
31510,Phường Phú Lợi,92,Thành phố Cần Thơ,https://raw.githubusercontent.com/thanglequoc/vietnamese-provinces-database/master/json/geojson/92_can_tho/wards/31510_phu_loi.geojson
31528,Xã Kế Sách,92,Thành phố Cần Thơ,https://raw.githubusercontent.com/thanglequoc/vietnamese-provinces-database/master/json/geojson/92_can_tho/wards/31528_ke_sach.geojson
31531,Xã An Lạc Thôn,92,Thành phố Cần Thơ,https://raw.githubusercontent.com/thanglequoc/vietnamese-provinces-database/master/json/geojson/92_can_tho/wards/31531_an_lac_thon.geojson
31537,Xã Phong Nẫm,92,Thành phố Cần Thơ,https://raw.githubusercontent.com/thanglequoc/vietnamese-provinces-database/master/json/geojson/92_can_tho/wards/31537_phong_nam.geojson
31540,Xã Thới An Hội,92,Thành phố Cần Thơ,https://raw.githubusercontent.com/thanglequoc/vietnamese-provinces-database/master/json/geojson/92_can_tho/wards/31540_thoi_an_hoi.geojson
31552,Xã Nhơn Mỹ,92,Thành phố Cần Thơ,https://raw.githubusercontent.com/thanglequoc/vietnamese-provinces-database/master/json/geojson/92_can_tho/wards/31552_nhon_my.geojson
31561,Xã Đại Hải,92,Thành phố Cần Thơ,https://raw.githubusercontent.com/thanglequoc/vietnamese-provinces-database/master/json/geojson/92_can_tho/wards/31561_dai_hai.geojson
31567,Xã Mỹ Tú,92,Thành phố Cần Thơ,https://raw.githubusercontent.com/thanglequoc/vietnamese-provinces-database/master/json/geojson/92_can_tho/wards/31567_my_tu.geojson
31569,Xã Phú Tâm,92,Thành phố Cần Thơ,https://raw.githubusercontent.com/thanglequoc/vietnamese-provinces-database/master/json/geojson/92_can_tho/wards/31569_phu_tam.geojson
31570,Xã Hồ Đắc Kiện,92,Thành phố Cần Thơ,https://raw.githubusercontent.com/thanglequoc/vietnamese-provinces-database/master/json/geojson/92_can_tho/wards/31570_ho_dac_kien.geojson
31579,Xã Long Hưng,92,Thành phố Cần Thơ,https://raw.githubusercontent.com/thanglequoc/vietnamese-provinces-database/master/json/geojson/92_can_tho/wards/31579_long_hung.geojson
31582,Xã Thuận Hoà,92,Thành phố Cần Thơ,https://raw.githubusercontent.com/thanglequoc/vietnamese-provinces-database/master/json/geojson/92_can_tho/wards/31582_thuan_hoa.geojson
31591,Xã Mỹ Hương,92,Thành phố Cần Thơ,https://raw.githubusercontent.com/thanglequoc/vietnamese-provinces-database/master/json/geojson/92_can_tho/wards/31591_my_huong.geojson
31594,Xã An Ninh,92,Thành phố Cần Thơ,https://raw.githubusercontent.com/thanglequoc/vietnamese-provinces-database/master/json/geojson/92_can_tho/wards/31594_an_ninh.geojson
31603,Xã Mỹ Phước,92,Thành phố Cần Thơ,https://raw.githubusercontent.com/thanglequoc/vietnamese-provinces-database/master/json/geojson/92_can_tho/wards/31603_my_phuoc.geojson
31615,Xã An Thạnh,92,Thành phố Cần Thơ,https://raw.githubusercontent.com/thanglequoc/vietnamese-provinces-database/master/json/geojson/92_can_tho/wards/31615_an_thanh.geojson
31633,Xã Cù Lao Dung,92,Thành phố Cần Thơ,https://raw.githubusercontent.com/thanglequoc/vietnamese-provinces-database/master/json/geojson/92_can_tho/wards/31633_cu_lao_dung.geojson
31639,Xã Long Phú,92,Thành phố Cần Thơ,https://raw.githubusercontent.com/thanglequoc/vietnamese-provinces-database/master/json/geojson/92_can_tho/wards/31639_long_phu.geojson
31645,Xã Đại Ngãi,92,Thành phố Cần Thơ,https://raw.githubusercontent.com/thanglequoc/vietnamese-provinces-database/master/json/geojson/92_can_tho/wards/31645_dai_ngai.geojson
31654,Xã Trường Khánh,92,Thành phố Cần Thơ,https://raw.githubusercontent.com/thanglequoc/vietnamese-provinces-database/master/json/geojson/92_can_tho/wards/31654_truong_khanh.geojson
31666,Xã Tân Thạnh,92,Thành phố Cần Thơ,https://raw.githubusercontent.com/thanglequoc/vietnamese-provinces-database/master/json/geojson/92_can_tho/wards/31666_tan_thanh.geojson
31673,Xã Trần Đề,92,Thành phố Cần Thơ,https://raw.githubusercontent.com/thanglequoc/vietnamese-provinces-database/master/json/geojson/92_can_tho/wards/31673_tran_de.geojson
31675,Xã Liêu Tú,92,Thành phố Cần Thơ,https://raw.githubusercontent.com/thanglequoc/vietnamese-provinces-database/master/json/geojson/92_can_tho/wards/31675_lieu_tu.geojson
31679,Xã Lịch Hội Thượng,92,Thành phố Cần Thơ,https://raw.githubusercontent.com/thanglequoc/vietnamese-provinces-database/master/json/geojson/92_can_tho/wards/31679_lich_hoi_thuong.geojson
31684,Phường Mỹ Xuyên,92,Thành phố Cần Thơ,https://raw.githubusercontent.com/thanglequoc/vietnamese-provinces-database/master/json/geojson/92_can_tho/wards/31684_my_xuyen.geojson
31687,Xã Tài Văn,92,Thành phố Cần Thơ,https://raw.githubusercontent.com/thanglequoc/vietnamese-provinces-database/master/json/geojson/92_can_tho/wards/31687_tai_van.geojson
31699,Xã Thạnh Thới An,92,Thành phố Cần Thơ,https://raw.githubusercontent.com/thanglequoc/vietnamese-provinces-database/master/json/geojson/92_can_tho/wards/31699_thanh_thoi_an.geojson
31708,Xã Nhu Gia,92,Thành phố Cần Thơ,https://raw.githubusercontent.com/thanglequoc/vietnamese-provinces-database/master/json/geojson/92_can_tho/wards/31708_nhu_gia.geojson
31717,Xã Hoà Tú,92,Thành phố Cần Thơ,https://raw.githubusercontent.com/thanglequoc/vietnamese-provinces-database/master/json/geojson/92_can_tho/wards/31717_hoa_tu.geojson
31723,Xã Ngọc Tố,92,Thành phố Cần Thơ,https://raw.githubusercontent.com/thanglequoc/vietnamese-provinces-database/master/json/geojson/92_can_tho/wards/31723_ngoc_to.geojson
31726,Xã Gia Hoà,92,Thành phố Cần Thơ,https://raw.githubusercontent.com/thanglequoc/vietnamese-provinces-database/master/json/geojson/92_can_tho/wards/31726_gia_hoa.geojson
31732,Phường Ngã Năm,92,Thành phố Cần Thơ,https://raw.githubusercontent.com/thanglequoc/vietnamese-provinces-database/master/json/geojson/92_can_tho/wards/31732_nga_nam.geojson
31741,Xã Tân Long,92,Thành phố Cần Thơ,https://raw.githubusercontent.com/thanglequoc/vietnamese-provinces-database/master/json/geojson/92_can_tho/wards/31741_tan_long.geojson
31753,Phường Mỹ Quới,92,Thành phố Cần Thơ,https://raw.githubusercontent.com/thanglequoc/vietnamese-provinces-database/master/json/geojson/92_can_tho/wards/31753_my_quoi.geojson
31756,Xã Phú Lộc,92,Thành phố Cần Thơ,https://raw.githubusercontent.com/thanglequoc/vietnamese-provinces-database/master/json/geojson/92_can_tho/wards/31756_phu_loc.geojson
31759,Xã Lâm Tân,92,Thành phố Cần Thơ,https://raw.githubusercontent.com/thanglequoc/vietnamese-provinces-database/master/json/geojson/92_can_tho/wards/31759_lam_tan.geojson
31777,Xã Vĩnh Lợi,92,Thành phố Cần Thơ,https://raw.githubusercontent.com/thanglequoc/vietnamese-provinces-database/master/json/geojson/92_can_tho/wards/31777_vinh_loi.geojson
31783,Phường Vĩnh Châu,92,Thành phố Cần Thơ,https://raw.githubusercontent.com/thanglequoc/vietnamese-provinces-database/master/json/geojson/92_can_tho/wards/31783_vinh_chau.geojson
31789,Phường Khánh Hoà,92,Thành phố Cần Thơ,https://raw.githubusercontent.com/thanglequoc/vietnamese-provinces-database/master/json/geojson/92_can_tho/wards/31789_khanh_hoa.geojson
31795,Xã Vĩnh Hải,92,Thành phố Cần Thơ,https://raw.githubusercontent.com/thanglequoc/vietnamese-provinces-database/master/json/geojson/92_can_tho/wards/31795_vinh_hai.geojson
31804,Phường Vĩnh Phước,92,Thành phố Cần Thơ,https://raw.githubusercontent.com/thanglequoc/vietnamese-provinces-database/master/json/geojson/92_can_tho/wards/31804_vinh_phuoc.geojson
31810,Xã Lai Hoà,92,Thành phố Cần Thơ,https://raw.githubusercontent.com/thanglequoc/vietnamese-provinces-database/master/json/geojson/92_can_tho/wards/31810_lai_hoa.geojson
31825,Phường Bạc Liêu,96,Tỉnh Cà Mau,https://raw.githubusercontent.com/thanglequoc/vietnamese-provinces-database/master/json/geojson/96_ca_mau/wards/31825_bac_lieu.geojson
31834,Phường Vĩnh Trạch,96,Tỉnh Cà Mau,https://raw.githubusercontent.com/thanglequoc/vietnamese-provinces-database/master/json/geojson/96_ca_mau/wards/31834_vinh_trach.geojson
31840,Phường Hiệp Thành,96,Tỉnh Cà Mau,https://raw.githubusercontent.com/thanglequoc/vietnamese-provinces-database/master/json/geojson/96_ca_mau/wards/31840_hiep_thanh.geojson
31843,Xã Hồng Dân,96,Tỉnh Cà Mau,https://raw.githubusercontent.com/thanglequoc/vietnamese-provinces-database/master/json/geojson/96_ca_mau/wards/31843_hong_dan.geojson
31849,Xã Ninh Quới,96,Tỉnh Cà Mau,https://raw.githubusercontent.com/thanglequoc/vietnamese-provinces-database/master/json/geojson/96_ca_mau/wards/31849_ninh_quoi.geojson
31858,Xã Vĩnh Lộc,96,Tỉnh Cà Mau,https://raw.githubusercontent.com/thanglequoc/vietnamese-provinces-database/master/json/geojson/96_ca_mau/wards/31858_vinh_loc.geojson
31864,Xã Ninh Thạnh Lợi,96,Tỉnh Cà Mau,https://raw.githubusercontent.com/thanglequoc/vietnamese-provinces-database/master/json/geojson/96_ca_mau/wards/31864_ninh_thanh_loi.geojson
31867,Xã Phước Long,96,Tỉnh Cà Mau,https://raw.githubusercontent.com/thanglequoc/vietnamese-provinces-database/master/json/geojson/96_ca_mau/wards/31867_phuoc_long.geojson
31876,Xã Vĩnh Phước,96,Tỉnh Cà Mau,https://raw.githubusercontent.com/thanglequoc/vietnamese-provinces-database/master/json/geojson/96_ca_mau/wards/31876_vinh_phuoc.geojson
31882,Xã Vĩnh Thanh,96,Tỉnh Cà Mau,https://raw.githubusercontent.com/thanglequoc/vietnamese-provinces-database/master/json/geojson/96_ca_mau/wards/31882_vinh_thanh.geojson
31885,Xã Phong Hiệp,96,Tỉnh Cà Mau,https://raw.githubusercontent.com/thanglequoc/vietnamese-provinces-database/master/json/geojson/96_ca_mau/wards/31885_phong_hiep.geojson
31891,Xã Hoà Bình,96,Tỉnh Cà Mau,https://raw.githubusercontent.com/thanglequoc/vietnamese-provinces-database/master/json/geojson/96_ca_mau/wards/31891_hoa_binh.geojson
31894,Xã Châu Thới,96,Tỉnh Cà Mau,https://raw.githubusercontent.com/thanglequoc/vietnamese-provinces-database/master/json/geojson/96_ca_mau/wards/31894_chau_thoi.geojson
31900,Xã Vĩnh Lợi,96,Tỉnh Cà Mau,https://raw.githubusercontent.com/thanglequoc/vietnamese-provinces-database/master/json/geojson/96_ca_mau/wards/31900_vinh_loi.geojson
31906,Xã Hưng Hội,96,Tỉnh Cà Mau,https://raw.githubusercontent.com/thanglequoc/vietnamese-provinces-database/master/json/geojson/96_ca_mau/wards/31906_hung_hoi.geojson
31918,Xã Vĩnh Mỹ,96,Tỉnh Cà Mau,https://raw.githubusercontent.com/thanglequoc/vietnamese-provinces-database/master/json/geojson/96_ca_mau/wards/31918_vinh_my.geojson
31927,Xã Vĩnh Hậu,96,Tỉnh Cà Mau,https://raw.githubusercontent.com/thanglequoc/vietnamese-provinces-database/master/json/geojson/96_ca_mau/wards/31927_vinh_hau.geojson
31942,Phường Giá Rai,96,Tỉnh Cà Mau,https://raw.githubusercontent.com/thanglequoc/vietnamese-provinces-database/master/json/geojson/96_ca_mau/wards/31942_gia_rai.geojson
31951,Phường Láng Tròn,96,Tỉnh Cà Mau,https://raw.githubusercontent.com/thanglequoc/vietnamese-provinces-database/master/json/geojson/96_ca_mau/wards/31951_lang_tron.geojson
31957,Xã Phong Thạnh,96,Tỉnh Cà Mau,https://raw.githubusercontent.com/thanglequoc/vietnamese-provinces-database/master/json/geojson/96_ca_mau/wards/31957_phong_thanh.geojson
31972,Xã Gành Hào,96,Tỉnh Cà Mau,https://raw.githubusercontent.com/thanglequoc/vietnamese-provinces-database/master/json/geojson/96_ca_mau/wards/31972_ganh_hao.geojson
31975,Xã Đông Hải,96,Tỉnh Cà Mau,https://raw.githubusercontent.com/thanglequoc/vietnamese-provinces-database/master/json/geojson/96_ca_mau/wards/31975_dong_hai.geojson
31985,Xã Long Điền,96,Tỉnh Cà Mau,https://raw.githubusercontent.com/thanglequoc/vietnamese-provinces-database/master/json/geojson/96_ca_mau/wards/31985_long_dien.geojson
31988,Xã An Trạch,96,Tỉnh Cà Mau,https://raw.githubusercontent.com/thanglequoc/vietnamese-provinces-database/master/json/geojson/96_ca_mau/wards/31988_an_trach.geojson
31993,Xã Định Thành,96,Tỉnh Cà Mau,https://raw.githubusercontent.com/thanglequoc/vietnamese-provinces-database/master/json/geojson/96_ca_mau/wards/31993_dinh_thanh.geojson
32002,Phường An Xuyên,96,Tỉnh Cà Mau,https://raw.githubusercontent.com/thanglequoc/vietnamese-provinces-database/master/json/geojson/96_ca_mau/wards/32002_an_xuyen.geojson
32014,Phường Lý Văn Lâm,96,Tỉnh Cà Mau,https://raw.githubusercontent.com/thanglequoc/vietnamese-provinces-database/master/json/geojson/96_ca_mau/wards/32014_ly_van_lam.geojson
32025,Phường Tân Thành,96,Tỉnh Cà Mau,https://raw.githubusercontent.com/thanglequoc/vietnamese-provinces-database/master/json/geojson/96_ca_mau/wards/32025_tan_thanh.geojson
32041,Phường Hoà Thành,96,Tỉnh Cà Mau,https://raw.githubusercontent.com/thanglequoc/vietnamese-provinces-database/master/json/geojson/96_ca_mau/wards/32041_hoa_thanh.geojson
32044,Xã Nguyễn Phích,96,Tỉnh Cà Mau,https://raw.githubusercontent.com/thanglequoc/vietnamese-provinces-database/master/json/geojson/96_ca_mau/wards/32044_nguyen_phich.geojson
32047,Xã U Minh,96,Tỉnh Cà Mau,https://raw.githubusercontent.com/thanglequoc/vietnamese-provinces-database/master/json/geojson/96_ca_mau/wards/32047_u_minh.geojson
32059,Xã Khánh An,96,Tỉnh Cà Mau,https://raw.githubusercontent.com/thanglequoc/vietnamese-provinces-database/master/json/geojson/96_ca_mau/wards/32059_khanh_an.geojson
32062,Xã Khánh Lâm,96,Tỉnh Cà Mau,https://raw.githubusercontent.com/thanglequoc/vietnamese-provinces-database/master/json/geojson/96_ca_mau/wards/32062_khanh_lam.geojson
32065,Xã Thới Bình,96,Tỉnh Cà Mau,https://raw.githubusercontent.com/thanglequoc/vietnamese-provinces-database/master/json/geojson/96_ca_mau/wards/32065_thoi_binh.geojson
32069,Xã Biển Bạch,96,Tỉnh Cà Mau,https://raw.githubusercontent.com/thanglequoc/vietnamese-provinces-database/master/json/geojson/96_ca_mau/wards/32069_bien_bach.geojson
32071,Xã Trí Phải,96,Tỉnh Cà Mau,https://raw.githubusercontent.com/thanglequoc/vietnamese-provinces-database/master/json/geojson/96_ca_mau/wards/32071_tri_phai.geojson
32083,Xã Tân Lộc,96,Tỉnh Cà Mau,https://raw.githubusercontent.com/thanglequoc/vietnamese-provinces-database/master/json/geojson/96_ca_mau/wards/32083_tan_loc.geojson
32092,Xã Hồ Thị Kỷ,96,Tỉnh Cà Mau,https://raw.githubusercontent.com/thanglequoc/vietnamese-provinces-database/master/json/geojson/96_ca_mau/wards/32092_ho_thi_ky.geojson
32095,Xã Trần Văn Thời,96,Tỉnh Cà Mau,https://raw.githubusercontent.com/thanglequoc/vietnamese-provinces-database/master/json/geojson/96_ca_mau/wards/32095_tran_van_thoi.geojson
32098,Xã Sông Đốc,96,Tỉnh Cà Mau,https://raw.githubusercontent.com/thanglequoc/vietnamese-provinces-database/master/json/geojson/96_ca_mau/wards/32098_song_doc.geojson
32104,Xã Đá Bạc,96,Tỉnh Cà Mau,https://raw.githubusercontent.com/thanglequoc/vietnamese-provinces-database/master/json/geojson/96_ca_mau/wards/32104_da_bac.geojson
32110,Xã Khánh Bình,96,Tỉnh Cà Mau,https://raw.githubusercontent.com/thanglequoc/vietnamese-provinces-database/master/json/geojson/96_ca_mau/wards/32110_khanh_binh.geojson
32119,Xã Khánh Hưng,96,Tỉnh Cà Mau,https://raw.githubusercontent.com/thanglequoc/vietnamese-provinces-database/master/json/geojson/96_ca_mau/wards/32119_khanh_hung.geojson
32128,Xã Cái Nước,96,Tỉnh Cà Mau,https://raw.githubusercontent.com/thanglequoc/vietnamese-provinces-database/master/json/geojson/96_ca_mau/wards/32128_cai_nuoc.geojson
32134,Xã Lương Thế Trân,96,Tỉnh Cà Mau,https://raw.githubusercontent.com/thanglequoc/vietnamese-provinces-database/master/json/geojson/96_ca_mau/wards/32134_luong_the_tran.geojson
32137,Xã Tân Hưng,96,Tỉnh Cà Mau,https://raw.githubusercontent.com/thanglequoc/vietnamese-provinces-database/master/json/geojson/96_ca_mau/wards/32137_tan_hung.geojson
32140,Xã Hưng Mỹ,96,Tỉnh Cà Mau,https://raw.githubusercontent.com/thanglequoc/vietnamese-provinces-database/master/json/geojson/96_ca_mau/wards/32140_hung_my.geojson
32152,Xã Đầm Dơi,96,Tỉnh Cà Mau,https://raw.githubusercontent.com/thanglequoc/vietnamese-provinces-database/master/json/geojson/96_ca_mau/wards/32152_dam_doi.geojson
32155,Xã Tạ An Khương,96,Tỉnh Cà Mau,https://raw.githubusercontent.com/thanglequoc/vietnamese-provinces-database/master/json/geojson/96_ca_mau/wards/32155_ta_an_khuong.geojson
32161,Xã Trần Phán,96,Tỉnh Cà Mau,https://raw.githubusercontent.com/thanglequoc/vietnamese-provinces-database/master/json/geojson/96_ca_mau/wards/32161_tran_phan.geojson
32167,Xã Tân Thuận,96,Tỉnh Cà Mau,https://raw.githubusercontent.com/thanglequoc/vietnamese-provinces-database/master/json/geojson/96_ca_mau/wards/32167_tan_thuan.geojson
32182,Xã Quách Phẩm,96,Tỉnh Cà Mau,https://raw.githubusercontent.com/thanglequoc/vietnamese-provinces-database/master/json/geojson/96_ca_mau/wards/32182_quach_pham.geojson
32185,Xã Thanh Tùng,96,Tỉnh Cà Mau,https://raw.githubusercontent.com/thanglequoc/vietnamese-provinces-database/master/json/geojson/96_ca_mau/wards/32185_thanh_tung.geojson
32188,Xã Tân Tiến,96,Tỉnh Cà Mau,https://raw.githubusercontent.com/thanglequoc/vietnamese-provinces-database/master/json/geojson/96_ca_mau/wards/32188_tan_tien.geojson
32191,Xã Năm Căn,96,Tỉnh Cà Mau,https://raw.githubusercontent.com/thanglequoc/vietnamese-provinces-database/master/json/geojson/96_ca_mau/wards/32191_nam_can.geojson
32201,Xã Đất Mới,96,Tỉnh Cà Mau,https://raw.githubusercontent.com/thanglequoc/vietnamese-provinces-database/master/json/geojson/96_ca_mau/wards/32201_dat_moi.geojson
32206,Xã Tam Giang,96,Tỉnh Cà Mau,https://raw.githubusercontent.com/thanglequoc/vietnamese-provinces-database/master/json/geojson/96_ca_mau/wards/32206_tam_giang.geojson
32212,Xã Cái Đôi Vàm,96,Tỉnh Cà Mau,https://raw.githubusercontent.com/thanglequoc/vietnamese-provinces-database/master/json/geojson/96_ca_mau/wards/32212_cai_doi_vam.geojson
32214,Xã Phú Mỹ,96,Tỉnh Cà Mau,https://raw.githubusercontent.com/thanglequoc/vietnamese-provinces-database/master/json/geojson/96_ca_mau/wards/32214_phu_my.geojson
32218,Xã Phú Tân,96,Tỉnh Cà Mau,https://raw.githubusercontent.com/thanglequoc/vietnamese-provinces-database/master/json/geojson/96_ca_mau/wards/32218_phu_tan.geojson
32227,Xã Nguyễn Việt Khái,96,Tỉnh Cà Mau,https://raw.githubusercontent.com/thanglequoc/vietnamese-provinces-database/master/json/geojson/96_ca_mau/wards/32227_nguyen_viet_khai.geojson
32236,Xã Tân Ân,96,Tỉnh Cà Mau,https://raw.githubusercontent.com/thanglequoc/vietnamese-provinces-database/master/json/geojson/96_ca_mau/wards/32236_tan_an.geojson
32244,Xã Phan Ngọc Hiển,96,Tỉnh Cà Mau,https://raw.githubusercontent.com/thanglequoc/vietnamese-provinces-database/master/json/geojson/96_ca_mau/wards/32244_phan_ngoc_hien.geojson
32248,Xã Đất Mũi,96,Tỉnh Cà Mau,https://raw.githubusercontent.com/thanglequoc/vietnamese-provinces-database/master/json/geojson/96_ca_mau/wards/32248_dat_mui.geojson
