{"type":"FeatureCollection","name":"01_ha_noi_communes_attributes","metadata":{"province_code":"01","province_name":"Hà Nội","feature_count":126,"geometry":null,"join_key":"commune_code"},"features":[{"type":"Feature","id":"00004","properties":{"commune_code":"00004","commune_name":"Ba Đình","commune_name_en":"Ba Dinh","commune_full_name":"Phường Ba Đình","commune_full_name_en":"Ba Dinh Ward","commune_slug":"ba_dinh","unit_type":"Phường","unit_type_en":"Ward","admin_level":2,"province_code":"01","province_name":"Hà Nội","province_full_name":"Thành phố Hà Nội","province_slug":"ha_noi","join_key":"00004","status":"active","dataset_effective_date":"2026-04-30","catalog_version":"2026-07-12","geometry_status":"not_embedded_boundary_available_by_url","boundary_source_url":"https://raw.githubusercontent.com/thanglequoc/vietnamese-provinces-database/master/json/geojson/01_ha_noi/wards/00004_ba_dinh.geojson","boundary_source_page":"https://github.com/thanglequoc/vietnamese-provinces-database/blob/master/json/geojson/01_ha_noi/wards/00004_ba_dinh.geojson","source_catalog":"https://github.com/thanglequoc/vietnamese-provinces-database"},"geometry":null},{"type":"Feature","id":"00008","properties":{"commune_code":"00008","commune_name":"Ngọc Hà","commune_name_en":"Ngoc Ha","commune_full_name":"Phường Ngọc Hà","commune_full_name_en":"Ngoc Ha Ward","commune_slug":"ngoc_ha","unit_type":"Phường","unit_type_en":"Ward","admin_level":2,"province_code":"01","province_name":"Hà Nội","province_full_name":"Thành phố Hà Nội","province_slug":"ha_noi","join_key":"00008","status":"active","dataset_effective_date":"2026-04-30","catalog_version":"2026-07-12","geometry_status":"not_embedded_boundary_available_by_url","boundary_source_url":"https://raw.githubusercontent.com/thanglequoc/vietnamese-provinces-database/master/json/geojson/01_ha_noi/wards/00008_ngoc_ha.geojson","boundary_source_page":"https://github.com/thanglequoc/vietnamese-provinces-database/blob/master/json/geojson/01_ha_noi/wards/00008_ngoc_ha.geojson","source_catalog":"https://github.com/thanglequoc/vietnamese-provinces-database"},"geometry":null},{"type":"Feature","id":"00025","properties":{"commune_code":"00025","commune_name":"Giảng Võ","commune_name_en":"Giang Vo","commune_full_name":"Phường Giảng Võ","commune_full_name_en":"Giang Vo Ward","commune_slug":"giang_vo","unit_type":"Phường","unit_type_en":"Ward","admin_level":2,"province_code":"01","province_name":"Hà Nội","province_full_name":"Thành phố Hà Nội","province_slug":"ha_noi","join_key":"00025","status":"active","dataset_effective_date":"2026-04-30","catalog_version":"2026-07-12","geometry_status":"not_embedded_boundary_available_by_url","boundary_source_url":"https://raw.githubusercontent.com/thanglequoc/vietnamese-provinces-database/master/json/geojson/01_ha_noi/wards/00025_giang_vo.geojson","boundary_source_page":"https://github.com/thanglequoc/vietnamese-provinces-database/blob/master/json/geojson/01_ha_noi/wards/00025_giang_vo.geojson","source_catalog":"https://github.com/thanglequoc/vietnamese-provinces-database"},"geometry":null},{"type":"Feature","id":"00070","properties":{"commune_code":"00070","commune_name":"Hoàn Kiếm","commune_name_en":"Hoan Kiem","commune_full_name":"Phường Hoàn Kiếm","commune_full_name_en":"Hoan Kiem Ward","commune_slug":"hoan_kiem","unit_type":"Phường","unit_type_en":"Ward","admin_level":2,"province_code":"01","province_name":"Hà Nội","province_full_name":"Thành phố Hà Nội","province_slug":"ha_noi","join_key":"00070","status":"active","dataset_effective_date":"2026-04-30","catalog_version":"2026-07-12","geometry_status":"not_embedded_boundary_available_by_url","boundary_source_url":"https://raw.githubusercontent.com/thanglequoc/vietnamese-provinces-database/master/json/geojson/01_ha_noi/wards/00070_hoan_kiem.geojson","boundary_source_page":"https://github.com/thanglequoc/vietnamese-provinces-database/blob/master/json/geojson/01_ha_noi/wards/00070_hoan_kiem.geojson","source_catalog":"https://github.com/thanglequoc/vietnamese-provinces-database"},"geometry":null},{"type":"Feature","id":"00082","properties":{"commune_code":"00082","commune_name":"Cửa Nam","commune_name_en":"Cua Nam","commune_full_name":"Phường Cửa Nam","commune_full_name_en":"Cua Nam Ward","commune_slug":"cua_nam","unit_type":"Phường","unit_type_en":"Ward","admin_level":2,"province_code":"01","province_name":"Hà Nội","province_full_name":"Thành phố Hà Nội","province_slug":"ha_noi","join_key":"00082","status":"active","dataset_effective_date":"2026-04-30","catalog_version":"2026-07-12","geometry_status":"not_embedded_boundary_available_by_url","boundary_source_url":"https://raw.githubusercontent.com/thanglequoc/vietnamese-provinces-database/master/json/geojson/01_ha_noi/wards/00082_cua_nam.geojson","boundary_source_page":"https://github.com/thanglequoc/vietnamese-provinces-database/blob/master/json/geojson/01_ha_noi/wards/00082_cua_nam.geojson","source_catalog":"https://github.com/thanglequoc/vietnamese-provinces-database"},"geometry":null},{"type":"Feature","id":"00091","properties":{"commune_code":"00091","commune_name":"Phú Thượng","commune_name_en":"Phu Thuong","commune_full_name":"Phường Phú Thượng","commune_full_name_en":"Phu Thuong Ward","commune_slug":"phu_thuong","unit_type":"Phường","unit_type_en":"Ward","admin_level":2,"province_code":"01","province_name":"Hà Nội","province_full_name":"Thành phố Hà Nội","province_slug":"ha_noi","join_key":"00091","status":"active","dataset_effective_date":"2026-04-30","catalog_version":"2026-07-12","geometry_status":"not_embedded_boundary_available_by_url","boundary_source_url":"https://raw.githubusercontent.com/thanglequoc/vietnamese-provinces-database/master/json/geojson/01_ha_noi/wards/00091_phu_thuong.geojson","boundary_source_page":"https://github.com/thanglequoc/vietnamese-provinces-database/blob/master/json/geojson/01_ha_noi/wards/00091_phu_thuong.geojson","source_catalog":"https://github.com/thanglequoc/vietnamese-provinces-database"},"geometry":null},{"type":"Feature","id":"00097","properties":{"commune_code":"00097","commune_name":"Hồng Hà","commune_name_en":"Hong Ha","commune_full_name":"Phường Hồng Hà","commune_full_name_en":"Hong Ha Ward","commune_slug":"hong_ha","unit_type":"Phường","unit_type_en":"Ward","admin_level":2,"province_code":"01","province_name":"Hà Nội","province_full_name":"Thành phố Hà Nội","province_slug":"ha_noi","join_key":"00097","status":"active","dataset_effective_date":"2026-04-30","catalog_version":"2026-07-12","geometry_status":"not_embedded_boundary_available_by_url","boundary_source_url":"https://raw.githubusercontent.com/thanglequoc/vietnamese-provinces-database/master/json/geojson/01_ha_noi/wards/00097_hong_ha.geojson","boundary_source_page":"https://github.com/thanglequoc/vietnamese-provinces-database/blob/master/json/geojson/01_ha_noi/wards/00097_hong_ha.geojson","source_catalog":"https://github.com/thanglequoc/vietnamese-provinces-database"},"geometry":null},{"type":"Feature","id":"00103","properties":{"commune_code":"00103","commune_name":"Tây Hồ","commune_name_en":"Tay Ho","commune_full_name":"Phường Tây Hồ","commune_full_name_en":"Tay Ho Ward","commune_slug":"tay_ho","unit_type":"Phường","unit_type_en":"Ward","admin_level":2,"province_code":"01","province_name":"Hà Nội","province_full_name":"Thành phố Hà Nội","province_slug":"ha_noi","join_key":"00103","status":"active","dataset_effective_date":"2026-04-30","catalog_version":"2026-07-12","geometry_status":"not_embedded_boundary_available_by_url","boundary_source_url":"https://raw.githubusercontent.com/thanglequoc/vietnamese-provinces-database/master/json/geojson/01_ha_noi/wards/00103_tay_ho.geojson","boundary_source_page":"https://github.com/thanglequoc/vietnamese-provinces-database/blob/master/json/geojson/01_ha_noi/wards/00103_tay_ho.geojson","source_catalog":"https://github.com/thanglequoc/vietnamese-provinces-database"},"geometry":null},{"type":"Feature","id":"00118","properties":{"commune_code":"00118","commune_name":"Bồ Đề","commune_name_en":"Bo De","commune_full_name":"Phường Bồ Đề","commune_full_name_en":"Bo De Ward","commune_slug":"bo_de","unit_type":"Phường","unit_type_en":"Ward","admin_level":2,"province_code":"01","province_name":"Hà Nội","province_full_name":"Thành phố Hà Nội","province_slug":"ha_noi","join_key":"00118","status":"active","dataset_effective_date":"2026-04-30","catalog_version":"2026-07-12","geometry_status":"not_embedded_boundary_available_by_url","boundary_source_url":"https://raw.githubusercontent.com/thanglequoc/vietnamese-provinces-database/master/json/geojson/01_ha_noi/wards/00118_bo_de.geojson","boundary_source_page":"https://github.com/thanglequoc/vietnamese-provinces-database/blob/master/json/geojson/01_ha_noi/wards/00118_bo_de.geojson","source_catalog":"https://github.com/thanglequoc/vietnamese-provinces-database"},"geometry":null},{"type":"Feature","id":"00127","properties":{"commune_code":"00127","commune_name":"Việt Hưng","commune_name_en":"Viet Hung","commune_full_name":"Phường Việt Hưng","commune_full_name_en":"Viet Hung Ward","commune_slug":"viet_hung","unit_type":"Phường","unit_type_en":"Ward","admin_level":2,"province_code":"01","province_name":"Hà Nội","province_full_name":"Thành phố Hà Nội","province_slug":"ha_noi","join_key":"00127","status":"active","dataset_effective_date":"2026-04-30","catalog_version":"2026-07-12","geometry_status":"not_embedded_boundary_available_by_url","boundary_source_url":"https://raw.githubusercontent.com/thanglequoc/vietnamese-provinces-database/master/json/geojson/01_ha_noi/wards/00127_viet_hung.geojson","boundary_source_page":"https://github.com/thanglequoc/vietnamese-provinces-database/blob/master/json/geojson/01_ha_noi/wards/00127_viet_hung.geojson","source_catalog":"https://github.com/thanglequoc/vietnamese-provinces-database"},"geometry":null},{"type":"Feature","id":"00136","properties":{"commune_code":"00136","commune_name":"Phúc Lợi","commune_name_en":"Phuc Loi","commune_full_name":"Phường Phúc Lợi","commune_full_name_en":"Phuc Loi Ward","commune_slug":"phuc_loi","unit_type":"Phường","unit_type_en":"Ward","admin_level":2,"province_code":"01","province_name":"Hà Nội","province_full_name":"Thành phố Hà Nội","province_slug":"ha_noi","join_key":"00136","status":"active","dataset_effective_date":"2026-04-30","catalog_version":"2026-07-12","geometry_status":"not_embedded_boundary_available_by_url","boundary_source_url":"https://raw.githubusercontent.com/thanglequoc/vietnamese-provinces-database/master/json/geojson/01_ha_noi/wards/00136_phuc_loi.geojson","boundary_source_page":"https://github.com/thanglequoc/vietnamese-provinces-database/blob/master/json/geojson/01_ha_noi/wards/00136_phuc_loi.geojson","source_catalog":"https://github.com/thanglequoc/vietnamese-provinces-database"},"geometry":null},{"type":"Feature","id":"00145","properties":{"commune_code":"00145","commune_name":"Long Biên","commune_name_en":"Long Bien","commune_full_name":"Phường Long Biên","commune_full_name_en":"Long Bien Ward","commune_slug":"long_bien","unit_type":"Phường","unit_type_en":"Ward","admin_level":2,"province_code":"01","province_name":"Hà Nội","province_full_name":"Thành phố Hà Nội","province_slug":"ha_noi","join_key":"00145","status":"active","dataset_effective_date":"2026-04-30","catalog_version":"2026-07-12","geometry_status":"not_embedded_boundary_available_by_url","boundary_source_url":"https://raw.githubusercontent.com/thanglequoc/vietnamese-provinces-database/master/json/geojson/01_ha_noi/wards/00145_long_bien.geojson","boundary_source_page":"https://github.com/thanglequoc/vietnamese-provinces-database/blob/master/json/geojson/01_ha_noi/wards/00145_long_bien.geojson","source_catalog":"https://github.com/thanglequoc/vietnamese-provinces-database"},"geometry":null},{"type":"Feature","id":"00160","properties":{"commune_code":"00160","commune_name":"Nghĩa Đô","commune_name_en":"Nghia Do","commune_full_name":"Phường Nghĩa Đô","commune_full_name_en":"Nghia Do Ward","commune_slug":"nghia_do","unit_type":"Phường","unit_type_en":"Ward","admin_level":2,"province_code":"01","province_name":"Hà Nội","province_full_name":"Thành phố Hà Nội","province_slug":"ha_noi","join_key":"00160","status":"active","dataset_effective_date":"2026-04-30","catalog_version":"2026-07-12","geometry_status":"not_embedded_boundary_available_by_url","boundary_source_url":"https://raw.githubusercontent.com/thanglequoc/vietnamese-provinces-database/master/json/geojson/01_ha_noi/wards/00160_nghia_do.geojson","boundary_source_page":"https://github.com/thanglequoc/vietnamese-provinces-database/blob/master/json/geojson/01_ha_noi/wards/00160_nghia_do.geojson","source_catalog":"https://github.com/thanglequoc/vietnamese-provinces-database"},"geometry":null},{"type":"Feature","id":"00166","properties":{"commune_code":"00166","commune_name":"Cầu Giấy","commune_name_en":"Cau Giay","commune_full_name":"Phường Cầu Giấy","commune_full_name_en":"Cau Giay Ward","commune_slug":"cau_giay","unit_type":"Phường","unit_type_en":"Ward","admin_level":2,"province_code":"01","province_name":"Hà Nội","province_full_name":"Thành phố Hà Nội","province_slug":"ha_noi","join_key":"00166","status":"active","dataset_effective_date":"2026-04-30","catalog_version":"2026-07-12","geometry_status":"not_embedded_boundary_available_by_url","boundary_source_url":"https://raw.githubusercontent.com/thanglequoc/vietnamese-provinces-database/master/json/geojson/01_ha_noi/wards/00166_cau_giay.geojson","boundary_source_page":"https://github.com/thanglequoc/vietnamese-provinces-database/blob/master/json/geojson/01_ha_noi/wards/00166_cau_giay.geojson","source_catalog":"https://github.com/thanglequoc/vietnamese-provinces-database"},"geometry":null},{"type":"Feature","id":"00175","properties":{"commune_code":"00175","commune_name":"Yên Hoà","commune_name_en":"Yen Hoa","commune_full_name":"Phường Yên Hoà","commune_full_name_en":"Yen Hoa Ward","commune_slug":"yen_hoa","unit_type":"Phường","unit_type_en":"Ward","admin_level":2,"province_code":"01","province_name":"Hà Nội","province_full_name":"Thành phố Hà Nội","province_slug":"ha_noi","join_key":"00175","status":"active","dataset_effective_date":"2026-04-30","catalog_version":"2026-07-12","geometry_status":"not_embedded_boundary_available_by_url","boundary_source_url":"https://raw.githubusercontent.com/thanglequoc/vietnamese-provinces-database/master/json/geojson/01_ha_noi/wards/00175_yen_hoa.geojson","boundary_source_page":"https://github.com/thanglequoc/vietnamese-provinces-database/blob/master/json/geojson/01_ha_noi/wards/00175_yen_hoa.geojson","source_catalog":"https://github.com/thanglequoc/vietnamese-provinces-database"},"geometry":null},{"type":"Feature","id":"00190","properties":{"commune_code":"00190","commune_name":"Ô Chợ Dừa","commune_name_en":"O Cho Dua","commune_full_name":"Phường Ô Chợ Dừa","commune_full_name_en":"O Cho Dua Ward","commune_slug":"o_cho_dua","unit_type":"Phường","unit_type_en":"Ward","admin_level":2,"province_code":"01","province_name":"Hà Nội","province_full_name":"Thành phố Hà Nội","province_slug":"ha_noi","join_key":"00190","status":"active","dataset_effective_date":"2026-04-30","catalog_version":"2026-07-12","geometry_status":"not_embedded_boundary_available_by_url","boundary_source_url":"https://raw.githubusercontent.com/thanglequoc/vietnamese-provinces-database/master/json/geojson/01_ha_noi/wards/00190_o_cho_dua.geojson","boundary_source_page":"https://github.com/thanglequoc/vietnamese-provinces-database/blob/master/json/geojson/01_ha_noi/wards/00190_o_cho_dua.geojson","source_catalog":"https://github.com/thanglequoc/vietnamese-provinces-database"},"geometry":null},{"type":"Feature","id":"00199","properties":{"commune_code":"00199","commune_name":"Láng","commune_name_en":"Lang","commune_full_name":"Phường Láng","commune_full_name_en":"Lang Ward","commune_slug":"lang","unit_type":"Phường","unit_type_en":"Ward","admin_level":2,"province_code":"01","province_name":"Hà Nội","province_full_name":"Thành phố Hà Nội","province_slug":"ha_noi","join_key":"00199","status":"active","dataset_effective_date":"2026-04-30","catalog_version":"2026-07-12","geometry_status":"not_embedded_boundary_available_by_url","boundary_source_url":"https://raw.githubusercontent.com/thanglequoc/vietnamese-provinces-database/master/json/geojson/01_ha_noi/wards/00199_lang.geojson","boundary_source_page":"https://github.com/thanglequoc/vietnamese-provinces-database/blob/master/json/geojson/01_ha_noi/wards/00199_lang.geojson","source_catalog":"https://github.com/thanglequoc/vietnamese-provinces-database"},"geometry":null},{"type":"Feature","id":"00226","properties":{"commune_code":"00226","commune_name":"Văn Miếu - Quốc Tử Giám","commune_name_en":"Van Mieu - Quoc Tu Giam","commune_full_name":"Phường Văn Miếu - Quốc Tử Giám","commune_full_name_en":"Van Mieu - Quoc Tu Giam Ward","commune_slug":"van_mieu_quoc_tu_giam","unit_type":"Phường","unit_type_en":"Ward","admin_level":2,"province_code":"01","province_name":"Hà Nội","province_full_name":"Thành phố Hà Nội","province_slug":"ha_noi","join_key":"00226","status":"active","dataset_effective_date":"2026-04-30","catalog_version":"2026-07-12","geometry_status":"not_embedded_boundary_available_by_url","boundary_source_url":"https://raw.githubusercontent.com/thanglequoc/vietnamese-provinces-database/master/json/geojson/01_ha_noi/wards/00226_van_mieu_quoc_tu_giam.geojson","boundary_source_page":"https://github.com/thanglequoc/vietnamese-provinces-database/blob/master/json/geojson/01_ha_noi/wards/00226_van_mieu_quoc_tu_giam.geojson","source_catalog":"https://github.com/thanglequoc/vietnamese-provinces-database"},"geometry":null},{"type":"Feature","id":"00229","properties":{"commune_code":"00229","commune_name":"Kim Liên","commune_name_en":"Kim Lien","commune_full_name":"Phường Kim Liên","commune_full_name_en":"Kim Lien Ward","commune_slug":"kim_lien","unit_type":"Phường","unit_type_en":"Ward","admin_level":2,"province_code":"01","province_name":"Hà Nội","province_full_name":"Thành phố Hà Nội","province_slug":"ha_noi","join_key":"00229","status":"active","dataset_effective_date":"2026-04-30","catalog_version":"2026-07-12","geometry_status":"not_embedded_boundary_available_by_url","boundary_source_url":"https://raw.githubusercontent.com/thanglequoc/vietnamese-provinces-database/master/json/geojson/01_ha_noi/wards/00229_kim_lien.geojson","boundary_source_page":"https://github.com/thanglequoc/vietnamese-provinces-database/blob/master/json/geojson/01_ha_noi/wards/00229_kim_lien.geojson","source_catalog":"https://github.com/thanglequoc/vietnamese-provinces-database"},"geometry":null},{"type":"Feature","id":"00235","properties":{"commune_code":"00235","commune_name":"Đống Đa","commune_name_en":"Dong Da","commune_full_name":"Phường Đống Đa","commune_full_name_en":"Dong Da Ward","commune_slug":"dong_da","unit_type":"Phường","unit_type_en":"Ward","admin_level":2,"province_code":"01","province_name":"Hà Nội","province_full_name":"Thành phố Hà Nội","province_slug":"ha_noi","join_key":"00235","status":"active","dataset_effective_date":"2026-04-30","catalog_version":"2026-07-12","geometry_status":"not_embedded_boundary_available_by_url","boundary_source_url":"https://raw.githubusercontent.com/thanglequoc/vietnamese-provinces-database/master/json/geojson/01_ha_noi/wards/00235_dong_da.geojson","boundary_source_page":"https://github.com/thanglequoc/vietnamese-provinces-database/blob/master/json/geojson/01_ha_noi/wards/00235_dong_da.geojson","source_catalog":"https://github.com/thanglequoc/vietnamese-provinces-database"},"geometry":null},{"type":"Feature","id":"00256","properties":{"commune_code":"00256","commune_name":"Hai Bà Trưng","commune_name_en":"Hai Ba Trung","commune_full_name":"Phường Hai Bà Trưng","commune_full_name_en":"Hai Ba Trung Ward","commune_slug":"hai_ba_trung","unit_type":"Phường","unit_type_en":"Ward","admin_level":2,"province_code":"01","province_name":"Hà Nội","province_full_name":"Thành phố Hà Nội","province_slug":"ha_noi","join_key":"00256","status":"active","dataset_effective_date":"2026-04-30","catalog_version":"2026-07-12","geometry_status":"not_embedded_boundary_available_by_url","boundary_source_url":"https://raw.githubusercontent.com/thanglequoc/vietnamese-provinces-database/master/json/geojson/01_ha_noi/wards/00256_hai_ba_trung.geojson","boundary_source_page":"https://github.com/thanglequoc/vietnamese-provinces-database/blob/master/json/geojson/01_ha_noi/wards/00256_hai_ba_trung.geojson","source_catalog":"https://github.com/thanglequoc/vietnamese-provinces-database"},"geometry":null},{"type":"Feature","id":"00283","properties":{"commune_code":"00283","commune_name":"Vĩnh Tuy","commune_name_en":"Vinh Tuy","commune_full_name":"Phường Vĩnh Tuy","commune_full_name_en":"Vinh Tuy Ward","commune_slug":"vinh_tuy","unit_type":"Phường","unit_type_en":"Ward","admin_level":2,"province_code":"01","province_name":"Hà Nội","province_full_name":"Thành phố Hà Nội","province_slug":"ha_noi","join_key":"00283","status":"active","dataset_effective_date":"2026-04-30","catalog_version":"2026-07-12","geometry_status":"not_embedded_boundary_available_by_url","boundary_source_url":"https://raw.githubusercontent.com/thanglequoc/vietnamese-provinces-database/master/json/geojson/01_ha_noi/wards/00283_vinh_tuy.geojson","boundary_source_page":"https://github.com/thanglequoc/vietnamese-provinces-database/blob/master/json/geojson/01_ha_noi/wards/00283_vinh_tuy.geojson","source_catalog":"https://github.com/thanglequoc/vietnamese-provinces-database"},"geometry":null},{"type":"Feature","id":"00292","properties":{"commune_code":"00292","commune_name":"Bạch Mai","commune_name_en":"Bach Mai","commune_full_name":"Phường Bạch Mai","commune_full_name_en":"Bach Mai Ward","commune_slug":"bach_mai","unit_type":"Phường","unit_type_en":"Ward","admin_level":2,"province_code":"01","province_name":"Hà Nội","province_full_name":"Thành phố Hà Nội","province_slug":"ha_noi","join_key":"00292","status":"active","dataset_effective_date":"2026-04-30","catalog_version":"2026-07-12","geometry_status":"not_embedded_boundary_available_by_url","boundary_source_url":"https://raw.githubusercontent.com/thanglequoc/vietnamese-provinces-database/master/json/geojson/01_ha_noi/wards/00292_bach_mai.geojson","boundary_source_page":"https://github.com/thanglequoc/vietnamese-provinces-database/blob/master/json/geojson/01_ha_noi/wards/00292_bach_mai.geojson","source_catalog":"https://github.com/thanglequoc/vietnamese-provinces-database"},"geometry":null},{"type":"Feature","id":"00301","properties":{"commune_code":"00301","commune_name":"Vĩnh Hưng","commune_name_en":"Vinh Hung","commune_full_name":"Phường Vĩnh Hưng","commune_full_name_en":"Vinh Hung Ward","commune_slug":"vinh_hung","unit_type":"Phường","unit_type_en":"Ward","admin_level":2,"province_code":"01","province_name":"Hà Nội","province_full_name":"Thành phố Hà Nội","province_slug":"ha_noi","join_key":"00301","status":"active","dataset_effective_date":"2026-04-30","catalog_version":"2026-07-12","geometry_status":"not_embedded_boundary_available_by_url","boundary_source_url":"https://raw.githubusercontent.com/thanglequoc/vietnamese-provinces-database/master/json/geojson/01_ha_noi/wards/00301_vinh_hung.geojson","boundary_source_page":"https://github.com/thanglequoc/vietnamese-provinces-database/blob/master/json/geojson/01_ha_noi/wards/00301_vinh_hung.geojson","source_catalog":"https://github.com/thanglequoc/vietnamese-provinces-database"},"geometry":null},{"type":"Feature","id":"00316","properties":{"commune_code":"00316","commune_name":"Định Công","commune_name_en":"Dinh Cong","commune_full_name":"Phường Định Công","commune_full_name_en":"Dinh Cong Ward","commune_slug":"dinh_cong","unit_type":"Phường","unit_type_en":"Ward","admin_level":2,"province_code":"01","province_name":"Hà Nội","province_full_name":"Thành phố Hà Nội","province_slug":"ha_noi","join_key":"00316","status":"active","dataset_effective_date":"2026-04-30","catalog_version":"2026-07-12","geometry_status":"not_embedded_boundary_available_by_url","boundary_source_url":"https://raw.githubusercontent.com/thanglequoc/vietnamese-provinces-database/master/json/geojson/01_ha_noi/wards/00316_dinh_cong.geojson","boundary_source_page":"https://github.com/thanglequoc/vietnamese-provinces-database/blob/master/json/geojson/01_ha_noi/wards/00316_dinh_cong.geojson","source_catalog":"https://github.com/thanglequoc/vietnamese-provinces-database"},"geometry":null},{"type":"Feature","id":"00322","properties":{"commune_code":"00322","commune_name":"Tương Mai","commune_name_en":"Tuong Mai","commune_full_name":"Phường Tương Mai","commune_full_name_en":"Tuong Mai Ward","commune_slug":"tuong_mai","unit_type":"Phường","unit_type_en":"Ward","admin_level":2,"province_code":"01","province_name":"Hà Nội","province_full_name":"Thành phố Hà Nội","province_slug":"ha_noi","join_key":"00322","status":"active","dataset_effective_date":"2026-04-30","catalog_version":"2026-07-12","geometry_status":"not_embedded_boundary_available_by_url","boundary_source_url":"https://raw.githubusercontent.com/thanglequoc/vietnamese-provinces-database/master/json/geojson/01_ha_noi/wards/00322_tuong_mai.geojson","boundary_source_page":"https://github.com/thanglequoc/vietnamese-provinces-database/blob/master/json/geojson/01_ha_noi/wards/00322_tuong_mai.geojson","source_catalog":"https://github.com/thanglequoc/vietnamese-provinces-database"},"geometry":null},{"type":"Feature","id":"00328","properties":{"commune_code":"00328","commune_name":"Lĩnh Nam","commune_name_en":"Linh Nam","commune_full_name":"Phường Lĩnh Nam","commune_full_name_en":"Linh Nam Ward","commune_slug":"linh_nam","unit_type":"Phường","unit_type_en":"Ward","admin_level":2,"province_code":"01","province_name":"Hà Nội","province_full_name":"Thành phố Hà Nội","province_slug":"ha_noi","join_key":"00328","status":"active","dataset_effective_date":"2026-04-30","catalog_version":"2026-07-12","geometry_status":"not_embedded_boundary_available_by_url","boundary_source_url":"https://raw.githubusercontent.com/thanglequoc/vietnamese-provinces-database/master/json/geojson/01_ha_noi/wards/00328_linh_nam.geojson","boundary_source_page":"https://github.com/thanglequoc/vietnamese-provinces-database/blob/master/json/geojson/01_ha_noi/wards/00328_linh_nam.geojson","source_catalog":"https://github.com/thanglequoc/vietnamese-provinces-database"},"geometry":null},{"type":"Feature","id":"00331","properties":{"commune_code":"00331","commune_name":"Hoàng Mai","commune_name_en":"Hoang Mai","commune_full_name":"Phường Hoàng Mai","commune_full_name_en":"Hoang Mai Ward","commune_slug":"hoang_mai","unit_type":"Phường","unit_type_en":"Ward","admin_level":2,"province_code":"01","province_name":"Hà Nội","province_full_name":"Thành phố Hà Nội","province_slug":"ha_noi","join_key":"00331","status":"active","dataset_effective_date":"2026-04-30","catalog_version":"2026-07-12","geometry_status":"not_embedded_boundary_available_by_url","boundary_source_url":"https://raw.githubusercontent.com/thanglequoc/vietnamese-provinces-database/master/json/geojson/01_ha_noi/wards/00331_hoang_mai.geojson","boundary_source_page":"https://github.com/thanglequoc/vietnamese-provinces-database/blob/master/json/geojson/01_ha_noi/wards/00331_hoang_mai.geojson","source_catalog":"https://github.com/thanglequoc/vietnamese-provinces-database"},"geometry":null},{"type":"Feature","id":"00337","properties":{"commune_code":"00337","commune_name":"Hoàng Liệt","commune_name_en":"Hoang Liet","commune_full_name":"Phường Hoàng Liệt","commune_full_name_en":"Hoang Liet Ward","commune_slug":"hoang_liet","unit_type":"Phường","unit_type_en":"Ward","admin_level":2,"province_code":"01","province_name":"Hà Nội","province_full_name":"Thành phố Hà Nội","province_slug":"ha_noi","join_key":"00337","status":"active","dataset_effective_date":"2026-04-30","catalog_version":"2026-07-12","geometry_status":"not_embedded_boundary_available_by_url","boundary_source_url":"https://raw.githubusercontent.com/thanglequoc/vietnamese-provinces-database/master/json/geojson/01_ha_noi/wards/00337_hoang_liet.geojson","boundary_source_page":"https://github.com/thanglequoc/vietnamese-provinces-database/blob/master/json/geojson/01_ha_noi/wards/00337_hoang_liet.geojson","source_catalog":"https://github.com/thanglequoc/vietnamese-provinces-database"},"geometry":null},{"type":"Feature","id":"00340","properties":{"commune_code":"00340","commune_name":"Yên Sở","commune_name_en":"Yen So","commune_full_name":"Phường Yên Sở","commune_full_name_en":"Yen So Ward","commune_slug":"yen_so","unit_type":"Phường","unit_type_en":"Ward","admin_level":2,"province_code":"01","province_name":"Hà Nội","province_full_name":"Thành phố Hà Nội","province_slug":"ha_noi","join_key":"00340","status":"active","dataset_effective_date":"2026-04-30","catalog_version":"2026-07-12","geometry_status":"not_embedded_boundary_available_by_url","boundary_source_url":"https://raw.githubusercontent.com/thanglequoc/vietnamese-provinces-database/master/json/geojson/01_ha_noi/wards/00340_yen_so.geojson","boundary_source_page":"https://github.com/thanglequoc/vietnamese-provinces-database/blob/master/json/geojson/01_ha_noi/wards/00340_yen_so.geojson","source_catalog":"https://github.com/thanglequoc/vietnamese-provinces-database"},"geometry":null},{"type":"Feature","id":"00352","properties":{"commune_code":"00352","commune_name":"Phương Liệt","commune_name_en":"Phuong Liet","commune_full_name":"Phường Phương Liệt","commune_full_name_en":"Phuong Liet Ward","commune_slug":"phuong_liet","unit_type":"Phường","unit_type_en":"Ward","admin_level":2,"province_code":"01","province_name":"Hà Nội","province_full_name":"Thành phố Hà Nội","province_slug":"ha_noi","join_key":"00352","status":"active","dataset_effective_date":"2026-04-30","catalog_version":"2026-07-12","geometry_status":"not_embedded_boundary_available_by_url","boundary_source_url":"https://raw.githubusercontent.com/thanglequoc/vietnamese-provinces-database/master/json/geojson/01_ha_noi/wards/00352_phuong_liet.geojson","boundary_source_page":"https://github.com/thanglequoc/vietnamese-provinces-database/blob/master/json/geojson/01_ha_noi/wards/00352_phuong_liet.geojson","source_catalog":"https://github.com/thanglequoc/vietnamese-provinces-database"},"geometry":null},{"type":"Feature","id":"00364","properties":{"commune_code":"00364","commune_name":"Khương Đình","commune_name_en":"Khuong Dinh","commune_full_name":"Phường Khương Đình","commune_full_name_en":"Khuong Dinh Ward","commune_slug":"khuong_dinh","unit_type":"Phường","unit_type_en":"Ward","admin_level":2,"province_code":"01","province_name":"Hà Nội","province_full_name":"Thành phố Hà Nội","province_slug":"ha_noi","join_key":"00364","status":"active","dataset_effective_date":"2026-04-30","catalog_version":"2026-07-12","geometry_status":"not_embedded_boundary_available_by_url","boundary_source_url":"https://raw.githubusercontent.com/thanglequoc/vietnamese-provinces-database/master/json/geojson/01_ha_noi/wards/00364_khuong_dinh.geojson","boundary_source_page":"https://github.com/thanglequoc/vietnamese-provinces-database/blob/master/json/geojson/01_ha_noi/wards/00364_khuong_dinh.geojson","source_catalog":"https://github.com/thanglequoc/vietnamese-provinces-database"},"geometry":null},{"type":"Feature","id":"00367","properties":{"commune_code":"00367","commune_name":"Thanh Xuân","commune_name_en":"Thanh Xuan","commune_full_name":"Phường Thanh Xuân","commune_full_name_en":"Thanh Xuan Ward","commune_slug":"thanh_xuan","unit_type":"Phường","unit_type_en":"Ward","admin_level":2,"province_code":"01","province_name":"Hà Nội","province_full_name":"Thành phố Hà Nội","province_slug":"ha_noi","join_key":"00367","status":"active","dataset_effective_date":"2026-04-30","catalog_version":"2026-07-12","geometry_status":"not_embedded_boundary_available_by_url","boundary_source_url":"https://raw.githubusercontent.com/thanglequoc/vietnamese-provinces-database/master/json/geojson/01_ha_noi/wards/00367_thanh_xuan.geojson","boundary_source_page":"https://github.com/thanglequoc/vietnamese-provinces-database/blob/master/json/geojson/01_ha_noi/wards/00367_thanh_xuan.geojson","source_catalog":"https://github.com/thanglequoc/vietnamese-provinces-database"},"geometry":null},{"type":"Feature","id":"00376","properties":{"commune_code":"00376","commune_name":"Sóc Sơn","commune_name_en":"Soc Son","commune_full_name":"Xã Sóc Sơn","commune_full_name_en":"Soc Son Commune","commune_slug":"soc_son","unit_type":"Xã","unit_type_en":"Commune","admin_level":2,"province_code":"01","province_name":"Hà Nội","province_full_name":"Thành phố Hà Nội","province_slug":"ha_noi","join_key":"00376","status":"active","dataset_effective_date":"2026-04-30","catalog_version":"2026-07-12","geometry_status":"not_embedded_boundary_available_by_url","boundary_source_url":"https://raw.githubusercontent.com/thanglequoc/vietnamese-provinces-database/master/json/geojson/01_ha_noi/wards/00376_soc_son.geojson","boundary_source_page":"https://github.com/thanglequoc/vietnamese-provinces-database/blob/master/json/geojson/01_ha_noi/wards/00376_soc_son.geojson","source_catalog":"https://github.com/thanglequoc/vietnamese-provinces-database"},"geometry":null},{"type":"Feature","id":"00382","properties":{"commune_code":"00382","commune_name":"Kim Anh","commune_name_en":"Kim Anh","commune_full_name":"Xã Kim Anh","commune_full_name_en":"Kim Anh Commune","commune_slug":"kim_anh","unit_type":"Xã","unit_type_en":"Commune","admin_level":2,"province_code":"01","province_name":"Hà Nội","province_full_name":"Thành phố Hà Nội","province_slug":"ha_noi","join_key":"00382","status":"active","dataset_effective_date":"2026-04-30","catalog_version":"2026-07-12","geometry_status":"not_embedded_boundary_available_by_url","boundary_source_url":"https://raw.githubusercontent.com/thanglequoc/vietnamese-provinces-database/master/json/geojson/01_ha_noi/wards/00382_kim_anh.geojson","boundary_source_page":"https://github.com/thanglequoc/vietnamese-provinces-database/blob/master/json/geojson/01_ha_noi/wards/00382_kim_anh.geojson","source_catalog":"https://github.com/thanglequoc/vietnamese-provinces-database"},"geometry":null},{"type":"Feature","id":"00385","properties":{"commune_code":"00385","commune_name":"Trung Giã","commune_name_en":"Trung Gia","commune_full_name":"Xã Trung Giã","commune_full_name_en":"Trung Gia Commune","commune_slug":"trung_gia","unit_type":"Xã","unit_type_en":"Commune","admin_level":2,"province_code":"01","province_name":"Hà Nội","province_full_name":"Thành phố Hà Nội","province_slug":"ha_noi","join_key":"00385","status":"active","dataset_effective_date":"2026-04-30","catalog_version":"2026-07-12","geometry_status":"not_embedded_boundary_available_by_url","boundary_source_url":"https://raw.githubusercontent.com/thanglequoc/vietnamese-provinces-database/master/json/geojson/01_ha_noi/wards/00385_trung_gia.geojson","boundary_source_page":"https://github.com/thanglequoc/vietnamese-provinces-database/blob/master/json/geojson/01_ha_noi/wards/00385_trung_gia.geojson","source_catalog":"https://github.com/thanglequoc/vietnamese-provinces-database"},"geometry":null},{"type":"Feature","id":"00430","properties":{"commune_code":"00430","commune_name":"Đa Phúc","commune_name_en":"Da Phuc","commune_full_name":"Xã Đa Phúc","commune_full_name_en":"Da Phuc Commune","commune_slug":"da_phuc","unit_type":"Xã","unit_type_en":"Commune","admin_level":2,"province_code":"01","province_name":"Hà Nội","province_full_name":"Thành phố Hà Nội","province_slug":"ha_noi","join_key":"00430","status":"active","dataset_effective_date":"2026-04-30","catalog_version":"2026-07-12","geometry_status":"not_embedded_boundary_available_by_url","boundary_source_url":"https://raw.githubusercontent.com/thanglequoc/vietnamese-provinces-database/master/json/geojson/01_ha_noi/wards/00430_da_phuc.geojson","boundary_source_page":"https://github.com/thanglequoc/vietnamese-provinces-database/blob/master/json/geojson/01_ha_noi/wards/00430_da_phuc.geojson","source_catalog":"https://github.com/thanglequoc/vietnamese-provinces-database"},"geometry":null},{"type":"Feature","id":"00433","properties":{"commune_code":"00433","commune_name":"Nội Bài","commune_name_en":"Noi Bai","commune_full_name":"Xã Nội Bài","commune_full_name_en":"Noi Bai Commune","commune_slug":"noi_bai","unit_type":"Xã","unit_type_en":"Commune","admin_level":2,"province_code":"01","province_name":"Hà Nội","province_full_name":"Thành phố Hà Nội","province_slug":"ha_noi","join_key":"00433","status":"active","dataset_effective_date":"2026-04-30","catalog_version":"2026-07-12","geometry_status":"not_embedded_boundary_available_by_url","boundary_source_url":"https://raw.githubusercontent.com/thanglequoc/vietnamese-provinces-database/master/json/geojson/01_ha_noi/wards/00433_noi_bai.geojson","boundary_source_page":"https://github.com/thanglequoc/vietnamese-provinces-database/blob/master/json/geojson/01_ha_noi/wards/00433_noi_bai.geojson","source_catalog":"https://github.com/thanglequoc/vietnamese-provinces-database"},"geometry":null},{"type":"Feature","id":"00454","properties":{"commune_code":"00454","commune_name":"Đông Anh","commune_name_en":"Dong Anh","commune_full_name":"Xã Đông Anh","commune_full_name_en":"Dong Anh Commune","commune_slug":"dong_anh","unit_type":"Xã","unit_type_en":"Commune","admin_level":2,"province_code":"01","province_name":"Hà Nội","province_full_name":"Thành phố Hà Nội","province_slug":"ha_noi","join_key":"00454","status":"active","dataset_effective_date":"2026-04-30","catalog_version":"2026-07-12","geometry_status":"not_embedded_boundary_available_by_url","boundary_source_url":"https://raw.githubusercontent.com/thanglequoc/vietnamese-provinces-database/master/json/geojson/01_ha_noi/wards/00454_dong_anh.geojson","boundary_source_page":"https://github.com/thanglequoc/vietnamese-provinces-database/blob/master/json/geojson/01_ha_noi/wards/00454_dong_anh.geojson","source_catalog":"https://github.com/thanglequoc/vietnamese-provinces-database"},"geometry":null},{"type":"Feature","id":"00466","properties":{"commune_code":"00466","commune_name":"Phúc Thịnh","commune_name_en":"Phuc Thinh","commune_full_name":"Xã Phúc Thịnh","commune_full_name_en":"Phuc Thinh Commune","commune_slug":"phuc_thinh","unit_type":"Xã","unit_type_en":"Commune","admin_level":2,"province_code":"01","province_name":"Hà Nội","province_full_name":"Thành phố Hà Nội","province_slug":"ha_noi","join_key":"00466","status":"active","dataset_effective_date":"2026-04-30","catalog_version":"2026-07-12","geometry_status":"not_embedded_boundary_available_by_url","boundary_source_url":"https://raw.githubusercontent.com/thanglequoc/vietnamese-provinces-database/master/json/geojson/01_ha_noi/wards/00466_phuc_thinh.geojson","boundary_source_page":"https://github.com/thanglequoc/vietnamese-provinces-database/blob/master/json/geojson/01_ha_noi/wards/00466_phuc_thinh.geojson","source_catalog":"https://github.com/thanglequoc/vietnamese-provinces-database"},"geometry":null},{"type":"Feature","id":"00475","properties":{"commune_code":"00475","commune_name":"Thư Lâm","commune_name_en":"Thu Lam","commune_full_name":"Xã Thư Lâm","commune_full_name_en":"Thu Lam Commune","commune_slug":"thu_lam","unit_type":"Xã","unit_type_en":"Commune","admin_level":2,"province_code":"01","province_name":"Hà Nội","province_full_name":"Thành phố Hà Nội","province_slug":"ha_noi","join_key":"00475","status":"active","dataset_effective_date":"2026-04-30","catalog_version":"2026-07-12","geometry_status":"not_embedded_boundary_available_by_url","boundary_source_url":"https://raw.githubusercontent.com/thanglequoc/vietnamese-provinces-database/master/json/geojson/01_ha_noi/wards/00475_thu_lam.geojson","boundary_source_page":"https://github.com/thanglequoc/vietnamese-provinces-database/blob/master/json/geojson/01_ha_noi/wards/00475_thu_lam.geojson","source_catalog":"https://github.com/thanglequoc/vietnamese-provinces-database"},"geometry":null},{"type":"Feature","id":"00493","properties":{"commune_code":"00493","commune_name":"Thiên Lộc","commune_name_en":"Thien Loc","commune_full_name":"Xã Thiên Lộc","commune_full_name_en":"Thien Loc Commune","commune_slug":"thien_loc","unit_type":"Xã","unit_type_en":"Commune","admin_level":2,"province_code":"01","province_name":"Hà Nội","province_full_name":"Thành phố Hà Nội","province_slug":"ha_noi","join_key":"00493","status":"active","dataset_effective_date":"2026-04-30","catalog_version":"2026-07-12","geometry_status":"not_embedded_boundary_available_by_url","boundary_source_url":"https://raw.githubusercontent.com/thanglequoc/vietnamese-provinces-database/master/json/geojson/01_ha_noi/wards/00493_thien_loc.geojson","boundary_source_page":"https://github.com/thanglequoc/vietnamese-provinces-database/blob/master/json/geojson/01_ha_noi/wards/00493_thien_loc.geojson","source_catalog":"https://github.com/thanglequoc/vietnamese-provinces-database"},"geometry":null},{"type":"Feature","id":"00508","properties":{"commune_code":"00508","commune_name":"Vĩnh Thanh","commune_name_en":"Vinh Thanh","commune_full_name":"Xã Vĩnh Thanh","commune_full_name_en":"Vinh Thanh Commune","commune_slug":"vinh_thanh","unit_type":"Xã","unit_type_en":"Commune","admin_level":2,"province_code":"01","province_name":"Hà Nội","province_full_name":"Thành phố Hà Nội","province_slug":"ha_noi","join_key":"00508","status":"active","dataset_effective_date":"2026-04-30","catalog_version":"2026-07-12","geometry_status":"not_embedded_boundary_available_by_url","boundary_source_url":"https://raw.githubusercontent.com/thanglequoc/vietnamese-provinces-database/master/json/geojson/01_ha_noi/wards/00508_vinh_thanh.geojson","boundary_source_page":"https://github.com/thanglequoc/vietnamese-provinces-database/blob/master/json/geojson/01_ha_noi/wards/00508_vinh_thanh.geojson","source_catalog":"https://github.com/thanglequoc/vietnamese-provinces-database"},"geometry":null},{"type":"Feature","id":"00541","properties":{"commune_code":"00541","commune_name":"Phù Đổng","commune_name_en":"Phu Dong","commune_full_name":"Xã Phù Đổng","commune_full_name_en":"Phu Dong Commune","commune_slug":"phu_dong","unit_type":"Xã","unit_type_en":"Commune","admin_level":2,"province_code":"01","province_name":"Hà Nội","province_full_name":"Thành phố Hà Nội","province_slug":"ha_noi","join_key":"00541","status":"active","dataset_effective_date":"2026-04-30","catalog_version":"2026-07-12","geometry_status":"not_embedded_boundary_available_by_url","boundary_source_url":"https://raw.githubusercontent.com/thanglequoc/vietnamese-provinces-database/master/json/geojson/01_ha_noi/wards/00541_phu_dong.geojson","boundary_source_page":"https://github.com/thanglequoc/vietnamese-provinces-database/blob/master/json/geojson/01_ha_noi/wards/00541_phu_dong.geojson","source_catalog":"https://github.com/thanglequoc/vietnamese-provinces-database"},"geometry":null},{"type":"Feature","id":"00562","properties":{"commune_code":"00562","commune_name":"Thuận An","commune_name_en":"Thuan An","commune_full_name":"Xã Thuận An","commune_full_name_en":"Thuan An Commune","commune_slug":"thuan_an","unit_type":"Xã","unit_type_en":"Commune","admin_level":2,"province_code":"01","province_name":"Hà Nội","province_full_name":"Thành phố Hà Nội","province_slug":"ha_noi","join_key":"00562","status":"active","dataset_effective_date":"2026-04-30","catalog_version":"2026-07-12","geometry_status":"not_embedded_boundary_available_by_url","boundary_source_url":"https://raw.githubusercontent.com/thanglequoc/vietnamese-provinces-database/master/json/geojson/01_ha_noi/wards/00562_thuan_an.geojson","boundary_source_page":"https://github.com/thanglequoc/vietnamese-provinces-database/blob/master/json/geojson/01_ha_noi/wards/00562_thuan_an.geojson","source_catalog":"https://github.com/thanglequoc/vietnamese-provinces-database"},"geometry":null},{"type":"Feature","id":"00565","properties":{"commune_code":"00565","commune_name":"Gia Lâm","commune_name_en":"Gia Lam","commune_full_name":"Xã Gia Lâm","commune_full_name_en":"Gia Lam Commune","commune_slug":"gia_lam","unit_type":"Xã","unit_type_en":"Commune","admin_level":2,"province_code":"01","province_name":"Hà Nội","province_full_name":"Thành phố Hà Nội","province_slug":"ha_noi","join_key":"00565","status":"active","dataset_effective_date":"2026-04-30","catalog_version":"2026-07-12","geometry_status":"not_embedded_boundary_available_by_url","boundary_source_url":"https://raw.githubusercontent.com/thanglequoc/vietnamese-provinces-database/master/json/geojson/01_ha_noi/wards/00565_gia_lam.geojson","boundary_source_page":"https://github.com/thanglequoc/vietnamese-provinces-database/blob/master/json/geojson/01_ha_noi/wards/00565_gia_lam.geojson","source_catalog":"https://github.com/thanglequoc/vietnamese-provinces-database"},"geometry":null},{"type":"Feature","id":"00577","properties":{"commune_code":"00577","commune_name":"Bát Tràng","commune_name_en":"Bat Trang","commune_full_name":"Xã Bát Tràng","commune_full_name_en":"Bat Trang Commune","commune_slug":"bat_trang","unit_type":"Xã","unit_type_en":"Commune","admin_level":2,"province_code":"01","province_name":"Hà Nội","province_full_name":"Thành phố Hà Nội","province_slug":"ha_noi","join_key":"00577","status":"active","dataset_effective_date":"2026-04-30","catalog_version":"2026-07-12","geometry_status":"not_embedded_boundary_available_by_url","boundary_source_url":"https://raw.githubusercontent.com/thanglequoc/vietnamese-provinces-database/master/json/geojson/01_ha_noi/wards/00577_bat_trang.geojson","boundary_source_page":"https://github.com/thanglequoc/vietnamese-provinces-database/blob/master/json/geojson/01_ha_noi/wards/00577_bat_trang.geojson","source_catalog":"https://github.com/thanglequoc/vietnamese-provinces-database"},"geometry":null},{"type":"Feature","id":"00592","properties":{"commune_code":"00592","commune_name":"Từ Liêm","commune_name_en":"Tu Liem","commune_full_name":"Phường Từ Liêm","commune_full_name_en":"Tu Liem Ward","commune_slug":"tu_liem","unit_type":"Phường","unit_type_en":"Ward","admin_level":2,"province_code":"01","province_name":"Hà Nội","province_full_name":"Thành phố Hà Nội","province_slug":"ha_noi","join_key":"00592","status":"active","dataset_effective_date":"2026-04-30","catalog_version":"2026-07-12","geometry_status":"not_embedded_boundary_available_by_url","boundary_source_url":"https://raw.githubusercontent.com/thanglequoc/vietnamese-provinces-database/master/json/geojson/01_ha_noi/wards/00592_tu_liem.geojson","boundary_source_page":"https://github.com/thanglequoc/vietnamese-provinces-database/blob/master/json/geojson/01_ha_noi/wards/00592_tu_liem.geojson","source_catalog":"https://github.com/thanglequoc/vietnamese-provinces-database"},"geometry":null},{"type":"Feature","id":"00598","properties":{"commune_code":"00598","commune_name":"Thượng Cát","commune_name_en":"Thuong Cat","commune_full_name":"Phường Thượng Cát","commune_full_name_en":"Thuong Cat Ward","commune_slug":"thuong_cat","unit_type":"Phường","unit_type_en":"Ward","admin_level":2,"province_code":"01","province_name":"Hà Nội","province_full_name":"Thành phố Hà Nội","province_slug":"ha_noi","join_key":"00598","status":"active","dataset_effective_date":"2026-04-30","catalog_version":"2026-07-12","geometry_status":"not_embedded_boundary_available_by_url","boundary_source_url":"https://raw.githubusercontent.com/thanglequoc/vietnamese-provinces-database/master/json/geojson/01_ha_noi/wards/00598_thuong_cat.geojson","boundary_source_page":"https://github.com/thanglequoc/vietnamese-provinces-database/blob/master/json/geojson/01_ha_noi/wards/00598_thuong_cat.geojson","source_catalog":"https://github.com/thanglequoc/vietnamese-provinces-database"},"geometry":null},{"type":"Feature","id":"00602","properties":{"commune_code":"00602","commune_name":"Đông Ngạc","commune_name_en":"Dong Ngac","commune_full_name":"Phường Đông Ngạc","commune_full_name_en":"Dong Ngac Ward","commune_slug":"dong_ngac","unit_type":"Phường","unit_type_en":"Ward","admin_level":2,"province_code":"01","province_name":"Hà Nội","province_full_name":"Thành phố Hà Nội","province_slug":"ha_noi","join_key":"00602","status":"active","dataset_effective_date":"2026-04-30","catalog_version":"2026-07-12","geometry_status":"not_embedded_boundary_available_by_url","boundary_source_url":"https://raw.githubusercontent.com/thanglequoc/vietnamese-provinces-database/master/json/geojson/01_ha_noi/wards/00602_dong_ngac.geojson","boundary_source_page":"https://github.com/thanglequoc/vietnamese-provinces-database/blob/master/json/geojson/01_ha_noi/wards/00602_dong_ngac.geojson","source_catalog":"https://github.com/thanglequoc/vietnamese-provinces-database"},"geometry":null},{"type":"Feature","id":"00611","properties":{"commune_code":"00611","commune_name":"Xuân Đỉnh","commune_name_en":"Xuan Dinh","commune_full_name":"Phường Xuân Đỉnh","commune_full_name_en":"Xuan Dinh Ward","commune_slug":"xuan_dinh","unit_type":"Phường","unit_type_en":"Ward","admin_level":2,"province_code":"01","province_name":"Hà Nội","province_full_name":"Thành phố Hà Nội","province_slug":"ha_noi","join_key":"00611","status":"active","dataset_effective_date":"2026-04-30","catalog_version":"2026-07-12","geometry_status":"not_embedded_boundary_available_by_url","boundary_source_url":"https://raw.githubusercontent.com/thanglequoc/vietnamese-provinces-database/master/json/geojson/01_ha_noi/wards/00611_xuan_dinh.geojson","boundary_source_page":"https://github.com/thanglequoc/vietnamese-provinces-database/blob/master/json/geojson/01_ha_noi/wards/00611_xuan_dinh.geojson","source_catalog":"https://github.com/thanglequoc/vietnamese-provinces-database"},"geometry":null},{"type":"Feature","id":"00613","properties":{"commune_code":"00613","commune_name":"Tây Tựu","commune_name_en":"Tay Tuu","commune_full_name":"Phường Tây Tựu","commune_full_name_en":"Tay Tuu Ward","commune_slug":"tay_tuu","unit_type":"Phường","unit_type_en":"Ward","admin_level":2,"province_code":"01","province_name":"Hà Nội","province_full_name":"Thành phố Hà Nội","province_slug":"ha_noi","join_key":"00613","status":"active","dataset_effective_date":"2026-04-30","catalog_version":"2026-07-12","geometry_status":"not_embedded_boundary_available_by_url","boundary_source_url":"https://raw.githubusercontent.com/thanglequoc/vietnamese-provinces-database/master/json/geojson/01_ha_noi/wards/00613_tay_tuu.geojson","boundary_source_page":"https://github.com/thanglequoc/vietnamese-provinces-database/blob/master/json/geojson/01_ha_noi/wards/00613_tay_tuu.geojson","source_catalog":"https://github.com/thanglequoc/vietnamese-provinces-database"},"geometry":null},{"type":"Feature","id":"00619","properties":{"commune_code":"00619","commune_name":"Phú Diễn","commune_name_en":"Phu Dien","commune_full_name":"Phường Phú Diễn","commune_full_name_en":"Phu Dien Ward","commune_slug":"phu_dien","unit_type":"Phường","unit_type_en":"Ward","admin_level":2,"province_code":"01","province_name":"Hà Nội","province_full_name":"Thành phố Hà Nội","province_slug":"ha_noi","join_key":"00619","status":"active","dataset_effective_date":"2026-04-30","catalog_version":"2026-07-12","geometry_status":"not_embedded_boundary_available_by_url","boundary_source_url":"https://raw.githubusercontent.com/thanglequoc/vietnamese-provinces-database/master/json/geojson/01_ha_noi/wards/00619_phu_dien.geojson","boundary_source_page":"https://github.com/thanglequoc/vietnamese-provinces-database/blob/master/json/geojson/01_ha_noi/wards/00619_phu_dien.geojson","source_catalog":"https://github.com/thanglequoc/vietnamese-provinces-database"},"geometry":null},{"type":"Feature","id":"00622","properties":{"commune_code":"00622","commune_name":"Xuân Phương","commune_name_en":"Xuan Phuong","commune_full_name":"Phường Xuân Phương","commune_full_name_en":"Xuan Phuong Ward","commune_slug":"xuan_phuong","unit_type":"Phường","unit_type_en":"Ward","admin_level":2,"province_code":"01","province_name":"Hà Nội","province_full_name":"Thành phố Hà Nội","province_slug":"ha_noi","join_key":"00622","status":"active","dataset_effective_date":"2026-04-30","catalog_version":"2026-07-12","geometry_status":"not_embedded_boundary_available_by_url","boundary_source_url":"https://raw.githubusercontent.com/thanglequoc/vietnamese-provinces-database/master/json/geojson/01_ha_noi/wards/00622_xuan_phuong.geojson","boundary_source_page":"https://github.com/thanglequoc/vietnamese-provinces-database/blob/master/json/geojson/01_ha_noi/wards/00622_xuan_phuong.geojson","source_catalog":"https://github.com/thanglequoc/vietnamese-provinces-database"},"geometry":null},{"type":"Feature","id":"00634","properties":{"commune_code":"00634","commune_name":"Tây Mỗ","commune_name_en":"Tay Mo","commune_full_name":"Phường Tây Mỗ","commune_full_name_en":"Tay Mo Ward","commune_slug":"tay_mo","unit_type":"Phường","unit_type_en":"Ward","admin_level":2,"province_code":"01","province_name":"Hà Nội","province_full_name":"Thành phố Hà Nội","province_slug":"ha_noi","join_key":"00634","status":"active","dataset_effective_date":"2026-04-30","catalog_version":"2026-07-12","geometry_status":"not_embedded_boundary_available_by_url","boundary_source_url":"https://raw.githubusercontent.com/thanglequoc/vietnamese-provinces-database/master/json/geojson/01_ha_noi/wards/00634_tay_mo.geojson","boundary_source_page":"https://github.com/thanglequoc/vietnamese-provinces-database/blob/master/json/geojson/01_ha_noi/wards/00634_tay_mo.geojson","source_catalog":"https://github.com/thanglequoc/vietnamese-provinces-database"},"geometry":null},{"type":"Feature","id":"00637","properties":{"commune_code":"00637","commune_name":"Đại Mỗ","commune_name_en":"Dai Mo","commune_full_name":"Phường Đại Mỗ","commune_full_name_en":"Dai Mo Ward","commune_slug":"dai_mo","unit_type":"Phường","unit_type_en":"Ward","admin_level":2,"province_code":"01","province_name":"Hà Nội","province_full_name":"Thành phố Hà Nội","province_slug":"ha_noi","join_key":"00637","status":"active","dataset_effective_date":"2026-04-30","catalog_version":"2026-07-12","geometry_status":"not_embedded_boundary_available_by_url","boundary_source_url":"https://raw.githubusercontent.com/thanglequoc/vietnamese-provinces-database/master/json/geojson/01_ha_noi/wards/00637_dai_mo.geojson","boundary_source_page":"https://github.com/thanglequoc/vietnamese-provinces-database/blob/master/json/geojson/01_ha_noi/wards/00637_dai_mo.geojson","source_catalog":"https://github.com/thanglequoc/vietnamese-provinces-database"},"geometry":null},{"type":"Feature","id":"00640","properties":{"commune_code":"00640","commune_name":"Thanh Trì","commune_name_en":"Thanh Tri","commune_full_name":"Xã Thanh Trì","commune_full_name_en":"Thanh Tri Commune","commune_slug":"thanh_tri","unit_type":"Xã","unit_type_en":"Commune","admin_level":2,"province_code":"01","province_name":"Hà Nội","province_full_name":"Thành phố Hà Nội","province_slug":"ha_noi","join_key":"00640","status":"active","dataset_effective_date":"2026-04-30","catalog_version":"2026-07-12","geometry_status":"not_embedded_boundary_available_by_url","boundary_source_url":"https://raw.githubusercontent.com/thanglequoc/vietnamese-provinces-database/master/json/geojson/01_ha_noi/wards/00640_thanh_tri.geojson","boundary_source_page":"https://github.com/thanglequoc/vietnamese-provinces-database/blob/master/json/geojson/01_ha_noi/wards/00640_thanh_tri.geojson","source_catalog":"https://github.com/thanglequoc/vietnamese-provinces-database"},"geometry":null},{"type":"Feature","id":"00643","properties":{"commune_code":"00643","commune_name":"Thanh Liệt","commune_name_en":"Thanh Liet","commune_full_name":"Phường Thanh Liệt","commune_full_name_en":"Thanh Liet Ward","commune_slug":"thanh_liet","unit_type":"Phường","unit_type_en":"Ward","admin_level":2,"province_code":"01","province_name":"Hà Nội","province_full_name":"Thành phố Hà Nội","province_slug":"ha_noi","join_key":"00643","status":"active","dataset_effective_date":"2026-04-30","catalog_version":"2026-07-12","geometry_status":"not_embedded_boundary_available_by_url","boundary_source_url":"https://raw.githubusercontent.com/thanglequoc/vietnamese-provinces-database/master/json/geojson/01_ha_noi/wards/00643_thanh_liet.geojson","boundary_source_page":"https://github.com/thanglequoc/vietnamese-provinces-database/blob/master/json/geojson/01_ha_noi/wards/00643_thanh_liet.geojson","source_catalog":"https://github.com/thanglequoc/vietnamese-provinces-database"},"geometry":null},{"type":"Feature","id":"00664","properties":{"commune_code":"00664","commune_name":"Đại Thanh","commune_name_en":"Dai Thanh","commune_full_name":"Xã Đại Thanh","commune_full_name_en":"Dai Thanh Commune","commune_slug":"dai_thanh","unit_type":"Xã","unit_type_en":"Commune","admin_level":2,"province_code":"01","province_name":"Hà Nội","province_full_name":"Thành phố Hà Nội","province_slug":"ha_noi","join_key":"00664","status":"active","dataset_effective_date":"2026-04-30","catalog_version":"2026-07-12","geometry_status":"not_embedded_boundary_available_by_url","boundary_source_url":"https://raw.githubusercontent.com/thanglequoc/vietnamese-provinces-database/master/json/geojson/01_ha_noi/wards/00664_dai_thanh.geojson","boundary_source_page":"https://github.com/thanglequoc/vietnamese-provinces-database/blob/master/json/geojson/01_ha_noi/wards/00664_dai_thanh.geojson","source_catalog":"https://github.com/thanglequoc/vietnamese-provinces-database"},"geometry":null},{"type":"Feature","id":"00679","properties":{"commune_code":"00679","commune_name":"Ngọc Hồi","commune_name_en":"Ngoc Hoi","commune_full_name":"Xã Ngọc Hồi","commune_full_name_en":"Ngoc Hoi Commune","commune_slug":"ngoc_hoi","unit_type":"Xã","unit_type_en":"Commune","admin_level":2,"province_code":"01","province_name":"Hà Nội","province_full_name":"Thành phố Hà Nội","province_slug":"ha_noi","join_key":"00679","status":"active","dataset_effective_date":"2026-04-30","catalog_version":"2026-07-12","geometry_status":"not_embedded_boundary_available_by_url","boundary_source_url":"https://raw.githubusercontent.com/thanglequoc/vietnamese-provinces-database/master/json/geojson/01_ha_noi/wards/00679_ngoc_hoi.geojson","boundary_source_page":"https://github.com/thanglequoc/vietnamese-provinces-database/blob/master/json/geojson/01_ha_noi/wards/00679_ngoc_hoi.geojson","source_catalog":"https://github.com/thanglequoc/vietnamese-provinces-database"},"geometry":null},{"type":"Feature","id":"00685","properties":{"commune_code":"00685","commune_name":"Nam Phù","commune_name_en":"Nam Phu","commune_full_name":"Xã Nam Phù","commune_full_name_en":"Nam Phu Commune","commune_slug":"nam_phu","unit_type":"Xã","unit_type_en":"Commune","admin_level":2,"province_code":"01","province_name":"Hà Nội","province_full_name":"Thành phố Hà Nội","province_slug":"ha_noi","join_key":"00685","status":"active","dataset_effective_date":"2026-04-30","catalog_version":"2026-07-12","geometry_status":"not_embedded_boundary_available_by_url","boundary_source_url":"https://raw.githubusercontent.com/thanglequoc/vietnamese-provinces-database/master/json/geojson/01_ha_noi/wards/00685_nam_phu.geojson","boundary_source_page":"https://github.com/thanglequoc/vietnamese-provinces-database/blob/master/json/geojson/01_ha_noi/wards/00685_nam_phu.geojson","source_catalog":"https://github.com/thanglequoc/vietnamese-provinces-database"},"geometry":null},{"type":"Feature","id":"04930","properties":{"commune_code":"04930","commune_name":"Yên Xuân","commune_name_en":"Yen Xuan","commune_full_name":"Xã Yên Xuân","commune_full_name_en":"Yen Xuan Commune","commune_slug":"yen_xuan","unit_type":"Xã","unit_type_en":"Commune","admin_level":2,"province_code":"01","province_name":"Hà Nội","province_full_name":"Thành phố Hà Nội","province_slug":"ha_noi","join_key":"04930","status":"active","dataset_effective_date":"2026-04-30","catalog_version":"2026-07-12","geometry_status":"not_embedded_boundary_available_by_url","boundary_source_url":"https://raw.githubusercontent.com/thanglequoc/vietnamese-provinces-database/master/json/geojson/01_ha_noi/wards/04930_yen_xuan.geojson","boundary_source_page":"https://github.com/thanglequoc/vietnamese-provinces-database/blob/master/json/geojson/01_ha_noi/wards/04930_yen_xuan.geojson","source_catalog":"https://github.com/thanglequoc/vietnamese-provinces-database"},"geometry":null},{"type":"Feature","id":"08974","properties":{"commune_code":"08974","commune_name":"Quang Minh","commune_name_en":"Quang Minh","commune_full_name":"Xã Quang Minh","commune_full_name_en":"Quang Minh Commune","commune_slug":"quang_minh","unit_type":"Xã","unit_type_en":"Commune","admin_level":2,"province_code":"01","province_name":"Hà Nội","province_full_name":"Thành phố Hà Nội","province_slug":"ha_noi","join_key":"08974","status":"active","dataset_effective_date":"2026-04-30","catalog_version":"2026-07-12","geometry_status":"not_embedded_boundary_available_by_url","boundary_source_url":"https://raw.githubusercontent.com/thanglequoc/vietnamese-provinces-database/master/json/geojson/01_ha_noi/wards/08974_quang_minh.geojson","boundary_source_page":"https://github.com/thanglequoc/vietnamese-provinces-database/blob/master/json/geojson/01_ha_noi/wards/08974_quang_minh.geojson","source_catalog":"https://github.com/thanglequoc/vietnamese-provinces-database"},"geometry":null},{"type":"Feature","id":"08980","properties":{"commune_code":"08980","commune_name":"Yên Lãng","commune_name_en":"Yen Lang","commune_full_name":"Xã Yên Lãng","commune_full_name_en":"Yen Lang Commune","commune_slug":"yen_lang","unit_type":"Xã","unit_type_en":"Commune","admin_level":2,"province_code":"01","province_name":"Hà Nội","province_full_name":"Thành phố Hà Nội","province_slug":"ha_noi","join_key":"08980","status":"active","dataset_effective_date":"2026-04-30","catalog_version":"2026-07-12","geometry_status":"not_embedded_boundary_available_by_url","boundary_source_url":"https://raw.githubusercontent.com/thanglequoc/vietnamese-provinces-database/master/json/geojson/01_ha_noi/wards/08980_yen_lang.geojson","boundary_source_page":"https://github.com/thanglequoc/vietnamese-provinces-database/blob/master/json/geojson/01_ha_noi/wards/08980_yen_lang.geojson","source_catalog":"https://github.com/thanglequoc/vietnamese-provinces-database"},"geometry":null},{"type":"Feature","id":"08995","properties":{"commune_code":"08995","commune_name":"Tiến Thắng","commune_name_en":"Tien Thang","commune_full_name":"Xã Tiến Thắng","commune_full_name_en":"Tien Thang Commune","commune_slug":"tien_thang","unit_type":"Xã","unit_type_en":"Commune","admin_level":2,"province_code":"01","province_name":"Hà Nội","province_full_name":"Thành phố Hà Nội","province_slug":"ha_noi","join_key":"08995","status":"active","dataset_effective_date":"2026-04-30","catalog_version":"2026-07-12","geometry_status":"not_embedded_boundary_available_by_url","boundary_source_url":"https://raw.githubusercontent.com/thanglequoc/vietnamese-provinces-database/master/json/geojson/01_ha_noi/wards/08995_tien_thang.geojson","boundary_source_page":"https://github.com/thanglequoc/vietnamese-provinces-database/blob/master/json/geojson/01_ha_noi/wards/08995_tien_thang.geojson","source_catalog":"https://github.com/thanglequoc/vietnamese-provinces-database"},"geometry":null},{"type":"Feature","id":"09022","properties":{"commune_code":"09022","commune_name":"Mê Linh","commune_name_en":"Me Linh","commune_full_name":"Xã Mê Linh","commune_full_name_en":"Me Linh Commune","commune_slug":"me_linh","unit_type":"Xã","unit_type_en":"Commune","admin_level":2,"province_code":"01","province_name":"Hà Nội","province_full_name":"Thành phố Hà Nội","province_slug":"ha_noi","join_key":"09022","status":"active","dataset_effective_date":"2026-04-30","catalog_version":"2026-07-12","geometry_status":"not_embedded_boundary_available_by_url","boundary_source_url":"https://raw.githubusercontent.com/thanglequoc/vietnamese-provinces-database/master/json/geojson/01_ha_noi/wards/09022_me_linh.geojson","boundary_source_page":"https://github.com/thanglequoc/vietnamese-provinces-database/blob/master/json/geojson/01_ha_noi/wards/09022_me_linh.geojson","source_catalog":"https://github.com/thanglequoc/vietnamese-provinces-database"},"geometry":null},{"type":"Feature","id":"09552","properties":{"commune_code":"09552","commune_name":"Kiến Hưng","commune_name_en":"Kien Hung","commune_full_name":"Phường Kiến Hưng","commune_full_name_en":"Kien Hung Ward","commune_slug":"kien_hung","unit_type":"Phường","unit_type_en":"Ward","admin_level":2,"province_code":"01","province_name":"Hà Nội","province_full_name":"Thành phố Hà Nội","province_slug":"ha_noi","join_key":"09552","status":"active","dataset_effective_date":"2026-04-30","catalog_version":"2026-07-12","geometry_status":"not_embedded_boundary_available_by_url","boundary_source_url":"https://raw.githubusercontent.com/thanglequoc/vietnamese-provinces-database/master/json/geojson/01_ha_noi/wards/09552_kien_hung.geojson","boundary_source_page":"https://github.com/thanglequoc/vietnamese-provinces-database/blob/master/json/geojson/01_ha_noi/wards/09552_kien_hung.geojson","source_catalog":"https://github.com/thanglequoc/vietnamese-provinces-database"},"geometry":null},{"type":"Feature","id":"09556","properties":{"commune_code":"09556","commune_name":"Hà Đông","commune_name_en":"Ha Dong","commune_full_name":"Phường Hà Đông","commune_full_name_en":"Ha Dong Ward","commune_slug":"ha_dong","unit_type":"Phường","unit_type_en":"Ward","admin_level":2,"province_code":"01","province_name":"Hà Nội","province_full_name":"Thành phố Hà Nội","province_slug":"ha_noi","join_key":"09556","status":"active","dataset_effective_date":"2026-04-30","catalog_version":"2026-07-12","geometry_status":"not_embedded_boundary_available_by_url","boundary_source_url":"https://raw.githubusercontent.com/thanglequoc/vietnamese-provinces-database/master/json/geojson/01_ha_noi/wards/09556_ha_dong.geojson","boundary_source_page":"https://github.com/thanglequoc/vietnamese-provinces-database/blob/master/json/geojson/01_ha_noi/wards/09556_ha_dong.geojson","source_catalog":"https://github.com/thanglequoc/vietnamese-provinces-database"},"geometry":null},{"type":"Feature","id":"09562","properties":{"commune_code":"09562","commune_name":"Yên Nghĩa","commune_name_en":"Yen Nghia","commune_full_name":"Phường Yên Nghĩa","commune_full_name_en":"Yen Nghia Ward","commune_slug":"yen_nghia","unit_type":"Phường","unit_type_en":"Ward","admin_level":2,"province_code":"01","province_name":"Hà Nội","province_full_name":"Thành phố Hà Nội","province_slug":"ha_noi","join_key":"09562","status":"active","dataset_effective_date":"2026-04-30","catalog_version":"2026-07-12","geometry_status":"not_embedded_boundary_available_by_url","boundary_source_url":"https://raw.githubusercontent.com/thanglequoc/vietnamese-provinces-database/master/json/geojson/01_ha_noi/wards/09562_yen_nghia.geojson","boundary_source_page":"https://github.com/thanglequoc/vietnamese-provinces-database/blob/master/json/geojson/01_ha_noi/wards/09562_yen_nghia.geojson","source_catalog":"https://github.com/thanglequoc/vietnamese-provinces-database"},"geometry":null},{"type":"Feature","id":"09568","properties":{"commune_code":"09568","commune_name":"Phú Lương","commune_name_en":"Phu Luong","commune_full_name":"Phường Phú Lương","commune_full_name_en":"Phu Luong Ward","commune_slug":"phu_luong","unit_type":"Phường","unit_type_en":"Ward","admin_level":2,"province_code":"01","province_name":"Hà Nội","province_full_name":"Thành phố Hà Nội","province_slug":"ha_noi","join_key":"09568","status":"active","dataset_effective_date":"2026-04-30","catalog_version":"2026-07-12","geometry_status":"not_embedded_boundary_available_by_url","boundary_source_url":"https://raw.githubusercontent.com/thanglequoc/vietnamese-provinces-database/master/json/geojson/01_ha_noi/wards/09568_phu_luong.geojson","boundary_source_page":"https://github.com/thanglequoc/vietnamese-provinces-database/blob/master/json/geojson/01_ha_noi/wards/09568_phu_luong.geojson","source_catalog":"https://github.com/thanglequoc/vietnamese-provinces-database"},"geometry":null},{"type":"Feature","id":"09574","properties":{"commune_code":"09574","commune_name":"Sơn Tây","commune_name_en":"Son Tay","commune_full_name":"Phường Sơn Tây","commune_full_name_en":"Son Tay Ward","commune_slug":"son_tay","unit_type":"Phường","unit_type_en":"Ward","admin_level":2,"province_code":"01","province_name":"Hà Nội","province_full_name":"Thành phố Hà Nội","province_slug":"ha_noi","join_key":"09574","status":"active","dataset_effective_date":"2026-04-30","catalog_version":"2026-07-12","geometry_status":"not_embedded_boundary_available_by_url","boundary_source_url":"https://raw.githubusercontent.com/thanglequoc/vietnamese-provinces-database/master/json/geojson/01_ha_noi/wards/09574_son_tay.geojson","boundary_source_page":"https://github.com/thanglequoc/vietnamese-provinces-database/blob/master/json/geojson/01_ha_noi/wards/09574_son_tay.geojson","source_catalog":"https://github.com/thanglequoc/vietnamese-provinces-database"},"geometry":null},{"type":"Feature","id":"09604","properties":{"commune_code":"09604","commune_name":"Tùng Thiện","commune_name_en":"Tung Thien","commune_full_name":"Phường Tùng Thiện","commune_full_name_en":"Tung Thien Ward","commune_slug":"tung_thien","unit_type":"Phường","unit_type_en":"Ward","admin_level":2,"province_code":"01","province_name":"Hà Nội","province_full_name":"Thành phố Hà Nội","province_slug":"ha_noi","join_key":"09604","status":"active","dataset_effective_date":"2026-04-30","catalog_version":"2026-07-12","geometry_status":"not_embedded_boundary_available_by_url","boundary_source_url":"https://raw.githubusercontent.com/thanglequoc/vietnamese-provinces-database/master/json/geojson/01_ha_noi/wards/09604_tung_thien.geojson","boundary_source_page":"https://github.com/thanglequoc/vietnamese-provinces-database/blob/master/json/geojson/01_ha_noi/wards/09604_tung_thien.geojson","source_catalog":"https://github.com/thanglequoc/vietnamese-provinces-database"},"geometry":null},{"type":"Feature","id":"09616","properties":{"commune_code":"09616","commune_name":"Đoài Phương","commune_name_en":"Doai Phuong","commune_full_name":"Xã Đoài Phương","commune_full_name_en":"Doai Phuong Commune","commune_slug":"doai_phuong","unit_type":"Xã","unit_type_en":"Commune","admin_level":2,"province_code":"01","province_name":"Hà Nội","province_full_name":"Thành phố Hà Nội","province_slug":"ha_noi","join_key":"09616","status":"active","dataset_effective_date":"2026-04-30","catalog_version":"2026-07-12","geometry_status":"not_embedded_boundary_available_by_url","boundary_source_url":"https://raw.githubusercontent.com/thanglequoc/vietnamese-provinces-database/master/json/geojson/01_ha_noi/wards/09616_doai_phuong.geojson","boundary_source_page":"https://github.com/thanglequoc/vietnamese-provinces-database/blob/master/json/geojson/01_ha_noi/wards/09616_doai_phuong.geojson","source_catalog":"https://github.com/thanglequoc/vietnamese-provinces-database"},"geometry":null},{"type":"Feature","id":"09619","properties":{"commune_code":"09619","commune_name":"Quảng Oai","commune_name_en":"Quang Oai","commune_full_name":"Xã Quảng Oai","commune_full_name_en":"Quang Oai Commune","commune_slug":"quang_oai","unit_type":"Xã","unit_type_en":"Commune","admin_level":2,"province_code":"01","province_name":"Hà Nội","province_full_name":"Thành phố Hà Nội","province_slug":"ha_noi","join_key":"09619","status":"active","dataset_effective_date":"2026-04-30","catalog_version":"2026-07-12","geometry_status":"not_embedded_boundary_available_by_url","boundary_source_url":"https://raw.githubusercontent.com/thanglequoc/vietnamese-provinces-database/master/json/geojson/01_ha_noi/wards/09619_quang_oai.geojson","boundary_source_page":"https://github.com/thanglequoc/vietnamese-provinces-database/blob/master/json/geojson/01_ha_noi/wards/09619_quang_oai.geojson","source_catalog":"https://github.com/thanglequoc/vietnamese-provinces-database"},"geometry":null},{"type":"Feature","id":"09634","properties":{"commune_code":"09634","commune_name":"Cổ Đô","commune_name_en":"Co Do","commune_full_name":"Xã Cổ Đô","commune_full_name_en":"Co Do Commune","commune_slug":"co_do","unit_type":"Xã","unit_type_en":"Commune","admin_level":2,"province_code":"01","province_name":"Hà Nội","province_full_name":"Thành phố Hà Nội","province_slug":"ha_noi","join_key":"09634","status":"active","dataset_effective_date":"2026-04-30","catalog_version":"2026-07-12","geometry_status":"not_embedded_boundary_available_by_url","boundary_source_url":"https://raw.githubusercontent.com/thanglequoc/vietnamese-provinces-database/master/json/geojson/01_ha_noi/wards/09634_co_do.geojson","boundary_source_page":"https://github.com/thanglequoc/vietnamese-provinces-database/blob/master/json/geojson/01_ha_noi/wards/09634_co_do.geojson","source_catalog":"https://github.com/thanglequoc/vietnamese-provinces-database"},"geometry":null},{"type":"Feature","id":"09661","properties":{"commune_code":"09661","commune_name":"Minh Châu","commune_name_en":"Minh Chau","commune_full_name":"Xã Minh Châu","commune_full_name_en":"Minh Chau Commune","commune_slug":"minh_chau","unit_type":"Xã","unit_type_en":"Commune","admin_level":2,"province_code":"01","province_name":"Hà Nội","province_full_name":"Thành phố Hà Nội","province_slug":"ha_noi","join_key":"09661","status":"active","dataset_effective_date":"2026-04-30","catalog_version":"2026-07-12","geometry_status":"not_embedded_boundary_available_by_url","boundary_source_url":"https://raw.githubusercontent.com/thanglequoc/vietnamese-provinces-database/master/json/geojson/01_ha_noi/wards/09661_minh_chau.geojson","boundary_source_page":"https://github.com/thanglequoc/vietnamese-provinces-database/blob/master/json/geojson/01_ha_noi/wards/09661_minh_chau.geojson","source_catalog":"https://github.com/thanglequoc/vietnamese-provinces-database"},"geometry":null},{"type":"Feature","id":"09664","properties":{"commune_code":"09664","commune_name":"Vật Lại","commune_name_en":"Vat Lai","commune_full_name":"Xã Vật Lại","commune_full_name_en":"Vat Lai Commune","commune_slug":"vat_lai","unit_type":"Xã","unit_type_en":"Commune","admin_level":2,"province_code":"01","province_name":"Hà Nội","province_full_name":"Thành phố Hà Nội","province_slug":"ha_noi","join_key":"09664","status":"active","dataset_effective_date":"2026-04-30","catalog_version":"2026-07-12","geometry_status":"not_embedded_boundary_available_by_url","boundary_source_url":"https://raw.githubusercontent.com/thanglequoc/vietnamese-provinces-database/master/json/geojson/01_ha_noi/wards/09664_vat_lai.geojson","boundary_source_page":"https://github.com/thanglequoc/vietnamese-provinces-database/blob/master/json/geojson/01_ha_noi/wards/09664_vat_lai.geojson","source_catalog":"https://github.com/thanglequoc/vietnamese-provinces-database"},"geometry":null},{"type":"Feature","id":"09676","properties":{"commune_code":"09676","commune_name":"Bất Bạt","commune_name_en":"Bat Bat","commune_full_name":"Xã Bất Bạt","commune_full_name_en":"Bat Bat Commune","commune_slug":"bat_bat","unit_type":"Xã","unit_type_en":"Commune","admin_level":2,"province_code":"01","province_name":"Hà Nội","province_full_name":"Thành phố Hà Nội","province_slug":"ha_noi","join_key":"09676","status":"active","dataset_effective_date":"2026-04-30","catalog_version":"2026-07-12","geometry_status":"not_embedded_boundary_available_by_url","boundary_source_url":"https://raw.githubusercontent.com/thanglequoc/vietnamese-provinces-database/master/json/geojson/01_ha_noi/wards/09676_bat_bat.geojson","boundary_source_page":"https://github.com/thanglequoc/vietnamese-provinces-database/blob/master/json/geojson/01_ha_noi/wards/09676_bat_bat.geojson","source_catalog":"https://github.com/thanglequoc/vietnamese-provinces-database"},"geometry":null},{"type":"Feature","id":"09694","properties":{"commune_code":"09694","commune_name":"Suối Hai","commune_name_en":"Suoi Hai","commune_full_name":"Xã Suối Hai","commune_full_name_en":"Suoi Hai Commune","commune_slug":"suoi_hai","unit_type":"Xã","unit_type_en":"Commune","admin_level":2,"province_code":"01","province_name":"Hà Nội","province_full_name":"Thành phố Hà Nội","province_slug":"ha_noi","join_key":"09694","status":"active","dataset_effective_date":"2026-04-30","catalog_version":"2026-07-12","geometry_status":"not_embedded_boundary_available_by_url","boundary_source_url":"https://raw.githubusercontent.com/thanglequoc/vietnamese-provinces-database/master/json/geojson/01_ha_noi/wards/09694_suoi_hai.geojson","boundary_source_page":"https://github.com/thanglequoc/vietnamese-provinces-database/blob/master/json/geojson/01_ha_noi/wards/09694_suoi_hai.geojson","source_catalog":"https://github.com/thanglequoc/vietnamese-provinces-database"},"geometry":null},{"type":"Feature","id":"09700","properties":{"commune_code":"09700","commune_name":"Ba Vì","commune_name_en":"Ba Vi","commune_full_name":"Xã Ba Vì","commune_full_name_en":"Ba Vi Commune","commune_slug":"ba_vi","unit_type":"Xã","unit_type_en":"Commune","admin_level":2,"province_code":"01","province_name":"Hà Nội","province_full_name":"Thành phố Hà Nội","province_slug":"ha_noi","join_key":"09700","status":"active","dataset_effective_date":"2026-04-30","catalog_version":"2026-07-12","geometry_status":"not_embedded_boundary_available_by_url","boundary_source_url":"https://raw.githubusercontent.com/thanglequoc/vietnamese-provinces-database/master/json/geojson/01_ha_noi/wards/09700_ba_vi.geojson","boundary_source_page":"https://github.com/thanglequoc/vietnamese-provinces-database/blob/master/json/geojson/01_ha_noi/wards/09700_ba_vi.geojson","source_catalog":"https://github.com/thanglequoc/vietnamese-provinces-database"},"geometry":null},{"type":"Feature","id":"09706","properties":{"commune_code":"09706","commune_name":"Yên Bài","commune_name_en":"Yen Bai","commune_full_name":"Xã Yên Bài","commune_full_name_en":"Yen Bai Commune","commune_slug":"yen_bai","unit_type":"Xã","unit_type_en":"Commune","admin_level":2,"province_code":"01","province_name":"Hà Nội","province_full_name":"Thành phố Hà Nội","province_slug":"ha_noi","join_key":"09706","status":"active","dataset_effective_date":"2026-04-30","catalog_version":"2026-07-12","geometry_status":"not_embedded_boundary_available_by_url","boundary_source_url":"https://raw.githubusercontent.com/thanglequoc/vietnamese-provinces-database/master/json/geojson/01_ha_noi/wards/09706_yen_bai.geojson","boundary_source_page":"https://github.com/thanglequoc/vietnamese-provinces-database/blob/master/json/geojson/01_ha_noi/wards/09706_yen_bai.geojson","source_catalog":"https://github.com/thanglequoc/vietnamese-provinces-database"},"geometry":null},{"type":"Feature","id":"09715","properties":{"commune_code":"09715","commune_name":"Phúc Thọ","commune_name_en":"Phuc Tho","commune_full_name":"Xã Phúc Thọ","commune_full_name_en":"Phuc Tho Commune","commune_slug":"phuc_tho","unit_type":"Xã","unit_type_en":"Commune","admin_level":2,"province_code":"01","province_name":"Hà Nội","province_full_name":"Thành phố Hà Nội","province_slug":"ha_noi","join_key":"09715","status":"active","dataset_effective_date":"2026-04-30","catalog_version":"2026-07-12","geometry_status":"not_embedded_boundary_available_by_url","boundary_source_url":"https://raw.githubusercontent.com/thanglequoc/vietnamese-provinces-database/master/json/geojson/01_ha_noi/wards/09715_phuc_tho.geojson","boundary_source_page":"https://github.com/thanglequoc/vietnamese-provinces-database/blob/master/json/geojson/01_ha_noi/wards/09715_phuc_tho.geojson","source_catalog":"https://github.com/thanglequoc/vietnamese-provinces-database"},"geometry":null},{"type":"Feature","id":"09739","properties":{"commune_code":"09739","commune_name":"Phúc Lộc","commune_name_en":"Phuc Loc","commune_full_name":"Xã Phúc Lộc","commune_full_name_en":"Phuc Loc Commune","commune_slug":"phuc_loc","unit_type":"Xã","unit_type_en":"Commune","admin_level":2,"province_code":"01","province_name":"Hà Nội","province_full_name":"Thành phố Hà Nội","province_slug":"ha_noi","join_key":"09739","status":"active","dataset_effective_date":"2026-04-30","catalog_version":"2026-07-12","geometry_status":"not_embedded_boundary_available_by_url","boundary_source_url":"https://raw.githubusercontent.com/thanglequoc/vietnamese-provinces-database/master/json/geojson/01_ha_noi/wards/09739_phuc_loc.geojson","boundary_source_page":"https://github.com/thanglequoc/vietnamese-provinces-database/blob/master/json/geojson/01_ha_noi/wards/09739_phuc_loc.geojson","source_catalog":"https://github.com/thanglequoc/vietnamese-provinces-database"},"geometry":null},{"type":"Feature","id":"09772","properties":{"commune_code":"09772","commune_name":"Hát Môn","commune_name_en":"Hat Mon","commune_full_name":"Xã Hát Môn","commune_full_name_en":"Hat Mon Commune","commune_slug":"hat_mon","unit_type":"Xã","unit_type_en":"Commune","admin_level":2,"province_code":"01","province_name":"Hà Nội","province_full_name":"Thành phố Hà Nội","province_slug":"ha_noi","join_key":"09772","status":"active","dataset_effective_date":"2026-04-30","catalog_version":"2026-07-12","geometry_status":"not_embedded_boundary_available_by_url","boundary_source_url":"https://raw.githubusercontent.com/thanglequoc/vietnamese-provinces-database/master/json/geojson/01_ha_noi/wards/09772_hat_mon.geojson","boundary_source_page":"https://github.com/thanglequoc/vietnamese-provinces-database/blob/master/json/geojson/01_ha_noi/wards/09772_hat_mon.geojson","source_catalog":"https://github.com/thanglequoc/vietnamese-provinces-database"},"geometry":null},{"type":"Feature","id":"09784","properties":{"commune_code":"09784","commune_name":"Đan Phượng","commune_name_en":"Dan Phuong","commune_full_name":"Xã Đan Phượng","commune_full_name_en":"Dan Phuong Commune","commune_slug":"dan_phuong","unit_type":"Xã","unit_type_en":"Commune","admin_level":2,"province_code":"01","province_name":"Hà Nội","province_full_name":"Thành phố Hà Nội","province_slug":"ha_noi","join_key":"09784","status":"active","dataset_effective_date":"2026-04-30","catalog_version":"2026-07-12","geometry_status":"not_embedded_boundary_available_by_url","boundary_source_url":"https://raw.githubusercontent.com/thanglequoc/vietnamese-provinces-database/master/json/geojson/01_ha_noi/wards/09784_dan_phuong.geojson","boundary_source_page":"https://github.com/thanglequoc/vietnamese-provinces-database/blob/master/json/geojson/01_ha_noi/wards/09784_dan_phuong.geojson","source_catalog":"https://github.com/thanglequoc/vietnamese-provinces-database"},"geometry":null},{"type":"Feature","id":"09787","properties":{"commune_code":"09787","commune_name":"Liên Minh","commune_name_en":"Lien Minh","commune_full_name":"Xã Liên Minh","commune_full_name_en":"Lien Minh Commune","commune_slug":"lien_minh","unit_type":"Xã","unit_type_en":"Commune","admin_level":2,"province_code":"01","province_name":"Hà Nội","province_full_name":"Thành phố Hà Nội","province_slug":"ha_noi","join_key":"09787","status":"active","dataset_effective_date":"2026-04-30","catalog_version":"2026-07-12","geometry_status":"not_embedded_boundary_available_by_url","boundary_source_url":"https://raw.githubusercontent.com/thanglequoc/vietnamese-provinces-database/master/json/geojson/01_ha_noi/wards/09787_lien_minh.geojson","boundary_source_page":"https://github.com/thanglequoc/vietnamese-provinces-database/blob/master/json/geojson/01_ha_noi/wards/09787_lien_minh.geojson","source_catalog":"https://github.com/thanglequoc/vietnamese-provinces-database"},"geometry":null},{"type":"Feature","id":"09817","properties":{"commune_code":"09817","commune_name":"Ô Diên","commune_name_en":"O Dien","commune_full_name":"Xã Ô Diên","commune_full_name_en":"O Dien Commune","commune_slug":"o_dien","unit_type":"Xã","unit_type_en":"Commune","admin_level":2,"province_code":"01","province_name":"Hà Nội","province_full_name":"Thành phố Hà Nội","province_slug":"ha_noi","join_key":"09817","status":"active","dataset_effective_date":"2026-04-30","catalog_version":"2026-07-12","geometry_status":"not_embedded_boundary_available_by_url","boundary_source_url":"https://raw.githubusercontent.com/thanglequoc/vietnamese-provinces-database/master/json/geojson/01_ha_noi/wards/09817_o_dien.geojson","boundary_source_page":"https://github.com/thanglequoc/vietnamese-provinces-database/blob/master/json/geojson/01_ha_noi/wards/09817_o_dien.geojson","source_catalog":"https://github.com/thanglequoc/vietnamese-provinces-database"},"geometry":null},{"type":"Feature","id":"09832","properties":{"commune_code":"09832","commune_name":"Hoài Đức","commune_name_en":"Hoai Duc","commune_full_name":"Xã Hoài Đức","commune_full_name_en":"Hoai Duc Commune","commune_slug":"hoai_duc","unit_type":"Xã","unit_type_en":"Commune","admin_level":2,"province_code":"01","province_name":"Hà Nội","province_full_name":"Thành phố Hà Nội","province_slug":"ha_noi","join_key":"09832","status":"active","dataset_effective_date":"2026-04-30","catalog_version":"2026-07-12","geometry_status":"not_embedded_boundary_available_by_url","boundary_source_url":"https://raw.githubusercontent.com/thanglequoc/vietnamese-provinces-database/master/json/geojson/01_ha_noi/wards/09832_hoai_duc.geojson","boundary_source_page":"https://github.com/thanglequoc/vietnamese-provinces-database/blob/master/json/geojson/01_ha_noi/wards/09832_hoai_duc.geojson","source_catalog":"https://github.com/thanglequoc/vietnamese-provinces-database"},"geometry":null},{"type":"Feature","id":"09856","properties":{"commune_code":"09856","commune_name":"Dương Hoà","commune_name_en":"Duong Hoa","commune_full_name":"Xã Dương Hoà","commune_full_name_en":"Duong Hoa Commune","commune_slug":"duong_hoa","unit_type":"Xã","unit_type_en":"Commune","admin_level":2,"province_code":"01","province_name":"Hà Nội","province_full_name":"Thành phố Hà Nội","province_slug":"ha_noi","join_key":"09856","status":"active","dataset_effective_date":"2026-04-30","catalog_version":"2026-07-12","geometry_status":"not_embedded_boundary_available_by_url","boundary_source_url":"https://raw.githubusercontent.com/thanglequoc/vietnamese-provinces-database/master/json/geojson/01_ha_noi/wards/09856_duong_hoa.geojson","boundary_source_page":"https://github.com/thanglequoc/vietnamese-provinces-database/blob/master/json/geojson/01_ha_noi/wards/09856_duong_hoa.geojson","source_catalog":"https://github.com/thanglequoc/vietnamese-provinces-database"},"geometry":null},{"type":"Feature","id":"09871","properties":{"commune_code":"09871","commune_name":"Sơn Đồng","commune_name_en":"Son Dong","commune_full_name":"Xã Sơn Đồng","commune_full_name_en":"Son Dong Commune","commune_slug":"son_dong","unit_type":"Xã","unit_type_en":"Commune","admin_level":2,"province_code":"01","province_name":"Hà Nội","province_full_name":"Thành phố Hà Nội","province_slug":"ha_noi","join_key":"09871","status":"active","dataset_effective_date":"2026-04-30","catalog_version":"2026-07-12","geometry_status":"not_embedded_boundary_available_by_url","boundary_source_url":"https://raw.githubusercontent.com/thanglequoc/vietnamese-provinces-database/master/json/geojson/01_ha_noi/wards/09871_son_dong.geojson","boundary_source_page":"https://github.com/thanglequoc/vietnamese-provinces-database/blob/master/json/geojson/01_ha_noi/wards/09871_son_dong.geojson","source_catalog":"https://github.com/thanglequoc/vietnamese-provinces-database"},"geometry":null},{"type":"Feature","id":"09877","properties":{"commune_code":"09877","commune_name":"An Khánh","commune_name_en":"An Khanh","commune_full_name":"Xã An Khánh","commune_full_name_en":"An Khanh Commune","commune_slug":"an_khanh","unit_type":"Xã","unit_type_en":"Commune","admin_level":2,"province_code":"01","province_name":"Hà Nội","province_full_name":"Thành phố Hà Nội","province_slug":"ha_noi","join_key":"09877","status":"active","dataset_effective_date":"2026-04-30","catalog_version":"2026-07-12","geometry_status":"not_embedded_boundary_available_by_url","boundary_source_url":"https://raw.githubusercontent.com/thanglequoc/vietnamese-provinces-database/master/json/geojson/01_ha_noi/wards/09877_an_khanh.geojson","boundary_source_page":"https://github.com/thanglequoc/vietnamese-provinces-database/blob/master/json/geojson/01_ha_noi/wards/09877_an_khanh.geojson","source_catalog":"https://github.com/thanglequoc/vietnamese-provinces-database"},"geometry":null},{"type":"Feature","id":"09886","properties":{"commune_code":"09886","commune_name":"Dương Nội","commune_name_en":"Duong Noi","commune_full_name":"Phường Dương Nội","commune_full_name_en":"Duong Noi Ward","commune_slug":"duong_noi","unit_type":"Phường","unit_type_en":"Ward","admin_level":2,"province_code":"01","province_name":"Hà Nội","province_full_name":"Thành phố Hà Nội","province_slug":"ha_noi","join_key":"09886","status":"active","dataset_effective_date":"2026-04-30","catalog_version":"2026-07-12","geometry_status":"not_embedded_boundary_available_by_url","boundary_source_url":"https://raw.githubusercontent.com/thanglequoc/vietnamese-provinces-database/master/json/geojson/01_ha_noi/wards/09886_duong_noi.geojson","boundary_source_page":"https://github.com/thanglequoc/vietnamese-provinces-database/blob/master/json/geojson/01_ha_noi/wards/09886_duong_noi.geojson","source_catalog":"https://github.com/thanglequoc/vietnamese-provinces-database"},"geometry":null},{"type":"Feature","id":"09895","properties":{"commune_code":"09895","commune_name":"Quốc Oai","commune_name_en":"Quoc Oai","commune_full_name":"Xã Quốc Oai","commune_full_name_en":"Quoc Oai Commune","commune_slug":"quoc_oai","unit_type":"Xã","unit_type_en":"Commune","admin_level":2,"province_code":"01","province_name":"Hà Nội","province_full_name":"Thành phố Hà Nội","province_slug":"ha_noi","join_key":"09895","status":"active","dataset_effective_date":"2026-04-30","catalog_version":"2026-07-12","geometry_status":"not_embedded_boundary_available_by_url","boundary_source_url":"https://raw.githubusercontent.com/thanglequoc/vietnamese-provinces-database/master/json/geojson/01_ha_noi/wards/09895_quoc_oai.geojson","boundary_source_page":"https://github.com/thanglequoc/vietnamese-provinces-database/blob/master/json/geojson/01_ha_noi/wards/09895_quoc_oai.geojson","source_catalog":"https://github.com/thanglequoc/vietnamese-provinces-database"},"geometry":null},{"type":"Feature","id":"09910","properties":{"commune_code":"09910","commune_name":"Kiều Phú","commune_name_en":"Kieu Phu","commune_full_name":"Xã Kiều Phú","commune_full_name_en":"Kieu Phu Commune","commune_slug":"kieu_phu","unit_type":"Xã","unit_type_en":"Commune","admin_level":2,"province_code":"01","province_name":"Hà Nội","province_full_name":"Thành phố Hà Nội","province_slug":"ha_noi","join_key":"09910","status":"active","dataset_effective_date":"2026-04-30","catalog_version":"2026-07-12","geometry_status":"not_embedded_boundary_available_by_url","boundary_source_url":"https://raw.githubusercontent.com/thanglequoc/vietnamese-provinces-database/master/json/geojson/01_ha_noi/wards/09910_kieu_phu.geojson","boundary_source_page":"https://github.com/thanglequoc/vietnamese-provinces-database/blob/master/json/geojson/01_ha_noi/wards/09910_kieu_phu.geojson","source_catalog":"https://github.com/thanglequoc/vietnamese-provinces-database"},"geometry":null},{"type":"Feature","id":"09931","properties":{"commune_code":"09931","commune_name":"Hưng Đạo","commune_name_en":"Hung Dao","commune_full_name":"Xã Hưng Đạo","commune_full_name_en":"Hung Dao Commune","commune_slug":"hung_dao","unit_type":"Xã","unit_type_en":"Commune","admin_level":2,"province_code":"01","province_name":"Hà Nội","province_full_name":"Thành phố Hà Nội","province_slug":"ha_noi","join_key":"09931","status":"active","dataset_effective_date":"2026-04-30","catalog_version":"2026-07-12","geometry_status":"not_embedded_boundary_available_by_url","boundary_source_url":"https://raw.githubusercontent.com/thanglequoc/vietnamese-provinces-database/master/json/geojson/01_ha_noi/wards/09931_hung_dao.geojson","boundary_source_page":"https://github.com/thanglequoc/vietnamese-provinces-database/blob/master/json/geojson/01_ha_noi/wards/09931_hung_dao.geojson","source_catalog":"https://github.com/thanglequoc/vietnamese-provinces-database"},"geometry":null},{"type":"Feature","id":"09952","properties":{"commune_code":"09952","commune_name":"Phú Cát","commune_name_en":"Phu Cat","commune_full_name":"Xã Phú Cát","commune_full_name_en":"Phu Cat Commune","commune_slug":"phu_cat","unit_type":"Xã","unit_type_en":"Commune","admin_level":2,"province_code":"01","province_name":"Hà Nội","province_full_name":"Thành phố Hà Nội","province_slug":"ha_noi","join_key":"09952","status":"active","dataset_effective_date":"2026-04-30","catalog_version":"2026-07-12","geometry_status":"not_embedded_boundary_available_by_url","boundary_source_url":"https://raw.githubusercontent.com/thanglequoc/vietnamese-provinces-database/master/json/geojson/01_ha_noi/wards/09952_phu_cat.geojson","boundary_source_page":"https://github.com/thanglequoc/vietnamese-provinces-database/blob/master/json/geojson/01_ha_noi/wards/09952_phu_cat.geojson","source_catalog":"https://github.com/thanglequoc/vietnamese-provinces-database"},"geometry":null},{"type":"Feature","id":"09955","properties":{"commune_code":"09955","commune_name":"Thạch Thất","commune_name_en":"Thach That","commune_full_name":"Xã Thạch Thất","commune_full_name_en":"Thach That Commune","commune_slug":"thach_that","unit_type":"Xã","unit_type_en":"Commune","admin_level":2,"province_code":"01","province_name":"Hà Nội","province_full_name":"Thành phố Hà Nội","province_slug":"ha_noi","join_key":"09955","status":"active","dataset_effective_date":"2026-04-30","catalog_version":"2026-07-12","geometry_status":"not_embedded_boundary_available_by_url","boundary_source_url":"https://raw.githubusercontent.com/thanglequoc/vietnamese-provinces-database/master/json/geojson/01_ha_noi/wards/09955_thach_that.geojson","boundary_source_page":"https://github.com/thanglequoc/vietnamese-provinces-database/blob/master/json/geojson/01_ha_noi/wards/09955_thach_that.geojson","source_catalog":"https://github.com/thanglequoc/vietnamese-provinces-database"},"geometry":null},{"type":"Feature","id":"09982","properties":{"commune_code":"09982","commune_name":"Hạ Bằng","commune_name_en":"Ha Bang","commune_full_name":"Xã Hạ Bằng","commune_full_name_en":"Ha Bang Commune","commune_slug":"ha_bang","unit_type":"Xã","unit_type_en":"Commune","admin_level":2,"province_code":"01","province_name":"Hà Nội","province_full_name":"Thành phố Hà Nội","province_slug":"ha_noi","join_key":"09982","status":"active","dataset_effective_date":"2026-04-30","catalog_version":"2026-07-12","geometry_status":"not_embedded_boundary_available_by_url","boundary_source_url":"https://raw.githubusercontent.com/thanglequoc/vietnamese-provinces-database/master/json/geojson/01_ha_noi/wards/09982_ha_bang.geojson","boundary_source_page":"https://github.com/thanglequoc/vietnamese-provinces-database/blob/master/json/geojson/01_ha_noi/wards/09982_ha_bang.geojson","source_catalog":"https://github.com/thanglequoc/vietnamese-provinces-database"},"geometry":null},{"type":"Feature","id":"09988","properties":{"commune_code":"09988","commune_name":"Hoà Lạc","commune_name_en":"Hoa Lac","commune_full_name":"Xã Hoà Lạc","commune_full_name_en":"Hoa Lac Commune","commune_slug":"hoa_lac","unit_type":"Xã","unit_type_en":"Commune","admin_level":2,"province_code":"01","province_name":"Hà Nội","province_full_name":"Thành phố Hà Nội","province_slug":"ha_noi","join_key":"09988","status":"active","dataset_effective_date":"2026-04-30","catalog_version":"2026-07-12","geometry_status":"not_embedded_boundary_available_by_url","boundary_source_url":"https://raw.githubusercontent.com/thanglequoc/vietnamese-provinces-database/master/json/geojson/01_ha_noi/wards/09988_hoa_lac.geojson","boundary_source_page":"https://github.com/thanglequoc/vietnamese-provinces-database/blob/master/json/geojson/01_ha_noi/wards/09988_hoa_lac.geojson","source_catalog":"https://github.com/thanglequoc/vietnamese-provinces-database"},"geometry":null},{"type":"Feature","id":"10003","properties":{"commune_code":"10003","commune_name":"Tây Phương","commune_name_en":"Tay Phuong","commune_full_name":"Xã Tây Phương","commune_full_name_en":"Tay Phuong Commune","commune_slug":"tay_phuong","unit_type":"Xã","unit_type_en":"Commune","admin_level":2,"province_code":"01","province_name":"Hà Nội","province_full_name":"Thành phố Hà Nội","province_slug":"ha_noi","join_key":"10003","status":"active","dataset_effective_date":"2026-04-30","catalog_version":"2026-07-12","geometry_status":"not_embedded_boundary_available_by_url","boundary_source_url":"https://raw.githubusercontent.com/thanglequoc/vietnamese-provinces-database/master/json/geojson/01_ha_noi/wards/10003_tay_phuong.geojson","boundary_source_page":"https://github.com/thanglequoc/vietnamese-provinces-database/blob/master/json/geojson/01_ha_noi/wards/10003_tay_phuong.geojson","source_catalog":"https://github.com/thanglequoc/vietnamese-provinces-database"},"geometry":null},{"type":"Feature","id":"10015","properties":{"commune_code":"10015","commune_name":"Chương Mỹ","commune_name_en":"Chuong My","commune_full_name":"Phường Chương Mỹ","commune_full_name_en":"Chuong My Ward","commune_slug":"chuong_my","unit_type":"Phường","unit_type_en":"Ward","admin_level":2,"province_code":"01","province_name":"Hà Nội","province_full_name":"Thành phố Hà Nội","province_slug":"ha_noi","join_key":"10015","status":"active","dataset_effective_date":"2026-04-30","catalog_version":"2026-07-12","geometry_status":"not_embedded_boundary_available_by_url","boundary_source_url":"https://raw.githubusercontent.com/thanglequoc/vietnamese-provinces-database/master/json/geojson/01_ha_noi/wards/10015_chuong_my.geojson","boundary_source_page":"https://github.com/thanglequoc/vietnamese-provinces-database/blob/master/json/geojson/01_ha_noi/wards/10015_chuong_my.geojson","source_catalog":"https://github.com/thanglequoc/vietnamese-provinces-database"},"geometry":null},{"type":"Feature","id":"10030","properties":{"commune_code":"10030","commune_name":"Phú Nghĩa","commune_name_en":"Phu Nghia","commune_full_name":"Xã Phú Nghĩa","commune_full_name_en":"Phu Nghia Commune","commune_slug":"phu_nghia","unit_type":"Xã","unit_type_en":"Commune","admin_level":2,"province_code":"01","province_name":"Hà Nội","province_full_name":"Thành phố Hà Nội","province_slug":"ha_noi","join_key":"10030","status":"active","dataset_effective_date":"2026-04-30","catalog_version":"2026-07-12","geometry_status":"not_embedded_boundary_available_by_url","boundary_source_url":"https://raw.githubusercontent.com/thanglequoc/vietnamese-provinces-database/master/json/geojson/01_ha_noi/wards/10030_phu_nghia.geojson","boundary_source_page":"https://github.com/thanglequoc/vietnamese-provinces-database/blob/master/json/geojson/01_ha_noi/wards/10030_phu_nghia.geojson","source_catalog":"https://github.com/thanglequoc/vietnamese-provinces-database"},"geometry":null},{"type":"Feature","id":"10045","properties":{"commune_code":"10045","commune_name":"Xuân Mai","commune_name_en":"Xuan Mai","commune_full_name":"Xã Xuân Mai","commune_full_name_en":"Xuan Mai Commune","commune_slug":"xuan_mai","unit_type":"Xã","unit_type_en":"Commune","admin_level":2,"province_code":"01","province_name":"Hà Nội","province_full_name":"Thành phố Hà Nội","province_slug":"ha_noi","join_key":"10045","status":"active","dataset_effective_date":"2026-04-30","catalog_version":"2026-07-12","geometry_status":"not_embedded_boundary_available_by_url","boundary_source_url":"https://raw.githubusercontent.com/thanglequoc/vietnamese-provinces-database/master/json/geojson/01_ha_noi/wards/10045_xuan_mai.geojson","boundary_source_page":"https://github.com/thanglequoc/vietnamese-provinces-database/blob/master/json/geojson/01_ha_noi/wards/10045_xuan_mai.geojson","source_catalog":"https://github.com/thanglequoc/vietnamese-provinces-database"},"geometry":null},{"type":"Feature","id":"10072","properties":{"commune_code":"10072","commune_name":"Quảng Bị","commune_name_en":"Quang Bi","commune_full_name":"Xã Quảng Bị","commune_full_name_en":"Quang Bi Commune","commune_slug":"quang_bi","unit_type":"Xã","unit_type_en":"Commune","admin_level":2,"province_code":"01","province_name":"Hà Nội","province_full_name":"Thành phố Hà Nội","province_slug":"ha_noi","join_key":"10072","status":"active","dataset_effective_date":"2026-04-30","catalog_version":"2026-07-12","geometry_status":"not_embedded_boundary_available_by_url","boundary_source_url":"https://raw.githubusercontent.com/thanglequoc/vietnamese-provinces-database/master/json/geojson/01_ha_noi/wards/10072_quang_bi.geojson","boundary_source_page":"https://github.com/thanglequoc/vietnamese-provinces-database/blob/master/json/geojson/01_ha_noi/wards/10072_quang_bi.geojson","source_catalog":"https://github.com/thanglequoc/vietnamese-provinces-database"},"geometry":null},{"type":"Feature","id":"10081","properties":{"commune_code":"10081","commune_name":"Trần Phú","commune_name_en":"Tran Phu","commune_full_name":"Xã Trần Phú","commune_full_name_en":"Tran Phu Commune","commune_slug":"tran_phu","unit_type":"Xã","unit_type_en":"Commune","admin_level":2,"province_code":"01","province_name":"Hà Nội","province_full_name":"Thành phố Hà Nội","province_slug":"ha_noi","join_key":"10081","status":"active","dataset_effective_date":"2026-04-30","catalog_version":"2026-07-12","geometry_status":"not_embedded_boundary_available_by_url","boundary_source_url":"https://raw.githubusercontent.com/thanglequoc/vietnamese-provinces-database/master/json/geojson/01_ha_noi/wards/10081_tran_phu.geojson","boundary_source_page":"https://github.com/thanglequoc/vietnamese-provinces-database/blob/master/json/geojson/01_ha_noi/wards/10081_tran_phu.geojson","source_catalog":"https://github.com/thanglequoc/vietnamese-provinces-database"},"geometry":null},{"type":"Feature","id":"10096","properties":{"commune_code":"10096","commune_name":"Hoà Phú","commune_name_en":"Hoa Phu","commune_full_name":"Xã Hoà Phú","commune_full_name_en":"Hoa Phu Commune","commune_slug":"hoa_phu","unit_type":"Xã","unit_type_en":"Commune","admin_level":2,"province_code":"01","province_name":"Hà Nội","province_full_name":"Thành phố Hà Nội","province_slug":"ha_noi","join_key":"10096","status":"active","dataset_effective_date":"2026-04-30","catalog_version":"2026-07-12","geometry_status":"not_embedded_boundary_available_by_url","boundary_source_url":"https://raw.githubusercontent.com/thanglequoc/vietnamese-provinces-database/master/json/geojson/01_ha_noi/wards/10096_hoa_phu.geojson","boundary_source_page":"https://github.com/thanglequoc/vietnamese-provinces-database/blob/master/json/geojson/01_ha_noi/wards/10096_hoa_phu.geojson","source_catalog":"https://github.com/thanglequoc/vietnamese-provinces-database"},"geometry":null},{"type":"Feature","id":"10114","properties":{"commune_code":"10114","commune_name":"Thanh Oai","commune_name_en":"Thanh Oai","commune_full_name":"Xã Thanh Oai","commune_full_name_en":"Thanh Oai Commune","commune_slug":"thanh_oai","unit_type":"Xã","unit_type_en":"Commune","admin_level":2,"province_code":"01","province_name":"Hà Nội","province_full_name":"Thành phố Hà Nội","province_slug":"ha_noi","join_key":"10114","status":"active","dataset_effective_date":"2026-04-30","catalog_version":"2026-07-12","geometry_status":"not_embedded_boundary_available_by_url","boundary_source_url":"https://raw.githubusercontent.com/thanglequoc/vietnamese-provinces-database/master/json/geojson/01_ha_noi/wards/10114_thanh_oai.geojson","boundary_source_page":"https://github.com/thanglequoc/vietnamese-provinces-database/blob/master/json/geojson/01_ha_noi/wards/10114_thanh_oai.geojson","source_catalog":"https://github.com/thanglequoc/vietnamese-provinces-database"},"geometry":null},{"type":"Feature","id":"10126","properties":{"commune_code":"10126","commune_name":"Bình Minh","commune_name_en":"Binh Minh","commune_full_name":"Xã Bình Minh","commune_full_name_en":"Binh Minh Commune","commune_slug":"binh_minh","unit_type":"Xã","unit_type_en":"Commune","admin_level":2,"province_code":"01","province_name":"Hà Nội","province_full_name":"Thành phố Hà Nội","province_slug":"ha_noi","join_key":"10126","status":"active","dataset_effective_date":"2026-04-30","catalog_version":"2026-07-12","geometry_status":"not_embedded_boundary_available_by_url","boundary_source_url":"https://raw.githubusercontent.com/thanglequoc/vietnamese-provinces-database/master/json/geojson/01_ha_noi/wards/10126_binh_minh.geojson","boundary_source_page":"https://github.com/thanglequoc/vietnamese-provinces-database/blob/master/json/geojson/01_ha_noi/wards/10126_binh_minh.geojson","source_catalog":"https://github.com/thanglequoc/vietnamese-provinces-database"},"geometry":null},{"type":"Feature","id":"10144","properties":{"commune_code":"10144","commune_name":"Tam Hưng","commune_name_en":"Tam Hung","commune_full_name":"Xã Tam Hưng","commune_full_name_en":"Tam Hung Commune","commune_slug":"tam_hung","unit_type":"Xã","unit_type_en":"Commune","admin_level":2,"province_code":"01","province_name":"Hà Nội","province_full_name":"Thành phố Hà Nội","province_slug":"ha_noi","join_key":"10144","status":"active","dataset_effective_date":"2026-04-30","catalog_version":"2026-07-12","geometry_status":"not_embedded_boundary_available_by_url","boundary_source_url":"https://raw.githubusercontent.com/thanglequoc/vietnamese-provinces-database/master/json/geojson/01_ha_noi/wards/10144_tam_hung.geojson","boundary_source_page":"https://github.com/thanglequoc/vietnamese-provinces-database/blob/master/json/geojson/01_ha_noi/wards/10144_tam_hung.geojson","source_catalog":"https://github.com/thanglequoc/vietnamese-provinces-database"},"geometry":null},{"type":"Feature","id":"10180","properties":{"commune_code":"10180","commune_name":"Dân Hoà","commune_name_en":"Dan Hoa","commune_full_name":"Xã Dân Hoà","commune_full_name_en":"Dan Hoa Commune","commune_slug":"dan_hoa","unit_type":"Xã","unit_type_en":"Commune","admin_level":2,"province_code":"01","province_name":"Hà Nội","province_full_name":"Thành phố Hà Nội","province_slug":"ha_noi","join_key":"10180","status":"active","dataset_effective_date":"2026-04-30","catalog_version":"2026-07-12","geometry_status":"not_embedded_boundary_available_by_url","boundary_source_url":"https://raw.githubusercontent.com/thanglequoc/vietnamese-provinces-database/master/json/geojson/01_ha_noi/wards/10180_dan_hoa.geojson","boundary_source_page":"https://github.com/thanglequoc/vietnamese-provinces-database/blob/master/json/geojson/01_ha_noi/wards/10180_dan_hoa.geojson","source_catalog":"https://github.com/thanglequoc/vietnamese-provinces-database"},"geometry":null},{"type":"Feature","id":"10183","properties":{"commune_code":"10183","commune_name":"Thường Tín","commune_name_en":"Thuong Tin","commune_full_name":"Xã Thường Tín","commune_full_name_en":"Thuong Tin Commune","commune_slug":"thuong_tin","unit_type":"Xã","unit_type_en":"Commune","admin_level":2,"province_code":"01","province_name":"Hà Nội","province_full_name":"Thành phố Hà Nội","province_slug":"ha_noi","join_key":"10183","status":"active","dataset_effective_date":"2026-04-30","catalog_version":"2026-07-12","geometry_status":"not_embedded_boundary_available_by_url","boundary_source_url":"https://raw.githubusercontent.com/thanglequoc/vietnamese-provinces-database/master/json/geojson/01_ha_noi/wards/10183_thuong_tin.geojson","boundary_source_page":"https://github.com/thanglequoc/vietnamese-provinces-database/blob/master/json/geojson/01_ha_noi/wards/10183_thuong_tin.geojson","source_catalog":"https://github.com/thanglequoc/vietnamese-provinces-database"},"geometry":null},{"type":"Feature","id":"10210","properties":{"commune_code":"10210","commune_name":"Hồng Vân","commune_name_en":"Hong Van","commune_full_name":"Xã Hồng Vân","commune_full_name_en":"Hong Van Commune","commune_slug":"hong_van","unit_type":"Xã","unit_type_en":"Commune","admin_level":2,"province_code":"01","province_name":"Hà Nội","province_full_name":"Thành phố Hà Nội","province_slug":"ha_noi","join_key":"10210","status":"active","dataset_effective_date":"2026-04-30","catalog_version":"2026-07-12","geometry_status":"not_embedded_boundary_available_by_url","boundary_source_url":"https://raw.githubusercontent.com/thanglequoc/vietnamese-provinces-database/master/json/geojson/01_ha_noi/wards/10210_hong_van.geojson","boundary_source_page":"https://github.com/thanglequoc/vietnamese-provinces-database/blob/master/json/geojson/01_ha_noi/wards/10210_hong_van.geojson","source_catalog":"https://github.com/thanglequoc/vietnamese-provinces-database"},"geometry":null},{"type":"Feature","id":"10231","properties":{"commune_code":"10231","commune_name":"Thượng Phúc","commune_name_en":"Thuong Phuc","commune_full_name":"Xã Thượng Phúc","commune_full_name_en":"Thuong Phuc Commune","commune_slug":"thuong_phuc","unit_type":"Xã","unit_type_en":"Commune","admin_level":2,"province_code":"01","province_name":"Hà Nội","province_full_name":"Thành phố Hà Nội","province_slug":"ha_noi","join_key":"10231","status":"active","dataset_effective_date":"2026-04-30","catalog_version":"2026-07-12","geometry_status":"not_embedded_boundary_available_by_url","boundary_source_url":"https://raw.githubusercontent.com/thanglequoc/vietnamese-provinces-database/master/json/geojson/01_ha_noi/wards/10231_thuong_phuc.geojson","boundary_source_page":"https://github.com/thanglequoc/vietnamese-provinces-database/blob/master/json/geojson/01_ha_noi/wards/10231_thuong_phuc.geojson","source_catalog":"https://github.com/thanglequoc/vietnamese-provinces-database"},"geometry":null},{"type":"Feature","id":"10237","properties":{"commune_code":"10237","commune_name":"Chương Dương","commune_name_en":"Chuong Duong","commune_full_name":"Xã Chương Dương","commune_full_name_en":"Chuong Duong Commune","commune_slug":"chuong_duong","unit_type":"Xã","unit_type_en":"Commune","admin_level":2,"province_code":"01","province_name":"Hà Nội","province_full_name":"Thành phố Hà Nội","province_slug":"ha_noi","join_key":"10237","status":"active","dataset_effective_date":"2026-04-30","catalog_version":"2026-07-12","geometry_status":"not_embedded_boundary_available_by_url","boundary_source_url":"https://raw.githubusercontent.com/thanglequoc/vietnamese-provinces-database/master/json/geojson/01_ha_noi/wards/10237_chuong_duong.geojson","boundary_source_page":"https://github.com/thanglequoc/vietnamese-provinces-database/blob/master/json/geojson/01_ha_noi/wards/10237_chuong_duong.geojson","source_catalog":"https://github.com/thanglequoc/vietnamese-provinces-database"},"geometry":null},{"type":"Feature","id":"10273","properties":{"commune_code":"10273","commune_name":"Phú Xuyên","commune_name_en":"Phu Xuyen","commune_full_name":"Xã Phú Xuyên","commune_full_name_en":"Phu Xuyen Commune","commune_slug":"phu_xuyen","unit_type":"Xã","unit_type_en":"Commune","admin_level":2,"province_code":"01","province_name":"Hà Nội","province_full_name":"Thành phố Hà Nội","province_slug":"ha_noi","join_key":"10273","status":"active","dataset_effective_date":"2026-04-30","catalog_version":"2026-07-12","geometry_status":"not_embedded_boundary_available_by_url","boundary_source_url":"https://raw.githubusercontent.com/thanglequoc/vietnamese-provinces-database/master/json/geojson/01_ha_noi/wards/10273_phu_xuyen.geojson","boundary_source_page":"https://github.com/thanglequoc/vietnamese-provinces-database/blob/master/json/geojson/01_ha_noi/wards/10273_phu_xuyen.geojson","source_catalog":"https://github.com/thanglequoc/vietnamese-provinces-database"},"geometry":null},{"type":"Feature","id":"10279","properties":{"commune_code":"10279","commune_name":"Phượng Dực","commune_name_en":"Phuong Duc","commune_full_name":"Xã Phượng Dực","commune_full_name_en":"Phuong Duc Commune","commune_slug":"phuong_duc","unit_type":"Xã","unit_type_en":"Commune","admin_level":2,"province_code":"01","province_name":"Hà Nội","province_full_name":"Thành phố Hà Nội","province_slug":"ha_noi","join_key":"10279","status":"active","dataset_effective_date":"2026-04-30","catalog_version":"2026-07-12","geometry_status":"not_embedded_boundary_available_by_url","boundary_source_url":"https://raw.githubusercontent.com/thanglequoc/vietnamese-provinces-database/master/json/geojson/01_ha_noi/wards/10279_phuong_duc.geojson","boundary_source_page":"https://github.com/thanglequoc/vietnamese-provinces-database/blob/master/json/geojson/01_ha_noi/wards/10279_phuong_duc.geojson","source_catalog":"https://github.com/thanglequoc/vietnamese-provinces-database"},"geometry":null},{"type":"Feature","id":"10330","properties":{"commune_code":"10330","commune_name":"Chuyên Mỹ","commune_name_en":"Chuyen My","commune_full_name":"Xã Chuyên Mỹ","commune_full_name_en":"Chuyen My Commune","commune_slug":"chuyen_my","unit_type":"Xã","unit_type_en":"Commune","admin_level":2,"province_code":"01","province_name":"Hà Nội","province_full_name":"Thành phố Hà Nội","province_slug":"ha_noi","join_key":"10330","status":"active","dataset_effective_date":"2026-04-30","catalog_version":"2026-07-12","geometry_status":"not_embedded_boundary_available_by_url","boundary_source_url":"https://raw.githubusercontent.com/thanglequoc/vietnamese-provinces-database/master/json/geojson/01_ha_noi/wards/10330_chuyen_my.geojson","boundary_source_page":"https://github.com/thanglequoc/vietnamese-provinces-database/blob/master/json/geojson/01_ha_noi/wards/10330_chuyen_my.geojson","source_catalog":"https://github.com/thanglequoc/vietnamese-provinces-database"},"geometry":null},{"type":"Feature","id":"10342","properties":{"commune_code":"10342","commune_name":"Đại Xuyên","commune_name_en":"Dai Xuyen","commune_full_name":"Xã Đại Xuyên","commune_full_name_en":"Dai Xuyen Commune","commune_slug":"dai_xuyen","unit_type":"Xã","unit_type_en":"Commune","admin_level":2,"province_code":"01","province_name":"Hà Nội","province_full_name":"Thành phố Hà Nội","province_slug":"ha_noi","join_key":"10342","status":"active","dataset_effective_date":"2026-04-30","catalog_version":"2026-07-12","geometry_status":"not_embedded_boundary_available_by_url","boundary_source_url":"https://raw.githubusercontent.com/thanglequoc/vietnamese-provinces-database/master/json/geojson/01_ha_noi/wards/10342_dai_xuyen.geojson","boundary_source_page":"https://github.com/thanglequoc/vietnamese-provinces-database/blob/master/json/geojson/01_ha_noi/wards/10342_dai_xuyen.geojson","source_catalog":"https://github.com/thanglequoc/vietnamese-provinces-database"},"geometry":null},{"type":"Feature","id":"10354","properties":{"commune_code":"10354","commune_name":"Vân Đình","commune_name_en":"Van Dinh","commune_full_name":"Xã Vân Đình","commune_full_name_en":"Van Dinh Commune","commune_slug":"van_dinh","unit_type":"Xã","unit_type_en":"Commune","admin_level":2,"province_code":"01","province_name":"Hà Nội","province_full_name":"Thành phố Hà Nội","province_slug":"ha_noi","join_key":"10354","status":"active","dataset_effective_date":"2026-04-30","catalog_version":"2026-07-12","geometry_status":"not_embedded_boundary_available_by_url","boundary_source_url":"https://raw.githubusercontent.com/thanglequoc/vietnamese-provinces-database/master/json/geojson/01_ha_noi/wards/10354_van_dinh.geojson","boundary_source_page":"https://github.com/thanglequoc/vietnamese-provinces-database/blob/master/json/geojson/01_ha_noi/wards/10354_van_dinh.geojson","source_catalog":"https://github.com/thanglequoc/vietnamese-provinces-database"},"geometry":null},{"type":"Feature","id":"10369","properties":{"commune_code":"10369","commune_name":"Ứng Thiên","commune_name_en":"Ung Thien","commune_full_name":"Xã Ứng Thiên","commune_full_name_en":"Ung Thien Commune","commune_slug":"ung_thien","unit_type":"Xã","unit_type_en":"Commune","admin_level":2,"province_code":"01","province_name":"Hà Nội","province_full_name":"Thành phố Hà Nội","province_slug":"ha_noi","join_key":"10369","status":"active","dataset_effective_date":"2026-04-30","catalog_version":"2026-07-12","geometry_status":"not_embedded_boundary_available_by_url","boundary_source_url":"https://raw.githubusercontent.com/thanglequoc/vietnamese-provinces-database/master/json/geojson/01_ha_noi/wards/10369_ung_thien.geojson","boundary_source_page":"https://github.com/thanglequoc/vietnamese-provinces-database/blob/master/json/geojson/01_ha_noi/wards/10369_ung_thien.geojson","source_catalog":"https://github.com/thanglequoc/vietnamese-provinces-database"},"geometry":null},{"type":"Feature","id":"10402","properties":{"commune_code":"10402","commune_name":"Ứng Hoà","commune_name_en":"Ung Hoa","commune_full_name":"Xã Ứng Hoà","commune_full_name_en":"Ung Hoa Commune","commune_slug":"ung_hoa","unit_type":"Xã","unit_type_en":"Commune","admin_level":2,"province_code":"01","province_name":"Hà Nội","province_full_name":"Thành phố Hà Nội","province_slug":"ha_noi","join_key":"10402","status":"active","dataset_effective_date":"2026-04-30","catalog_version":"2026-07-12","geometry_status":"not_embedded_boundary_available_by_url","boundary_source_url":"https://raw.githubusercontent.com/thanglequoc/vietnamese-provinces-database/master/json/geojson/01_ha_noi/wards/10402_ung_hoa.geojson","boundary_source_page":"https://github.com/thanglequoc/vietnamese-provinces-database/blob/master/json/geojson/01_ha_noi/wards/10402_ung_hoa.geojson","source_catalog":"https://github.com/thanglequoc/vietnamese-provinces-database"},"geometry":null},{"type":"Feature","id":"10417","properties":{"commune_code":"10417","commune_name":"Hoà Xá","commune_name_en":"Hoa Xa","commune_full_name":"Xã Hoà Xá","commune_full_name_en":"Hoa Xa Commune","commune_slug":"hoa_xa","unit_type":"Xã","unit_type_en":"Commune","admin_level":2,"province_code":"01","province_name":"Hà Nội","province_full_name":"Thành phố Hà Nội","province_slug":"ha_noi","join_key":"10417","status":"active","dataset_effective_date":"2026-04-30","catalog_version":"2026-07-12","geometry_status":"not_embedded_boundary_available_by_url","boundary_source_url":"https://raw.githubusercontent.com/thanglequoc/vietnamese-provinces-database/master/json/geojson/01_ha_noi/wards/10417_hoa_xa.geojson","boundary_source_page":"https://github.com/thanglequoc/vietnamese-provinces-database/blob/master/json/geojson/01_ha_noi/wards/10417_hoa_xa.geojson","source_catalog":"https://github.com/thanglequoc/vietnamese-provinces-database"},"geometry":null},{"type":"Feature","id":"10441","properties":{"commune_code":"10441","commune_name":"Mỹ Đức","commune_name_en":"My Duc","commune_full_name":"Xã Mỹ Đức","commune_full_name_en":"My Duc Commune","commune_slug":"my_duc","unit_type":"Xã","unit_type_en":"Commune","admin_level":2,"province_code":"01","province_name":"Hà Nội","province_full_name":"Thành phố Hà Nội","province_slug":"ha_noi","join_key":"10441","status":"active","dataset_effective_date":"2026-04-30","catalog_version":"2026-07-12","geometry_status":"not_embedded_boundary_available_by_url","boundary_source_url":"https://raw.githubusercontent.com/thanglequoc/vietnamese-provinces-database/master/json/geojson/01_ha_noi/wards/10441_my_duc.geojson","boundary_source_page":"https://github.com/thanglequoc/vietnamese-provinces-database/blob/master/json/geojson/01_ha_noi/wards/10441_my_duc.geojson","source_catalog":"https://github.com/thanglequoc/vietnamese-provinces-database"},"geometry":null},{"type":"Feature","id":"10459","properties":{"commune_code":"10459","commune_name":"Phúc Sơn","commune_name_en":"Phuc Son","commune_full_name":"Xã Phúc Sơn","commune_full_name_en":"Phuc Son Commune","commune_slug":"phuc_son","unit_type":"Xã","unit_type_en":"Commune","admin_level":2,"province_code":"01","province_name":"Hà Nội","province_full_name":"Thành phố Hà Nội","province_slug":"ha_noi","join_key":"10459","status":"active","dataset_effective_date":"2026-04-30","catalog_version":"2026-07-12","geometry_status":"not_embedded_boundary_available_by_url","boundary_source_url":"https://raw.githubusercontent.com/thanglequoc/vietnamese-provinces-database/master/json/geojson/01_ha_noi/wards/10459_phuc_son.geojson","boundary_source_page":"https://github.com/thanglequoc/vietnamese-provinces-database/blob/master/json/geojson/01_ha_noi/wards/10459_phuc_son.geojson","source_catalog":"https://github.com/thanglequoc/vietnamese-provinces-database"},"geometry":null},{"type":"Feature","id":"10465","properties":{"commune_code":"10465","commune_name":"Hồng Sơn","commune_name_en":"Hong Son","commune_full_name":"Xã Hồng Sơn","commune_full_name_en":"Hong Son Commune","commune_slug":"hong_son","unit_type":"Xã","unit_type_en":"Commune","admin_level":2,"province_code":"01","province_name":"Hà Nội","province_full_name":"Thành phố Hà Nội","province_slug":"ha_noi","join_key":"10465","status":"active","dataset_effective_date":"2026-04-30","catalog_version":"2026-07-12","geometry_status":"not_embedded_boundary_available_by_url","boundary_source_url":"https://raw.githubusercontent.com/thanglequoc/vietnamese-provinces-database/master/json/geojson/01_ha_noi/wards/10465_hong_son.geojson","boundary_source_page":"https://github.com/thanglequoc/vietnamese-provinces-database/blob/master/json/geojson/01_ha_noi/wards/10465_hong_son.geojson","source_catalog":"https://github.com/thanglequoc/vietnamese-provinces-database"},"geometry":null},{"type":"Feature","id":"10489","properties":{"commune_code":"10489","commune_name":"Hương Sơn","commune_name_en":"Huong Son","commune_full_name":"Xã Hương Sơn","commune_full_name_en":"Huong Son Commune","commune_slug":"huong_son","unit_type":"Xã","unit_type_en":"Commune","admin_level":2,"province_code":"01","province_name":"Hà Nội","province_full_name":"Thành phố Hà Nội","province_slug":"ha_noi","join_key":"10489","status":"active","dataset_effective_date":"2026-04-30","catalog_version":"2026-07-12","geometry_status":"not_embedded_boundary_available_by_url","boundary_source_url":"https://raw.githubusercontent.com/thanglequoc/vietnamese-provinces-database/master/json/geojson/01_ha_noi/wards/10489_huong_son.geojson","boundary_source_page":"https://github.com/thanglequoc/vietnamese-provinces-database/blob/master/json/geojson/01_ha_noi/wards/10489_huong_son.geojson","source_catalog":"https://github.com/thanglequoc/vietnamese-provinces-database"},"geometry":null}]}