{"type":"FeatureCollection","name":"08_tuyen_quang_communes_attributes","metadata":{"province_code":"08","province_name":"Tuyên Quang","feature_count":124,"geometry":null,"join_key":"commune_code"},"features":[{"type":"Feature","id":"00691","properties":{"commune_code":"00691","commune_name":"Hà Giang 2","commune_name_en":"Ha Giang 2","commune_full_name":"Phường Hà Giang 2","commune_full_name_en":"Ward Ha Giang 2","commune_slug":"ha_giang_2","unit_type":"Phường","unit_type_en":"Ward","admin_level":2,"province_code":"08","province_name":"Tuyên Quang","province_full_name":"Tỉnh Tuyên Quang","province_slug":"tuyen_quang","join_key":"00691","status":"active","dataset_effective_date":"2026-04-30","catalog_version":"2026-07-12","geometry_status":"not_embedded_boundary_available_by_url","boundary_source_url":"https://raw.githubusercontent.com/thanglequoc/vietnamese-provinces-database/master/json/geojson/08_tuyen_quang/wards/00691_ha_giang_2.geojson","boundary_source_page":"https://github.com/thanglequoc/vietnamese-provinces-database/blob/master/json/geojson/08_tuyen_quang/wards/00691_ha_giang_2.geojson","source_catalog":"https://github.com/thanglequoc/vietnamese-provinces-database"},"geometry":null},{"type":"Feature","id":"00694","properties":{"commune_code":"00694","commune_name":"Hà Giang 1","commune_name_en":"Ha Giang 1","commune_full_name":"Phường Hà Giang 1","commune_full_name_en":"Ward Ha Giang 1","commune_slug":"ha_giang_1","unit_type":"Phường","unit_type_en":"Ward","admin_level":2,"province_code":"08","province_name":"Tuyên Quang","province_full_name":"Tỉnh Tuyên Quang","province_slug":"tuyen_quang","join_key":"00694","status":"active","dataset_effective_date":"2026-04-30","catalog_version":"2026-07-12","geometry_status":"not_embedded_boundary_available_by_url","boundary_source_url":"https://raw.githubusercontent.com/thanglequoc/vietnamese-provinces-database/master/json/geojson/08_tuyen_quang/wards/00694_ha_giang_1.geojson","boundary_source_page":"https://github.com/thanglequoc/vietnamese-provinces-database/blob/master/json/geojson/08_tuyen_quang/wards/00694_ha_giang_1.geojson","source_catalog":"https://github.com/thanglequoc/vietnamese-provinces-database"},"geometry":null},{"type":"Feature","id":"00700","properties":{"commune_code":"00700","commune_name":"Ngọc Đường","commune_name_en":"Ngoc Duong","commune_full_name":"Xã Ngọc Đường","commune_full_name_en":"Ngoc Duong Commune","commune_slug":"ngoc_duong","unit_type":"Xã","unit_type_en":"Commune","admin_level":2,"province_code":"08","province_name":"Tuyên Quang","province_full_name":"Tỉnh Tuyên Quang","province_slug":"tuyen_quang","join_key":"00700","status":"active","dataset_effective_date":"2026-04-30","catalog_version":"2026-07-12","geometry_status":"not_embedded_boundary_available_by_url","boundary_source_url":"https://raw.githubusercontent.com/thanglequoc/vietnamese-provinces-database/master/json/geojson/08_tuyen_quang/wards/00700_ngoc_duong.geojson","boundary_source_page":"https://github.com/thanglequoc/vietnamese-provinces-database/blob/master/json/geojson/08_tuyen_quang/wards/00700_ngoc_duong.geojson","source_catalog":"https://github.com/thanglequoc/vietnamese-provinces-database"},"geometry":null},{"type":"Feature","id":"00706","properties":{"commune_code":"00706","commune_name":"Phú Linh","commune_name_en":"Phu Linh","commune_full_name":"Xã Phú Linh","commune_full_name_en":"Phu Linh Commune","commune_slug":"phu_linh","unit_type":"Xã","unit_type_en":"Commune","admin_level":2,"province_code":"08","province_name":"Tuyên Quang","province_full_name":"Tỉnh Tuyên Quang","province_slug":"tuyen_quang","join_key":"00706","status":"active","dataset_effective_date":"2026-04-30","catalog_version":"2026-07-12","geometry_status":"not_embedded_boundary_available_by_url","boundary_source_url":"https://raw.githubusercontent.com/thanglequoc/vietnamese-provinces-database/master/json/geojson/08_tuyen_quang/wards/00706_phu_linh.geojson","boundary_source_page":"https://github.com/thanglequoc/vietnamese-provinces-database/blob/master/json/geojson/08_tuyen_quang/wards/00706_phu_linh.geojson","source_catalog":"https://github.com/thanglequoc/vietnamese-provinces-database"},"geometry":null},{"type":"Feature","id":"00715","properties":{"commune_code":"00715","commune_name":"Lũng Cú","commune_name_en":"Lung Cu","commune_full_name":"Xã Lũng Cú","commune_full_name_en":"Lung Cu Commune","commune_slug":"lung_cu","unit_type":"Xã","unit_type_en":"Commune","admin_level":2,"province_code":"08","province_name":"Tuyên Quang","province_full_name":"Tỉnh Tuyên Quang","province_slug":"tuyen_quang","join_key":"00715","status":"active","dataset_effective_date":"2026-04-30","catalog_version":"2026-07-12","geometry_status":"not_embedded_boundary_available_by_url","boundary_source_url":"https://raw.githubusercontent.com/thanglequoc/vietnamese-provinces-database/master/json/geojson/08_tuyen_quang/wards/00715_lung_cu.geojson","boundary_source_page":"https://github.com/thanglequoc/vietnamese-provinces-database/blob/master/json/geojson/08_tuyen_quang/wards/00715_lung_cu.geojson","source_catalog":"https://github.com/thanglequoc/vietnamese-provinces-database"},"geometry":null},{"type":"Feature","id":"00721","properties":{"commune_code":"00721","commune_name":"Đồng Văn","commune_name_en":"Dong Van","commune_full_name":"Xã Đồng Văn","commune_full_name_en":"Dong Van Commune","commune_slug":"dong_van","unit_type":"Xã","unit_type_en":"Commune","admin_level":2,"province_code":"08","province_name":"Tuyên Quang","province_full_name":"Tỉnh Tuyên Quang","province_slug":"tuyen_quang","join_key":"00721","status":"active","dataset_effective_date":"2026-04-30","catalog_version":"2026-07-12","geometry_status":"not_embedded_boundary_available_by_url","boundary_source_url":"https://raw.githubusercontent.com/thanglequoc/vietnamese-provinces-database/master/json/geojson/08_tuyen_quang/wards/00721_dong_van.geojson","boundary_source_page":"https://github.com/thanglequoc/vietnamese-provinces-database/blob/master/json/geojson/08_tuyen_quang/wards/00721_dong_van.geojson","source_catalog":"https://github.com/thanglequoc/vietnamese-provinces-database"},"geometry":null},{"type":"Feature","id":"00733","properties":{"commune_code":"00733","commune_name":"Sà Phìn","commune_name_en":"Sa Phin","commune_full_name":"Xã Sà Phìn","commune_full_name_en":"Sa Phin Commune","commune_slug":"sa_phin","unit_type":"Xã","unit_type_en":"Commune","admin_level":2,"province_code":"08","province_name":"Tuyên Quang","province_full_name":"Tỉnh Tuyên Quang","province_slug":"tuyen_quang","join_key":"00733","status":"active","dataset_effective_date":"2026-04-30","catalog_version":"2026-07-12","geometry_status":"not_embedded_boundary_available_by_url","boundary_source_url":"https://raw.githubusercontent.com/thanglequoc/vietnamese-provinces-database/master/json/geojson/08_tuyen_quang/wards/00733_sa_phin.geojson","boundary_source_page":"https://github.com/thanglequoc/vietnamese-provinces-database/blob/master/json/geojson/08_tuyen_quang/wards/00733_sa_phin.geojson","source_catalog":"https://github.com/thanglequoc/vietnamese-provinces-database"},"geometry":null},{"type":"Feature","id":"00745","properties":{"commune_code":"00745","commune_name":"Phố Bảng","commune_name_en":"Pho Bang","commune_full_name":"Xã Phố Bảng","commune_full_name_en":"Pho Bang Commune","commune_slug":"pho_bang","unit_type":"Xã","unit_type_en":"Commune","admin_level":2,"province_code":"08","province_name":"Tuyên Quang","province_full_name":"Tỉnh Tuyên Quang","province_slug":"tuyen_quang","join_key":"00745","status":"active","dataset_effective_date":"2026-04-30","catalog_version":"2026-07-12","geometry_status":"not_embedded_boundary_available_by_url","boundary_source_url":"https://raw.githubusercontent.com/thanglequoc/vietnamese-provinces-database/master/json/geojson/08_tuyen_quang/wards/00745_pho_bang.geojson","boundary_source_page":"https://github.com/thanglequoc/vietnamese-provinces-database/blob/master/json/geojson/08_tuyen_quang/wards/00745_pho_bang.geojson","source_catalog":"https://github.com/thanglequoc/vietnamese-provinces-database"},"geometry":null},{"type":"Feature","id":"00763","properties":{"commune_code":"00763","commune_name":"Lũng Phìn","commune_name_en":"Lung Phin","commune_full_name":"Xã Lũng Phìn","commune_full_name_en":"Lung Phin Commune","commune_slug":"lung_phin","unit_type":"Xã","unit_type_en":"Commune","admin_level":2,"province_code":"08","province_name":"Tuyên Quang","province_full_name":"Tỉnh Tuyên Quang","province_slug":"tuyen_quang","join_key":"00763","status":"active","dataset_effective_date":"2026-04-30","catalog_version":"2026-07-12","geometry_status":"not_embedded_boundary_available_by_url","boundary_source_url":"https://raw.githubusercontent.com/thanglequoc/vietnamese-provinces-database/master/json/geojson/08_tuyen_quang/wards/00763_lung_phin.geojson","boundary_source_page":"https://github.com/thanglequoc/vietnamese-provinces-database/blob/master/json/geojson/08_tuyen_quang/wards/00763_lung_phin.geojson","source_catalog":"https://github.com/thanglequoc/vietnamese-provinces-database"},"geometry":null},{"type":"Feature","id":"00769","properties":{"commune_code":"00769","commune_name":"Mèo Vạc","commune_name_en":"Meo Vac","commune_full_name":"Xã Mèo Vạc","commune_full_name_en":"Meo Vac Commune","commune_slug":"meo_vac","unit_type":"Xã","unit_type_en":"Commune","admin_level":2,"province_code":"08","province_name":"Tuyên Quang","province_full_name":"Tỉnh Tuyên Quang","province_slug":"tuyen_quang","join_key":"00769","status":"active","dataset_effective_date":"2026-04-30","catalog_version":"2026-07-12","geometry_status":"not_embedded_boundary_available_by_url","boundary_source_url":"https://raw.githubusercontent.com/thanglequoc/vietnamese-provinces-database/master/json/geojson/08_tuyen_quang/wards/00769_meo_vac.geojson","boundary_source_page":"https://github.com/thanglequoc/vietnamese-provinces-database/blob/master/json/geojson/08_tuyen_quang/wards/00769_meo_vac.geojson","source_catalog":"https://github.com/thanglequoc/vietnamese-provinces-database"},"geometry":null},{"type":"Feature","id":"00778","properties":{"commune_code":"00778","commune_name":"Sơn Vĩ","commune_name_en":"Son Vi","commune_full_name":"Xã Sơn Vĩ","commune_full_name_en":"Son Vi Commune","commune_slug":"son_vi","unit_type":"Xã","unit_type_en":"Commune","admin_level":2,"province_code":"08","province_name":"Tuyên Quang","province_full_name":"Tỉnh Tuyên Quang","province_slug":"tuyen_quang","join_key":"00778","status":"active","dataset_effective_date":"2026-04-30","catalog_version":"2026-07-12","geometry_status":"not_embedded_boundary_available_by_url","boundary_source_url":"https://raw.githubusercontent.com/thanglequoc/vietnamese-provinces-database/master/json/geojson/08_tuyen_quang/wards/00778_son_vi.geojson","boundary_source_page":"https://github.com/thanglequoc/vietnamese-provinces-database/blob/master/json/geojson/08_tuyen_quang/wards/00778_son_vi.geojson","source_catalog":"https://github.com/thanglequoc/vietnamese-provinces-database"},"geometry":null},{"type":"Feature","id":"00787","properties":{"commune_code":"00787","commune_name":"Sủng Máng","commune_name_en":"Sung Mang","commune_full_name":"Xã Sủng Máng","commune_full_name_en":"Sung Mang Commune","commune_slug":"sung_mang","unit_type":"Xã","unit_type_en":"Commune","admin_level":2,"province_code":"08","province_name":"Tuyên Quang","province_full_name":"Tỉnh Tuyên Quang","province_slug":"tuyen_quang","join_key":"00787","status":"active","dataset_effective_date":"2026-04-30","catalog_version":"2026-07-12","geometry_status":"not_embedded_boundary_available_by_url","boundary_source_url":"https://raw.githubusercontent.com/thanglequoc/vietnamese-provinces-database/master/json/geojson/08_tuyen_quang/wards/00787_sung_mang.geojson","boundary_source_page":"https://github.com/thanglequoc/vietnamese-provinces-database/blob/master/json/geojson/08_tuyen_quang/wards/00787_sung_mang.geojson","source_catalog":"https://github.com/thanglequoc/vietnamese-provinces-database"},"geometry":null},{"type":"Feature","id":"00802","properties":{"commune_code":"00802","commune_name":"Khâu Vai","commune_name_en":"Khau Vai","commune_full_name":"Xã Khâu Vai","commune_full_name_en":"Khau Vai Commune","commune_slug":"khau_vai","unit_type":"Xã","unit_type_en":"Commune","admin_level":2,"province_code":"08","province_name":"Tuyên Quang","province_full_name":"Tỉnh Tuyên Quang","province_slug":"tuyen_quang","join_key":"00802","status":"active","dataset_effective_date":"2026-04-30","catalog_version":"2026-07-12","geometry_status":"not_embedded_boundary_available_by_url","boundary_source_url":"https://raw.githubusercontent.com/thanglequoc/vietnamese-provinces-database/master/json/geojson/08_tuyen_quang/wards/00802_khau_vai.geojson","boundary_source_page":"https://github.com/thanglequoc/vietnamese-provinces-database/blob/master/json/geojson/08_tuyen_quang/wards/00802_khau_vai.geojson","source_catalog":"https://github.com/thanglequoc/vietnamese-provinces-database"},"geometry":null},{"type":"Feature","id":"00808","properties":{"commune_code":"00808","commune_name":"Tát Ngà","commune_name_en":"Tat Nga","commune_full_name":"Xã Tát Ngà","commune_full_name_en":"Tat Nga Commune","commune_slug":"tat_nga","unit_type":"Xã","unit_type_en":"Commune","admin_level":2,"province_code":"08","province_name":"Tuyên Quang","province_full_name":"Tỉnh Tuyên Quang","province_slug":"tuyen_quang","join_key":"00808","status":"active","dataset_effective_date":"2026-04-30","catalog_version":"2026-07-12","geometry_status":"not_embedded_boundary_available_by_url","boundary_source_url":"https://raw.githubusercontent.com/thanglequoc/vietnamese-provinces-database/master/json/geojson/08_tuyen_quang/wards/00808_tat_nga.geojson","boundary_source_page":"https://github.com/thanglequoc/vietnamese-provinces-database/blob/master/json/geojson/08_tuyen_quang/wards/00808_tat_nga.geojson","source_catalog":"https://github.com/thanglequoc/vietnamese-provinces-database"},"geometry":null},{"type":"Feature","id":"00817","properties":{"commune_code":"00817","commune_name":"Niêm Sơn","commune_name_en":"Niem Son","commune_full_name":"Xã Niêm Sơn","commune_full_name_en":"Niem Son Commune","commune_slug":"niem_son","unit_type":"Xã","unit_type_en":"Commune","admin_level":2,"province_code":"08","province_name":"Tuyên Quang","province_full_name":"Tỉnh Tuyên Quang","province_slug":"tuyen_quang","join_key":"00817","status":"active","dataset_effective_date":"2026-04-30","catalog_version":"2026-07-12","geometry_status":"not_embedded_boundary_available_by_url","boundary_source_url":"https://raw.githubusercontent.com/thanglequoc/vietnamese-provinces-database/master/json/geojson/08_tuyen_quang/wards/00817_niem_son.geojson","boundary_source_page":"https://github.com/thanglequoc/vietnamese-provinces-database/blob/master/json/geojson/08_tuyen_quang/wards/00817_niem_son.geojson","source_catalog":"https://github.com/thanglequoc/vietnamese-provinces-database"},"geometry":null},{"type":"Feature","id":"00820","properties":{"commune_code":"00820","commune_name":"Yên Minh","commune_name_en":"Yen Minh","commune_full_name":"Xã Yên Minh","commune_full_name_en":"Yen Minh Commune","commune_slug":"yen_minh","unit_type":"Xã","unit_type_en":"Commune","admin_level":2,"province_code":"08","province_name":"Tuyên Quang","province_full_name":"Tỉnh Tuyên Quang","province_slug":"tuyen_quang","join_key":"00820","status":"active","dataset_effective_date":"2026-04-30","catalog_version":"2026-07-12","geometry_status":"not_embedded_boundary_available_by_url","boundary_source_url":"https://raw.githubusercontent.com/thanglequoc/vietnamese-provinces-database/master/json/geojson/08_tuyen_quang/wards/00820_yen_minh.geojson","boundary_source_page":"https://github.com/thanglequoc/vietnamese-provinces-database/blob/master/json/geojson/08_tuyen_quang/wards/00820_yen_minh.geojson","source_catalog":"https://github.com/thanglequoc/vietnamese-provinces-database"},"geometry":null},{"type":"Feature","id":"00829","properties":{"commune_code":"00829","commune_name":"Thắng Mố","commune_name_en":"Thang Mo","commune_full_name":"Xã Thắng Mố","commune_full_name_en":"Thang Mo Commune","commune_slug":"thang_mo","unit_type":"Xã","unit_type_en":"Commune","admin_level":2,"province_code":"08","province_name":"Tuyên Quang","province_full_name":"Tỉnh Tuyên Quang","province_slug":"tuyen_quang","join_key":"00829","status":"active","dataset_effective_date":"2026-04-30","catalog_version":"2026-07-12","geometry_status":"not_embedded_boundary_available_by_url","boundary_source_url":"https://raw.githubusercontent.com/thanglequoc/vietnamese-provinces-database/master/json/geojson/08_tuyen_quang/wards/00829_thang_mo.geojson","boundary_source_page":"https://github.com/thanglequoc/vietnamese-provinces-database/blob/master/json/geojson/08_tuyen_quang/wards/00829_thang_mo.geojson","source_catalog":"https://github.com/thanglequoc/vietnamese-provinces-database"},"geometry":null},{"type":"Feature","id":"00832","properties":{"commune_code":"00832","commune_name":"Bạch Đích","commune_name_en":"Bach Dich","commune_full_name":"Xã Bạch Đích","commune_full_name_en":"Bach Dich Commune","commune_slug":"bach_dich","unit_type":"Xã","unit_type_en":"Commune","admin_level":2,"province_code":"08","province_name":"Tuyên Quang","province_full_name":"Tỉnh Tuyên Quang","province_slug":"tuyen_quang","join_key":"00832","status":"active","dataset_effective_date":"2026-04-30","catalog_version":"2026-07-12","geometry_status":"not_embedded_boundary_available_by_url","boundary_source_url":"https://raw.githubusercontent.com/thanglequoc/vietnamese-provinces-database/master/json/geojson/08_tuyen_quang/wards/00832_bach_dich.geojson","boundary_source_page":"https://github.com/thanglequoc/vietnamese-provinces-database/blob/master/json/geojson/08_tuyen_quang/wards/00832_bach_dich.geojson","source_catalog":"https://github.com/thanglequoc/vietnamese-provinces-database"},"geometry":null},{"type":"Feature","id":"00847","properties":{"commune_code":"00847","commune_name":"Mậu Duệ","commune_name_en":"Mau Due","commune_full_name":"Xã Mậu Duệ","commune_full_name_en":"Mau Due Commune","commune_slug":"mau_due","unit_type":"Xã","unit_type_en":"Commune","admin_level":2,"province_code":"08","province_name":"Tuyên Quang","province_full_name":"Tỉnh Tuyên Quang","province_slug":"tuyen_quang","join_key":"00847","status":"active","dataset_effective_date":"2026-04-30","catalog_version":"2026-07-12","geometry_status":"not_embedded_boundary_available_by_url","boundary_source_url":"https://raw.githubusercontent.com/thanglequoc/vietnamese-provinces-database/master/json/geojson/08_tuyen_quang/wards/00847_mau_due.geojson","boundary_source_page":"https://github.com/thanglequoc/vietnamese-provinces-database/blob/master/json/geojson/08_tuyen_quang/wards/00847_mau_due.geojson","source_catalog":"https://github.com/thanglequoc/vietnamese-provinces-database"},"geometry":null},{"type":"Feature","id":"00859","properties":{"commune_code":"00859","commune_name":"Ngọc Long","commune_name_en":"Ngoc Long","commune_full_name":"Xã Ngọc Long","commune_full_name_en":"Ngoc Long Commune","commune_slug":"ngoc_long","unit_type":"Xã","unit_type_en":"Commune","admin_level":2,"province_code":"08","province_name":"Tuyên Quang","province_full_name":"Tỉnh Tuyên Quang","province_slug":"tuyen_quang","join_key":"00859","status":"active","dataset_effective_date":"2026-04-30","catalog_version":"2026-07-12","geometry_status":"not_embedded_boundary_available_by_url","boundary_source_url":"https://raw.githubusercontent.com/thanglequoc/vietnamese-provinces-database/master/json/geojson/08_tuyen_quang/wards/00859_ngoc_long.geojson","boundary_source_page":"https://github.com/thanglequoc/vietnamese-provinces-database/blob/master/json/geojson/08_tuyen_quang/wards/00859_ngoc_long.geojson","source_catalog":"https://github.com/thanglequoc/vietnamese-provinces-database"},"geometry":null},{"type":"Feature","id":"00865","properties":{"commune_code":"00865","commune_name":"Đường Thượng","commune_name_en":"Duong Thuong","commune_full_name":"Xã Đường Thượng","commune_full_name_en":"Duong Thuong Commune","commune_slug":"duong_thuong","unit_type":"Xã","unit_type_en":"Commune","admin_level":2,"province_code":"08","province_name":"Tuyên Quang","province_full_name":"Tỉnh Tuyên Quang","province_slug":"tuyen_quang","join_key":"00865","status":"active","dataset_effective_date":"2026-04-30","catalog_version":"2026-07-12","geometry_status":"not_embedded_boundary_available_by_url","boundary_source_url":"https://raw.githubusercontent.com/thanglequoc/vietnamese-provinces-database/master/json/geojson/08_tuyen_quang/wards/00865_duong_thuong.geojson","boundary_source_page":"https://github.com/thanglequoc/vietnamese-provinces-database/blob/master/json/geojson/08_tuyen_quang/wards/00865_duong_thuong.geojson","source_catalog":"https://github.com/thanglequoc/vietnamese-provinces-database"},"geometry":null},{"type":"Feature","id":"00871","properties":{"commune_code":"00871","commune_name":"Du Già","commune_name_en":"Du Gia","commune_full_name":"Xã Du Già","commune_full_name_en":"Du Gia Commune","commune_slug":"du_gia","unit_type":"Xã","unit_type_en":"Commune","admin_level":2,"province_code":"08","province_name":"Tuyên Quang","province_full_name":"Tỉnh Tuyên Quang","province_slug":"tuyen_quang","join_key":"00871","status":"active","dataset_effective_date":"2026-04-30","catalog_version":"2026-07-12","geometry_status":"not_embedded_boundary_available_by_url","boundary_source_url":"https://raw.githubusercontent.com/thanglequoc/vietnamese-provinces-database/master/json/geojson/08_tuyen_quang/wards/00871_du_gia.geojson","boundary_source_page":"https://github.com/thanglequoc/vietnamese-provinces-database/blob/master/json/geojson/08_tuyen_quang/wards/00871_du_gia.geojson","source_catalog":"https://github.com/thanglequoc/vietnamese-provinces-database"},"geometry":null},{"type":"Feature","id":"00874","properties":{"commune_code":"00874","commune_name":"Quản Bạ","commune_name_en":"Quan Ba","commune_full_name":"Xã Quản Bạ","commune_full_name_en":"Quan Ba Commune","commune_slug":"quan_ba","unit_type":"Xã","unit_type_en":"Commune","admin_level":2,"province_code":"08","province_name":"Tuyên Quang","province_full_name":"Tỉnh Tuyên Quang","province_slug":"tuyen_quang","join_key":"00874","status":"active","dataset_effective_date":"2026-04-30","catalog_version":"2026-07-12","geometry_status":"not_embedded_boundary_available_by_url","boundary_source_url":"https://raw.githubusercontent.com/thanglequoc/vietnamese-provinces-database/master/json/geojson/08_tuyen_quang/wards/00874_quan_ba.geojson","boundary_source_page":"https://github.com/thanglequoc/vietnamese-provinces-database/blob/master/json/geojson/08_tuyen_quang/wards/00874_quan_ba.geojson","source_catalog":"https://github.com/thanglequoc/vietnamese-provinces-database"},"geometry":null},{"type":"Feature","id":"00883","properties":{"commune_code":"00883","commune_name":"Cán Tỷ","commune_name_en":"Can Ty","commune_full_name":"Xã Cán Tỷ","commune_full_name_en":"Can Ty Commune","commune_slug":"can_ty","unit_type":"Xã","unit_type_en":"Commune","admin_level":2,"province_code":"08","province_name":"Tuyên Quang","province_full_name":"Tỉnh Tuyên Quang","province_slug":"tuyen_quang","join_key":"00883","status":"active","dataset_effective_date":"2026-04-30","catalog_version":"2026-07-12","geometry_status":"not_embedded_boundary_available_by_url","boundary_source_url":"https://raw.githubusercontent.com/thanglequoc/vietnamese-provinces-database/master/json/geojson/08_tuyen_quang/wards/00883_can_ty.geojson","boundary_source_page":"https://github.com/thanglequoc/vietnamese-provinces-database/blob/master/json/geojson/08_tuyen_quang/wards/00883_can_ty.geojson","source_catalog":"https://github.com/thanglequoc/vietnamese-provinces-database"},"geometry":null},{"type":"Feature","id":"00889","properties":{"commune_code":"00889","commune_name":"Nghĩa Thuận","commune_name_en":"Nghia Thuan","commune_full_name":"Xã Nghĩa Thuận","commune_full_name_en":"Nghia Thuan Commune","commune_slug":"nghia_thuan","unit_type":"Xã","unit_type_en":"Commune","admin_level":2,"province_code":"08","province_name":"Tuyên Quang","province_full_name":"Tỉnh Tuyên Quang","province_slug":"tuyen_quang","join_key":"00889","status":"active","dataset_effective_date":"2026-04-30","catalog_version":"2026-07-12","geometry_status":"not_embedded_boundary_available_by_url","boundary_source_url":"https://raw.githubusercontent.com/thanglequoc/vietnamese-provinces-database/master/json/geojson/08_tuyen_quang/wards/00889_nghia_thuan.geojson","boundary_source_page":"https://github.com/thanglequoc/vietnamese-provinces-database/blob/master/json/geojson/08_tuyen_quang/wards/00889_nghia_thuan.geojson","source_catalog":"https://github.com/thanglequoc/vietnamese-provinces-database"},"geometry":null},{"type":"Feature","id":"00892","properties":{"commune_code":"00892","commune_name":"Tùng Vài","commune_name_en":"Tung Vai","commune_full_name":"Xã Tùng Vài","commune_full_name_en":"Tung Vai Commune","commune_slug":"tung_vai","unit_type":"Xã","unit_type_en":"Commune","admin_level":2,"province_code":"08","province_name":"Tuyên Quang","province_full_name":"Tỉnh Tuyên Quang","province_slug":"tuyen_quang","join_key":"00892","status":"active","dataset_effective_date":"2026-04-30","catalog_version":"2026-07-12","geometry_status":"not_embedded_boundary_available_by_url","boundary_source_url":"https://raw.githubusercontent.com/thanglequoc/vietnamese-provinces-database/master/json/geojson/08_tuyen_quang/wards/00892_tung_vai.geojson","boundary_source_page":"https://github.com/thanglequoc/vietnamese-provinces-database/blob/master/json/geojson/08_tuyen_quang/wards/00892_tung_vai.geojson","source_catalog":"https://github.com/thanglequoc/vietnamese-provinces-database"},"geometry":null},{"type":"Feature","id":"00901","properties":{"commune_code":"00901","commune_name":"Lùng Tám","commune_name_en":"Lung Tam","commune_full_name":"Xã Lùng Tám","commune_full_name_en":"Lung Tam Commune","commune_slug":"lung_tam","unit_type":"Xã","unit_type_en":"Commune","admin_level":2,"province_code":"08","province_name":"Tuyên Quang","province_full_name":"Tỉnh Tuyên Quang","province_slug":"tuyen_quang","join_key":"00901","status":"active","dataset_effective_date":"2026-04-30","catalog_version":"2026-07-12","geometry_status":"not_embedded_boundary_available_by_url","boundary_source_url":"https://raw.githubusercontent.com/thanglequoc/vietnamese-provinces-database/master/json/geojson/08_tuyen_quang/wards/00901_lung_tam.geojson","boundary_source_page":"https://github.com/thanglequoc/vietnamese-provinces-database/blob/master/json/geojson/08_tuyen_quang/wards/00901_lung_tam.geojson","source_catalog":"https://github.com/thanglequoc/vietnamese-provinces-database"},"geometry":null},{"type":"Feature","id":"00913","properties":{"commune_code":"00913","commune_name":"Vị Xuyên","commune_name_en":"Vi Xuyen","commune_full_name":"Xã Vị Xuyên","commune_full_name_en":"Vi Xuyen Commune","commune_slug":"vi_xuyen","unit_type":"Xã","unit_type_en":"Commune","admin_level":2,"province_code":"08","province_name":"Tuyên Quang","province_full_name":"Tỉnh Tuyên Quang","province_slug":"tuyen_quang","join_key":"00913","status":"active","dataset_effective_date":"2026-04-30","catalog_version":"2026-07-12","geometry_status":"not_embedded_boundary_available_by_url","boundary_source_url":"https://raw.githubusercontent.com/thanglequoc/vietnamese-provinces-database/master/json/geojson/08_tuyen_quang/wards/00913_vi_xuyen.geojson","boundary_source_page":"https://github.com/thanglequoc/vietnamese-provinces-database/blob/master/json/geojson/08_tuyen_quang/wards/00913_vi_xuyen.geojson","source_catalog":"https://github.com/thanglequoc/vietnamese-provinces-database"},"geometry":null},{"type":"Feature","id":"00919","properties":{"commune_code":"00919","commune_name":"Minh Tân","commune_name_en":"Minh Tan","commune_full_name":"Xã Minh Tân","commune_full_name_en":"Minh Tan Commune","commune_slug":"minh_tan","unit_type":"Xã","unit_type_en":"Commune","admin_level":2,"province_code":"08","province_name":"Tuyên Quang","province_full_name":"Tỉnh Tuyên Quang","province_slug":"tuyen_quang","join_key":"00919","status":"active","dataset_effective_date":"2026-04-30","catalog_version":"2026-07-12","geometry_status":"not_embedded_boundary_available_by_url","boundary_source_url":"https://raw.githubusercontent.com/thanglequoc/vietnamese-provinces-database/master/json/geojson/08_tuyen_quang/wards/00919_minh_tan.geojson","boundary_source_page":"https://github.com/thanglequoc/vietnamese-provinces-database/blob/master/json/geojson/08_tuyen_quang/wards/00919_minh_tan.geojson","source_catalog":"https://github.com/thanglequoc/vietnamese-provinces-database"},"geometry":null},{"type":"Feature","id":"00922","properties":{"commune_code":"00922","commune_name":"Thuận Hoà","commune_name_en":"Thuan Hoa","commune_full_name":"Xã Thuận Hoà","commune_full_name_en":"Thuan Hoa Commune","commune_slug":"thuan_hoa","unit_type":"Xã","unit_type_en":"Commune","admin_level":2,"province_code":"08","province_name":"Tuyên Quang","province_full_name":"Tỉnh Tuyên Quang","province_slug":"tuyen_quang","join_key":"00922","status":"active","dataset_effective_date":"2026-04-30","catalog_version":"2026-07-12","geometry_status":"not_embedded_boundary_available_by_url","boundary_source_url":"https://raw.githubusercontent.com/thanglequoc/vietnamese-provinces-database/master/json/geojson/08_tuyen_quang/wards/00922_thuan_hoa.geojson","boundary_source_page":"https://github.com/thanglequoc/vietnamese-provinces-database/blob/master/json/geojson/08_tuyen_quang/wards/00922_thuan_hoa.geojson","source_catalog":"https://github.com/thanglequoc/vietnamese-provinces-database"},"geometry":null},{"type":"Feature","id":"00925","properties":{"commune_code":"00925","commune_name":"Tùng Bá","commune_name_en":"Tung Ba","commune_full_name":"Xã Tùng Bá","commune_full_name_en":"Tung Ba Commune","commune_slug":"tung_ba","unit_type":"Xã","unit_type_en":"Commune","admin_level":2,"province_code":"08","province_name":"Tuyên Quang","province_full_name":"Tỉnh Tuyên Quang","province_slug":"tuyen_quang","join_key":"00925","status":"active","dataset_effective_date":"2026-04-30","catalog_version":"2026-07-12","geometry_status":"not_embedded_boundary_available_by_url","boundary_source_url":"https://raw.githubusercontent.com/thanglequoc/vietnamese-provinces-database/master/json/geojson/08_tuyen_quang/wards/00925_tung_ba.geojson","boundary_source_page":"https://github.com/thanglequoc/vietnamese-provinces-database/blob/master/json/geojson/08_tuyen_quang/wards/00925_tung_ba.geojson","source_catalog":"https://github.com/thanglequoc/vietnamese-provinces-database"},"geometry":null},{"type":"Feature","id":"00928","properties":{"commune_code":"00928","commune_name":"Thanh Thuỷ","commune_name_en":"Thanh Thuy","commune_full_name":"Xã Thanh Thuỷ","commune_full_name_en":"Thanh Thuy Commune","commune_slug":"thanh_thuy","unit_type":"Xã","unit_type_en":"Commune","admin_level":2,"province_code":"08","province_name":"Tuyên Quang","province_full_name":"Tỉnh Tuyên Quang","province_slug":"tuyen_quang","join_key":"00928","status":"active","dataset_effective_date":"2026-04-30","catalog_version":"2026-07-12","geometry_status":"not_embedded_boundary_available_by_url","boundary_source_url":"https://raw.githubusercontent.com/thanglequoc/vietnamese-provinces-database/master/json/geojson/08_tuyen_quang/wards/00928_thanh_thuy.geojson","boundary_source_page":"https://github.com/thanglequoc/vietnamese-provinces-database/blob/master/json/geojson/08_tuyen_quang/wards/00928_thanh_thuy.geojson","source_catalog":"https://github.com/thanglequoc/vietnamese-provinces-database"},"geometry":null},{"type":"Feature","id":"00937","properties":{"commune_code":"00937","commune_name":"Lao Chải","commune_name_en":"Lao Chai","commune_full_name":"Xã Lao Chải","commune_full_name_en":"Lao Chai Commune","commune_slug":"lao_chai","unit_type":"Xã","unit_type_en":"Commune","admin_level":2,"province_code":"08","province_name":"Tuyên Quang","province_full_name":"Tỉnh Tuyên Quang","province_slug":"tuyen_quang","join_key":"00937","status":"active","dataset_effective_date":"2026-04-30","catalog_version":"2026-07-12","geometry_status":"not_embedded_boundary_available_by_url","boundary_source_url":"https://raw.githubusercontent.com/thanglequoc/vietnamese-provinces-database/master/json/geojson/08_tuyen_quang/wards/00937_lao_chai.geojson","boundary_source_page":"https://github.com/thanglequoc/vietnamese-provinces-database/blob/master/json/geojson/08_tuyen_quang/wards/00937_lao_chai.geojson","source_catalog":"https://github.com/thanglequoc/vietnamese-provinces-database"},"geometry":null},{"type":"Feature","id":"00952","properties":{"commune_code":"00952","commune_name":"Cao Bồ","commune_name_en":"Cao Bo","commune_full_name":"Xã Cao Bồ","commune_full_name_en":"Cao Bo Commune","commune_slug":"cao_bo","unit_type":"Xã","unit_type_en":"Commune","admin_level":2,"province_code":"08","province_name":"Tuyên Quang","province_full_name":"Tỉnh Tuyên Quang","province_slug":"tuyen_quang","join_key":"00952","status":"active","dataset_effective_date":"2026-04-30","catalog_version":"2026-07-12","geometry_status":"not_embedded_boundary_available_by_url","boundary_source_url":"https://raw.githubusercontent.com/thanglequoc/vietnamese-provinces-database/master/json/geojson/08_tuyen_quang/wards/00952_cao_bo.geojson","boundary_source_page":"https://github.com/thanglequoc/vietnamese-provinces-database/blob/master/json/geojson/08_tuyen_quang/wards/00952_cao_bo.geojson","source_catalog":"https://github.com/thanglequoc/vietnamese-provinces-database"},"geometry":null},{"type":"Feature","id":"00958","properties":{"commune_code":"00958","commune_name":"Thượng Sơn","commune_name_en":"Thuong Son","commune_full_name":"Xã Thượng Sơn","commune_full_name_en":"Thuong Son Commune","commune_slug":"thuong_son","unit_type":"Xã","unit_type_en":"Commune","admin_level":2,"province_code":"08","province_name":"Tuyên Quang","province_full_name":"Tỉnh Tuyên Quang","province_slug":"tuyen_quang","join_key":"00958","status":"active","dataset_effective_date":"2026-04-30","catalog_version":"2026-07-12","geometry_status":"not_embedded_boundary_available_by_url","boundary_source_url":"https://raw.githubusercontent.com/thanglequoc/vietnamese-provinces-database/master/json/geojson/08_tuyen_quang/wards/00958_thuong_son.geojson","boundary_source_page":"https://github.com/thanglequoc/vietnamese-provinces-database/blob/master/json/geojson/08_tuyen_quang/wards/00958_thuong_son.geojson","source_catalog":"https://github.com/thanglequoc/vietnamese-provinces-database"},"geometry":null},{"type":"Feature","id":"00967","properties":{"commune_code":"00967","commune_name":"Việt Lâm","commune_name_en":"Viet Lam","commune_full_name":"Xã Việt Lâm","commune_full_name_en":"Viet Lam Commune","commune_slug":"viet_lam","unit_type":"Xã","unit_type_en":"Commune","admin_level":2,"province_code":"08","province_name":"Tuyên Quang","province_full_name":"Tỉnh Tuyên Quang","province_slug":"tuyen_quang","join_key":"00967","status":"active","dataset_effective_date":"2026-04-30","catalog_version":"2026-07-12","geometry_status":"not_embedded_boundary_available_by_url","boundary_source_url":"https://raw.githubusercontent.com/thanglequoc/vietnamese-provinces-database/master/json/geojson/08_tuyen_quang/wards/00967_viet_lam.geojson","boundary_source_page":"https://github.com/thanglequoc/vietnamese-provinces-database/blob/master/json/geojson/08_tuyen_quang/wards/00967_viet_lam.geojson","source_catalog":"https://github.com/thanglequoc/vietnamese-provinces-database"},"geometry":null},{"type":"Feature","id":"00970","properties":{"commune_code":"00970","commune_name":"Linh Hồ","commune_name_en":"Linh Ho","commune_full_name":"Xã Linh Hồ","commune_full_name_en":"Linh Ho Commune","commune_slug":"linh_ho","unit_type":"Xã","unit_type_en":"Commune","admin_level":2,"province_code":"08","province_name":"Tuyên Quang","province_full_name":"Tỉnh Tuyên Quang","province_slug":"tuyen_quang","join_key":"00970","status":"active","dataset_effective_date":"2026-04-30","catalog_version":"2026-07-12","geometry_status":"not_embedded_boundary_available_by_url","boundary_source_url":"https://raw.githubusercontent.com/thanglequoc/vietnamese-provinces-database/master/json/geojson/08_tuyen_quang/wards/00970_linh_ho.geojson","boundary_source_page":"https://github.com/thanglequoc/vietnamese-provinces-database/blob/master/json/geojson/08_tuyen_quang/wards/00970_linh_ho.geojson","source_catalog":"https://github.com/thanglequoc/vietnamese-provinces-database"},"geometry":null},{"type":"Feature","id":"00976","properties":{"commune_code":"00976","commune_name":"Bạch Ngọc","commune_name_en":"Bach Ngoc","commune_full_name":"Xã Bạch Ngọc","commune_full_name_en":"Bach Ngoc Commune","commune_slug":"bach_ngoc","unit_type":"Xã","unit_type_en":"Commune","admin_level":2,"province_code":"08","province_name":"Tuyên Quang","province_full_name":"Tỉnh Tuyên Quang","province_slug":"tuyen_quang","join_key":"00976","status":"active","dataset_effective_date":"2026-04-30","catalog_version":"2026-07-12","geometry_status":"not_embedded_boundary_available_by_url","boundary_source_url":"https://raw.githubusercontent.com/thanglequoc/vietnamese-provinces-database/master/json/geojson/08_tuyen_quang/wards/00976_bach_ngoc.geojson","boundary_source_page":"https://github.com/thanglequoc/vietnamese-provinces-database/blob/master/json/geojson/08_tuyen_quang/wards/00976_bach_ngoc.geojson","source_catalog":"https://github.com/thanglequoc/vietnamese-provinces-database"},"geometry":null},{"type":"Feature","id":"00982","properties":{"commune_code":"00982","commune_name":"Minh Sơn","commune_name_en":"Minh Son","commune_full_name":"Xã Minh Sơn","commune_full_name_en":"Minh Son Commune","commune_slug":"minh_son","unit_type":"Xã","unit_type_en":"Commune","admin_level":2,"province_code":"08","province_name":"Tuyên Quang","province_full_name":"Tỉnh Tuyên Quang","province_slug":"tuyen_quang","join_key":"00982","status":"active","dataset_effective_date":"2026-04-30","catalog_version":"2026-07-12","geometry_status":"not_embedded_boundary_available_by_url","boundary_source_url":"https://raw.githubusercontent.com/thanglequoc/vietnamese-provinces-database/master/json/geojson/08_tuyen_quang/wards/00982_minh_son.geojson","boundary_source_page":"https://github.com/thanglequoc/vietnamese-provinces-database/blob/master/json/geojson/08_tuyen_quang/wards/00982_minh_son.geojson","source_catalog":"https://github.com/thanglequoc/vietnamese-provinces-database"},"geometry":null},{"type":"Feature","id":"00985","properties":{"commune_code":"00985","commune_name":"Giáp Trung","commune_name_en":"Giap Trung","commune_full_name":"Xã Giáp Trung","commune_full_name_en":"Giap Trung Commune","commune_slug":"giap_trung","unit_type":"Xã","unit_type_en":"Commune","admin_level":2,"province_code":"08","province_name":"Tuyên Quang","province_full_name":"Tỉnh Tuyên Quang","province_slug":"tuyen_quang","join_key":"00985","status":"active","dataset_effective_date":"2026-04-30","catalog_version":"2026-07-12","geometry_status":"not_embedded_boundary_available_by_url","boundary_source_url":"https://raw.githubusercontent.com/thanglequoc/vietnamese-provinces-database/master/json/geojson/08_tuyen_quang/wards/00985_giap_trung.geojson","boundary_source_page":"https://github.com/thanglequoc/vietnamese-provinces-database/blob/master/json/geojson/08_tuyen_quang/wards/00985_giap_trung.geojson","source_catalog":"https://github.com/thanglequoc/vietnamese-provinces-database"},"geometry":null},{"type":"Feature","id":"00991","properties":{"commune_code":"00991","commune_name":"Bắc Mê","commune_name_en":"Bac Me","commune_full_name":"Xã Bắc Mê","commune_full_name_en":"Bac Me Commune","commune_slug":"bac_me","unit_type":"Xã","unit_type_en":"Commune","admin_level":2,"province_code":"08","province_name":"Tuyên Quang","province_full_name":"Tỉnh Tuyên Quang","province_slug":"tuyen_quang","join_key":"00991","status":"active","dataset_effective_date":"2026-04-30","catalog_version":"2026-07-12","geometry_status":"not_embedded_boundary_available_by_url","boundary_source_url":"https://raw.githubusercontent.com/thanglequoc/vietnamese-provinces-database/master/json/geojson/08_tuyen_quang/wards/00991_bac_me.geojson","boundary_source_page":"https://github.com/thanglequoc/vietnamese-provinces-database/blob/master/json/geojson/08_tuyen_quang/wards/00991_bac_me.geojson","source_catalog":"https://github.com/thanglequoc/vietnamese-provinces-database"},"geometry":null},{"type":"Feature","id":"00994","properties":{"commune_code":"00994","commune_name":"Minh Ngọc","commune_name_en":"Minh Ngoc","commune_full_name":"Xã Minh Ngọc","commune_full_name_en":"Minh Ngoc Commune","commune_slug":"minh_ngoc","unit_type":"Xã","unit_type_en":"Commune","admin_level":2,"province_code":"08","province_name":"Tuyên Quang","province_full_name":"Tỉnh Tuyên Quang","province_slug":"tuyen_quang","join_key":"00994","status":"active","dataset_effective_date":"2026-04-30","catalog_version":"2026-07-12","geometry_status":"not_embedded_boundary_available_by_url","boundary_source_url":"https://raw.githubusercontent.com/thanglequoc/vietnamese-provinces-database/master/json/geojson/08_tuyen_quang/wards/00994_minh_ngoc.geojson","boundary_source_page":"https://github.com/thanglequoc/vietnamese-provinces-database/blob/master/json/geojson/08_tuyen_quang/wards/00994_minh_ngoc.geojson","source_catalog":"https://github.com/thanglequoc/vietnamese-provinces-database"},"geometry":null},{"type":"Feature","id":"01006","properties":{"commune_code":"01006","commune_name":"Yên Cường","commune_name_en":"Yen Cuong","commune_full_name":"Xã Yên Cường","commune_full_name_en":"Yen Cuong Commune","commune_slug":"yen_cuong","unit_type":"Xã","unit_type_en":"Commune","admin_level":2,"province_code":"08","province_name":"Tuyên Quang","province_full_name":"Tỉnh Tuyên Quang","province_slug":"tuyen_quang","join_key":"01006","status":"active","dataset_effective_date":"2026-04-30","catalog_version":"2026-07-12","geometry_status":"not_embedded_boundary_available_by_url","boundary_source_url":"https://raw.githubusercontent.com/thanglequoc/vietnamese-provinces-database/master/json/geojson/08_tuyen_quang/wards/01006_yen_cuong.geojson","boundary_source_page":"https://github.com/thanglequoc/vietnamese-provinces-database/blob/master/json/geojson/08_tuyen_quang/wards/01006_yen_cuong.geojson","source_catalog":"https://github.com/thanglequoc/vietnamese-provinces-database"},"geometry":null},{"type":"Feature","id":"01012","properties":{"commune_code":"01012","commune_name":"Đường Hồng","commune_name_en":"Duong Hong","commune_full_name":"Xã Đường Hồng","commune_full_name_en":"Duong Hong Commune","commune_slug":"duong_hong","unit_type":"Xã","unit_type_en":"Commune","admin_level":2,"province_code":"08","province_name":"Tuyên Quang","province_full_name":"Tỉnh Tuyên Quang","province_slug":"tuyen_quang","join_key":"01012","status":"active","dataset_effective_date":"2026-04-30","catalog_version":"2026-07-12","geometry_status":"not_embedded_boundary_available_by_url","boundary_source_url":"https://raw.githubusercontent.com/thanglequoc/vietnamese-provinces-database/master/json/geojson/08_tuyen_quang/wards/01012_duong_hong.geojson","boundary_source_page":"https://github.com/thanglequoc/vietnamese-provinces-database/blob/master/json/geojson/08_tuyen_quang/wards/01012_duong_hong.geojson","source_catalog":"https://github.com/thanglequoc/vietnamese-provinces-database"},"geometry":null},{"type":"Feature","id":"01021","properties":{"commune_code":"01021","commune_name":"Hoàng Su Phì","commune_name_en":"Hoang Su Phi","commune_full_name":"Xã Hoàng Su Phì","commune_full_name_en":"Hoang Su Phi Commune","commune_slug":"hoang_su_phi","unit_type":"Xã","unit_type_en":"Commune","admin_level":2,"province_code":"08","province_name":"Tuyên Quang","province_full_name":"Tỉnh Tuyên Quang","province_slug":"tuyen_quang","join_key":"01021","status":"active","dataset_effective_date":"2026-04-30","catalog_version":"2026-07-12","geometry_status":"not_embedded_boundary_available_by_url","boundary_source_url":"https://raw.githubusercontent.com/thanglequoc/vietnamese-provinces-database/master/json/geojson/08_tuyen_quang/wards/01021_hoang_su_phi.geojson","boundary_source_page":"https://github.com/thanglequoc/vietnamese-provinces-database/blob/master/json/geojson/08_tuyen_quang/wards/01021_hoang_su_phi.geojson","source_catalog":"https://github.com/thanglequoc/vietnamese-provinces-database"},"geometry":null},{"type":"Feature","id":"01024","properties":{"commune_code":"01024","commune_name":"Bản Máy","commune_name_en":"Ban May","commune_full_name":"Xã Bản Máy","commune_full_name_en":"Ban May Commune","commune_slug":"ban_may","unit_type":"Xã","unit_type_en":"Commune","admin_level":2,"province_code":"08","province_name":"Tuyên Quang","province_full_name":"Tỉnh Tuyên Quang","province_slug":"tuyen_quang","join_key":"01024","status":"active","dataset_effective_date":"2026-04-30","catalog_version":"2026-07-12","geometry_status":"not_embedded_boundary_available_by_url","boundary_source_url":"https://raw.githubusercontent.com/thanglequoc/vietnamese-provinces-database/master/json/geojson/08_tuyen_quang/wards/01024_ban_may.geojson","boundary_source_page":"https://github.com/thanglequoc/vietnamese-provinces-database/blob/master/json/geojson/08_tuyen_quang/wards/01024_ban_may.geojson","source_catalog":"https://github.com/thanglequoc/vietnamese-provinces-database"},"geometry":null},{"type":"Feature","id":"01033","properties":{"commune_code":"01033","commune_name":"Thàng Tín","commune_name_en":"Thang Tin","commune_full_name":"Xã Thàng Tín","commune_full_name_en":"Thang Tin Commune","commune_slug":"thang_tin","unit_type":"Xã","unit_type_en":"Commune","admin_level":2,"province_code":"08","province_name":"Tuyên Quang","province_full_name":"Tỉnh Tuyên Quang","province_slug":"tuyen_quang","join_key":"01033","status":"active","dataset_effective_date":"2026-04-30","catalog_version":"2026-07-12","geometry_status":"not_embedded_boundary_available_by_url","boundary_source_url":"https://raw.githubusercontent.com/thanglequoc/vietnamese-provinces-database/master/json/geojson/08_tuyen_quang/wards/01033_thang_tin.geojson","boundary_source_page":"https://github.com/thanglequoc/vietnamese-provinces-database/blob/master/json/geojson/08_tuyen_quang/wards/01033_thang_tin.geojson","source_catalog":"https://github.com/thanglequoc/vietnamese-provinces-database"},"geometry":null},{"type":"Feature","id":"01051","properties":{"commune_code":"01051","commune_name":"Tân Tiến","commune_name_en":"Tan Tien","commune_full_name":"Xã Tân Tiến","commune_full_name_en":"Tan Tien Commune","commune_slug":"tan_tien","unit_type":"Xã","unit_type_en":"Commune","admin_level":2,"province_code":"08","province_name":"Tuyên Quang","province_full_name":"Tỉnh Tuyên Quang","province_slug":"tuyen_quang","join_key":"01051","status":"active","dataset_effective_date":"2026-04-30","catalog_version":"2026-07-12","geometry_status":"not_embedded_boundary_available_by_url","boundary_source_url":"https://raw.githubusercontent.com/thanglequoc/vietnamese-provinces-database/master/json/geojson/08_tuyen_quang/wards/01051_tan_tien.geojson","boundary_source_page":"https://github.com/thanglequoc/vietnamese-provinces-database/blob/master/json/geojson/08_tuyen_quang/wards/01051_tan_tien.geojson","source_catalog":"https://github.com/thanglequoc/vietnamese-provinces-database"},"geometry":null},{"type":"Feature","id":"01057","properties":{"commune_code":"01057","commune_name":"Pờ Ly Ngài","commune_name_en":"Po Ly Ngai","commune_full_name":"Xã Pờ Ly Ngài","commune_full_name_en":"Po Ly Ngai Commune","commune_slug":"po_ly_ngai","unit_type":"Xã","unit_type_en":"Commune","admin_level":2,"province_code":"08","province_name":"Tuyên Quang","province_full_name":"Tỉnh Tuyên Quang","province_slug":"tuyen_quang","join_key":"01057","status":"active","dataset_effective_date":"2026-04-30","catalog_version":"2026-07-12","geometry_status":"not_embedded_boundary_available_by_url","boundary_source_url":"https://raw.githubusercontent.com/thanglequoc/vietnamese-provinces-database/master/json/geojson/08_tuyen_quang/wards/01057_po_ly_ngai.geojson","boundary_source_page":"https://github.com/thanglequoc/vietnamese-provinces-database/blob/master/json/geojson/08_tuyen_quang/wards/01057_po_ly_ngai.geojson","source_catalog":"https://github.com/thanglequoc/vietnamese-provinces-database"},"geometry":null},{"type":"Feature","id":"01075","properties":{"commune_code":"01075","commune_name":"Nậm Dịch","commune_name_en":"Nam Dich","commune_full_name":"Xã Nậm Dịch","commune_full_name_en":"Nam Dich Commune","commune_slug":"nam_dich","unit_type":"Xã","unit_type_en":"Commune","admin_level":2,"province_code":"08","province_name":"Tuyên Quang","province_full_name":"Tỉnh Tuyên Quang","province_slug":"tuyen_quang","join_key":"01075","status":"active","dataset_effective_date":"2026-04-30","catalog_version":"2026-07-12","geometry_status":"not_embedded_boundary_available_by_url","boundary_source_url":"https://raw.githubusercontent.com/thanglequoc/vietnamese-provinces-database/master/json/geojson/08_tuyen_quang/wards/01075_nam_dich.geojson","boundary_source_page":"https://github.com/thanglequoc/vietnamese-provinces-database/blob/master/json/geojson/08_tuyen_quang/wards/01075_nam_dich.geojson","source_catalog":"https://github.com/thanglequoc/vietnamese-provinces-database"},"geometry":null},{"type":"Feature","id":"01084","properties":{"commune_code":"01084","commune_name":"Hồ Thầu","commune_name_en":"Ho Thau","commune_full_name":"Xã Hồ Thầu","commune_full_name_en":"Ho Thau Commune","commune_slug":"ho_thau","unit_type":"Xã","unit_type_en":"Commune","admin_level":2,"province_code":"08","province_name":"Tuyên Quang","province_full_name":"Tỉnh Tuyên Quang","province_slug":"tuyen_quang","join_key":"01084","status":"active","dataset_effective_date":"2026-04-30","catalog_version":"2026-07-12","geometry_status":"not_embedded_boundary_available_by_url","boundary_source_url":"https://raw.githubusercontent.com/thanglequoc/vietnamese-provinces-database/master/json/geojson/08_tuyen_quang/wards/01084_ho_thau.geojson","boundary_source_page":"https://github.com/thanglequoc/vietnamese-provinces-database/blob/master/json/geojson/08_tuyen_quang/wards/01084_ho_thau.geojson","source_catalog":"https://github.com/thanglequoc/vietnamese-provinces-database"},"geometry":null},{"type":"Feature","id":"01090","properties":{"commune_code":"01090","commune_name":"Thông Nguyên","commune_name_en":"Thong Nguyen","commune_full_name":"Xã Thông Nguyên","commune_full_name_en":"Thong Nguyen Commune","commune_slug":"thong_nguyen","unit_type":"Xã","unit_type_en":"Commune","admin_level":2,"province_code":"08","province_name":"Tuyên Quang","province_full_name":"Tỉnh Tuyên Quang","province_slug":"tuyen_quang","join_key":"01090","status":"active","dataset_effective_date":"2026-04-30","catalog_version":"2026-07-12","geometry_status":"not_embedded_boundary_available_by_url","boundary_source_url":"https://raw.githubusercontent.com/thanglequoc/vietnamese-provinces-database/master/json/geojson/08_tuyen_quang/wards/01090_thong_nguyen.geojson","boundary_source_page":"https://github.com/thanglequoc/vietnamese-provinces-database/blob/master/json/geojson/08_tuyen_quang/wards/01090_thong_nguyen.geojson","source_catalog":"https://github.com/thanglequoc/vietnamese-provinces-database"},"geometry":null},{"type":"Feature","id":"01096","properties":{"commune_code":"01096","commune_name":"Pà Vầy Sủ","commune_name_en":"Pa Vay Su","commune_full_name":"Xã Pà Vầy Sủ","commune_full_name_en":"Pa Vay Su Commune","commune_slug":"pa_vay_su","unit_type":"Xã","unit_type_en":"Commune","admin_level":2,"province_code":"08","province_name":"Tuyên Quang","province_full_name":"Tỉnh Tuyên Quang","province_slug":"tuyen_quang","join_key":"01096","status":"active","dataset_effective_date":"2026-04-30","catalog_version":"2026-07-12","geometry_status":"not_embedded_boundary_available_by_url","boundary_source_url":"https://raw.githubusercontent.com/thanglequoc/vietnamese-provinces-database/master/json/geojson/08_tuyen_quang/wards/01096_pa_vay_su.geojson","boundary_source_page":"https://github.com/thanglequoc/vietnamese-provinces-database/blob/master/json/geojson/08_tuyen_quang/wards/01096_pa_vay_su.geojson","source_catalog":"https://github.com/thanglequoc/vietnamese-provinces-database"},"geometry":null},{"type":"Feature","id":"01108","properties":{"commune_code":"01108","commune_name":"Xín Mần","commune_name_en":"Xin Man","commune_full_name":"Xã Xín Mần","commune_full_name_en":"Xin Man Commune","commune_slug":"xin_man","unit_type":"Xã","unit_type_en":"Commune","admin_level":2,"province_code":"08","province_name":"Tuyên Quang","province_full_name":"Tỉnh Tuyên Quang","province_slug":"tuyen_quang","join_key":"01108","status":"active","dataset_effective_date":"2026-04-30","catalog_version":"2026-07-12","geometry_status":"not_embedded_boundary_available_by_url","boundary_source_url":"https://raw.githubusercontent.com/thanglequoc/vietnamese-provinces-database/master/json/geojson/08_tuyen_quang/wards/01108_xin_man.geojson","boundary_source_page":"https://github.com/thanglequoc/vietnamese-provinces-database/blob/master/json/geojson/08_tuyen_quang/wards/01108_xin_man.geojson","source_catalog":"https://github.com/thanglequoc/vietnamese-provinces-database"},"geometry":null},{"type":"Feature","id":"01117","properties":{"commune_code":"01117","commune_name":"Trung Thịnh","commune_name_en":"Trung Thinh","commune_full_name":"Xã Trung Thịnh","commune_full_name_en":"Trung Thinh Commune","commune_slug":"trung_thinh","unit_type":"Xã","unit_type_en":"Commune","admin_level":2,"province_code":"08","province_name":"Tuyên Quang","province_full_name":"Tỉnh Tuyên Quang","province_slug":"tuyen_quang","join_key":"01117","status":"active","dataset_effective_date":"2026-04-30","catalog_version":"2026-07-12","geometry_status":"not_embedded_boundary_available_by_url","boundary_source_url":"https://raw.githubusercontent.com/thanglequoc/vietnamese-provinces-database/master/json/geojson/08_tuyen_quang/wards/01117_trung_thinh.geojson","boundary_source_page":"https://github.com/thanglequoc/vietnamese-provinces-database/blob/master/json/geojson/08_tuyen_quang/wards/01117_trung_thinh.geojson","source_catalog":"https://github.com/thanglequoc/vietnamese-provinces-database"},"geometry":null},{"type":"Feature","id":"01141","properties":{"commune_code":"01141","commune_name":"Nấm Dẩn","commune_name_en":"Nam Dan","commune_full_name":"Xã Nấm Dẩn","commune_full_name_en":"Nam Dan Commune","commune_slug":"nam_dan","unit_type":"Xã","unit_type_en":"Commune","admin_level":2,"province_code":"08","province_name":"Tuyên Quang","province_full_name":"Tỉnh Tuyên Quang","province_slug":"tuyen_quang","join_key":"01141","status":"active","dataset_effective_date":"2026-04-30","catalog_version":"2026-07-12","geometry_status":"not_embedded_boundary_available_by_url","boundary_source_url":"https://raw.githubusercontent.com/thanglequoc/vietnamese-provinces-database/master/json/geojson/08_tuyen_quang/wards/01141_nam_dan.geojson","boundary_source_page":"https://github.com/thanglequoc/vietnamese-provinces-database/blob/master/json/geojson/08_tuyen_quang/wards/01141_nam_dan.geojson","source_catalog":"https://github.com/thanglequoc/vietnamese-provinces-database"},"geometry":null},{"type":"Feature","id":"01144","properties":{"commune_code":"01144","commune_name":"Quảng Nguyên","commune_name_en":"Quang Nguyen","commune_full_name":"Xã Quảng Nguyên","commune_full_name_en":"Quang Nguyen Commune","commune_slug":"quang_nguyen","unit_type":"Xã","unit_type_en":"Commune","admin_level":2,"province_code":"08","province_name":"Tuyên Quang","province_full_name":"Tỉnh Tuyên Quang","province_slug":"tuyen_quang","join_key":"01144","status":"active","dataset_effective_date":"2026-04-30","catalog_version":"2026-07-12","geometry_status":"not_embedded_boundary_available_by_url","boundary_source_url":"https://raw.githubusercontent.com/thanglequoc/vietnamese-provinces-database/master/json/geojson/08_tuyen_quang/wards/01144_quang_nguyen.geojson","boundary_source_page":"https://github.com/thanglequoc/vietnamese-provinces-database/blob/master/json/geojson/08_tuyen_quang/wards/01144_quang_nguyen.geojson","source_catalog":"https://github.com/thanglequoc/vietnamese-provinces-database"},"geometry":null},{"type":"Feature","id":"01147","properties":{"commune_code":"01147","commune_name":"Khuôn Lùng","commune_name_en":"Khuon Lung","commune_full_name":"Xã Khuôn Lùng","commune_full_name_en":"Khuon Lung Commune","commune_slug":"khuon_lung","unit_type":"Xã","unit_type_en":"Commune","admin_level":2,"province_code":"08","province_name":"Tuyên Quang","province_full_name":"Tỉnh Tuyên Quang","province_slug":"tuyen_quang","join_key":"01147","status":"active","dataset_effective_date":"2026-04-30","catalog_version":"2026-07-12","geometry_status":"not_embedded_boundary_available_by_url","boundary_source_url":"https://raw.githubusercontent.com/thanglequoc/vietnamese-provinces-database/master/json/geojson/08_tuyen_quang/wards/01147_khuon_lung.geojson","boundary_source_page":"https://github.com/thanglequoc/vietnamese-provinces-database/blob/master/json/geojson/08_tuyen_quang/wards/01147_khuon_lung.geojson","source_catalog":"https://github.com/thanglequoc/vietnamese-provinces-database"},"geometry":null},{"type":"Feature","id":"01153","properties":{"commune_code":"01153","commune_name":"Bắc Quang","commune_name_en":"Bac Quang","commune_full_name":"Xã Bắc Quang","commune_full_name_en":"Bac Quang Commune","commune_slug":"bac_quang","unit_type":"Xã","unit_type_en":"Commune","admin_level":2,"province_code":"08","province_name":"Tuyên Quang","province_full_name":"Tỉnh Tuyên Quang","province_slug":"tuyen_quang","join_key":"01153","status":"active","dataset_effective_date":"2026-04-30","catalog_version":"2026-07-12","geometry_status":"not_embedded_boundary_available_by_url","boundary_source_url":"https://raw.githubusercontent.com/thanglequoc/vietnamese-provinces-database/master/json/geojson/08_tuyen_quang/wards/01153_bac_quang.geojson","boundary_source_page":"https://github.com/thanglequoc/vietnamese-provinces-database/blob/master/json/geojson/08_tuyen_quang/wards/01153_bac_quang.geojson","source_catalog":"https://github.com/thanglequoc/vietnamese-provinces-database"},"geometry":null},{"type":"Feature","id":"01156","properties":{"commune_code":"01156","commune_name":"Vĩnh Tuy","commune_name_en":"Vinh Tuy","commune_full_name":"Xã Vĩnh Tuy","commune_full_name_en":"Vinh Tuy Commune","commune_slug":"vinh_tuy","unit_type":"Xã","unit_type_en":"Commune","admin_level":2,"province_code":"08","province_name":"Tuyên Quang","province_full_name":"Tỉnh Tuyên Quang","province_slug":"tuyen_quang","join_key":"01156","status":"active","dataset_effective_date":"2026-04-30","catalog_version":"2026-07-12","geometry_status":"not_embedded_boundary_available_by_url","boundary_source_url":"https://raw.githubusercontent.com/thanglequoc/vietnamese-provinces-database/master/json/geojson/08_tuyen_quang/wards/01156_vinh_tuy.geojson","boundary_source_page":"https://github.com/thanglequoc/vietnamese-provinces-database/blob/master/json/geojson/08_tuyen_quang/wards/01156_vinh_tuy.geojson","source_catalog":"https://github.com/thanglequoc/vietnamese-provinces-database"},"geometry":null},{"type":"Feature","id":"01165","properties":{"commune_code":"01165","commune_name":"Đồng Tâm","commune_name_en":"Dong Tam","commune_full_name":"Xã Đồng Tâm","commune_full_name_en":"Dong Tam Commune","commune_slug":"dong_tam","unit_type":"Xã","unit_type_en":"Commune","admin_level":2,"province_code":"08","province_name":"Tuyên Quang","province_full_name":"Tỉnh Tuyên Quang","province_slug":"tuyen_quang","join_key":"01165","status":"active","dataset_effective_date":"2026-04-30","catalog_version":"2026-07-12","geometry_status":"not_embedded_boundary_available_by_url","boundary_source_url":"https://raw.githubusercontent.com/thanglequoc/vietnamese-provinces-database/master/json/geojson/08_tuyen_quang/wards/01165_dong_tam.geojson","boundary_source_page":"https://github.com/thanglequoc/vietnamese-provinces-database/blob/master/json/geojson/08_tuyen_quang/wards/01165_dong_tam.geojson","source_catalog":"https://github.com/thanglequoc/vietnamese-provinces-database"},"geometry":null},{"type":"Feature","id":"01171","properties":{"commune_code":"01171","commune_name":"Tân Quang","commune_name_en":"Tan Quang","commune_full_name":"Xã Tân Quang","commune_full_name_en":"Tan Quang Commune","commune_slug":"tan_quang","unit_type":"Xã","unit_type_en":"Commune","admin_level":2,"province_code":"08","province_name":"Tuyên Quang","province_full_name":"Tỉnh Tuyên Quang","province_slug":"tuyen_quang","join_key":"01171","status":"active","dataset_effective_date":"2026-04-30","catalog_version":"2026-07-12","geometry_status":"not_embedded_boundary_available_by_url","boundary_source_url":"https://raw.githubusercontent.com/thanglequoc/vietnamese-provinces-database/master/json/geojson/08_tuyen_quang/wards/01171_tan_quang.geojson","boundary_source_page":"https://github.com/thanglequoc/vietnamese-provinces-database/blob/master/json/geojson/08_tuyen_quang/wards/01171_tan_quang.geojson","source_catalog":"https://github.com/thanglequoc/vietnamese-provinces-database"},"geometry":null},{"type":"Feature","id":"01180","properties":{"commune_code":"01180","commune_name":"Bằng Hành","commune_name_en":"Bang Hanh","commune_full_name":"Xã Bằng Hành","commune_full_name_en":"Bang Hanh Commune","commune_slug":"bang_hanh","unit_type":"Xã","unit_type_en":"Commune","admin_level":2,"province_code":"08","province_name":"Tuyên Quang","province_full_name":"Tỉnh Tuyên Quang","province_slug":"tuyen_quang","join_key":"01180","status":"active","dataset_effective_date":"2026-04-30","catalog_version":"2026-07-12","geometry_status":"not_embedded_boundary_available_by_url","boundary_source_url":"https://raw.githubusercontent.com/thanglequoc/vietnamese-provinces-database/master/json/geojson/08_tuyen_quang/wards/01180_bang_hanh.geojson","boundary_source_page":"https://github.com/thanglequoc/vietnamese-provinces-database/blob/master/json/geojson/08_tuyen_quang/wards/01180_bang_hanh.geojson","source_catalog":"https://github.com/thanglequoc/vietnamese-provinces-database"},"geometry":null},{"type":"Feature","id":"01192","properties":{"commune_code":"01192","commune_name":"Liên Hiệp","commune_name_en":"Lien Hiep","commune_full_name":"Xã Liên Hiệp","commune_full_name_en":"Lien Hiep Commune","commune_slug":"lien_hiep","unit_type":"Xã","unit_type_en":"Commune","admin_level":2,"province_code":"08","province_name":"Tuyên Quang","province_full_name":"Tỉnh Tuyên Quang","province_slug":"tuyen_quang","join_key":"01192","status":"active","dataset_effective_date":"2026-04-30","catalog_version":"2026-07-12","geometry_status":"not_embedded_boundary_available_by_url","boundary_source_url":"https://raw.githubusercontent.com/thanglequoc/vietnamese-provinces-database/master/json/geojson/08_tuyen_quang/wards/01192_lien_hiep.geojson","boundary_source_page":"https://github.com/thanglequoc/vietnamese-provinces-database/blob/master/json/geojson/08_tuyen_quang/wards/01192_lien_hiep.geojson","source_catalog":"https://github.com/thanglequoc/vietnamese-provinces-database"},"geometry":null},{"type":"Feature","id":"01201","properties":{"commune_code":"01201","commune_name":"Hùng An","commune_name_en":"Hung An","commune_full_name":"Xã Hùng An","commune_full_name_en":"Hung An Commune","commune_slug":"hung_an","unit_type":"Xã","unit_type_en":"Commune","admin_level":2,"province_code":"08","province_name":"Tuyên Quang","province_full_name":"Tỉnh Tuyên Quang","province_slug":"tuyen_quang","join_key":"01201","status":"active","dataset_effective_date":"2026-04-30","catalog_version":"2026-07-12","geometry_status":"not_embedded_boundary_available_by_url","boundary_source_url":"https://raw.githubusercontent.com/thanglequoc/vietnamese-provinces-database/master/json/geojson/08_tuyen_quang/wards/01201_hung_an.geojson","boundary_source_page":"https://github.com/thanglequoc/vietnamese-provinces-database/blob/master/json/geojson/08_tuyen_quang/wards/01201_hung_an.geojson","source_catalog":"https://github.com/thanglequoc/vietnamese-provinces-database"},"geometry":null},{"type":"Feature","id":"01216","properties":{"commune_code":"01216","commune_name":"Đồng Yên","commune_name_en":"Dong Yen","commune_full_name":"Xã Đồng Yên","commune_full_name_en":"Dong Yen Commune","commune_slug":"dong_yen","unit_type":"Xã","unit_type_en":"Commune","admin_level":2,"province_code":"08","province_name":"Tuyên Quang","province_full_name":"Tỉnh Tuyên Quang","province_slug":"tuyen_quang","join_key":"01216","status":"active","dataset_effective_date":"2026-04-30","catalog_version":"2026-07-12","geometry_status":"not_embedded_boundary_available_by_url","boundary_source_url":"https://raw.githubusercontent.com/thanglequoc/vietnamese-provinces-database/master/json/geojson/08_tuyen_quang/wards/01216_dong_yen.geojson","boundary_source_page":"https://github.com/thanglequoc/vietnamese-provinces-database/blob/master/json/geojson/08_tuyen_quang/wards/01216_dong_yen.geojson","source_catalog":"https://github.com/thanglequoc/vietnamese-provinces-database"},"geometry":null},{"type":"Feature","id":"01225","properties":{"commune_code":"01225","commune_name":"Tiên Nguyên","commune_name_en":"Tien Nguyen","commune_full_name":"Xã Tiên Nguyên","commune_full_name_en":"Tien Nguyen Commune","commune_slug":"tien_nguyen","unit_type":"Xã","unit_type_en":"Commune","admin_level":2,"province_code":"08","province_name":"Tuyên Quang","province_full_name":"Tỉnh Tuyên Quang","province_slug":"tuyen_quang","join_key":"01225","status":"active","dataset_effective_date":"2026-04-30","catalog_version":"2026-07-12","geometry_status":"not_embedded_boundary_available_by_url","boundary_source_url":"https://raw.githubusercontent.com/thanglequoc/vietnamese-provinces-database/master/json/geojson/08_tuyen_quang/wards/01225_tien_nguyen.geojson","boundary_source_page":"https://github.com/thanglequoc/vietnamese-provinces-database/blob/master/json/geojson/08_tuyen_quang/wards/01225_tien_nguyen.geojson","source_catalog":"https://github.com/thanglequoc/vietnamese-provinces-database"},"geometry":null},{"type":"Feature","id":"01234","properties":{"commune_code":"01234","commune_name":"Yên Thành","commune_name_en":"Yen Thanh","commune_full_name":"Xã Yên Thành","commune_full_name_en":"Yen Thanh Commune","commune_slug":"yen_thanh","unit_type":"Xã","unit_type_en":"Commune","admin_level":2,"province_code":"08","province_name":"Tuyên Quang","province_full_name":"Tỉnh Tuyên Quang","province_slug":"tuyen_quang","join_key":"01234","status":"active","dataset_effective_date":"2026-04-30","catalog_version":"2026-07-12","geometry_status":"not_embedded_boundary_available_by_url","boundary_source_url":"https://raw.githubusercontent.com/thanglequoc/vietnamese-provinces-database/master/json/geojson/08_tuyen_quang/wards/01234_yen_thanh.geojson","boundary_source_page":"https://github.com/thanglequoc/vietnamese-provinces-database/blob/master/json/geojson/08_tuyen_quang/wards/01234_yen_thanh.geojson","source_catalog":"https://github.com/thanglequoc/vietnamese-provinces-database"},"geometry":null},{"type":"Feature","id":"01237","properties":{"commune_code":"01237","commune_name":"Quang Bình","commune_name_en":"Quang Binh","commune_full_name":"Xã Quang Bình","commune_full_name_en":"Quang Binh Commune","commune_slug":"quang_binh","unit_type":"Xã","unit_type_en":"Commune","admin_level":2,"province_code":"08","province_name":"Tuyên Quang","province_full_name":"Tỉnh Tuyên Quang","province_slug":"tuyen_quang","join_key":"01237","status":"active","dataset_effective_date":"2026-04-30","catalog_version":"2026-07-12","geometry_status":"not_embedded_boundary_available_by_url","boundary_source_url":"https://raw.githubusercontent.com/thanglequoc/vietnamese-provinces-database/master/json/geojson/08_tuyen_quang/wards/01237_quang_binh.geojson","boundary_source_page":"https://github.com/thanglequoc/vietnamese-provinces-database/blob/master/json/geojson/08_tuyen_quang/wards/01237_quang_binh.geojson","source_catalog":"https://github.com/thanglequoc/vietnamese-provinces-database"},"geometry":null},{"type":"Feature","id":"01243","properties":{"commune_code":"01243","commune_name":"Tân Trịnh","commune_name_en":"Tan Trinh","commune_full_name":"Xã Tân Trịnh","commune_full_name_en":"Tan Trinh Commune","commune_slug":"tan_trinh","unit_type":"Xã","unit_type_en":"Commune","admin_level":2,"province_code":"08","province_name":"Tuyên Quang","province_full_name":"Tỉnh Tuyên Quang","province_slug":"tuyen_quang","join_key":"01243","status":"active","dataset_effective_date":"2026-04-30","catalog_version":"2026-07-12","geometry_status":"not_embedded_boundary_available_by_url","boundary_source_url":"https://raw.githubusercontent.com/thanglequoc/vietnamese-provinces-database/master/json/geojson/08_tuyen_quang/wards/01243_tan_trinh.geojson","boundary_source_page":"https://github.com/thanglequoc/vietnamese-provinces-database/blob/master/json/geojson/08_tuyen_quang/wards/01243_tan_trinh.geojson","source_catalog":"https://github.com/thanglequoc/vietnamese-provinces-database"},"geometry":null},{"type":"Feature","id":"01246","properties":{"commune_code":"01246","commune_name":"Bằng Lang","commune_name_en":"Bang Lang","commune_full_name":"Xã Bằng Lang","commune_full_name_en":"Bang Lang Commune","commune_slug":"bang_lang","unit_type":"Xã","unit_type_en":"Commune","admin_level":2,"province_code":"08","province_name":"Tuyên Quang","province_full_name":"Tỉnh Tuyên Quang","province_slug":"tuyen_quang","join_key":"01246","status":"active","dataset_effective_date":"2026-04-30","catalog_version":"2026-07-12","geometry_status":"not_embedded_boundary_available_by_url","boundary_source_url":"https://raw.githubusercontent.com/thanglequoc/vietnamese-provinces-database/master/json/geojson/08_tuyen_quang/wards/01246_bang_lang.geojson","boundary_source_page":"https://github.com/thanglequoc/vietnamese-provinces-database/blob/master/json/geojson/08_tuyen_quang/wards/01246_bang_lang.geojson","source_catalog":"https://github.com/thanglequoc/vietnamese-provinces-database"},"geometry":null},{"type":"Feature","id":"01255","properties":{"commune_code":"01255","commune_name":"Xuân Giang","commune_name_en":"Xuan Giang","commune_full_name":"Xã Xuân Giang","commune_full_name_en":"Xuan Giang Commune","commune_slug":"xuan_giang","unit_type":"Xã","unit_type_en":"Commune","admin_level":2,"province_code":"08","province_name":"Tuyên Quang","province_full_name":"Tỉnh Tuyên Quang","province_slug":"tuyen_quang","join_key":"01255","status":"active","dataset_effective_date":"2026-04-30","catalog_version":"2026-07-12","geometry_status":"not_embedded_boundary_available_by_url","boundary_source_url":"https://raw.githubusercontent.com/thanglequoc/vietnamese-provinces-database/master/json/geojson/08_tuyen_quang/wards/01255_xuan_giang.geojson","boundary_source_page":"https://github.com/thanglequoc/vietnamese-provinces-database/blob/master/json/geojson/08_tuyen_quang/wards/01255_xuan_giang.geojson","source_catalog":"https://github.com/thanglequoc/vietnamese-provinces-database"},"geometry":null},{"type":"Feature","id":"01261","properties":{"commune_code":"01261","commune_name":"Tiên Yên","commune_name_en":"Tien Yen","commune_full_name":"Xã Tiên Yên","commune_full_name_en":"Tien Yen Commune","commune_slug":"tien_yen","unit_type":"Xã","unit_type_en":"Commune","admin_level":2,"province_code":"08","province_name":"Tuyên Quang","province_full_name":"Tỉnh Tuyên Quang","province_slug":"tuyen_quang","join_key":"01261","status":"active","dataset_effective_date":"2026-04-30","catalog_version":"2026-07-12","geometry_status":"not_embedded_boundary_available_by_url","boundary_source_url":"https://raw.githubusercontent.com/thanglequoc/vietnamese-provinces-database/master/json/geojson/08_tuyen_quang/wards/01261_tien_yen.geojson","boundary_source_page":"https://github.com/thanglequoc/vietnamese-provinces-database/blob/master/json/geojson/08_tuyen_quang/wards/01261_tien_yen.geojson","source_catalog":"https://github.com/thanglequoc/vietnamese-provinces-database"},"geometry":null},{"type":"Feature","id":"02212","properties":{"commune_code":"02212","commune_name":"Nông Tiến","commune_name_en":"Nong Tien","commune_full_name":"Phường Nông Tiến","commune_full_name_en":"Nong Tien Ward","commune_slug":"nong_tien","unit_type":"Phường","unit_type_en":"Ward","admin_level":2,"province_code":"08","province_name":"Tuyên Quang","province_full_name":"Tỉnh Tuyên Quang","province_slug":"tuyen_quang","join_key":"02212","status":"active","dataset_effective_date":"2026-04-30","catalog_version":"2026-07-12","geometry_status":"not_embedded_boundary_available_by_url","boundary_source_url":"https://raw.githubusercontent.com/thanglequoc/vietnamese-provinces-database/master/json/geojson/08_tuyen_quang/wards/02212_nong_tien.geojson","boundary_source_page":"https://github.com/thanglequoc/vietnamese-provinces-database/blob/master/json/geojson/08_tuyen_quang/wards/02212_nong_tien.geojson","source_catalog":"https://github.com/thanglequoc/vietnamese-provinces-database"},"geometry":null},{"type":"Feature","id":"02215","properties":{"commune_code":"02215","commune_name":"Minh Xuân","commune_name_en":"Minh Xuan","commune_full_name":"Phường Minh Xuân","commune_full_name_en":"Minh Xuan Ward","commune_slug":"minh_xuan","unit_type":"Phường","unit_type_en":"Ward","admin_level":2,"province_code":"08","province_name":"Tuyên Quang","province_full_name":"Tỉnh Tuyên Quang","province_slug":"tuyen_quang","join_key":"02215","status":"active","dataset_effective_date":"2026-04-30","catalog_version":"2026-07-12","geometry_status":"not_embedded_boundary_available_by_url","boundary_source_url":"https://raw.githubusercontent.com/thanglequoc/vietnamese-provinces-database/master/json/geojson/08_tuyen_quang/wards/02215_minh_xuan.geojson","boundary_source_page":"https://github.com/thanglequoc/vietnamese-provinces-database/blob/master/json/geojson/08_tuyen_quang/wards/02215_minh_xuan.geojson","source_catalog":"https://github.com/thanglequoc/vietnamese-provinces-database"},"geometry":null},{"type":"Feature","id":"02221","properties":{"commune_code":"02221","commune_name":"Nà Hang","commune_name_en":"Na Hang","commune_full_name":"Xã Nà Hang","commune_full_name_en":"Na Hang Commune","commune_slug":"na_hang","unit_type":"Xã","unit_type_en":"Commune","admin_level":2,"province_code":"08","province_name":"Tuyên Quang","province_full_name":"Tỉnh Tuyên Quang","province_slug":"tuyen_quang","join_key":"02221","status":"active","dataset_effective_date":"2026-04-30","catalog_version":"2026-07-12","geometry_status":"not_embedded_boundary_available_by_url","boundary_source_url":"https://raw.githubusercontent.com/thanglequoc/vietnamese-provinces-database/master/json/geojson/08_tuyen_quang/wards/02221_na_hang.geojson","boundary_source_page":"https://github.com/thanglequoc/vietnamese-provinces-database/blob/master/json/geojson/08_tuyen_quang/wards/02221_na_hang.geojson","source_catalog":"https://github.com/thanglequoc/vietnamese-provinces-database"},"geometry":null},{"type":"Feature","id":"02239","properties":{"commune_code":"02239","commune_name":"Thượng Nông","commune_name_en":"Thuong Nong","commune_full_name":"Xã Thượng Nông","commune_full_name_en":"Thuong Nong Commune","commune_slug":"thuong_nong","unit_type":"Xã","unit_type_en":"Commune","admin_level":2,"province_code":"08","province_name":"Tuyên Quang","province_full_name":"Tỉnh Tuyên Quang","province_slug":"tuyen_quang","join_key":"02239","status":"active","dataset_effective_date":"2026-04-30","catalog_version":"2026-07-12","geometry_status":"not_embedded_boundary_available_by_url","boundary_source_url":"https://raw.githubusercontent.com/thanglequoc/vietnamese-provinces-database/master/json/geojson/08_tuyen_quang/wards/02239_thuong_nong.geojson","boundary_source_page":"https://github.com/thanglequoc/vietnamese-provinces-database/blob/master/json/geojson/08_tuyen_quang/wards/02239_thuong_nong.geojson","source_catalog":"https://github.com/thanglequoc/vietnamese-provinces-database"},"geometry":null},{"type":"Feature","id":"02245","properties":{"commune_code":"02245","commune_name":"Côn Lôn","commune_name_en":"Con Lon","commune_full_name":"Xã Côn Lôn","commune_full_name_en":"Con Lon Commune","commune_slug":"con_lon","unit_type":"Xã","unit_type_en":"Commune","admin_level":2,"province_code":"08","province_name":"Tuyên Quang","province_full_name":"Tỉnh Tuyên Quang","province_slug":"tuyen_quang","join_key":"02245","status":"active","dataset_effective_date":"2026-04-30","catalog_version":"2026-07-12","geometry_status":"not_embedded_boundary_available_by_url","boundary_source_url":"https://raw.githubusercontent.com/thanglequoc/vietnamese-provinces-database/master/json/geojson/08_tuyen_quang/wards/02245_con_lon.geojson","boundary_source_page":"https://github.com/thanglequoc/vietnamese-provinces-database/blob/master/json/geojson/08_tuyen_quang/wards/02245_con_lon.geojson","source_catalog":"https://github.com/thanglequoc/vietnamese-provinces-database"},"geometry":null},{"type":"Feature","id":"02248","properties":{"commune_code":"02248","commune_name":"Yên Hoa","commune_name_en":"Yen Hoa","commune_full_name":"Xã Yên Hoa","commune_full_name_en":"Yen Hoa Commune","commune_slug":"yen_hoa","unit_type":"Xã","unit_type_en":"Commune","admin_level":2,"province_code":"08","province_name":"Tuyên Quang","province_full_name":"Tỉnh Tuyên Quang","province_slug":"tuyen_quang","join_key":"02248","status":"active","dataset_effective_date":"2026-04-30","catalog_version":"2026-07-12","geometry_status":"not_embedded_boundary_available_by_url","boundary_source_url":"https://raw.githubusercontent.com/thanglequoc/vietnamese-provinces-database/master/json/geojson/08_tuyen_quang/wards/02248_yen_hoa.geojson","boundary_source_page":"https://github.com/thanglequoc/vietnamese-provinces-database/blob/master/json/geojson/08_tuyen_quang/wards/02248_yen_hoa.geojson","source_catalog":"https://github.com/thanglequoc/vietnamese-provinces-database"},"geometry":null},{"type":"Feature","id":"02260","properties":{"commune_code":"02260","commune_name":"Hồng Thái","commune_name_en":"Hong Thai","commune_full_name":"Xã Hồng Thái","commune_full_name_en":"Hong Thai Commune","commune_slug":"hong_thai","unit_type":"Xã","unit_type_en":"Commune","admin_level":2,"province_code":"08","province_name":"Tuyên Quang","province_full_name":"Tỉnh Tuyên Quang","province_slug":"tuyen_quang","join_key":"02260","status":"active","dataset_effective_date":"2026-04-30","catalog_version":"2026-07-12","geometry_status":"not_embedded_boundary_available_by_url","boundary_source_url":"https://raw.githubusercontent.com/thanglequoc/vietnamese-provinces-database/master/json/geojson/08_tuyen_quang/wards/02260_hong_thai.geojson","boundary_source_page":"https://github.com/thanglequoc/vietnamese-provinces-database/blob/master/json/geojson/08_tuyen_quang/wards/02260_hong_thai.geojson","source_catalog":"https://github.com/thanglequoc/vietnamese-provinces-database"},"geometry":null},{"type":"Feature","id":"02266","properties":{"commune_code":"02266","commune_name":"Lâm Bình","commune_name_en":"Lam Binh","commune_full_name":"Xã Lâm Bình","commune_full_name_en":"Lam Binh Commune","commune_slug":"lam_binh","unit_type":"Xã","unit_type_en":"Commune","admin_level":2,"province_code":"08","province_name":"Tuyên Quang","province_full_name":"Tỉnh Tuyên Quang","province_slug":"tuyen_quang","join_key":"02266","status":"active","dataset_effective_date":"2026-04-30","catalog_version":"2026-07-12","geometry_status":"not_embedded_boundary_available_by_url","boundary_source_url":"https://raw.githubusercontent.com/thanglequoc/vietnamese-provinces-database/master/json/geojson/08_tuyen_quang/wards/02266_lam_binh.geojson","boundary_source_page":"https://github.com/thanglequoc/vietnamese-provinces-database/blob/master/json/geojson/08_tuyen_quang/wards/02266_lam_binh.geojson","source_catalog":"https://github.com/thanglequoc/vietnamese-provinces-database"},"geometry":null},{"type":"Feature","id":"02269","properties":{"commune_code":"02269","commune_name":"Thượng Lâm","commune_name_en":"Thuong Lam","commune_full_name":"Xã Thượng Lâm","commune_full_name_en":"Thuong Lam Commune","commune_slug":"thuong_lam","unit_type":"Xã","unit_type_en":"Commune","admin_level":2,"province_code":"08","province_name":"Tuyên Quang","province_full_name":"Tỉnh Tuyên Quang","province_slug":"tuyen_quang","join_key":"02269","status":"active","dataset_effective_date":"2026-04-30","catalog_version":"2026-07-12","geometry_status":"not_embedded_boundary_available_by_url","boundary_source_url":"https://raw.githubusercontent.com/thanglequoc/vietnamese-provinces-database/master/json/geojson/08_tuyen_quang/wards/02269_thuong_lam.geojson","boundary_source_page":"https://github.com/thanglequoc/vietnamese-provinces-database/blob/master/json/geojson/08_tuyen_quang/wards/02269_thuong_lam.geojson","source_catalog":"https://github.com/thanglequoc/vietnamese-provinces-database"},"geometry":null},{"type":"Feature","id":"02287","properties":{"commune_code":"02287","commune_name":"Chiêm Hoá","commune_name_en":"Chiem Hoa","commune_full_name":"Xã Chiêm Hoá","commune_full_name_en":"Chiem Hoa Commune","commune_slug":"chiem_hoa","unit_type":"Xã","unit_type_en":"Commune","admin_level":2,"province_code":"08","province_name":"Tuyên Quang","province_full_name":"Tỉnh Tuyên Quang","province_slug":"tuyen_quang","join_key":"02287","status":"active","dataset_effective_date":"2026-04-30","catalog_version":"2026-07-12","geometry_status":"not_embedded_boundary_available_by_url","boundary_source_url":"https://raw.githubusercontent.com/thanglequoc/vietnamese-provinces-database/master/json/geojson/08_tuyen_quang/wards/02287_chiem_hoa.geojson","boundary_source_page":"https://github.com/thanglequoc/vietnamese-provinces-database/blob/master/json/geojson/08_tuyen_quang/wards/02287_chiem_hoa.geojson","source_catalog":"https://github.com/thanglequoc/vietnamese-provinces-database"},"geometry":null},{"type":"Feature","id":"02296","properties":{"commune_code":"02296","commune_name":"Bình An","commune_name_en":"Binh An","commune_full_name":"Xã Bình An","commune_full_name_en":"Binh An Commune","commune_slug":"binh_an","unit_type":"Xã","unit_type_en":"Commune","admin_level":2,"province_code":"08","province_name":"Tuyên Quang","province_full_name":"Tỉnh Tuyên Quang","province_slug":"tuyen_quang","join_key":"02296","status":"active","dataset_effective_date":"2026-04-30","catalog_version":"2026-07-12","geometry_status":"not_embedded_boundary_available_by_url","boundary_source_url":"https://raw.githubusercontent.com/thanglequoc/vietnamese-provinces-database/master/json/geojson/08_tuyen_quang/wards/02296_binh_an.geojson","boundary_source_page":"https://github.com/thanglequoc/vietnamese-provinces-database/blob/master/json/geojson/08_tuyen_quang/wards/02296_binh_an.geojson","source_catalog":"https://github.com/thanglequoc/vietnamese-provinces-database"},"geometry":null},{"type":"Feature","id":"02302","properties":{"commune_code":"02302","commune_name":"Minh Quang","commune_name_en":"Minh Quang","commune_full_name":"Xã Minh Quang","commune_full_name_en":"Minh Quang Commune","commune_slug":"minh_quang","unit_type":"Xã","unit_type_en":"Commune","admin_level":2,"province_code":"08","province_name":"Tuyên Quang","province_full_name":"Tỉnh Tuyên Quang","province_slug":"tuyen_quang","join_key":"02302","status":"active","dataset_effective_date":"2026-04-30","catalog_version":"2026-07-12","geometry_status":"not_embedded_boundary_available_by_url","boundary_source_url":"https://raw.githubusercontent.com/thanglequoc/vietnamese-provinces-database/master/json/geojson/08_tuyen_quang/wards/02302_minh_quang.geojson","boundary_source_page":"https://github.com/thanglequoc/vietnamese-provinces-database/blob/master/json/geojson/08_tuyen_quang/wards/02302_minh_quang.geojson","source_catalog":"https://github.com/thanglequoc/vietnamese-provinces-database"},"geometry":null},{"type":"Feature","id":"02305","properties":{"commune_code":"02305","commune_name":"Trung Hà","commune_name_en":"Trung Ha","commune_full_name":"Xã Trung Hà","commune_full_name_en":"Trung Ha Commune","commune_slug":"trung_ha","unit_type":"Xã","unit_type_en":"Commune","admin_level":2,"province_code":"08","province_name":"Tuyên Quang","province_full_name":"Tỉnh Tuyên Quang","province_slug":"tuyen_quang","join_key":"02305","status":"active","dataset_effective_date":"2026-04-30","catalog_version":"2026-07-12","geometry_status":"not_embedded_boundary_available_by_url","boundary_source_url":"https://raw.githubusercontent.com/thanglequoc/vietnamese-provinces-database/master/json/geojson/08_tuyen_quang/wards/02305_trung_ha.geojson","boundary_source_page":"https://github.com/thanglequoc/vietnamese-provinces-database/blob/master/json/geojson/08_tuyen_quang/wards/02305_trung_ha.geojson","source_catalog":"https://github.com/thanglequoc/vietnamese-provinces-database"},"geometry":null},{"type":"Feature","id":"02308","properties":{"commune_code":"02308","commune_name":"Tân Mỹ","commune_name_en":"Tan My","commune_full_name":"Xã Tân Mỹ","commune_full_name_en":"Tan My Commune","commune_slug":"tan_my","unit_type":"Xã","unit_type_en":"Commune","admin_level":2,"province_code":"08","province_name":"Tuyên Quang","province_full_name":"Tỉnh Tuyên Quang","province_slug":"tuyen_quang","join_key":"02308","status":"active","dataset_effective_date":"2026-04-30","catalog_version":"2026-07-12","geometry_status":"not_embedded_boundary_available_by_url","boundary_source_url":"https://raw.githubusercontent.com/thanglequoc/vietnamese-provinces-database/master/json/geojson/08_tuyen_quang/wards/02308_tan_my.geojson","boundary_source_page":"https://github.com/thanglequoc/vietnamese-provinces-database/blob/master/json/geojson/08_tuyen_quang/wards/02308_tan_my.geojson","source_catalog":"https://github.com/thanglequoc/vietnamese-provinces-database"},"geometry":null},{"type":"Feature","id":"02317","properties":{"commune_code":"02317","commune_name":"Yên Lập","commune_name_en":"Yen Lap","commune_full_name":"Xã Yên Lập","commune_full_name_en":"Yen Lap Commune","commune_slug":"yen_lap","unit_type":"Xã","unit_type_en":"Commune","admin_level":2,"province_code":"08","province_name":"Tuyên Quang","province_full_name":"Tỉnh Tuyên Quang","province_slug":"tuyen_quang","join_key":"02317","status":"active","dataset_effective_date":"2026-04-30","catalog_version":"2026-07-12","geometry_status":"not_embedded_boundary_available_by_url","boundary_source_url":"https://raw.githubusercontent.com/thanglequoc/vietnamese-provinces-database/master/json/geojson/08_tuyen_quang/wards/02317_yen_lap.geojson","boundary_source_page":"https://github.com/thanglequoc/vietnamese-provinces-database/blob/master/json/geojson/08_tuyen_quang/wards/02317_yen_lap.geojson","source_catalog":"https://github.com/thanglequoc/vietnamese-provinces-database"},"geometry":null},{"type":"Feature","id":"02320","properties":{"commune_code":"02320","commune_name":"Tân An","commune_name_en":"Tan An","commune_full_name":"Xã Tân An","commune_full_name_en":"Tan An Commune","commune_slug":"tan_an","unit_type":"Xã","unit_type_en":"Commune","admin_level":2,"province_code":"08","province_name":"Tuyên Quang","province_full_name":"Tỉnh Tuyên Quang","province_slug":"tuyen_quang","join_key":"02320","status":"active","dataset_effective_date":"2026-04-30","catalog_version":"2026-07-12","geometry_status":"not_embedded_boundary_available_by_url","boundary_source_url":"https://raw.githubusercontent.com/thanglequoc/vietnamese-provinces-database/master/json/geojson/08_tuyen_quang/wards/02320_tan_an.geojson","boundary_source_page":"https://github.com/thanglequoc/vietnamese-provinces-database/blob/master/json/geojson/08_tuyen_quang/wards/02320_tan_an.geojson","source_catalog":"https://github.com/thanglequoc/vietnamese-provinces-database"},"geometry":null},{"type":"Feature","id":"02332","properties":{"commune_code":"02332","commune_name":"Kiên Đài","commune_name_en":"Kien Dai","commune_full_name":"Xã Kiên Đài","commune_full_name_en":"Kien Dai Commune","commune_slug":"kien_dai","unit_type":"Xã","unit_type_en":"Commune","admin_level":2,"province_code":"08","province_name":"Tuyên Quang","province_full_name":"Tỉnh Tuyên Quang","province_slug":"tuyen_quang","join_key":"02332","status":"active","dataset_effective_date":"2026-04-30","catalog_version":"2026-07-12","geometry_status":"not_embedded_boundary_available_by_url","boundary_source_url":"https://raw.githubusercontent.com/thanglequoc/vietnamese-provinces-database/master/json/geojson/08_tuyen_quang/wards/02332_kien_dai.geojson","boundary_source_page":"https://github.com/thanglequoc/vietnamese-provinces-database/blob/master/json/geojson/08_tuyen_quang/wards/02332_kien_dai.geojson","source_catalog":"https://github.com/thanglequoc/vietnamese-provinces-database"},"geometry":null},{"type":"Feature","id":"02350","properties":{"commune_code":"02350","commune_name":"Kim Bình","commune_name_en":"Kim Binh","commune_full_name":"Xã Kim Bình","commune_full_name_en":"Kim Binh Commune","commune_slug":"kim_binh","unit_type":"Xã","unit_type_en":"Commune","admin_level":2,"province_code":"08","province_name":"Tuyên Quang","province_full_name":"Tỉnh Tuyên Quang","province_slug":"tuyen_quang","join_key":"02350","status":"active","dataset_effective_date":"2026-04-30","catalog_version":"2026-07-12","geometry_status":"not_embedded_boundary_available_by_url","boundary_source_url":"https://raw.githubusercontent.com/thanglequoc/vietnamese-provinces-database/master/json/geojson/08_tuyen_quang/wards/02350_kim_binh.geojson","boundary_source_page":"https://github.com/thanglequoc/vietnamese-provinces-database/blob/master/json/geojson/08_tuyen_quang/wards/02350_kim_binh.geojson","source_catalog":"https://github.com/thanglequoc/vietnamese-provinces-database"},"geometry":null},{"type":"Feature","id":"02353","properties":{"commune_code":"02353","commune_name":"Hoà An","commune_name_en":"Hoa An","commune_full_name":"Xã Hoà An","commune_full_name_en":"Hoa An Commune","commune_slug":"hoa_an","unit_type":"Xã","unit_type_en":"Commune","admin_level":2,"province_code":"08","province_name":"Tuyên Quang","province_full_name":"Tỉnh Tuyên Quang","province_slug":"tuyen_quang","join_key":"02353","status":"active","dataset_effective_date":"2026-04-30","catalog_version":"2026-07-12","geometry_status":"not_embedded_boundary_available_by_url","boundary_source_url":"https://raw.githubusercontent.com/thanglequoc/vietnamese-provinces-database/master/json/geojson/08_tuyen_quang/wards/02353_hoa_an.geojson","boundary_source_page":"https://github.com/thanglequoc/vietnamese-provinces-database/blob/master/json/geojson/08_tuyen_quang/wards/02353_hoa_an.geojson","source_catalog":"https://github.com/thanglequoc/vietnamese-provinces-database"},"geometry":null},{"type":"Feature","id":"02359","properties":{"commune_code":"02359","commune_name":"Tri Phú","commune_name_en":"Tri Phu","commune_full_name":"Xã Tri Phú","commune_full_name_en":"Tri Phu Commune","commune_slug":"tri_phu","unit_type":"Xã","unit_type_en":"Commune","admin_level":2,"province_code":"08","province_name":"Tuyên Quang","province_full_name":"Tỉnh Tuyên Quang","province_slug":"tuyen_quang","join_key":"02359","status":"active","dataset_effective_date":"2026-04-30","catalog_version":"2026-07-12","geometry_status":"not_embedded_boundary_available_by_url","boundary_source_url":"https://raw.githubusercontent.com/thanglequoc/vietnamese-provinces-database/master/json/geojson/08_tuyen_quang/wards/02359_tri_phu.geojson","boundary_source_page":"https://github.com/thanglequoc/vietnamese-provinces-database/blob/master/json/geojson/08_tuyen_quang/wards/02359_tri_phu.geojson","source_catalog":"https://github.com/thanglequoc/vietnamese-provinces-database"},"geometry":null},{"type":"Feature","id":"02365","properties":{"commune_code":"02365","commune_name":"Yên Nguyên","commune_name_en":"Yen Nguyen","commune_full_name":"Xã Yên Nguyên","commune_full_name_en":"Yen Nguyen Commune","commune_slug":"yen_nguyen","unit_type":"Xã","unit_type_en":"Commune","admin_level":2,"province_code":"08","province_name":"Tuyên Quang","province_full_name":"Tỉnh Tuyên Quang","province_slug":"tuyen_quang","join_key":"02365","status":"active","dataset_effective_date":"2026-04-30","catalog_version":"2026-07-12","geometry_status":"not_embedded_boundary_available_by_url","boundary_source_url":"https://raw.githubusercontent.com/thanglequoc/vietnamese-provinces-database/master/json/geojson/08_tuyen_quang/wards/02365_yen_nguyen.geojson","boundary_source_page":"https://github.com/thanglequoc/vietnamese-provinces-database/blob/master/json/geojson/08_tuyen_quang/wards/02365_yen_nguyen.geojson","source_catalog":"https://github.com/thanglequoc/vietnamese-provinces-database"},"geometry":null},{"type":"Feature","id":"02374","properties":{"commune_code":"02374","commune_name":"Hàm Yên","commune_name_en":"Ham Yen","commune_full_name":"Xã Hàm Yên","commune_full_name_en":"Ham Yen Commune","commune_slug":"ham_yen","unit_type":"Xã","unit_type_en":"Commune","admin_level":2,"province_code":"08","province_name":"Tuyên Quang","province_full_name":"Tỉnh Tuyên Quang","province_slug":"tuyen_quang","join_key":"02374","status":"active","dataset_effective_date":"2026-04-30","catalog_version":"2026-07-12","geometry_status":"not_embedded_boundary_available_by_url","boundary_source_url":"https://raw.githubusercontent.com/thanglequoc/vietnamese-provinces-database/master/json/geojson/08_tuyen_quang/wards/02374_ham_yen.geojson","boundary_source_page":"https://github.com/thanglequoc/vietnamese-provinces-database/blob/master/json/geojson/08_tuyen_quang/wards/02374_ham_yen.geojson","source_catalog":"https://github.com/thanglequoc/vietnamese-provinces-database"},"geometry":null},{"type":"Feature","id":"02380","properties":{"commune_code":"02380","commune_name":"Bạch Xa","commune_name_en":"Bach Xa","commune_full_name":"Xã Bạch Xa","commune_full_name_en":"Bach Xa Commune","commune_slug":"bach_xa","unit_type":"Xã","unit_type_en":"Commune","admin_level":2,"province_code":"08","province_name":"Tuyên Quang","province_full_name":"Tỉnh Tuyên Quang","province_slug":"tuyen_quang","join_key":"02380","status":"active","dataset_effective_date":"2026-04-30","catalog_version":"2026-07-12","geometry_status":"not_embedded_boundary_available_by_url","boundary_source_url":"https://raw.githubusercontent.com/thanglequoc/vietnamese-provinces-database/master/json/geojson/08_tuyen_quang/wards/02380_bach_xa.geojson","boundary_source_page":"https://github.com/thanglequoc/vietnamese-provinces-database/blob/master/json/geojson/08_tuyen_quang/wards/02380_bach_xa.geojson","source_catalog":"https://github.com/thanglequoc/vietnamese-provinces-database"},"geometry":null},{"type":"Feature","id":"02392","properties":{"commune_code":"02392","commune_name":"Phù Lưu","commune_name_en":"Phu Luu","commune_full_name":"Xã Phù Lưu","commune_full_name_en":"Phu Luu Commune","commune_slug":"phu_luu","unit_type":"Xã","unit_type_en":"Commune","admin_level":2,"province_code":"08","province_name":"Tuyên Quang","province_full_name":"Tỉnh Tuyên Quang","province_slug":"tuyen_quang","join_key":"02392","status":"active","dataset_effective_date":"2026-04-30","catalog_version":"2026-07-12","geometry_status":"not_embedded_boundary_available_by_url","boundary_source_url":"https://raw.githubusercontent.com/thanglequoc/vietnamese-provinces-database/master/json/geojson/08_tuyen_quang/wards/02392_phu_luu.geojson","boundary_source_page":"https://github.com/thanglequoc/vietnamese-provinces-database/blob/master/json/geojson/08_tuyen_quang/wards/02392_phu_luu.geojson","source_catalog":"https://github.com/thanglequoc/vietnamese-provinces-database"},"geometry":null},{"type":"Feature","id":"02398","properties":{"commune_code":"02398","commune_name":"Yên Phú","commune_name_en":"Yen Phu","commune_full_name":"Xã Yên Phú","commune_full_name_en":"Yen Phu Commune","commune_slug":"yen_phu","unit_type":"Xã","unit_type_en":"Commune","admin_level":2,"province_code":"08","province_name":"Tuyên Quang","province_full_name":"Tỉnh Tuyên Quang","province_slug":"tuyen_quang","join_key":"02398","status":"active","dataset_effective_date":"2026-04-30","catalog_version":"2026-07-12","geometry_status":"not_embedded_boundary_available_by_url","boundary_source_url":"https://raw.githubusercontent.com/thanglequoc/vietnamese-provinces-database/master/json/geojson/08_tuyen_quang/wards/02398_yen_phu.geojson","boundary_source_page":"https://github.com/thanglequoc/vietnamese-provinces-database/blob/master/json/geojson/08_tuyen_quang/wards/02398_yen_phu.geojson","source_catalog":"https://github.com/thanglequoc/vietnamese-provinces-database"},"geometry":null},{"type":"Feature","id":"02404","properties":{"commune_code":"02404","commune_name":"Bình Xa","commune_name_en":"Binh Xa","commune_full_name":"Xã Bình Xa","commune_full_name_en":"Binh Xa Commune","commune_slug":"binh_xa","unit_type":"Xã","unit_type_en":"Commune","admin_level":2,"province_code":"08","province_name":"Tuyên Quang","province_full_name":"Tỉnh Tuyên Quang","province_slug":"tuyen_quang","join_key":"02404","status":"active","dataset_effective_date":"2026-04-30","catalog_version":"2026-07-12","geometry_status":"not_embedded_boundary_available_by_url","boundary_source_url":"https://raw.githubusercontent.com/thanglequoc/vietnamese-provinces-database/master/json/geojson/08_tuyen_quang/wards/02404_binh_xa.geojson","boundary_source_page":"https://github.com/thanglequoc/vietnamese-provinces-database/blob/master/json/geojson/08_tuyen_quang/wards/02404_binh_xa.geojson","source_catalog":"https://github.com/thanglequoc/vietnamese-provinces-database"},"geometry":null},{"type":"Feature","id":"02407","properties":{"commune_code":"02407","commune_name":"Thái Sơn","commune_name_en":"Thai Son","commune_full_name":"Xã Thái Sơn","commune_full_name_en":"Thai Son Commune","commune_slug":"thai_son","unit_type":"Xã","unit_type_en":"Commune","admin_level":2,"province_code":"08","province_name":"Tuyên Quang","province_full_name":"Tỉnh Tuyên Quang","province_slug":"tuyen_quang","join_key":"02407","status":"active","dataset_effective_date":"2026-04-30","catalog_version":"2026-07-12","geometry_status":"not_embedded_boundary_available_by_url","boundary_source_url":"https://raw.githubusercontent.com/thanglequoc/vietnamese-provinces-database/master/json/geojson/08_tuyen_quang/wards/02407_thai_son.geojson","boundary_source_page":"https://github.com/thanglequoc/vietnamese-provinces-database/blob/master/json/geojson/08_tuyen_quang/wards/02407_thai_son.geojson","source_catalog":"https://github.com/thanglequoc/vietnamese-provinces-database"},"geometry":null},{"type":"Feature","id":"02419","properties":{"commune_code":"02419","commune_name":"Thái Hoà","commune_name_en":"Thai Hoa","commune_full_name":"Xã Thái Hoà","commune_full_name_en":"Thai Hoa Commune","commune_slug":"thai_hoa","unit_type":"Xã","unit_type_en":"Commune","admin_level":2,"province_code":"08","province_name":"Tuyên Quang","province_full_name":"Tỉnh Tuyên Quang","province_slug":"tuyen_quang","join_key":"02419","status":"active","dataset_effective_date":"2026-04-30","catalog_version":"2026-07-12","geometry_status":"not_embedded_boundary_available_by_url","boundary_source_url":"https://raw.githubusercontent.com/thanglequoc/vietnamese-provinces-database/master/json/geojson/08_tuyen_quang/wards/02419_thai_hoa.geojson","boundary_source_page":"https://github.com/thanglequoc/vietnamese-provinces-database/blob/master/json/geojson/08_tuyen_quang/wards/02419_thai_hoa.geojson","source_catalog":"https://github.com/thanglequoc/vietnamese-provinces-database"},"geometry":null},{"type":"Feature","id":"02425","properties":{"commune_code":"02425","commune_name":"Hùng Đức","commune_name_en":"Hung Duc","commune_full_name":"Xã Hùng Đức","commune_full_name_en":"Hung Duc Commune","commune_slug":"hung_duc","unit_type":"Xã","unit_type_en":"Commune","admin_level":2,"province_code":"08","province_name":"Tuyên Quang","province_full_name":"Tỉnh Tuyên Quang","province_slug":"tuyen_quang","join_key":"02425","status":"active","dataset_effective_date":"2026-04-30","catalog_version":"2026-07-12","geometry_status":"not_embedded_boundary_available_by_url","boundary_source_url":"https://raw.githubusercontent.com/thanglequoc/vietnamese-provinces-database/master/json/geojson/08_tuyen_quang/wards/02425_hung_duc.geojson","boundary_source_page":"https://github.com/thanglequoc/vietnamese-provinces-database/blob/master/json/geojson/08_tuyen_quang/wards/02425_hung_duc.geojson","source_catalog":"https://github.com/thanglequoc/vietnamese-provinces-database"},"geometry":null},{"type":"Feature","id":"02434","properties":{"commune_code":"02434","commune_name":"Lực Hành","commune_name_en":"Luc Hanh","commune_full_name":"Xã Lực Hành","commune_full_name_en":"Luc Hanh Commune","commune_slug":"luc_hanh","unit_type":"Xã","unit_type_en":"Commune","admin_level":2,"province_code":"08","province_name":"Tuyên Quang","province_full_name":"Tỉnh Tuyên Quang","province_slug":"tuyen_quang","join_key":"02434","status":"active","dataset_effective_date":"2026-04-30","catalog_version":"2026-07-12","geometry_status":"not_embedded_boundary_available_by_url","boundary_source_url":"https://raw.githubusercontent.com/thanglequoc/vietnamese-provinces-database/master/json/geojson/08_tuyen_quang/wards/02434_luc_hanh.geojson","boundary_source_page":"https://github.com/thanglequoc/vietnamese-provinces-database/blob/master/json/geojson/08_tuyen_quang/wards/02434_luc_hanh.geojson","source_catalog":"https://github.com/thanglequoc/vietnamese-provinces-database"},"geometry":null},{"type":"Feature","id":"02437","properties":{"commune_code":"02437","commune_name":"Kiến Thiết","commune_name_en":"Kien Thiet","commune_full_name":"Xã Kiến Thiết","commune_full_name_en":"Kien Thiet Commune","commune_slug":"kien_thiet","unit_type":"Xã","unit_type_en":"Commune","admin_level":2,"province_code":"08","province_name":"Tuyên Quang","province_full_name":"Tỉnh Tuyên Quang","province_slug":"tuyen_quang","join_key":"02437","status":"active","dataset_effective_date":"2026-04-30","catalog_version":"2026-07-12","geometry_status":"not_embedded_boundary_available_by_url","boundary_source_url":"https://raw.githubusercontent.com/thanglequoc/vietnamese-provinces-database/master/json/geojson/08_tuyen_quang/wards/02437_kien_thiet.geojson","boundary_source_page":"https://github.com/thanglequoc/vietnamese-provinces-database/blob/master/json/geojson/08_tuyen_quang/wards/02437_kien_thiet.geojson","source_catalog":"https://github.com/thanglequoc/vietnamese-provinces-database"},"geometry":null},{"type":"Feature","id":"02449","properties":{"commune_code":"02449","commune_name":"Xuân Vân","commune_name_en":"Xuan Van","commune_full_name":"Xã Xuân Vân","commune_full_name_en":"Xuan Van Commune","commune_slug":"xuan_van","unit_type":"Xã","unit_type_en":"Commune","admin_level":2,"province_code":"08","province_name":"Tuyên Quang","province_full_name":"Tỉnh Tuyên Quang","province_slug":"tuyen_quang","join_key":"02449","status":"active","dataset_effective_date":"2026-04-30","catalog_version":"2026-07-12","geometry_status":"not_embedded_boundary_available_by_url","boundary_source_url":"https://raw.githubusercontent.com/thanglequoc/vietnamese-provinces-database/master/json/geojson/08_tuyen_quang/wards/02449_xuan_van.geojson","boundary_source_page":"https://github.com/thanglequoc/vietnamese-provinces-database/blob/master/json/geojson/08_tuyen_quang/wards/02449_xuan_van.geojson","source_catalog":"https://github.com/thanglequoc/vietnamese-provinces-database"},"geometry":null},{"type":"Feature","id":"02455","properties":{"commune_code":"02455","commune_name":"Hùng Lợi","commune_name_en":"Hung Loi","commune_full_name":"Xã Hùng Lợi","commune_full_name_en":"Hung Loi Commune","commune_slug":"hung_loi","unit_type":"Xã","unit_type_en":"Commune","admin_level":2,"province_code":"08","province_name":"Tuyên Quang","province_full_name":"Tỉnh Tuyên Quang","province_slug":"tuyen_quang","join_key":"02455","status":"active","dataset_effective_date":"2026-04-30","catalog_version":"2026-07-12","geometry_status":"not_embedded_boundary_available_by_url","boundary_source_url":"https://raw.githubusercontent.com/thanglequoc/vietnamese-provinces-database/master/json/geojson/08_tuyen_quang/wards/02455_hung_loi.geojson","boundary_source_page":"https://github.com/thanglequoc/vietnamese-provinces-database/blob/master/json/geojson/08_tuyen_quang/wards/02455_hung_loi.geojson","source_catalog":"https://github.com/thanglequoc/vietnamese-provinces-database"},"geometry":null},{"type":"Feature","id":"02458","properties":{"commune_code":"02458","commune_name":"Trung Sơn","commune_name_en":"Trung Son","commune_full_name":"Xã Trung Sơn","commune_full_name_en":"Trung Son Commune","commune_slug":"trung_son","unit_type":"Xã","unit_type_en":"Commune","admin_level":2,"province_code":"08","province_name":"Tuyên Quang","province_full_name":"Tỉnh Tuyên Quang","province_slug":"tuyen_quang","join_key":"02458","status":"active","dataset_effective_date":"2026-04-30","catalog_version":"2026-07-12","geometry_status":"not_embedded_boundary_available_by_url","boundary_source_url":"https://raw.githubusercontent.com/thanglequoc/vietnamese-provinces-database/master/json/geojson/08_tuyen_quang/wards/02458_trung_son.geojson","boundary_source_page":"https://github.com/thanglequoc/vietnamese-provinces-database/blob/master/json/geojson/08_tuyen_quang/wards/02458_trung_son.geojson","source_catalog":"https://github.com/thanglequoc/vietnamese-provinces-database"},"geometry":null},{"type":"Feature","id":"02470","properties":{"commune_code":"02470","commune_name":"Tân Long","commune_name_en":"Tan Long","commune_full_name":"Xã Tân Long","commune_full_name_en":"Tan Long Commune","commune_slug":"tan_long","unit_type":"Xã","unit_type_en":"Commune","admin_level":2,"province_code":"08","province_name":"Tuyên Quang","province_full_name":"Tỉnh Tuyên Quang","province_slug":"tuyen_quang","join_key":"02470","status":"active","dataset_effective_date":"2026-04-30","catalog_version":"2026-07-12","geometry_status":"not_embedded_boundary_available_by_url","boundary_source_url":"https://raw.githubusercontent.com/thanglequoc/vietnamese-provinces-database/master/json/geojson/08_tuyen_quang/wards/02470_tan_long.geojson","boundary_source_page":"https://github.com/thanglequoc/vietnamese-provinces-database/blob/master/json/geojson/08_tuyen_quang/wards/02470_tan_long.geojson","source_catalog":"https://github.com/thanglequoc/vietnamese-provinces-database"},"geometry":null},{"type":"Feature","id":"02473","properties":{"commune_code":"02473","commune_name":"Yên Sơn","commune_name_en":"Yen Son","commune_full_name":"Xã Yên Sơn","commune_full_name_en":"Yen Son Commune","commune_slug":"yen_son","unit_type":"Xã","unit_type_en":"Commune","admin_level":2,"province_code":"08","province_name":"Tuyên Quang","province_full_name":"Tỉnh Tuyên Quang","province_slug":"tuyen_quang","join_key":"02473","status":"active","dataset_effective_date":"2026-04-30","catalog_version":"2026-07-12","geometry_status":"not_embedded_boundary_available_by_url","boundary_source_url":"https://raw.githubusercontent.com/thanglequoc/vietnamese-provinces-database/master/json/geojson/08_tuyen_quang/wards/02473_yen_son.geojson","boundary_source_page":"https://github.com/thanglequoc/vietnamese-provinces-database/blob/master/json/geojson/08_tuyen_quang/wards/02473_yen_son.geojson","source_catalog":"https://github.com/thanglequoc/vietnamese-provinces-database"},"geometry":null},{"type":"Feature","id":"02494","properties":{"commune_code":"02494","commune_name":"Thái Bình","commune_name_en":"Thai Binh","commune_full_name":"Xã Thái Bình","commune_full_name_en":"Thai Binh Commune","commune_slug":"thai_binh","unit_type":"Xã","unit_type_en":"Commune","admin_level":2,"province_code":"08","province_name":"Tuyên Quang","province_full_name":"Tỉnh Tuyên Quang","province_slug":"tuyen_quang","join_key":"02494","status":"active","dataset_effective_date":"2026-04-30","catalog_version":"2026-07-12","geometry_status":"not_embedded_boundary_available_by_url","boundary_source_url":"https://raw.githubusercontent.com/thanglequoc/vietnamese-provinces-database/master/json/geojson/08_tuyen_quang/wards/02494_thai_binh.geojson","boundary_source_page":"https://github.com/thanglequoc/vietnamese-provinces-database/blob/master/json/geojson/08_tuyen_quang/wards/02494_thai_binh.geojson","source_catalog":"https://github.com/thanglequoc/vietnamese-provinces-database"},"geometry":null},{"type":"Feature","id":"02509","properties":{"commune_code":"02509","commune_name":"Mỹ Lâm","commune_name_en":"My Lam","commune_full_name":"Phường Mỹ Lâm","commune_full_name_en":"My Lam Ward","commune_slug":"my_lam","unit_type":"Phường","unit_type_en":"Ward","admin_level":2,"province_code":"08","province_name":"Tuyên Quang","province_full_name":"Tỉnh Tuyên Quang","province_slug":"tuyen_quang","join_key":"02509","status":"active","dataset_effective_date":"2026-04-30","catalog_version":"2026-07-12","geometry_status":"not_embedded_boundary_available_by_url","boundary_source_url":"https://raw.githubusercontent.com/thanglequoc/vietnamese-provinces-database/master/json/geojson/08_tuyen_quang/wards/02509_my_lam.geojson","boundary_source_page":"https://github.com/thanglequoc/vietnamese-provinces-database/blob/master/json/geojson/08_tuyen_quang/wards/02509_my_lam.geojson","source_catalog":"https://github.com/thanglequoc/vietnamese-provinces-database"},"geometry":null},{"type":"Feature","id":"02512","properties":{"commune_code":"02512","commune_name":"An Tường","commune_name_en":"An Tuong","commune_full_name":"Phường An Tường","commune_full_name_en":"An Tuong Ward","commune_slug":"an_tuong","unit_type":"Phường","unit_type_en":"Ward","admin_level":2,"province_code":"08","province_name":"Tuyên Quang","province_full_name":"Tỉnh Tuyên Quang","province_slug":"tuyen_quang","join_key":"02512","status":"active","dataset_effective_date":"2026-04-30","catalog_version":"2026-07-12","geometry_status":"not_embedded_boundary_available_by_url","boundary_source_url":"https://raw.githubusercontent.com/thanglequoc/vietnamese-provinces-database/master/json/geojson/08_tuyen_quang/wards/02512_an_tuong.geojson","boundary_source_page":"https://github.com/thanglequoc/vietnamese-provinces-database/blob/master/json/geojson/08_tuyen_quang/wards/02512_an_tuong.geojson","source_catalog":"https://github.com/thanglequoc/vietnamese-provinces-database"},"geometry":null},{"type":"Feature","id":"02524","properties":{"commune_code":"02524","commune_name":"Bình Thuận","commune_name_en":"Binh Thuan","commune_full_name":"Phường Bình Thuận","commune_full_name_en":"Binh Thuan Ward","commune_slug":"binh_thuan","unit_type":"Phường","unit_type_en":"Ward","admin_level":2,"province_code":"08","province_name":"Tuyên Quang","province_full_name":"Tỉnh Tuyên Quang","province_slug":"tuyen_quang","join_key":"02524","status":"active","dataset_effective_date":"2026-04-30","catalog_version":"2026-07-12","geometry_status":"not_embedded_boundary_available_by_url","boundary_source_url":"https://raw.githubusercontent.com/thanglequoc/vietnamese-provinces-database/master/json/geojson/08_tuyen_quang/wards/02524_binh_thuan.geojson","boundary_source_page":"https://github.com/thanglequoc/vietnamese-provinces-database/blob/master/json/geojson/08_tuyen_quang/wards/02524_binh_thuan.geojson","source_catalog":"https://github.com/thanglequoc/vietnamese-provinces-database"},"geometry":null},{"type":"Feature","id":"02530","properties":{"commune_code":"02530","commune_name":"Nhữ Khê","commune_name_en":"Nhu Khe","commune_full_name":"Xã Nhữ Khê","commune_full_name_en":"Nhu Khe Commune","commune_slug":"nhu_khe","unit_type":"Xã","unit_type_en":"Commune","admin_level":2,"province_code":"08","province_name":"Tuyên Quang","province_full_name":"Tỉnh Tuyên Quang","province_slug":"tuyen_quang","join_key":"02530","status":"active","dataset_effective_date":"2026-04-30","catalog_version":"2026-07-12","geometry_status":"not_embedded_boundary_available_by_url","boundary_source_url":"https://raw.githubusercontent.com/thanglequoc/vietnamese-provinces-database/master/json/geojson/08_tuyen_quang/wards/02530_nhu_khe.geojson","boundary_source_page":"https://github.com/thanglequoc/vietnamese-provinces-database/blob/master/json/geojson/08_tuyen_quang/wards/02530_nhu_khe.geojson","source_catalog":"https://github.com/thanglequoc/vietnamese-provinces-database"},"geometry":null},{"type":"Feature","id":"02536","properties":{"commune_code":"02536","commune_name":"Sơn Dương","commune_name_en":"Son Duong","commune_full_name":"Xã Sơn Dương","commune_full_name_en":"Son Duong Commune","commune_slug":"son_duong","unit_type":"Xã","unit_type_en":"Commune","admin_level":2,"province_code":"08","province_name":"Tuyên Quang","province_full_name":"Tỉnh Tuyên Quang","province_slug":"tuyen_quang","join_key":"02536","status":"active","dataset_effective_date":"2026-04-30","catalog_version":"2026-07-12","geometry_status":"not_embedded_boundary_available_by_url","boundary_source_url":"https://raw.githubusercontent.com/thanglequoc/vietnamese-provinces-database/master/json/geojson/08_tuyen_quang/wards/02536_son_duong.geojson","boundary_source_page":"https://github.com/thanglequoc/vietnamese-provinces-database/blob/master/json/geojson/08_tuyen_quang/wards/02536_son_duong.geojson","source_catalog":"https://github.com/thanglequoc/vietnamese-provinces-database"},"geometry":null},{"type":"Feature","id":"02545","properties":{"commune_code":"02545","commune_name":"Tân Trào","commune_name_en":"Tan Trao","commune_full_name":"Xã Tân Trào","commune_full_name_en":"Tan Trao Commune","commune_slug":"tan_trao","unit_type":"Xã","unit_type_en":"Commune","admin_level":2,"province_code":"08","province_name":"Tuyên Quang","province_full_name":"Tỉnh Tuyên Quang","province_slug":"tuyen_quang","join_key":"02545","status":"active","dataset_effective_date":"2026-04-30","catalog_version":"2026-07-12","geometry_status":"not_embedded_boundary_available_by_url","boundary_source_url":"https://raw.githubusercontent.com/thanglequoc/vietnamese-provinces-database/master/json/geojson/08_tuyen_quang/wards/02545_tan_trao.geojson","boundary_source_page":"https://github.com/thanglequoc/vietnamese-provinces-database/blob/master/json/geojson/08_tuyen_quang/wards/02545_tan_trao.geojson","source_catalog":"https://github.com/thanglequoc/vietnamese-provinces-database"},"geometry":null},{"type":"Feature","id":"02548","properties":{"commune_code":"02548","commune_name":"Bình Ca","commune_name_en":"Binh Ca","commune_full_name":"Xã Bình Ca","commune_full_name_en":"Binh Ca Commune","commune_slug":"binh_ca","unit_type":"Xã","unit_type_en":"Commune","admin_level":2,"province_code":"08","province_name":"Tuyên Quang","province_full_name":"Tỉnh Tuyên Quang","province_slug":"tuyen_quang","join_key":"02548","status":"active","dataset_effective_date":"2026-04-30","catalog_version":"2026-07-12","geometry_status":"not_embedded_boundary_available_by_url","boundary_source_url":"https://raw.githubusercontent.com/thanglequoc/vietnamese-provinces-database/master/json/geojson/08_tuyen_quang/wards/02548_binh_ca.geojson","boundary_source_page":"https://github.com/thanglequoc/vietnamese-provinces-database/blob/master/json/geojson/08_tuyen_quang/wards/02548_binh_ca.geojson","source_catalog":"https://github.com/thanglequoc/vietnamese-provinces-database"},"geometry":null},{"type":"Feature","id":"02554","properties":{"commune_code":"02554","commune_name":"Minh Thanh","commune_name_en":"Minh Thanh","commune_full_name":"Xã Minh Thanh","commune_full_name_en":"Minh Thanh Commune","commune_slug":"minh_thanh","unit_type":"Xã","unit_type_en":"Commune","admin_level":2,"province_code":"08","province_name":"Tuyên Quang","province_full_name":"Tỉnh Tuyên Quang","province_slug":"tuyen_quang","join_key":"02554","status":"active","dataset_effective_date":"2026-04-30","catalog_version":"2026-07-12","geometry_status":"not_embedded_boundary_available_by_url","boundary_source_url":"https://raw.githubusercontent.com/thanglequoc/vietnamese-provinces-database/master/json/geojson/08_tuyen_quang/wards/02554_minh_thanh.geojson","boundary_source_page":"https://github.com/thanglequoc/vietnamese-provinces-database/blob/master/json/geojson/08_tuyen_quang/wards/02554_minh_thanh.geojson","source_catalog":"https://github.com/thanglequoc/vietnamese-provinces-database"},"geometry":null},{"type":"Feature","id":"02572","properties":{"commune_code":"02572","commune_name":"Đông Thọ","commune_name_en":"Dong Tho","commune_full_name":"Xã Đông Thọ","commune_full_name_en":"Dong Tho Commune","commune_slug":"dong_tho","unit_type":"Xã","unit_type_en":"Commune","admin_level":2,"province_code":"08","province_name":"Tuyên Quang","province_full_name":"Tỉnh Tuyên Quang","province_slug":"tuyen_quang","join_key":"02572","status":"active","dataset_effective_date":"2026-04-30","catalog_version":"2026-07-12","geometry_status":"not_embedded_boundary_available_by_url","boundary_source_url":"https://raw.githubusercontent.com/thanglequoc/vietnamese-provinces-database/master/json/geojson/08_tuyen_quang/wards/02572_dong_tho.geojson","boundary_source_page":"https://github.com/thanglequoc/vietnamese-provinces-database/blob/master/json/geojson/08_tuyen_quang/wards/02572_dong_tho.geojson","source_catalog":"https://github.com/thanglequoc/vietnamese-provinces-database"},"geometry":null},{"type":"Feature","id":"02578","properties":{"commune_code":"02578","commune_name":"Tân Thanh","commune_name_en":"Tan Thanh","commune_full_name":"Xã Tân Thanh","commune_full_name_en":"Tan Thanh Commune","commune_slug":"tan_thanh","unit_type":"Xã","unit_type_en":"Commune","admin_level":2,"province_code":"08","province_name":"Tuyên Quang","province_full_name":"Tỉnh Tuyên Quang","province_slug":"tuyen_quang","join_key":"02578","status":"active","dataset_effective_date":"2026-04-30","catalog_version":"2026-07-12","geometry_status":"not_embedded_boundary_available_by_url","boundary_source_url":"https://raw.githubusercontent.com/thanglequoc/vietnamese-provinces-database/master/json/geojson/08_tuyen_quang/wards/02578_tan_thanh.geojson","boundary_source_page":"https://github.com/thanglequoc/vietnamese-provinces-database/blob/master/json/geojson/08_tuyen_quang/wards/02578_tan_thanh.geojson","source_catalog":"https://github.com/thanglequoc/vietnamese-provinces-database"},"geometry":null},{"type":"Feature","id":"02608","properties":{"commune_code":"02608","commune_name":"Hồng Sơn","commune_name_en":"Hong Son","commune_full_name":"Xã Hồng Sơn","commune_full_name_en":"Hong Son Commune","commune_slug":"hong_son","unit_type":"Xã","unit_type_en":"Commune","admin_level":2,"province_code":"08","province_name":"Tuyên Quang","province_full_name":"Tỉnh Tuyên Quang","province_slug":"tuyen_quang","join_key":"02608","status":"active","dataset_effective_date":"2026-04-30","catalog_version":"2026-07-12","geometry_status":"not_embedded_boundary_available_by_url","boundary_source_url":"https://raw.githubusercontent.com/thanglequoc/vietnamese-provinces-database/master/json/geojson/08_tuyen_quang/wards/02608_hong_son.geojson","boundary_source_page":"https://github.com/thanglequoc/vietnamese-provinces-database/blob/master/json/geojson/08_tuyen_quang/wards/02608_hong_son.geojson","source_catalog":"https://github.com/thanglequoc/vietnamese-provinces-database"},"geometry":null},{"type":"Feature","id":"02611","properties":{"commune_code":"02611","commune_name":"Phú Lương","commune_name_en":"Phu Luong","commune_full_name":"Xã Phú Lương","commune_full_name_en":"Phu Luong Commune","commune_slug":"phu_luong","unit_type":"Xã","unit_type_en":"Commune","admin_level":2,"province_code":"08","province_name":"Tuyên Quang","province_full_name":"Tỉnh Tuyên Quang","province_slug":"tuyen_quang","join_key":"02611","status":"active","dataset_effective_date":"2026-04-30","catalog_version":"2026-07-12","geometry_status":"not_embedded_boundary_available_by_url","boundary_source_url":"https://raw.githubusercontent.com/thanglequoc/vietnamese-provinces-database/master/json/geojson/08_tuyen_quang/wards/02611_phu_luong.geojson","boundary_source_page":"https://github.com/thanglequoc/vietnamese-provinces-database/blob/master/json/geojson/08_tuyen_quang/wards/02611_phu_luong.geojson","source_catalog":"https://github.com/thanglequoc/vietnamese-provinces-database"},"geometry":null},{"type":"Feature","id":"02620","properties":{"commune_code":"02620","commune_name":"Sơn Thuỷ","commune_name_en":"Son Thuy","commune_full_name":"Xã Sơn Thuỷ","commune_full_name_en":"Son Thuy Commune","commune_slug":"son_thuy","unit_type":"Xã","unit_type_en":"Commune","admin_level":2,"province_code":"08","province_name":"Tuyên Quang","province_full_name":"Tỉnh Tuyên Quang","province_slug":"tuyen_quang","join_key":"02620","status":"active","dataset_effective_date":"2026-04-30","catalog_version":"2026-07-12","geometry_status":"not_embedded_boundary_available_by_url","boundary_source_url":"https://raw.githubusercontent.com/thanglequoc/vietnamese-provinces-database/master/json/geojson/08_tuyen_quang/wards/02620_son_thuy.geojson","boundary_source_page":"https://github.com/thanglequoc/vietnamese-provinces-database/blob/master/json/geojson/08_tuyen_quang/wards/02620_son_thuy.geojson","source_catalog":"https://github.com/thanglequoc/vietnamese-provinces-database"},"geometry":null},{"type":"Feature","id":"02623","properties":{"commune_code":"02623","commune_name":"Trường Sinh","commune_name_en":"Truong Sinh","commune_full_name":"Xã Trường Sinh","commune_full_name_en":"Truong Sinh Commune","commune_slug":"truong_sinh","unit_type":"Xã","unit_type_en":"Commune","admin_level":2,"province_code":"08","province_name":"Tuyên Quang","province_full_name":"Tỉnh Tuyên Quang","province_slug":"tuyen_quang","join_key":"02623","status":"active","dataset_effective_date":"2026-04-30","catalog_version":"2026-07-12","geometry_status":"not_embedded_boundary_available_by_url","boundary_source_url":"https://raw.githubusercontent.com/thanglequoc/vietnamese-provinces-database/master/json/geojson/08_tuyen_quang/wards/02623_truong_sinh.geojson","boundary_source_page":"https://github.com/thanglequoc/vietnamese-provinces-database/blob/master/json/geojson/08_tuyen_quang/wards/02623_truong_sinh.geojson","source_catalog":"https://github.com/thanglequoc/vietnamese-provinces-database"},"geometry":null}]}