{"type":"FeatureCollection","name":"25_phu_tho_communes_attributes","metadata":{"province_code":"25","province_name":"Phú Thọ","feature_count":148,"geometry":null,"join_key":"commune_code"},"features":[{"type":"Feature","id":"04792","properties":{"commune_code":"04792","commune_name":"Tân Hoà","commune_name_en":"Tan Hoa","commune_full_name":"Phường Tân Hoà","commune_full_name_en":"Tan Hoa Ward","commune_slug":"tan_hoa","unit_type":"Phường","unit_type_en":"Ward","admin_level":2,"province_code":"25","province_name":"Phú Thọ","province_full_name":"Tỉnh Phú Thọ","province_slug":"phu_tho","join_key":"04792","status":"active","dataset_effective_date":"2026-04-30","catalog_version":"2026-07-12","geometry_status":"not_embedded_boundary_available_by_url","boundary_source_url":"https://raw.githubusercontent.com/thanglequoc/vietnamese-provinces-database/master/json/geojson/25_phu_tho/wards/04792_tan_hoa.geojson","boundary_source_page":"https://github.com/thanglequoc/vietnamese-provinces-database/blob/master/json/geojson/25_phu_tho/wards/04792_tan_hoa.geojson","source_catalog":"https://github.com/thanglequoc/vietnamese-provinces-database"},"geometry":null},{"type":"Feature","id":"04795","properties":{"commune_code":"04795","commune_name":"Hoà Bình","commune_name_en":"Hoa Binh","commune_full_name":"Phường Hoà Bình","commune_full_name_en":"Hoa Binh Ward","commune_slug":"hoa_binh","unit_type":"Phường","unit_type_en":"Ward","admin_level":2,"province_code":"25","province_name":"Phú Thọ","province_full_name":"Tỉnh Phú Thọ","province_slug":"phu_tho","join_key":"04795","status":"active","dataset_effective_date":"2026-04-30","catalog_version":"2026-07-12","geometry_status":"not_embedded_boundary_available_by_url","boundary_source_url":"https://raw.githubusercontent.com/thanglequoc/vietnamese-provinces-database/master/json/geojson/25_phu_tho/wards/04795_hoa_binh.geojson","boundary_source_page":"https://github.com/thanglequoc/vietnamese-provinces-database/blob/master/json/geojson/25_phu_tho/wards/04795_hoa_binh.geojson","source_catalog":"https://github.com/thanglequoc/vietnamese-provinces-database"},"geometry":null},{"type":"Feature","id":"04828","properties":{"commune_code":"04828","commune_name":"Thống Nhất","commune_name_en":"Thong Nhat","commune_full_name":"Phường Thống Nhất","commune_full_name_en":"Thong Nhat Ward","commune_slug":"thong_nhat","unit_type":"Phường","unit_type_en":"Ward","admin_level":2,"province_code":"25","province_name":"Phú Thọ","province_full_name":"Tỉnh Phú Thọ","province_slug":"phu_tho","join_key":"04828","status":"active","dataset_effective_date":"2026-04-30","catalog_version":"2026-07-12","geometry_status":"not_embedded_boundary_available_by_url","boundary_source_url":"https://raw.githubusercontent.com/thanglequoc/vietnamese-provinces-database/master/json/geojson/25_phu_tho/wards/04828_thong_nhat.geojson","boundary_source_page":"https://github.com/thanglequoc/vietnamese-provinces-database/blob/master/json/geojson/25_phu_tho/wards/04828_thong_nhat.geojson","source_catalog":"https://github.com/thanglequoc/vietnamese-provinces-database"},"geometry":null},{"type":"Feature","id":"04831","properties":{"commune_code":"04831","commune_name":"Đà Bắc","commune_name_en":"Da Bac","commune_full_name":"Xã Đà Bắc","commune_full_name_en":"Da Bac Commune","commune_slug":"da_bac","unit_type":"Xã","unit_type_en":"Commune","admin_level":2,"province_code":"25","province_name":"Phú Thọ","province_full_name":"Tỉnh Phú Thọ","province_slug":"phu_tho","join_key":"04831","status":"active","dataset_effective_date":"2026-04-30","catalog_version":"2026-07-12","geometry_status":"not_embedded_boundary_available_by_url","boundary_source_url":"https://raw.githubusercontent.com/thanglequoc/vietnamese-provinces-database/master/json/geojson/25_phu_tho/wards/04831_da_bac.geojson","boundary_source_page":"https://github.com/thanglequoc/vietnamese-provinces-database/blob/master/json/geojson/25_phu_tho/wards/04831_da_bac.geojson","source_catalog":"https://github.com/thanglequoc/vietnamese-provinces-database"},"geometry":null},{"type":"Feature","id":"04846","properties":{"commune_code":"04846","commune_name":"Đức Nhàn","commune_name_en":"Duc Nhan","commune_full_name":"Xã Đức Nhàn","commune_full_name_en":"Duc Nhan Commune","commune_slug":"duc_nhan","unit_type":"Xã","unit_type_en":"Commune","admin_level":2,"province_code":"25","province_name":"Phú Thọ","province_full_name":"Tỉnh Phú Thọ","province_slug":"phu_tho","join_key":"04846","status":"active","dataset_effective_date":"2026-04-30","catalog_version":"2026-07-12","geometry_status":"not_embedded_boundary_available_by_url","boundary_source_url":"https://raw.githubusercontent.com/thanglequoc/vietnamese-provinces-database/master/json/geojson/25_phu_tho/wards/04846_duc_nhan.geojson","boundary_source_page":"https://github.com/thanglequoc/vietnamese-provinces-database/blob/master/json/geojson/25_phu_tho/wards/04846_duc_nhan.geojson","source_catalog":"https://github.com/thanglequoc/vietnamese-provinces-database"},"geometry":null},{"type":"Feature","id":"04849","properties":{"commune_code":"04849","commune_name":"Tân Pheo","commune_name_en":"Tan Pheo","commune_full_name":"Xã Tân Pheo","commune_full_name_en":"Tan Pheo Commune","commune_slug":"tan_pheo","unit_type":"Xã","unit_type_en":"Commune","admin_level":2,"province_code":"25","province_name":"Phú Thọ","province_full_name":"Tỉnh Phú Thọ","province_slug":"phu_tho","join_key":"04849","status":"active","dataset_effective_date":"2026-04-30","catalog_version":"2026-07-12","geometry_status":"not_embedded_boundary_available_by_url","boundary_source_url":"https://raw.githubusercontent.com/thanglequoc/vietnamese-provinces-database/master/json/geojson/25_phu_tho/wards/04849_tan_pheo.geojson","boundary_source_page":"https://github.com/thanglequoc/vietnamese-provinces-database/blob/master/json/geojson/25_phu_tho/wards/04849_tan_pheo.geojson","source_catalog":"https://github.com/thanglequoc/vietnamese-provinces-database"},"geometry":null},{"type":"Feature","id":"04873","properties":{"commune_code":"04873","commune_name":"Quy Đức","commune_name_en":"Quy Duc","commune_full_name":"Xã Quy Đức","commune_full_name_en":"Quy Duc Commune","commune_slug":"quy_duc","unit_type":"Xã","unit_type_en":"Commune","admin_level":2,"province_code":"25","province_name":"Phú Thọ","province_full_name":"Tỉnh Phú Thọ","province_slug":"phu_tho","join_key":"04873","status":"active","dataset_effective_date":"2026-04-30","catalog_version":"2026-07-12","geometry_status":"not_embedded_boundary_available_by_url","boundary_source_url":"https://raw.githubusercontent.com/thanglequoc/vietnamese-provinces-database/master/json/geojson/25_phu_tho/wards/04873_quy_duc.geojson","boundary_source_page":"https://github.com/thanglequoc/vietnamese-provinces-database/blob/master/json/geojson/25_phu_tho/wards/04873_quy_duc.geojson","source_catalog":"https://github.com/thanglequoc/vietnamese-provinces-database"},"geometry":null},{"type":"Feature","id":"04876","properties":{"commune_code":"04876","commune_name":"Cao Sơn","commune_name_en":"Cao Son","commune_full_name":"Xã Cao Sơn","commune_full_name_en":"Cao Son Commune","commune_slug":"cao_son","unit_type":"Xã","unit_type_en":"Commune","admin_level":2,"province_code":"25","province_name":"Phú Thọ","province_full_name":"Tỉnh Phú Thọ","province_slug":"phu_tho","join_key":"04876","status":"active","dataset_effective_date":"2026-04-30","catalog_version":"2026-07-12","geometry_status":"not_embedded_boundary_available_by_url","boundary_source_url":"https://raw.githubusercontent.com/thanglequoc/vietnamese-provinces-database/master/json/geojson/25_phu_tho/wards/04876_cao_son.geojson","boundary_source_page":"https://github.com/thanglequoc/vietnamese-provinces-database/blob/master/json/geojson/25_phu_tho/wards/04876_cao_son.geojson","source_catalog":"https://github.com/thanglequoc/vietnamese-provinces-database"},"geometry":null},{"type":"Feature","id":"04891","properties":{"commune_code":"04891","commune_name":"Tiền Phong","commune_name_en":"Tien Phong","commune_full_name":"Xã Tiền Phong","commune_full_name_en":"Tien Phong Commune","commune_slug":"tien_phong","unit_type":"Xã","unit_type_en":"Commune","admin_level":2,"province_code":"25","province_name":"Phú Thọ","province_full_name":"Tỉnh Phú Thọ","province_slug":"phu_tho","join_key":"04891","status":"active","dataset_effective_date":"2026-04-30","catalog_version":"2026-07-12","geometry_status":"not_embedded_boundary_available_by_url","boundary_source_url":"https://raw.githubusercontent.com/thanglequoc/vietnamese-provinces-database/master/json/geojson/25_phu_tho/wards/04891_tien_phong.geojson","boundary_source_page":"https://github.com/thanglequoc/vietnamese-provinces-database/blob/master/json/geojson/25_phu_tho/wards/04891_tien_phong.geojson","source_catalog":"https://github.com/thanglequoc/vietnamese-provinces-database"},"geometry":null},{"type":"Feature","id":"04894","properties":{"commune_code":"04894","commune_name":"Kỳ Sơn","commune_name_en":"Ky Son","commune_full_name":"Phường Kỳ Sơn","commune_full_name_en":"Ky Son Ward","commune_slug":"ky_son","unit_type":"Phường","unit_type_en":"Ward","admin_level":2,"province_code":"25","province_name":"Phú Thọ","province_full_name":"Tỉnh Phú Thọ","province_slug":"phu_tho","join_key":"04894","status":"active","dataset_effective_date":"2026-04-30","catalog_version":"2026-07-12","geometry_status":"not_embedded_boundary_available_by_url","boundary_source_url":"https://raw.githubusercontent.com/thanglequoc/vietnamese-provinces-database/master/json/geojson/25_phu_tho/wards/04894_ky_son.geojson","boundary_source_page":"https://github.com/thanglequoc/vietnamese-provinces-database/blob/master/json/geojson/25_phu_tho/wards/04894_ky_son.geojson","source_catalog":"https://github.com/thanglequoc/vietnamese-provinces-database"},"geometry":null},{"type":"Feature","id":"04897","properties":{"commune_code":"04897","commune_name":"Thịnh Minh","commune_name_en":"Thinh Minh","commune_full_name":"Xã Thịnh Minh","commune_full_name_en":"Thinh Minh Commune","commune_slug":"thinh_minh","unit_type":"Xã","unit_type_en":"Commune","admin_level":2,"province_code":"25","province_name":"Phú Thọ","province_full_name":"Tỉnh Phú Thọ","province_slug":"phu_tho","join_key":"04897","status":"active","dataset_effective_date":"2026-04-30","catalog_version":"2026-07-12","geometry_status":"not_embedded_boundary_available_by_url","boundary_source_url":"https://raw.githubusercontent.com/thanglequoc/vietnamese-provinces-database/master/json/geojson/25_phu_tho/wards/04897_thinh_minh.geojson","boundary_source_page":"https://github.com/thanglequoc/vietnamese-provinces-database/blob/master/json/geojson/25_phu_tho/wards/04897_thinh_minh.geojson","source_catalog":"https://github.com/thanglequoc/vietnamese-provinces-database"},"geometry":null},{"type":"Feature","id":"04924","properties":{"commune_code":"04924","commune_name":"Lương Sơn","commune_name_en":"Luong Son","commune_full_name":"Xã Lương Sơn","commune_full_name_en":"Luong Son Commune","commune_slug":"luong_son","unit_type":"Xã","unit_type_en":"Commune","admin_level":2,"province_code":"25","province_name":"Phú Thọ","province_full_name":"Tỉnh Phú Thọ","province_slug":"phu_tho","join_key":"04924","status":"active","dataset_effective_date":"2026-04-30","catalog_version":"2026-07-12","geometry_status":"not_embedded_boundary_available_by_url","boundary_source_url":"https://raw.githubusercontent.com/thanglequoc/vietnamese-provinces-database/master/json/geojson/25_phu_tho/wards/04924_luong_son.geojson","boundary_source_page":"https://github.com/thanglequoc/vietnamese-provinces-database/blob/master/json/geojson/25_phu_tho/wards/04924_luong_son.geojson","source_catalog":"https://github.com/thanglequoc/vietnamese-provinces-database"},"geometry":null},{"type":"Feature","id":"04960","properties":{"commune_code":"04960","commune_name":"Liên Sơn","commune_name_en":"Lien Son","commune_full_name":"Xã Liên Sơn","commune_full_name_en":"Lien Son Commune","commune_slug":"lien_son","unit_type":"Xã","unit_type_en":"Commune","admin_level":2,"province_code":"25","province_name":"Phú Thọ","province_full_name":"Tỉnh Phú Thọ","province_slug":"phu_tho","join_key":"04960","status":"active","dataset_effective_date":"2026-04-30","catalog_version":"2026-07-12","geometry_status":"not_embedded_boundary_available_by_url","boundary_source_url":"https://raw.githubusercontent.com/thanglequoc/vietnamese-provinces-database/master/json/geojson/25_phu_tho/wards/04960_lien_son.geojson","boundary_source_page":"https://github.com/thanglequoc/vietnamese-provinces-database/blob/master/json/geojson/25_phu_tho/wards/04960_lien_son.geojson","source_catalog":"https://github.com/thanglequoc/vietnamese-provinces-database"},"geometry":null},{"type":"Feature","id":"04978","properties":{"commune_code":"04978","commune_name":"Kim Bôi","commune_name_en":"Kim Boi","commune_full_name":"Xã Kim Bôi","commune_full_name_en":"Kim Boi Commune","commune_slug":"kim_boi","unit_type":"Xã","unit_type_en":"Commune","admin_level":2,"province_code":"25","province_name":"Phú Thọ","province_full_name":"Tỉnh Phú Thọ","province_slug":"phu_tho","join_key":"04978","status":"active","dataset_effective_date":"2026-04-30","catalog_version":"2026-07-12","geometry_status":"not_embedded_boundary_available_by_url","boundary_source_url":"https://raw.githubusercontent.com/thanglequoc/vietnamese-provinces-database/master/json/geojson/25_phu_tho/wards/04978_kim_boi.geojson","boundary_source_page":"https://github.com/thanglequoc/vietnamese-provinces-database/blob/master/json/geojson/25_phu_tho/wards/04978_kim_boi.geojson","source_catalog":"https://github.com/thanglequoc/vietnamese-provinces-database"},"geometry":null},{"type":"Feature","id":"04990","properties":{"commune_code":"04990","commune_name":"Nật Sơn","commune_name_en":"Nat Son","commune_full_name":"Xã Nật Sơn","commune_full_name_en":"Nat Son Commune","commune_slug":"nat_son","unit_type":"Xã","unit_type_en":"Commune","admin_level":2,"province_code":"25","province_name":"Phú Thọ","province_full_name":"Tỉnh Phú Thọ","province_slug":"phu_tho","join_key":"04990","status":"active","dataset_effective_date":"2026-04-30","catalog_version":"2026-07-12","geometry_status":"not_embedded_boundary_available_by_url","boundary_source_url":"https://raw.githubusercontent.com/thanglequoc/vietnamese-provinces-database/master/json/geojson/25_phu_tho/wards/04990_nat_son.geojson","boundary_source_page":"https://github.com/thanglequoc/vietnamese-provinces-database/blob/master/json/geojson/25_phu_tho/wards/04990_nat_son.geojson","source_catalog":"https://github.com/thanglequoc/vietnamese-provinces-database"},"geometry":null},{"type":"Feature","id":"05014","properties":{"commune_code":"05014","commune_name":"Mường Động","commune_name_en":"Muong Dong","commune_full_name":"Xã Mường Động","commune_full_name_en":"Muong Dong Commune","commune_slug":"muong_dong","unit_type":"Xã","unit_type_en":"Commune","admin_level":2,"province_code":"25","province_name":"Phú Thọ","province_full_name":"Tỉnh Phú Thọ","province_slug":"phu_tho","join_key":"05014","status":"active","dataset_effective_date":"2026-04-30","catalog_version":"2026-07-12","geometry_status":"not_embedded_boundary_available_by_url","boundary_source_url":"https://raw.githubusercontent.com/thanglequoc/vietnamese-provinces-database/master/json/geojson/25_phu_tho/wards/05014_muong_dong.geojson","boundary_source_page":"https://github.com/thanglequoc/vietnamese-provinces-database/blob/master/json/geojson/25_phu_tho/wards/05014_muong_dong.geojson","source_catalog":"https://github.com/thanglequoc/vietnamese-provinces-database"},"geometry":null},{"type":"Feature","id":"05047","properties":{"commune_code":"05047","commune_name":"Cao Dương","commune_name_en":"Cao Duong","commune_full_name":"Xã Cao Dương","commune_full_name_en":"Cao Duong Commune","commune_slug":"cao_duong","unit_type":"Xã","unit_type_en":"Commune","admin_level":2,"province_code":"25","province_name":"Phú Thọ","province_full_name":"Tỉnh Phú Thọ","province_slug":"phu_tho","join_key":"05047","status":"active","dataset_effective_date":"2026-04-30","catalog_version":"2026-07-12","geometry_status":"not_embedded_boundary_available_by_url","boundary_source_url":"https://raw.githubusercontent.com/thanglequoc/vietnamese-provinces-database/master/json/geojson/25_phu_tho/wards/05047_cao_duong.geojson","boundary_source_page":"https://github.com/thanglequoc/vietnamese-provinces-database/blob/master/json/geojson/25_phu_tho/wards/05047_cao_duong.geojson","source_catalog":"https://github.com/thanglequoc/vietnamese-provinces-database"},"geometry":null},{"type":"Feature","id":"05068","properties":{"commune_code":"05068","commune_name":"Hợp Kim","commune_name_en":"Hop Kim","commune_full_name":"Xã Hợp Kim","commune_full_name_en":"Hop Kim Commune","commune_slug":"hop_kim","unit_type":"Xã","unit_type_en":"Commune","admin_level":2,"province_code":"25","province_name":"Phú Thọ","province_full_name":"Tỉnh Phú Thọ","province_slug":"phu_tho","join_key":"05068","status":"active","dataset_effective_date":"2026-04-30","catalog_version":"2026-07-12","geometry_status":"not_embedded_boundary_available_by_url","boundary_source_url":"https://raw.githubusercontent.com/thanglequoc/vietnamese-provinces-database/master/json/geojson/25_phu_tho/wards/05068_hop_kim.geojson","boundary_source_page":"https://github.com/thanglequoc/vietnamese-provinces-database/blob/master/json/geojson/25_phu_tho/wards/05068_hop_kim.geojson","source_catalog":"https://github.com/thanglequoc/vietnamese-provinces-database"},"geometry":null},{"type":"Feature","id":"05086","properties":{"commune_code":"05086","commune_name":"Dũng Tiến","commune_name_en":"Dung Tien","commune_full_name":"Xã Dũng Tiến","commune_full_name_en":"Dung Tien Commune","commune_slug":"dung_tien","unit_type":"Xã","unit_type_en":"Commune","admin_level":2,"province_code":"25","province_name":"Phú Thọ","province_full_name":"Tỉnh Phú Thọ","province_slug":"phu_tho","join_key":"05086","status":"active","dataset_effective_date":"2026-04-30","catalog_version":"2026-07-12","geometry_status":"not_embedded_boundary_available_by_url","boundary_source_url":"https://raw.githubusercontent.com/thanglequoc/vietnamese-provinces-database/master/json/geojson/25_phu_tho/wards/05086_dung_tien.geojson","boundary_source_page":"https://github.com/thanglequoc/vietnamese-provinces-database/blob/master/json/geojson/25_phu_tho/wards/05086_dung_tien.geojson","source_catalog":"https://github.com/thanglequoc/vietnamese-provinces-database"},"geometry":null},{"type":"Feature","id":"05089","properties":{"commune_code":"05089","commune_name":"Cao Phong","commune_name_en":"Cao Phong","commune_full_name":"Xã Cao Phong","commune_full_name_en":"Cao Phong Commune","commune_slug":"cao_phong","unit_type":"Xã","unit_type_en":"Commune","admin_level":2,"province_code":"25","province_name":"Phú Thọ","province_full_name":"Tỉnh Phú Thọ","province_slug":"phu_tho","join_key":"05089","status":"active","dataset_effective_date":"2026-04-30","catalog_version":"2026-07-12","geometry_status":"not_embedded_boundary_available_by_url","boundary_source_url":"https://raw.githubusercontent.com/thanglequoc/vietnamese-provinces-database/master/json/geojson/25_phu_tho/wards/05089_cao_phong.geojson","boundary_source_page":"https://github.com/thanglequoc/vietnamese-provinces-database/blob/master/json/geojson/25_phu_tho/wards/05089_cao_phong.geojson","source_catalog":"https://github.com/thanglequoc/vietnamese-provinces-database"},"geometry":null},{"type":"Feature","id":"05092","properties":{"commune_code":"05092","commune_name":"Thung Nai","commune_name_en":"Thung Nai","commune_full_name":"Xã Thung Nai","commune_full_name_en":"Thung Nai Commune","commune_slug":"thung_nai","unit_type":"Xã","unit_type_en":"Commune","admin_level":2,"province_code":"25","province_name":"Phú Thọ","province_full_name":"Tỉnh Phú Thọ","province_slug":"phu_tho","join_key":"05092","status":"active","dataset_effective_date":"2026-04-30","catalog_version":"2026-07-12","geometry_status":"not_embedded_boundary_available_by_url","boundary_source_url":"https://raw.githubusercontent.com/thanglequoc/vietnamese-provinces-database/master/json/geojson/25_phu_tho/wards/05092_thung_nai.geojson","boundary_source_page":"https://github.com/thanglequoc/vietnamese-provinces-database/blob/master/json/geojson/25_phu_tho/wards/05092_thung_nai.geojson","source_catalog":"https://github.com/thanglequoc/vietnamese-provinces-database"},"geometry":null},{"type":"Feature","id":"05116","properties":{"commune_code":"05116","commune_name":"Mường Thàng","commune_name_en":"Muong Thang","commune_full_name":"Xã Mường Thàng","commune_full_name_en":"Muong Thang Commune","commune_slug":"muong_thang","unit_type":"Xã","unit_type_en":"Commune","admin_level":2,"province_code":"25","province_name":"Phú Thọ","province_full_name":"Tỉnh Phú Thọ","province_slug":"phu_tho","join_key":"05116","status":"active","dataset_effective_date":"2026-04-30","catalog_version":"2026-07-12","geometry_status":"not_embedded_boundary_available_by_url","boundary_source_url":"https://raw.githubusercontent.com/thanglequoc/vietnamese-provinces-database/master/json/geojson/25_phu_tho/wards/05116_muong_thang.geojson","boundary_source_page":"https://github.com/thanglequoc/vietnamese-provinces-database/blob/master/json/geojson/25_phu_tho/wards/05116_muong_thang.geojson","source_catalog":"https://github.com/thanglequoc/vietnamese-provinces-database"},"geometry":null},{"type":"Feature","id":"05128","properties":{"commune_code":"05128","commune_name":"Tân Lạc","commune_name_en":"Tan Lac","commune_full_name":"Xã Tân Lạc","commune_full_name_en":"Tan Lac Commune","commune_slug":"tan_lac","unit_type":"Xã","unit_type_en":"Commune","admin_level":2,"province_code":"25","province_name":"Phú Thọ","province_full_name":"Tỉnh Phú Thọ","province_slug":"phu_tho","join_key":"05128","status":"active","dataset_effective_date":"2026-04-30","catalog_version":"2026-07-12","geometry_status":"not_embedded_boundary_available_by_url","boundary_source_url":"https://raw.githubusercontent.com/thanglequoc/vietnamese-provinces-database/master/json/geojson/25_phu_tho/wards/05128_tan_lac.geojson","boundary_source_page":"https://github.com/thanglequoc/vietnamese-provinces-database/blob/master/json/geojson/25_phu_tho/wards/05128_tan_lac.geojson","source_catalog":"https://github.com/thanglequoc/vietnamese-provinces-database"},"geometry":null},{"type":"Feature","id":"05134","properties":{"commune_code":"05134","commune_name":"Mường Hoa","commune_name_en":"Muong Hoa","commune_full_name":"Xã Mường Hoa","commune_full_name_en":"Muong Hoa Commune","commune_slug":"muong_hoa","unit_type":"Xã","unit_type_en":"Commune","admin_level":2,"province_code":"25","province_name":"Phú Thọ","province_full_name":"Tỉnh Phú Thọ","province_slug":"phu_tho","join_key":"05134","status":"active","dataset_effective_date":"2026-04-30","catalog_version":"2026-07-12","geometry_status":"not_embedded_boundary_available_by_url","boundary_source_url":"https://raw.githubusercontent.com/thanglequoc/vietnamese-provinces-database/master/json/geojson/25_phu_tho/wards/05134_muong_hoa.geojson","boundary_source_page":"https://github.com/thanglequoc/vietnamese-provinces-database/blob/master/json/geojson/25_phu_tho/wards/05134_muong_hoa.geojson","source_catalog":"https://github.com/thanglequoc/vietnamese-provinces-database"},"geometry":null},{"type":"Feature","id":"05152","properties":{"commune_code":"05152","commune_name":"Vân Sơn","commune_name_en":"Van Son","commune_full_name":"Xã Vân Sơn","commune_full_name_en":"Van Son Commune","commune_slug":"van_son","unit_type":"Xã","unit_type_en":"Commune","admin_level":2,"province_code":"25","province_name":"Phú Thọ","province_full_name":"Tỉnh Phú Thọ","province_slug":"phu_tho","join_key":"05152","status":"active","dataset_effective_date":"2026-04-30","catalog_version":"2026-07-12","geometry_status":"not_embedded_boundary_available_by_url","boundary_source_url":"https://raw.githubusercontent.com/thanglequoc/vietnamese-provinces-database/master/json/geojson/25_phu_tho/wards/05152_van_son.geojson","boundary_source_page":"https://github.com/thanglequoc/vietnamese-provinces-database/blob/master/json/geojson/25_phu_tho/wards/05152_van_son.geojson","source_catalog":"https://github.com/thanglequoc/vietnamese-provinces-database"},"geometry":null},{"type":"Feature","id":"05158","properties":{"commune_code":"05158","commune_name":"Mường Bi","commune_name_en":"Muong Bi","commune_full_name":"Xã Mường Bi","commune_full_name_en":"Muong Bi Commune","commune_slug":"muong_bi","unit_type":"Xã","unit_type_en":"Commune","admin_level":2,"province_code":"25","province_name":"Phú Thọ","province_full_name":"Tỉnh Phú Thọ","province_slug":"phu_tho","join_key":"05158","status":"active","dataset_effective_date":"2026-04-30","catalog_version":"2026-07-12","geometry_status":"not_embedded_boundary_available_by_url","boundary_source_url":"https://raw.githubusercontent.com/thanglequoc/vietnamese-provinces-database/master/json/geojson/25_phu_tho/wards/05158_muong_bi.geojson","boundary_source_page":"https://github.com/thanglequoc/vietnamese-provinces-database/blob/master/json/geojson/25_phu_tho/wards/05158_muong_bi.geojson","source_catalog":"https://github.com/thanglequoc/vietnamese-provinces-database"},"geometry":null},{"type":"Feature","id":"05191","properties":{"commune_code":"05191","commune_name":"Toàn Thắng","commune_name_en":"Toan Thang","commune_full_name":"Xã Toàn Thắng","commune_full_name_en":"Toan Thang Commune","commune_slug":"toan_thang","unit_type":"Xã","unit_type_en":"Commune","admin_level":2,"province_code":"25","province_name":"Phú Thọ","province_full_name":"Tỉnh Phú Thọ","province_slug":"phu_tho","join_key":"05191","status":"active","dataset_effective_date":"2026-04-30","catalog_version":"2026-07-12","geometry_status":"not_embedded_boundary_available_by_url","boundary_source_url":"https://raw.githubusercontent.com/thanglequoc/vietnamese-provinces-database/master/json/geojson/25_phu_tho/wards/05191_toan_thang.geojson","boundary_source_page":"https://github.com/thanglequoc/vietnamese-provinces-database/blob/master/json/geojson/25_phu_tho/wards/05191_toan_thang.geojson","source_catalog":"https://github.com/thanglequoc/vietnamese-provinces-database"},"geometry":null},{"type":"Feature","id":"05200","properties":{"commune_code":"05200","commune_name":"Mai Châu","commune_name_en":"Mai Chau","commune_full_name":"Xã Mai Châu","commune_full_name_en":"Mai Chau Commune","commune_slug":"mai_chau","unit_type":"Xã","unit_type_en":"Commune","admin_level":2,"province_code":"25","province_name":"Phú Thọ","province_full_name":"Tỉnh Phú Thọ","province_slug":"phu_tho","join_key":"05200","status":"active","dataset_effective_date":"2026-04-30","catalog_version":"2026-07-12","geometry_status":"not_embedded_boundary_available_by_url","boundary_source_url":"https://raw.githubusercontent.com/thanglequoc/vietnamese-provinces-database/master/json/geojson/25_phu_tho/wards/05200_mai_chau.geojson","boundary_source_page":"https://github.com/thanglequoc/vietnamese-provinces-database/blob/master/json/geojson/25_phu_tho/wards/05200_mai_chau.geojson","source_catalog":"https://github.com/thanglequoc/vietnamese-provinces-database"},"geometry":null},{"type":"Feature","id":"05206","properties":{"commune_code":"05206","commune_name":"Tân Mai","commune_name_en":"Tan Mai","commune_full_name":"Xã Tân Mai","commune_full_name_en":"Tan Mai Commune","commune_slug":"tan_mai","unit_type":"Xã","unit_type_en":"Commune","admin_level":2,"province_code":"25","province_name":"Phú Thọ","province_full_name":"Tỉnh Phú Thọ","province_slug":"phu_tho","join_key":"05206","status":"active","dataset_effective_date":"2026-04-30","catalog_version":"2026-07-12","geometry_status":"not_embedded_boundary_available_by_url","boundary_source_url":"https://raw.githubusercontent.com/thanglequoc/vietnamese-provinces-database/master/json/geojson/25_phu_tho/wards/05206_tan_mai.geojson","boundary_source_page":"https://github.com/thanglequoc/vietnamese-provinces-database/blob/master/json/geojson/25_phu_tho/wards/05206_tan_mai.geojson","source_catalog":"https://github.com/thanglequoc/vietnamese-provinces-database"},"geometry":null},{"type":"Feature","id":"05212","properties":{"commune_code":"05212","commune_name":"Pà Cò","commune_name_en":"Pa Co","commune_full_name":"Xã Pà Cò","commune_full_name_en":"Pa Co Commune","commune_slug":"pa_co","unit_type":"Xã","unit_type_en":"Commune","admin_level":2,"province_code":"25","province_name":"Phú Thọ","province_full_name":"Tỉnh Phú Thọ","province_slug":"phu_tho","join_key":"05212","status":"active","dataset_effective_date":"2026-04-30","catalog_version":"2026-07-12","geometry_status":"not_embedded_boundary_available_by_url","boundary_source_url":"https://raw.githubusercontent.com/thanglequoc/vietnamese-provinces-database/master/json/geojson/25_phu_tho/wards/05212_pa_co.geojson","boundary_source_page":"https://github.com/thanglequoc/vietnamese-provinces-database/blob/master/json/geojson/25_phu_tho/wards/05212_pa_co.geojson","source_catalog":"https://github.com/thanglequoc/vietnamese-provinces-database"},"geometry":null},{"type":"Feature","id":"05245","properties":{"commune_code":"05245","commune_name":"Bao La","commune_name_en":"Bao La","commune_full_name":"Xã Bao La","commune_full_name_en":"Bao La Commune","commune_slug":"bao_la","unit_type":"Xã","unit_type_en":"Commune","admin_level":2,"province_code":"25","province_name":"Phú Thọ","province_full_name":"Tỉnh Phú Thọ","province_slug":"phu_tho","join_key":"05245","status":"active","dataset_effective_date":"2026-04-30","catalog_version":"2026-07-12","geometry_status":"not_embedded_boundary_available_by_url","boundary_source_url":"https://raw.githubusercontent.com/thanglequoc/vietnamese-provinces-database/master/json/geojson/25_phu_tho/wards/05245_bao_la.geojson","boundary_source_page":"https://github.com/thanglequoc/vietnamese-provinces-database/blob/master/json/geojson/25_phu_tho/wards/05245_bao_la.geojson","source_catalog":"https://github.com/thanglequoc/vietnamese-provinces-database"},"geometry":null},{"type":"Feature","id":"05251","properties":{"commune_code":"05251","commune_name":"Mai Hạ","commune_name_en":"Mai Ha","commune_full_name":"Xã Mai Hạ","commune_full_name_en":"Mai Ha Commune","commune_slug":"mai_ha","unit_type":"Xã","unit_type_en":"Commune","admin_level":2,"province_code":"25","province_name":"Phú Thọ","province_full_name":"Tỉnh Phú Thọ","province_slug":"phu_tho","join_key":"05251","status":"active","dataset_effective_date":"2026-04-30","catalog_version":"2026-07-12","geometry_status":"not_embedded_boundary_available_by_url","boundary_source_url":"https://raw.githubusercontent.com/thanglequoc/vietnamese-provinces-database/master/json/geojson/25_phu_tho/wards/05251_mai_ha.geojson","boundary_source_page":"https://github.com/thanglequoc/vietnamese-provinces-database/blob/master/json/geojson/25_phu_tho/wards/05251_mai_ha.geojson","source_catalog":"https://github.com/thanglequoc/vietnamese-provinces-database"},"geometry":null},{"type":"Feature","id":"05266","properties":{"commune_code":"05266","commune_name":"Lạc Sơn","commune_name_en":"Lac Son","commune_full_name":"Xã Lạc Sơn","commune_full_name_en":"Lac Son Commune","commune_slug":"lac_son","unit_type":"Xã","unit_type_en":"Commune","admin_level":2,"province_code":"25","province_name":"Phú Thọ","province_full_name":"Tỉnh Phú Thọ","province_slug":"phu_tho","join_key":"05266","status":"active","dataset_effective_date":"2026-04-30","catalog_version":"2026-07-12","geometry_status":"not_embedded_boundary_available_by_url","boundary_source_url":"https://raw.githubusercontent.com/thanglequoc/vietnamese-provinces-database/master/json/geojson/25_phu_tho/wards/05266_lac_son.geojson","boundary_source_page":"https://github.com/thanglequoc/vietnamese-provinces-database/blob/master/json/geojson/25_phu_tho/wards/05266_lac_son.geojson","source_catalog":"https://github.com/thanglequoc/vietnamese-provinces-database"},"geometry":null},{"type":"Feature","id":"05287","properties":{"commune_code":"05287","commune_name":"Mường Vang","commune_name_en":"Muong Vang","commune_full_name":"Xã Mường Vang","commune_full_name_en":"Muong Vang Commune","commune_slug":"muong_vang","unit_type":"Xã","unit_type_en":"Commune","admin_level":2,"province_code":"25","province_name":"Phú Thọ","province_full_name":"Tỉnh Phú Thọ","province_slug":"phu_tho","join_key":"05287","status":"active","dataset_effective_date":"2026-04-30","catalog_version":"2026-07-12","geometry_status":"not_embedded_boundary_available_by_url","boundary_source_url":"https://raw.githubusercontent.com/thanglequoc/vietnamese-provinces-database/master/json/geojson/25_phu_tho/wards/05287_muong_vang.geojson","boundary_source_page":"https://github.com/thanglequoc/vietnamese-provinces-database/blob/master/json/geojson/25_phu_tho/wards/05287_muong_vang.geojson","source_catalog":"https://github.com/thanglequoc/vietnamese-provinces-database"},"geometry":null},{"type":"Feature","id":"05290","properties":{"commune_code":"05290","commune_name":"Nhân Nghĩa","commune_name_en":"Nhan Nghia","commune_full_name":"Xã Nhân Nghĩa","commune_full_name_en":"Nhan Nghia Commune","commune_slug":"nhan_nghia","unit_type":"Xã","unit_type_en":"Commune","admin_level":2,"province_code":"25","province_name":"Phú Thọ","province_full_name":"Tỉnh Phú Thọ","province_slug":"phu_tho","join_key":"05290","status":"active","dataset_effective_date":"2026-04-30","catalog_version":"2026-07-12","geometry_status":"not_embedded_boundary_available_by_url","boundary_source_url":"https://raw.githubusercontent.com/thanglequoc/vietnamese-provinces-database/master/json/geojson/25_phu_tho/wards/05290_nhan_nghia.geojson","boundary_source_page":"https://github.com/thanglequoc/vietnamese-provinces-database/blob/master/json/geojson/25_phu_tho/wards/05290_nhan_nghia.geojson","source_catalog":"https://github.com/thanglequoc/vietnamese-provinces-database"},"geometry":null},{"type":"Feature","id":"05293","properties":{"commune_code":"05293","commune_name":"Thượng Cốc","commune_name_en":"Thuong Coc","commune_full_name":"Xã Thượng Cốc","commune_full_name_en":"Thuong Coc Commune","commune_slug":"thuong_coc","unit_type":"Xã","unit_type_en":"Commune","admin_level":2,"province_code":"25","province_name":"Phú Thọ","province_full_name":"Tỉnh Phú Thọ","province_slug":"phu_tho","join_key":"05293","status":"active","dataset_effective_date":"2026-04-30","catalog_version":"2026-07-12","geometry_status":"not_embedded_boundary_available_by_url","boundary_source_url":"https://raw.githubusercontent.com/thanglequoc/vietnamese-provinces-database/master/json/geojson/25_phu_tho/wards/05293_thuong_coc.geojson","boundary_source_page":"https://github.com/thanglequoc/vietnamese-provinces-database/blob/master/json/geojson/25_phu_tho/wards/05293_thuong_coc.geojson","source_catalog":"https://github.com/thanglequoc/vietnamese-provinces-database"},"geometry":null},{"type":"Feature","id":"05305","properties":{"commune_code":"05305","commune_name":"Yên Phú","commune_name_en":"Yen Phu","commune_full_name":"Xã Yên Phú","commune_full_name_en":"Yen Phu Commune","commune_slug":"yen_phu","unit_type":"Xã","unit_type_en":"Commune","admin_level":2,"province_code":"25","province_name":"Phú Thọ","province_full_name":"Tỉnh Phú Thọ","province_slug":"phu_tho","join_key":"05305","status":"active","dataset_effective_date":"2026-04-30","catalog_version":"2026-07-12","geometry_status":"not_embedded_boundary_available_by_url","boundary_source_url":"https://raw.githubusercontent.com/thanglequoc/vietnamese-provinces-database/master/json/geojson/25_phu_tho/wards/05305_yen_phu.geojson","boundary_source_page":"https://github.com/thanglequoc/vietnamese-provinces-database/blob/master/json/geojson/25_phu_tho/wards/05305_yen_phu.geojson","source_catalog":"https://github.com/thanglequoc/vietnamese-provinces-database"},"geometry":null},{"type":"Feature","id":"05323","properties":{"commune_code":"05323","commune_name":"Quyết Thắng","commune_name_en":"Quyet Thang","commune_full_name":"Xã Quyết Thắng","commune_full_name_en":"Quyet Thang Commune","commune_slug":"quyet_thang","unit_type":"Xã","unit_type_en":"Commune","admin_level":2,"province_code":"25","province_name":"Phú Thọ","province_full_name":"Tỉnh Phú Thọ","province_slug":"phu_tho","join_key":"05323","status":"active","dataset_effective_date":"2026-04-30","catalog_version":"2026-07-12","geometry_status":"not_embedded_boundary_available_by_url","boundary_source_url":"https://raw.githubusercontent.com/thanglequoc/vietnamese-provinces-database/master/json/geojson/25_phu_tho/wards/05323_quyet_thang.geojson","boundary_source_page":"https://github.com/thanglequoc/vietnamese-provinces-database/blob/master/json/geojson/25_phu_tho/wards/05323_quyet_thang.geojson","source_catalog":"https://github.com/thanglequoc/vietnamese-provinces-database"},"geometry":null},{"type":"Feature","id":"05329","properties":{"commune_code":"05329","commune_name":"Ngọc Sơn","commune_name_en":"Ngoc Son","commune_full_name":"Xã Ngọc Sơn","commune_full_name_en":"Ngoc Son Commune","commune_slug":"ngoc_son","unit_type":"Xã","unit_type_en":"Commune","admin_level":2,"province_code":"25","province_name":"Phú Thọ","province_full_name":"Tỉnh Phú Thọ","province_slug":"phu_tho","join_key":"05329","status":"active","dataset_effective_date":"2026-04-30","catalog_version":"2026-07-12","geometry_status":"not_embedded_boundary_available_by_url","boundary_source_url":"https://raw.githubusercontent.com/thanglequoc/vietnamese-provinces-database/master/json/geojson/25_phu_tho/wards/05329_ngoc_son.geojson","boundary_source_page":"https://github.com/thanglequoc/vietnamese-provinces-database/blob/master/json/geojson/25_phu_tho/wards/05329_ngoc_son.geojson","source_catalog":"https://github.com/thanglequoc/vietnamese-provinces-database"},"geometry":null},{"type":"Feature","id":"05347","properties":{"commune_code":"05347","commune_name":"Đại Đồng","commune_name_en":"Dai Dong","commune_full_name":"Xã Đại Đồng","commune_full_name_en":"Dai Dong Commune","commune_slug":"dai_dong","unit_type":"Xã","unit_type_en":"Commune","admin_level":2,"province_code":"25","province_name":"Phú Thọ","province_full_name":"Tỉnh Phú Thọ","province_slug":"phu_tho","join_key":"05347","status":"active","dataset_effective_date":"2026-04-30","catalog_version":"2026-07-12","geometry_status":"not_embedded_boundary_available_by_url","boundary_source_url":"https://raw.githubusercontent.com/thanglequoc/vietnamese-provinces-database/master/json/geojson/25_phu_tho/wards/05347_dai_dong.geojson","boundary_source_page":"https://github.com/thanglequoc/vietnamese-provinces-database/blob/master/json/geojson/25_phu_tho/wards/05347_dai_dong.geojson","source_catalog":"https://github.com/thanglequoc/vietnamese-provinces-database"},"geometry":null},{"type":"Feature","id":"05353","properties":{"commune_code":"05353","commune_name":"Yên Thuỷ","commune_name_en":"Yen Thuy","commune_full_name":"Xã Yên Thuỷ","commune_full_name_en":"Yen Thuy Commune","commune_slug":"yen_thuy","unit_type":"Xã","unit_type_en":"Commune","admin_level":2,"province_code":"25","province_name":"Phú Thọ","province_full_name":"Tỉnh Phú Thọ","province_slug":"phu_tho","join_key":"05353","status":"active","dataset_effective_date":"2026-04-30","catalog_version":"2026-07-12","geometry_status":"not_embedded_boundary_available_by_url","boundary_source_url":"https://raw.githubusercontent.com/thanglequoc/vietnamese-provinces-database/master/json/geojson/25_phu_tho/wards/05353_yen_thuy.geojson","boundary_source_page":"https://github.com/thanglequoc/vietnamese-provinces-database/blob/master/json/geojson/25_phu_tho/wards/05353_yen_thuy.geojson","source_catalog":"https://github.com/thanglequoc/vietnamese-provinces-database"},"geometry":null},{"type":"Feature","id":"05362","properties":{"commune_code":"05362","commune_name":"Lạc Lương","commune_name_en":"Lac Luong","commune_full_name":"Xã Lạc Lương","commune_full_name_en":"Lac Luong Commune","commune_slug":"lac_luong","unit_type":"Xã","unit_type_en":"Commune","admin_level":2,"province_code":"25","province_name":"Phú Thọ","province_full_name":"Tỉnh Phú Thọ","province_slug":"phu_tho","join_key":"05362","status":"active","dataset_effective_date":"2026-04-30","catalog_version":"2026-07-12","geometry_status":"not_embedded_boundary_available_by_url","boundary_source_url":"https://raw.githubusercontent.com/thanglequoc/vietnamese-provinces-database/master/json/geojson/25_phu_tho/wards/05362_lac_luong.geojson","boundary_source_page":"https://github.com/thanglequoc/vietnamese-provinces-database/blob/master/json/geojson/25_phu_tho/wards/05362_lac_luong.geojson","source_catalog":"https://github.com/thanglequoc/vietnamese-provinces-database"},"geometry":null},{"type":"Feature","id":"05386","properties":{"commune_code":"05386","commune_name":"Yên Trị","commune_name_en":"Yen Tri","commune_full_name":"Xã Yên Trị","commune_full_name_en":"Yen Tri Commune","commune_slug":"yen_tri","unit_type":"Xã","unit_type_en":"Commune","admin_level":2,"province_code":"25","province_name":"Phú Thọ","province_full_name":"Tỉnh Phú Thọ","province_slug":"phu_tho","join_key":"05386","status":"active","dataset_effective_date":"2026-04-30","catalog_version":"2026-07-12","geometry_status":"not_embedded_boundary_available_by_url","boundary_source_url":"https://raw.githubusercontent.com/thanglequoc/vietnamese-provinces-database/master/json/geojson/25_phu_tho/wards/05386_yen_tri.geojson","boundary_source_page":"https://github.com/thanglequoc/vietnamese-provinces-database/blob/master/json/geojson/25_phu_tho/wards/05386_yen_tri.geojson","source_catalog":"https://github.com/thanglequoc/vietnamese-provinces-database"},"geometry":null},{"type":"Feature","id":"05392","properties":{"commune_code":"05392","commune_name":"Lạc Thuỷ","commune_name_en":"Lac Thuy","commune_full_name":"Xã Lạc Thuỷ","commune_full_name_en":"Lac Thuy Commune","commune_slug":"lac_thuy","unit_type":"Xã","unit_type_en":"Commune","admin_level":2,"province_code":"25","province_name":"Phú Thọ","province_full_name":"Tỉnh Phú Thọ","province_slug":"phu_tho","join_key":"05392","status":"active","dataset_effective_date":"2026-04-30","catalog_version":"2026-07-12","geometry_status":"not_embedded_boundary_available_by_url","boundary_source_url":"https://raw.githubusercontent.com/thanglequoc/vietnamese-provinces-database/master/json/geojson/25_phu_tho/wards/05392_lac_thuy.geojson","boundary_source_page":"https://github.com/thanglequoc/vietnamese-provinces-database/blob/master/json/geojson/25_phu_tho/wards/05392_lac_thuy.geojson","source_catalog":"https://github.com/thanglequoc/vietnamese-provinces-database"},"geometry":null},{"type":"Feature","id":"05395","properties":{"commune_code":"05395","commune_name":"An Nghĩa","commune_name_en":"An Nghia","commune_full_name":"Xã An Nghĩa","commune_full_name_en":"An Nghia Commune","commune_slug":"an_nghia","unit_type":"Xã","unit_type_en":"Commune","admin_level":2,"province_code":"25","province_name":"Phú Thọ","province_full_name":"Tỉnh Phú Thọ","province_slug":"phu_tho","join_key":"05395","status":"active","dataset_effective_date":"2026-04-30","catalog_version":"2026-07-12","geometry_status":"not_embedded_boundary_available_by_url","boundary_source_url":"https://raw.githubusercontent.com/thanglequoc/vietnamese-provinces-database/master/json/geojson/25_phu_tho/wards/05395_an_nghia.geojson","boundary_source_page":"https://github.com/thanglequoc/vietnamese-provinces-database/blob/master/json/geojson/25_phu_tho/wards/05395_an_nghia.geojson","source_catalog":"https://github.com/thanglequoc/vietnamese-provinces-database"},"geometry":null},{"type":"Feature","id":"05425","properties":{"commune_code":"05425","commune_name":"An Bình","commune_name_en":"An Binh","commune_full_name":"Xã An Bình","commune_full_name_en":"An Binh Commune","commune_slug":"an_binh","unit_type":"Xã","unit_type_en":"Commune","admin_level":2,"province_code":"25","province_name":"Phú Thọ","province_full_name":"Tỉnh Phú Thọ","province_slug":"phu_tho","join_key":"05425","status":"active","dataset_effective_date":"2026-04-30","catalog_version":"2026-07-12","geometry_status":"not_embedded_boundary_available_by_url","boundary_source_url":"https://raw.githubusercontent.com/thanglequoc/vietnamese-provinces-database/master/json/geojson/25_phu_tho/wards/05425_an_binh.geojson","boundary_source_page":"https://github.com/thanglequoc/vietnamese-provinces-database/blob/master/json/geojson/25_phu_tho/wards/05425_an_binh.geojson","source_catalog":"https://github.com/thanglequoc/vietnamese-provinces-database"},"geometry":null},{"type":"Feature","id":"07894","properties":{"commune_code":"07894","commune_name":"Nông Trang","commune_name_en":"Nong Trang","commune_full_name":"Phường Nông Trang","commune_full_name_en":"Nong Trang Ward","commune_slug":"nong_trang","unit_type":"Phường","unit_type_en":"Ward","admin_level":2,"province_code":"25","province_name":"Phú Thọ","province_full_name":"Tỉnh Phú Thọ","province_slug":"phu_tho","join_key":"07894","status":"active","dataset_effective_date":"2026-04-30","catalog_version":"2026-07-12","geometry_status":"not_embedded_boundary_available_by_url","boundary_source_url":"https://raw.githubusercontent.com/thanglequoc/vietnamese-provinces-database/master/json/geojson/25_phu_tho/wards/07894_nong_trang.geojson","boundary_source_page":"https://github.com/thanglequoc/vietnamese-provinces-database/blob/master/json/geojson/25_phu_tho/wards/07894_nong_trang.geojson","source_catalog":"https://github.com/thanglequoc/vietnamese-provinces-database"},"geometry":null},{"type":"Feature","id":"07900","properties":{"commune_code":"07900","commune_name":"Việt Trì","commune_name_en":"Viet Tri","commune_full_name":"Phường Việt Trì","commune_full_name_en":"Viet Tri Ward","commune_slug":"viet_tri","unit_type":"Phường","unit_type_en":"Ward","admin_level":2,"province_code":"25","province_name":"Phú Thọ","province_full_name":"Tỉnh Phú Thọ","province_slug":"phu_tho","join_key":"07900","status":"active","dataset_effective_date":"2026-04-30","catalog_version":"2026-07-12","geometry_status":"not_embedded_boundary_available_by_url","boundary_source_url":"https://raw.githubusercontent.com/thanglequoc/vietnamese-provinces-database/master/json/geojson/25_phu_tho/wards/07900_viet_tri.geojson","boundary_source_page":"https://github.com/thanglequoc/vietnamese-provinces-database/blob/master/json/geojson/25_phu_tho/wards/07900_viet_tri.geojson","source_catalog":"https://github.com/thanglequoc/vietnamese-provinces-database"},"geometry":null},{"type":"Feature","id":"07909","properties":{"commune_code":"07909","commune_name":"Thanh Miếu","commune_name_en":"Thanh Mieu","commune_full_name":"Phường Thanh Miếu","commune_full_name_en":"Thanh Mieu Ward","commune_slug":"thanh_mieu","unit_type":"Phường","unit_type_en":"Ward","admin_level":2,"province_code":"25","province_name":"Phú Thọ","province_full_name":"Tỉnh Phú Thọ","province_slug":"phu_tho","join_key":"07909","status":"active","dataset_effective_date":"2026-04-30","catalog_version":"2026-07-12","geometry_status":"not_embedded_boundary_available_by_url","boundary_source_url":"https://raw.githubusercontent.com/thanglequoc/vietnamese-provinces-database/master/json/geojson/25_phu_tho/wards/07909_thanh_mieu.geojson","boundary_source_page":"https://github.com/thanglequoc/vietnamese-provinces-database/blob/master/json/geojson/25_phu_tho/wards/07909_thanh_mieu.geojson","source_catalog":"https://github.com/thanglequoc/vietnamese-provinces-database"},"geometry":null},{"type":"Feature","id":"07918","properties":{"commune_code":"07918","commune_name":"Vân Phú","commune_name_en":"Van Phu","commune_full_name":"Phường Vân Phú","commune_full_name_en":"Van Phu Ward","commune_slug":"van_phu","unit_type":"Phường","unit_type_en":"Ward","admin_level":2,"province_code":"25","province_name":"Phú Thọ","province_full_name":"Tỉnh Phú Thọ","province_slug":"phu_tho","join_key":"07918","status":"active","dataset_effective_date":"2026-04-30","catalog_version":"2026-07-12","geometry_status":"not_embedded_boundary_available_by_url","boundary_source_url":"https://raw.githubusercontent.com/thanglequoc/vietnamese-provinces-database/master/json/geojson/25_phu_tho/wards/07918_van_phu.geojson","boundary_source_page":"https://github.com/thanglequoc/vietnamese-provinces-database/blob/master/json/geojson/25_phu_tho/wards/07918_van_phu.geojson","source_catalog":"https://github.com/thanglequoc/vietnamese-provinces-database"},"geometry":null},{"type":"Feature","id":"07942","properties":{"commune_code":"07942","commune_name":"Phú Thọ","commune_name_en":"Phu Tho","commune_full_name":"Phường Phú Thọ","commune_full_name_en":"Phu Tho Ward","commune_slug":"phu_tho","unit_type":"Phường","unit_type_en":"Ward","admin_level":2,"province_code":"25","province_name":"Phú Thọ","province_full_name":"Tỉnh Phú Thọ","province_slug":"phu_tho","join_key":"07942","status":"active","dataset_effective_date":"2026-04-30","catalog_version":"2026-07-12","geometry_status":"not_embedded_boundary_available_by_url","boundary_source_url":"https://raw.githubusercontent.com/thanglequoc/vietnamese-provinces-database/master/json/geojson/25_phu_tho/wards/07942_phu_tho.geojson","boundary_source_page":"https://github.com/thanglequoc/vietnamese-provinces-database/blob/master/json/geojson/25_phu_tho/wards/07942_phu_tho.geojson","source_catalog":"https://github.com/thanglequoc/vietnamese-provinces-database"},"geometry":null},{"type":"Feature","id":"07948","properties":{"commune_code":"07948","commune_name":"Âu Cơ","commune_name_en":"Au Co","commune_full_name":"Phường Âu Cơ","commune_full_name_en":"Au Co Ward","commune_slug":"au_co","unit_type":"Phường","unit_type_en":"Ward","admin_level":2,"province_code":"25","province_name":"Phú Thọ","province_full_name":"Tỉnh Phú Thọ","province_slug":"phu_tho","join_key":"07948","status":"active","dataset_effective_date":"2026-04-30","catalog_version":"2026-07-12","geometry_status":"not_embedded_boundary_available_by_url","boundary_source_url":"https://raw.githubusercontent.com/thanglequoc/vietnamese-provinces-database/master/json/geojson/25_phu_tho/wards/07948_au_co.geojson","boundary_source_page":"https://github.com/thanglequoc/vietnamese-provinces-database/blob/master/json/geojson/25_phu_tho/wards/07948_au_co.geojson","source_catalog":"https://github.com/thanglequoc/vietnamese-provinces-database"},"geometry":null},{"type":"Feature","id":"07954","properties":{"commune_code":"07954","commune_name":"Phong Châu","commune_name_en":"Phong Chau","commune_full_name":"Phường Phong Châu","commune_full_name_en":"Phong Chau Ward","commune_slug":"phong_chau","unit_type":"Phường","unit_type_en":"Ward","admin_level":2,"province_code":"25","province_name":"Phú Thọ","province_full_name":"Tỉnh Phú Thọ","province_slug":"phu_tho","join_key":"07954","status":"active","dataset_effective_date":"2026-04-30","catalog_version":"2026-07-12","geometry_status":"not_embedded_boundary_available_by_url","boundary_source_url":"https://raw.githubusercontent.com/thanglequoc/vietnamese-provinces-database/master/json/geojson/25_phu_tho/wards/07954_phong_chau.geojson","boundary_source_page":"https://github.com/thanglequoc/vietnamese-provinces-database/blob/master/json/geojson/25_phu_tho/wards/07954_phong_chau.geojson","source_catalog":"https://github.com/thanglequoc/vietnamese-provinces-database"},"geometry":null},{"type":"Feature","id":"07969","properties":{"commune_code":"07969","commune_name":"Đoan Hùng","commune_name_en":"Doan Hung","commune_full_name":"Xã Đoan Hùng","commune_full_name_en":"Doan Hung Commune","commune_slug":"doan_hung","unit_type":"Xã","unit_type_en":"Commune","admin_level":2,"province_code":"25","province_name":"Phú Thọ","province_full_name":"Tỉnh Phú Thọ","province_slug":"phu_tho","join_key":"07969","status":"active","dataset_effective_date":"2026-04-30","catalog_version":"2026-07-12","geometry_status":"not_embedded_boundary_available_by_url","boundary_source_url":"https://raw.githubusercontent.com/thanglequoc/vietnamese-provinces-database/master/json/geojson/25_phu_tho/wards/07969_doan_hung.geojson","boundary_source_page":"https://github.com/thanglequoc/vietnamese-provinces-database/blob/master/json/geojson/25_phu_tho/wards/07969_doan_hung.geojson","source_catalog":"https://github.com/thanglequoc/vietnamese-provinces-database"},"geometry":null},{"type":"Feature","id":"07996","properties":{"commune_code":"07996","commune_name":"Bằng Luân","commune_name_en":"Bang Luan","commune_full_name":"Xã Bằng Luân","commune_full_name_en":"Bang Luan Commune","commune_slug":"bang_luan","unit_type":"Xã","unit_type_en":"Commune","admin_level":2,"province_code":"25","province_name":"Phú Thọ","province_full_name":"Tỉnh Phú Thọ","province_slug":"phu_tho","join_key":"07996","status":"active","dataset_effective_date":"2026-04-30","catalog_version":"2026-07-12","geometry_status":"not_embedded_boundary_available_by_url","boundary_source_url":"https://raw.githubusercontent.com/thanglequoc/vietnamese-provinces-database/master/json/geojson/25_phu_tho/wards/07996_bang_luan.geojson","boundary_source_page":"https://github.com/thanglequoc/vietnamese-provinces-database/blob/master/json/geojson/25_phu_tho/wards/07996_bang_luan.geojson","source_catalog":"https://github.com/thanglequoc/vietnamese-provinces-database"},"geometry":null},{"type":"Feature","id":"07999","properties":{"commune_code":"07999","commune_name":"Chí Đám","commune_name_en":"Chi Dam","commune_full_name":"Xã Chí Đám","commune_full_name_en":"Chi Dam Commune","commune_slug":"chi_dam","unit_type":"Xã","unit_type_en":"Commune","admin_level":2,"province_code":"25","province_name":"Phú Thọ","province_full_name":"Tỉnh Phú Thọ","province_slug":"phu_tho","join_key":"07999","status":"active","dataset_effective_date":"2026-04-30","catalog_version":"2026-07-12","geometry_status":"not_embedded_boundary_available_by_url","boundary_source_url":"https://raw.githubusercontent.com/thanglequoc/vietnamese-provinces-database/master/json/geojson/25_phu_tho/wards/07999_chi_dam.geojson","boundary_source_page":"https://github.com/thanglequoc/vietnamese-provinces-database/blob/master/json/geojson/25_phu_tho/wards/07999_chi_dam.geojson","source_catalog":"https://github.com/thanglequoc/vietnamese-provinces-database"},"geometry":null},{"type":"Feature","id":"08023","properties":{"commune_code":"08023","commune_name":"Tây Cốc","commune_name_en":"Tay Coc","commune_full_name":"Xã Tây Cốc","commune_full_name_en":"Tay Coc Commune","commune_slug":"tay_coc","unit_type":"Xã","unit_type_en":"Commune","admin_level":2,"province_code":"25","province_name":"Phú Thọ","province_full_name":"Tỉnh Phú Thọ","province_slug":"phu_tho","join_key":"08023","status":"active","dataset_effective_date":"2026-04-30","catalog_version":"2026-07-12","geometry_status":"not_embedded_boundary_available_by_url","boundary_source_url":"https://raw.githubusercontent.com/thanglequoc/vietnamese-provinces-database/master/json/geojson/25_phu_tho/wards/08023_tay_coc.geojson","boundary_source_page":"https://github.com/thanglequoc/vietnamese-provinces-database/blob/master/json/geojson/25_phu_tho/wards/08023_tay_coc.geojson","source_catalog":"https://github.com/thanglequoc/vietnamese-provinces-database"},"geometry":null},{"type":"Feature","id":"08038","properties":{"commune_code":"08038","commune_name":"Chân Mộng","commune_name_en":"Chan Mong","commune_full_name":"Xã Chân Mộng","commune_full_name_en":"Chan Mong Commune","commune_slug":"chan_mong","unit_type":"Xã","unit_type_en":"Commune","admin_level":2,"province_code":"25","province_name":"Phú Thọ","province_full_name":"Tỉnh Phú Thọ","province_slug":"phu_tho","join_key":"08038","status":"active","dataset_effective_date":"2026-04-30","catalog_version":"2026-07-12","geometry_status":"not_embedded_boundary_available_by_url","boundary_source_url":"https://raw.githubusercontent.com/thanglequoc/vietnamese-provinces-database/master/json/geojson/25_phu_tho/wards/08038_chan_mong.geojson","boundary_source_page":"https://github.com/thanglequoc/vietnamese-provinces-database/blob/master/json/geojson/25_phu_tho/wards/08038_chan_mong.geojson","source_catalog":"https://github.com/thanglequoc/vietnamese-provinces-database"},"geometry":null},{"type":"Feature","id":"08053","properties":{"commune_code":"08053","commune_name":"Hạ Hoà","commune_name_en":"Ha Hoa","commune_full_name":"Xã Hạ Hoà","commune_full_name_en":"Ha Hoa Commune","commune_slug":"ha_hoa","unit_type":"Xã","unit_type_en":"Commune","admin_level":2,"province_code":"25","province_name":"Phú Thọ","province_full_name":"Tỉnh Phú Thọ","province_slug":"phu_tho","join_key":"08053","status":"active","dataset_effective_date":"2026-04-30","catalog_version":"2026-07-12","geometry_status":"not_embedded_boundary_available_by_url","boundary_source_url":"https://raw.githubusercontent.com/thanglequoc/vietnamese-provinces-database/master/json/geojson/25_phu_tho/wards/08053_ha_hoa.geojson","boundary_source_page":"https://github.com/thanglequoc/vietnamese-provinces-database/blob/master/json/geojson/25_phu_tho/wards/08053_ha_hoa.geojson","source_catalog":"https://github.com/thanglequoc/vietnamese-provinces-database"},"geometry":null},{"type":"Feature","id":"08071","properties":{"commune_code":"08071","commune_name":"Đan Thượng","commune_name_en":"Dan Thuong","commune_full_name":"Xã Đan Thượng","commune_full_name_en":"Dan Thuong Commune","commune_slug":"dan_thuong","unit_type":"Xã","unit_type_en":"Commune","admin_level":2,"province_code":"25","province_name":"Phú Thọ","province_full_name":"Tỉnh Phú Thọ","province_slug":"phu_tho","join_key":"08071","status":"active","dataset_effective_date":"2026-04-30","catalog_version":"2026-07-12","geometry_status":"not_embedded_boundary_available_by_url","boundary_source_url":"https://raw.githubusercontent.com/thanglequoc/vietnamese-provinces-database/master/json/geojson/25_phu_tho/wards/08071_dan_thuong.geojson","boundary_source_page":"https://github.com/thanglequoc/vietnamese-provinces-database/blob/master/json/geojson/25_phu_tho/wards/08071_dan_thuong.geojson","source_catalog":"https://github.com/thanglequoc/vietnamese-provinces-database"},"geometry":null},{"type":"Feature","id":"08110","properties":{"commune_code":"08110","commune_name":"Hiền Lương","commune_name_en":"Hien Luong","commune_full_name":"Xã Hiền Lương","commune_full_name_en":"Hien Luong Commune","commune_slug":"hien_luong","unit_type":"Xã","unit_type_en":"Commune","admin_level":2,"province_code":"25","province_name":"Phú Thọ","province_full_name":"Tỉnh Phú Thọ","province_slug":"phu_tho","join_key":"08110","status":"active","dataset_effective_date":"2026-04-30","catalog_version":"2026-07-12","geometry_status":"not_embedded_boundary_available_by_url","boundary_source_url":"https://raw.githubusercontent.com/thanglequoc/vietnamese-provinces-database/master/json/geojson/25_phu_tho/wards/08110_hien_luong.geojson","boundary_source_page":"https://github.com/thanglequoc/vietnamese-provinces-database/blob/master/json/geojson/25_phu_tho/wards/08110_hien_luong.geojson","source_catalog":"https://github.com/thanglequoc/vietnamese-provinces-database"},"geometry":null},{"type":"Feature","id":"08113","properties":{"commune_code":"08113","commune_name":"Yên Kỳ","commune_name_en":"Yen Ky","commune_full_name":"Xã Yên Kỳ","commune_full_name_en":"Yen Ky Commune","commune_slug":"yen_ky","unit_type":"Xã","unit_type_en":"Commune","admin_level":2,"province_code":"25","province_name":"Phú Thọ","province_full_name":"Tỉnh Phú Thọ","province_slug":"phu_tho","join_key":"08113","status":"active","dataset_effective_date":"2026-04-30","catalog_version":"2026-07-12","geometry_status":"not_embedded_boundary_available_by_url","boundary_source_url":"https://raw.githubusercontent.com/thanglequoc/vietnamese-provinces-database/master/json/geojson/25_phu_tho/wards/08113_yen_ky.geojson","boundary_source_page":"https://github.com/thanglequoc/vietnamese-provinces-database/blob/master/json/geojson/25_phu_tho/wards/08113_yen_ky.geojson","source_catalog":"https://github.com/thanglequoc/vietnamese-provinces-database"},"geometry":null},{"type":"Feature","id":"08134","properties":{"commune_code":"08134","commune_name":"Văn Lang","commune_name_en":"Van Lang","commune_full_name":"Xã Văn Lang","commune_full_name_en":"Van Lang Commune","commune_slug":"van_lang","unit_type":"Xã","unit_type_en":"Commune","admin_level":2,"province_code":"25","province_name":"Phú Thọ","province_full_name":"Tỉnh Phú Thọ","province_slug":"phu_tho","join_key":"08134","status":"active","dataset_effective_date":"2026-04-30","catalog_version":"2026-07-12","geometry_status":"not_embedded_boundary_available_by_url","boundary_source_url":"https://raw.githubusercontent.com/thanglequoc/vietnamese-provinces-database/master/json/geojson/25_phu_tho/wards/08134_van_lang.geojson","boundary_source_page":"https://github.com/thanglequoc/vietnamese-provinces-database/blob/master/json/geojson/25_phu_tho/wards/08134_van_lang.geojson","source_catalog":"https://github.com/thanglequoc/vietnamese-provinces-database"},"geometry":null},{"type":"Feature","id":"08143","properties":{"commune_code":"08143","commune_name":"Vĩnh Chân","commune_name_en":"Vinh Chan","commune_full_name":"Xã Vĩnh Chân","commune_full_name_en":"Vinh Chan Commune","commune_slug":"vinh_chan","unit_type":"Xã","unit_type_en":"Commune","admin_level":2,"province_code":"25","province_name":"Phú Thọ","province_full_name":"Tỉnh Phú Thọ","province_slug":"phu_tho","join_key":"08143","status":"active","dataset_effective_date":"2026-04-30","catalog_version":"2026-07-12","geometry_status":"not_embedded_boundary_available_by_url","boundary_source_url":"https://raw.githubusercontent.com/thanglequoc/vietnamese-provinces-database/master/json/geojson/25_phu_tho/wards/08143_vinh_chan.geojson","boundary_source_page":"https://github.com/thanglequoc/vietnamese-provinces-database/blob/master/json/geojson/25_phu_tho/wards/08143_vinh_chan.geojson","source_catalog":"https://github.com/thanglequoc/vietnamese-provinces-database"},"geometry":null},{"type":"Feature","id":"08152","properties":{"commune_code":"08152","commune_name":"Thanh Ba","commune_name_en":"Thanh Ba","commune_full_name":"Xã Thanh Ba","commune_full_name_en":"Thanh Ba Commune","commune_slug":"thanh_ba","unit_type":"Xã","unit_type_en":"Commune","admin_level":2,"province_code":"25","province_name":"Phú Thọ","province_full_name":"Tỉnh Phú Thọ","province_slug":"phu_tho","join_key":"08152","status":"active","dataset_effective_date":"2026-04-30","catalog_version":"2026-07-12","geometry_status":"not_embedded_boundary_available_by_url","boundary_source_url":"https://raw.githubusercontent.com/thanglequoc/vietnamese-provinces-database/master/json/geojson/25_phu_tho/wards/08152_thanh_ba.geojson","boundary_source_page":"https://github.com/thanglequoc/vietnamese-provinces-database/blob/master/json/geojson/25_phu_tho/wards/08152_thanh_ba.geojson","source_catalog":"https://github.com/thanglequoc/vietnamese-provinces-database"},"geometry":null},{"type":"Feature","id":"08173","properties":{"commune_code":"08173","commune_name":"Quảng Yên","commune_name_en":"Quang Yen","commune_full_name":"Xã Quảng Yên","commune_full_name_en":"Quang Yen Commune","commune_slug":"quang_yen","unit_type":"Xã","unit_type_en":"Commune","admin_level":2,"province_code":"25","province_name":"Phú Thọ","province_full_name":"Tỉnh Phú Thọ","province_slug":"phu_tho","join_key":"08173","status":"active","dataset_effective_date":"2026-04-30","catalog_version":"2026-07-12","geometry_status":"not_embedded_boundary_available_by_url","boundary_source_url":"https://raw.githubusercontent.com/thanglequoc/vietnamese-provinces-database/master/json/geojson/25_phu_tho/wards/08173_quang_yen.geojson","boundary_source_page":"https://github.com/thanglequoc/vietnamese-provinces-database/blob/master/json/geojson/25_phu_tho/wards/08173_quang_yen.geojson","source_catalog":"https://github.com/thanglequoc/vietnamese-provinces-database"},"geometry":null},{"type":"Feature","id":"08203","properties":{"commune_code":"08203","commune_name":"Hoàng Cương","commune_name_en":"Hoang Cuong","commune_full_name":"Xã Hoàng Cương","commune_full_name_en":"Hoang Cuong Commune","commune_slug":"hoang_cuong","unit_type":"Xã","unit_type_en":"Commune","admin_level":2,"province_code":"25","province_name":"Phú Thọ","province_full_name":"Tỉnh Phú Thọ","province_slug":"phu_tho","join_key":"08203","status":"active","dataset_effective_date":"2026-04-30","catalog_version":"2026-07-12","geometry_status":"not_embedded_boundary_available_by_url","boundary_source_url":"https://raw.githubusercontent.com/thanglequoc/vietnamese-provinces-database/master/json/geojson/25_phu_tho/wards/08203_hoang_cuong.geojson","boundary_source_page":"https://github.com/thanglequoc/vietnamese-provinces-database/blob/master/json/geojson/25_phu_tho/wards/08203_hoang_cuong.geojson","source_catalog":"https://github.com/thanglequoc/vietnamese-provinces-database"},"geometry":null},{"type":"Feature","id":"08209","properties":{"commune_code":"08209","commune_name":"Đông Thành","commune_name_en":"Dong Thanh","commune_full_name":"Xã Đông Thành","commune_full_name_en":"Dong Thanh Commune","commune_slug":"dong_thanh","unit_type":"Xã","unit_type_en":"Commune","admin_level":2,"province_code":"25","province_name":"Phú Thọ","province_full_name":"Tỉnh Phú Thọ","province_slug":"phu_tho","join_key":"08209","status":"active","dataset_effective_date":"2026-04-30","catalog_version":"2026-07-12","geometry_status":"not_embedded_boundary_available_by_url","boundary_source_url":"https://raw.githubusercontent.com/thanglequoc/vietnamese-provinces-database/master/json/geojson/25_phu_tho/wards/08209_dong_thanh.geojson","boundary_source_page":"https://github.com/thanglequoc/vietnamese-provinces-database/blob/master/json/geojson/25_phu_tho/wards/08209_dong_thanh.geojson","source_catalog":"https://github.com/thanglequoc/vietnamese-provinces-database"},"geometry":null},{"type":"Feature","id":"08218","properties":{"commune_code":"08218","commune_name":"Chí Tiên","commune_name_en":"Chi Tien","commune_full_name":"Xã Chí Tiên","commune_full_name_en":"Chi Tien Commune","commune_slug":"chi_tien","unit_type":"Xã","unit_type_en":"Commune","admin_level":2,"province_code":"25","province_name":"Phú Thọ","province_full_name":"Tỉnh Phú Thọ","province_slug":"phu_tho","join_key":"08218","status":"active","dataset_effective_date":"2026-04-30","catalog_version":"2026-07-12","geometry_status":"not_embedded_boundary_available_by_url","boundary_source_url":"https://raw.githubusercontent.com/thanglequoc/vietnamese-provinces-database/master/json/geojson/25_phu_tho/wards/08218_chi_tien.geojson","boundary_source_page":"https://github.com/thanglequoc/vietnamese-provinces-database/blob/master/json/geojson/25_phu_tho/wards/08218_chi_tien.geojson","source_catalog":"https://github.com/thanglequoc/vietnamese-provinces-database"},"geometry":null},{"type":"Feature","id":"08227","properties":{"commune_code":"08227","commune_name":"Liên Minh","commune_name_en":"Lien Minh","commune_full_name":"Xã Liên Minh","commune_full_name_en":"Lien Minh Commune","commune_slug":"lien_minh","unit_type":"Xã","unit_type_en":"Commune","admin_level":2,"province_code":"25","province_name":"Phú Thọ","province_full_name":"Tỉnh Phú Thọ","province_slug":"phu_tho","join_key":"08227","status":"active","dataset_effective_date":"2026-04-30","catalog_version":"2026-07-12","geometry_status":"not_embedded_boundary_available_by_url","boundary_source_url":"https://raw.githubusercontent.com/thanglequoc/vietnamese-provinces-database/master/json/geojson/25_phu_tho/wards/08227_lien_minh.geojson","boundary_source_page":"https://github.com/thanglequoc/vietnamese-provinces-database/blob/master/json/geojson/25_phu_tho/wards/08227_lien_minh.geojson","source_catalog":"https://github.com/thanglequoc/vietnamese-provinces-database"},"geometry":null},{"type":"Feature","id":"08230","properties":{"commune_code":"08230","commune_name":"Phù Ninh","commune_name_en":"Phu Ninh","commune_full_name":"Xã Phù Ninh","commune_full_name_en":"Phu Ninh Commune","commune_slug":"phu_ninh","unit_type":"Xã","unit_type_en":"Commune","admin_level":2,"province_code":"25","province_name":"Phú Thọ","province_full_name":"Tỉnh Phú Thọ","province_slug":"phu_tho","join_key":"08230","status":"active","dataset_effective_date":"2026-04-30","catalog_version":"2026-07-12","geometry_status":"not_embedded_boundary_available_by_url","boundary_source_url":"https://raw.githubusercontent.com/thanglequoc/vietnamese-provinces-database/master/json/geojson/25_phu_tho/wards/08230_phu_ninh.geojson","boundary_source_page":"https://github.com/thanglequoc/vietnamese-provinces-database/blob/master/json/geojson/25_phu_tho/wards/08230_phu_ninh.geojson","source_catalog":"https://github.com/thanglequoc/vietnamese-provinces-database"},"geometry":null},{"type":"Feature","id":"08236","properties":{"commune_code":"08236","commune_name":"Phú Mỹ","commune_name_en":"Phu My","commune_full_name":"Xã Phú Mỹ","commune_full_name_en":"Phu My Commune","commune_slug":"phu_my","unit_type":"Xã","unit_type_en":"Commune","admin_level":2,"province_code":"25","province_name":"Phú Thọ","province_full_name":"Tỉnh Phú Thọ","province_slug":"phu_tho","join_key":"08236","status":"active","dataset_effective_date":"2026-04-30","catalog_version":"2026-07-12","geometry_status":"not_embedded_boundary_available_by_url","boundary_source_url":"https://raw.githubusercontent.com/thanglequoc/vietnamese-provinces-database/master/json/geojson/25_phu_tho/wards/08236_phu_my.geojson","boundary_source_page":"https://github.com/thanglequoc/vietnamese-provinces-database/blob/master/json/geojson/25_phu_tho/wards/08236_phu_my.geojson","source_catalog":"https://github.com/thanglequoc/vietnamese-provinces-database"},"geometry":null},{"type":"Feature","id":"08245","properties":{"commune_code":"08245","commune_name":"Trạm Thản","commune_name_en":"Tram Than","commune_full_name":"Xã Trạm Thản","commune_full_name_en":"Tram Than Commune","commune_slug":"tram_than","unit_type":"Xã","unit_type_en":"Commune","admin_level":2,"province_code":"25","province_name":"Phú Thọ","province_full_name":"Tỉnh Phú Thọ","province_slug":"phu_tho","join_key":"08245","status":"active","dataset_effective_date":"2026-04-30","catalog_version":"2026-07-12","geometry_status":"not_embedded_boundary_available_by_url","boundary_source_url":"https://raw.githubusercontent.com/thanglequoc/vietnamese-provinces-database/master/json/geojson/25_phu_tho/wards/08245_tram_than.geojson","boundary_source_page":"https://github.com/thanglequoc/vietnamese-provinces-database/blob/master/json/geojson/25_phu_tho/wards/08245_tram_than.geojson","source_catalog":"https://github.com/thanglequoc/vietnamese-provinces-database"},"geometry":null},{"type":"Feature","id":"08254","properties":{"commune_code":"08254","commune_name":"Dân Chủ","commune_name_en":"Dan Chu","commune_full_name":"Xã Dân Chủ","commune_full_name_en":"Dan Chu Commune","commune_slug":"dan_chu","unit_type":"Xã","unit_type_en":"Commune","admin_level":2,"province_code":"25","province_name":"Phú Thọ","province_full_name":"Tỉnh Phú Thọ","province_slug":"phu_tho","join_key":"08254","status":"active","dataset_effective_date":"2026-04-30","catalog_version":"2026-07-12","geometry_status":"not_embedded_boundary_available_by_url","boundary_source_url":"https://raw.githubusercontent.com/thanglequoc/vietnamese-provinces-database/master/json/geojson/25_phu_tho/wards/08254_dan_chu.geojson","boundary_source_page":"https://github.com/thanglequoc/vietnamese-provinces-database/blob/master/json/geojson/25_phu_tho/wards/08254_dan_chu.geojson","source_catalog":"https://github.com/thanglequoc/vietnamese-provinces-database"},"geometry":null},{"type":"Feature","id":"08275","properties":{"commune_code":"08275","commune_name":"Bình Phú","commune_name_en":"Binh Phu","commune_full_name":"Xã Bình Phú","commune_full_name_en":"Binh Phu Commune","commune_slug":"binh_phu","unit_type":"Xã","unit_type_en":"Commune","admin_level":2,"province_code":"25","province_name":"Phú Thọ","province_full_name":"Tỉnh Phú Thọ","province_slug":"phu_tho","join_key":"08275","status":"active","dataset_effective_date":"2026-04-30","catalog_version":"2026-07-12","geometry_status":"not_embedded_boundary_available_by_url","boundary_source_url":"https://raw.githubusercontent.com/thanglequoc/vietnamese-provinces-database/master/json/geojson/25_phu_tho/wards/08275_binh_phu.geojson","boundary_source_page":"https://github.com/thanglequoc/vietnamese-provinces-database/blob/master/json/geojson/25_phu_tho/wards/08275_binh_phu.geojson","source_catalog":"https://github.com/thanglequoc/vietnamese-provinces-database"},"geometry":null},{"type":"Feature","id":"08290","properties":{"commune_code":"08290","commune_name":"Yên Lập","commune_name_en":"Yen Lap","commune_full_name":"Xã Yên Lập","commune_full_name_en":"Yen Lap Commune","commune_slug":"yen_lap","unit_type":"Xã","unit_type_en":"Commune","admin_level":2,"province_code":"25","province_name":"Phú Thọ","province_full_name":"Tỉnh Phú Thọ","province_slug":"phu_tho","join_key":"08290","status":"active","dataset_effective_date":"2026-04-30","catalog_version":"2026-07-12","geometry_status":"not_embedded_boundary_available_by_url","boundary_source_url":"https://raw.githubusercontent.com/thanglequoc/vietnamese-provinces-database/master/json/geojson/25_phu_tho/wards/08290_yen_lap.geojson","boundary_source_page":"https://github.com/thanglequoc/vietnamese-provinces-database/blob/master/json/geojson/25_phu_tho/wards/08290_yen_lap.geojson","source_catalog":"https://github.com/thanglequoc/vietnamese-provinces-database"},"geometry":null},{"type":"Feature","id":"08296","properties":{"commune_code":"08296","commune_name":"Sơn Lương","commune_name_en":"Son Luong","commune_full_name":"Xã Sơn Lương","commune_full_name_en":"Son Luong Commune","commune_slug":"son_luong","unit_type":"Xã","unit_type_en":"Commune","admin_level":2,"province_code":"25","province_name":"Phú Thọ","province_full_name":"Tỉnh Phú Thọ","province_slug":"phu_tho","join_key":"08296","status":"active","dataset_effective_date":"2026-04-30","catalog_version":"2026-07-12","geometry_status":"not_embedded_boundary_available_by_url","boundary_source_url":"https://raw.githubusercontent.com/thanglequoc/vietnamese-provinces-database/master/json/geojson/25_phu_tho/wards/08296_son_luong.geojson","boundary_source_page":"https://github.com/thanglequoc/vietnamese-provinces-database/blob/master/json/geojson/25_phu_tho/wards/08296_son_luong.geojson","source_catalog":"https://github.com/thanglequoc/vietnamese-provinces-database"},"geometry":null},{"type":"Feature","id":"08305","properties":{"commune_code":"08305","commune_name":"Xuân Viên","commune_name_en":"Xuan Vien","commune_full_name":"Xã Xuân Viên","commune_full_name_en":"Xuan Vien Commune","commune_slug":"xuan_vien","unit_type":"Xã","unit_type_en":"Commune","admin_level":2,"province_code":"25","province_name":"Phú Thọ","province_full_name":"Tỉnh Phú Thọ","province_slug":"phu_tho","join_key":"08305","status":"active","dataset_effective_date":"2026-04-30","catalog_version":"2026-07-12","geometry_status":"not_embedded_boundary_available_by_url","boundary_source_url":"https://raw.githubusercontent.com/thanglequoc/vietnamese-provinces-database/master/json/geojson/25_phu_tho/wards/08305_xuan_vien.geojson","boundary_source_page":"https://github.com/thanglequoc/vietnamese-provinces-database/blob/master/json/geojson/25_phu_tho/wards/08305_xuan_vien.geojson","source_catalog":"https://github.com/thanglequoc/vietnamese-provinces-database"},"geometry":null},{"type":"Feature","id":"08311","properties":{"commune_code":"08311","commune_name":"Trung Sơn","commune_name_en":"Trung Son","commune_full_name":"Xã Trung Sơn","commune_full_name_en":"Trung Son Commune","commune_slug":"trung_son","unit_type":"Xã","unit_type_en":"Commune","admin_level":2,"province_code":"25","province_name":"Phú Thọ","province_full_name":"Tỉnh Phú Thọ","province_slug":"phu_tho","join_key":"08311","status":"active","dataset_effective_date":"2026-04-30","catalog_version":"2026-07-12","geometry_status":"not_embedded_boundary_available_by_url","boundary_source_url":"https://raw.githubusercontent.com/thanglequoc/vietnamese-provinces-database/master/json/geojson/25_phu_tho/wards/08311_trung_son.geojson","boundary_source_page":"https://github.com/thanglequoc/vietnamese-provinces-database/blob/master/json/geojson/25_phu_tho/wards/08311_trung_son.geojson","source_catalog":"https://github.com/thanglequoc/vietnamese-provinces-database"},"geometry":null},{"type":"Feature","id":"08323","properties":{"commune_code":"08323","commune_name":"Thượng Long","commune_name_en":"Thuong Long","commune_full_name":"Xã Thượng Long","commune_full_name_en":"Thuong Long Commune","commune_slug":"thuong_long","unit_type":"Xã","unit_type_en":"Commune","admin_level":2,"province_code":"25","province_name":"Phú Thọ","province_full_name":"Tỉnh Phú Thọ","province_slug":"phu_tho","join_key":"08323","status":"active","dataset_effective_date":"2026-04-30","catalog_version":"2026-07-12","geometry_status":"not_embedded_boundary_available_by_url","boundary_source_url":"https://raw.githubusercontent.com/thanglequoc/vietnamese-provinces-database/master/json/geojson/25_phu_tho/wards/08323_thuong_long.geojson","boundary_source_page":"https://github.com/thanglequoc/vietnamese-provinces-database/blob/master/json/geojson/25_phu_tho/wards/08323_thuong_long.geojson","source_catalog":"https://github.com/thanglequoc/vietnamese-provinces-database"},"geometry":null},{"type":"Feature","id":"08338","properties":{"commune_code":"08338","commune_name":"Minh Hoà","commune_name_en":"Minh Hoa","commune_full_name":"Xã Minh Hoà","commune_full_name_en":"Minh Hoa Commune","commune_slug":"minh_hoa","unit_type":"Xã","unit_type_en":"Commune","admin_level":2,"province_code":"25","province_name":"Phú Thọ","province_full_name":"Tỉnh Phú Thọ","province_slug":"phu_tho","join_key":"08338","status":"active","dataset_effective_date":"2026-04-30","catalog_version":"2026-07-12","geometry_status":"not_embedded_boundary_available_by_url","boundary_source_url":"https://raw.githubusercontent.com/thanglequoc/vietnamese-provinces-database/master/json/geojson/25_phu_tho/wards/08338_minh_hoa.geojson","boundary_source_page":"https://github.com/thanglequoc/vietnamese-provinces-database/blob/master/json/geojson/25_phu_tho/wards/08338_minh_hoa.geojson","source_catalog":"https://github.com/thanglequoc/vietnamese-provinces-database"},"geometry":null},{"type":"Feature","id":"08341","properties":{"commune_code":"08341","commune_name":"Cẩm Khê","commune_name_en":"Cam Khe","commune_full_name":"Xã Cẩm Khê","commune_full_name_en":"Cam Khe Commune","commune_slug":"cam_khe","unit_type":"Xã","unit_type_en":"Commune","admin_level":2,"province_code":"25","province_name":"Phú Thọ","province_full_name":"Tỉnh Phú Thọ","province_slug":"phu_tho","join_key":"08341","status":"active","dataset_effective_date":"2026-04-30","catalog_version":"2026-07-12","geometry_status":"not_embedded_boundary_available_by_url","boundary_source_url":"https://raw.githubusercontent.com/thanglequoc/vietnamese-provinces-database/master/json/geojson/25_phu_tho/wards/08341_cam_khe.geojson","boundary_source_page":"https://github.com/thanglequoc/vietnamese-provinces-database/blob/master/json/geojson/25_phu_tho/wards/08341_cam_khe.geojson","source_catalog":"https://github.com/thanglequoc/vietnamese-provinces-database"},"geometry":null},{"type":"Feature","id":"08344","properties":{"commune_code":"08344","commune_name":"Tiên Lương","commune_name_en":"Tien Luong","commune_full_name":"Xã Tiên Lương","commune_full_name_en":"Tien Luong Commune","commune_slug":"tien_luong","unit_type":"Xã","unit_type_en":"Commune","admin_level":2,"province_code":"25","province_name":"Phú Thọ","province_full_name":"Tỉnh Phú Thọ","province_slug":"phu_tho","join_key":"08344","status":"active","dataset_effective_date":"2026-04-30","catalog_version":"2026-07-12","geometry_status":"not_embedded_boundary_available_by_url","boundary_source_url":"https://raw.githubusercontent.com/thanglequoc/vietnamese-provinces-database/master/json/geojson/25_phu_tho/wards/08344_tien_luong.geojson","boundary_source_page":"https://github.com/thanglequoc/vietnamese-provinces-database/blob/master/json/geojson/25_phu_tho/wards/08344_tien_luong.geojson","source_catalog":"https://github.com/thanglequoc/vietnamese-provinces-database"},"geometry":null},{"type":"Feature","id":"08377","properties":{"commune_code":"08377","commune_name":"Vân Bán","commune_name_en":"Van Ban","commune_full_name":"Xã Vân Bán","commune_full_name_en":"Van Ban Commune","commune_slug":"van_ban","unit_type":"Xã","unit_type_en":"Commune","admin_level":2,"province_code":"25","province_name":"Phú Thọ","province_full_name":"Tỉnh Phú Thọ","province_slug":"phu_tho","join_key":"08377","status":"active","dataset_effective_date":"2026-04-30","catalog_version":"2026-07-12","geometry_status":"not_embedded_boundary_available_by_url","boundary_source_url":"https://raw.githubusercontent.com/thanglequoc/vietnamese-provinces-database/master/json/geojson/25_phu_tho/wards/08377_van_ban.geojson","boundary_source_page":"https://github.com/thanglequoc/vietnamese-provinces-database/blob/master/json/geojson/25_phu_tho/wards/08377_van_ban.geojson","source_catalog":"https://github.com/thanglequoc/vietnamese-provinces-database"},"geometry":null},{"type":"Feature","id":"08398","properties":{"commune_code":"08398","commune_name":"Phú Khê","commune_name_en":"Phu Khe","commune_full_name":"Xã Phú Khê","commune_full_name_en":"Phu Khe Commune","commune_slug":"phu_khe","unit_type":"Xã","unit_type_en":"Commune","admin_level":2,"province_code":"25","province_name":"Phú Thọ","province_full_name":"Tỉnh Phú Thọ","province_slug":"phu_tho","join_key":"08398","status":"active","dataset_effective_date":"2026-04-30","catalog_version":"2026-07-12","geometry_status":"not_embedded_boundary_available_by_url","boundary_source_url":"https://raw.githubusercontent.com/thanglequoc/vietnamese-provinces-database/master/json/geojson/25_phu_tho/wards/08398_phu_khe.geojson","boundary_source_page":"https://github.com/thanglequoc/vietnamese-provinces-database/blob/master/json/geojson/25_phu_tho/wards/08398_phu_khe.geojson","source_catalog":"https://github.com/thanglequoc/vietnamese-provinces-database"},"geometry":null},{"type":"Feature","id":"08416","properties":{"commune_code":"08416","commune_name":"Hùng Việt","commune_name_en":"Hung Viet","commune_full_name":"Xã Hùng Việt","commune_full_name_en":"Hung Viet Commune","commune_slug":"hung_viet","unit_type":"Xã","unit_type_en":"Commune","admin_level":2,"province_code":"25","province_name":"Phú Thọ","province_full_name":"Tỉnh Phú Thọ","province_slug":"phu_tho","join_key":"08416","status":"active","dataset_effective_date":"2026-04-30","catalog_version":"2026-07-12","geometry_status":"not_embedded_boundary_available_by_url","boundary_source_url":"https://raw.githubusercontent.com/thanglequoc/vietnamese-provinces-database/master/json/geojson/25_phu_tho/wards/08416_hung_viet.geojson","boundary_source_page":"https://github.com/thanglequoc/vietnamese-provinces-database/blob/master/json/geojson/25_phu_tho/wards/08416_hung_viet.geojson","source_catalog":"https://github.com/thanglequoc/vietnamese-provinces-database"},"geometry":null},{"type":"Feature","id":"08431","properties":{"commune_code":"08431","commune_name":"Đồng Lương","commune_name_en":"Dong Luong","commune_full_name":"Xã Đồng Lương","commune_full_name_en":"Dong Luong Commune","commune_slug":"dong_luong","unit_type":"Xã","unit_type_en":"Commune","admin_level":2,"province_code":"25","province_name":"Phú Thọ","province_full_name":"Tỉnh Phú Thọ","province_slug":"phu_tho","join_key":"08431","status":"active","dataset_effective_date":"2026-04-30","catalog_version":"2026-07-12","geometry_status":"not_embedded_boundary_available_by_url","boundary_source_url":"https://raw.githubusercontent.com/thanglequoc/vietnamese-provinces-database/master/json/geojson/25_phu_tho/wards/08431_dong_luong.geojson","boundary_source_page":"https://github.com/thanglequoc/vietnamese-provinces-database/blob/master/json/geojson/25_phu_tho/wards/08431_dong_luong.geojson","source_catalog":"https://github.com/thanglequoc/vietnamese-provinces-database"},"geometry":null},{"type":"Feature","id":"08434","properties":{"commune_code":"08434","commune_name":"Tam Nông","commune_name_en":"Tam Nong","commune_full_name":"Xã Tam Nông","commune_full_name_en":"Tam Nong Commune","commune_slug":"tam_nong","unit_type":"Xã","unit_type_en":"Commune","admin_level":2,"province_code":"25","province_name":"Phú Thọ","province_full_name":"Tỉnh Phú Thọ","province_slug":"phu_tho","join_key":"08434","status":"active","dataset_effective_date":"2026-04-30","catalog_version":"2026-07-12","geometry_status":"not_embedded_boundary_available_by_url","boundary_source_url":"https://raw.githubusercontent.com/thanglequoc/vietnamese-provinces-database/master/json/geojson/25_phu_tho/wards/08434_tam_nong.geojson","boundary_source_page":"https://github.com/thanglequoc/vietnamese-provinces-database/blob/master/json/geojson/25_phu_tho/wards/08434_tam_nong.geojson","source_catalog":"https://github.com/thanglequoc/vietnamese-provinces-database"},"geometry":null},{"type":"Feature","id":"08443","properties":{"commune_code":"08443","commune_name":"Hiền Quan","commune_name_en":"Hien Quan","commune_full_name":"Xã Hiền Quan","commune_full_name_en":"Hien Quan Commune","commune_slug":"hien_quan","unit_type":"Xã","unit_type_en":"Commune","admin_level":2,"province_code":"25","province_name":"Phú Thọ","province_full_name":"Tỉnh Phú Thọ","province_slug":"phu_tho","join_key":"08443","status":"active","dataset_effective_date":"2026-04-30","catalog_version":"2026-07-12","geometry_status":"not_embedded_boundary_available_by_url","boundary_source_url":"https://raw.githubusercontent.com/thanglequoc/vietnamese-provinces-database/master/json/geojson/25_phu_tho/wards/08443_hien_quan.geojson","boundary_source_page":"https://github.com/thanglequoc/vietnamese-provinces-database/blob/master/json/geojson/25_phu_tho/wards/08443_hien_quan.geojson","source_catalog":"https://github.com/thanglequoc/vietnamese-provinces-database"},"geometry":null},{"type":"Feature","id":"08467","properties":{"commune_code":"08467","commune_name":"Vạn Xuân","commune_name_en":"Van Xuan","commune_full_name":"Xã Vạn Xuân","commune_full_name_en":"Van Xuan Commune","commune_slug":"van_xuan","unit_type":"Xã","unit_type_en":"Commune","admin_level":2,"province_code":"25","province_name":"Phú Thọ","province_full_name":"Tỉnh Phú Thọ","province_slug":"phu_tho","join_key":"08467","status":"active","dataset_effective_date":"2026-04-30","catalog_version":"2026-07-12","geometry_status":"not_embedded_boundary_available_by_url","boundary_source_url":"https://raw.githubusercontent.com/thanglequoc/vietnamese-provinces-database/master/json/geojson/25_phu_tho/wards/08467_van_xuan.geojson","boundary_source_page":"https://github.com/thanglequoc/vietnamese-provinces-database/blob/master/json/geojson/25_phu_tho/wards/08467_van_xuan.geojson","source_catalog":"https://github.com/thanglequoc/vietnamese-provinces-database"},"geometry":null},{"type":"Feature","id":"08479","properties":{"commune_code":"08479","commune_name":"Thọ Văn","commune_name_en":"Tho Van","commune_full_name":"Xã Thọ Văn","commune_full_name_en":"Tho Van Commune","commune_slug":"tho_van","unit_type":"Xã","unit_type_en":"Commune","admin_level":2,"province_code":"25","province_name":"Phú Thọ","province_full_name":"Tỉnh Phú Thọ","province_slug":"phu_tho","join_key":"08479","status":"active","dataset_effective_date":"2026-04-30","catalog_version":"2026-07-12","geometry_status":"not_embedded_boundary_available_by_url","boundary_source_url":"https://raw.githubusercontent.com/thanglequoc/vietnamese-provinces-database/master/json/geojson/25_phu_tho/wards/08479_tho_van.geojson","boundary_source_page":"https://github.com/thanglequoc/vietnamese-provinces-database/blob/master/json/geojson/25_phu_tho/wards/08479_tho_van.geojson","source_catalog":"https://github.com/thanglequoc/vietnamese-provinces-database"},"geometry":null},{"type":"Feature","id":"08494","properties":{"commune_code":"08494","commune_name":"Lâm Thao","commune_name_en":"Lam Thao","commune_full_name":"Xã Lâm Thao","commune_full_name_en":"Lam Thao Commune","commune_slug":"lam_thao","unit_type":"Xã","unit_type_en":"Commune","admin_level":2,"province_code":"25","province_name":"Phú Thọ","province_full_name":"Tỉnh Phú Thọ","province_slug":"phu_tho","join_key":"08494","status":"active","dataset_effective_date":"2026-04-30","catalog_version":"2026-07-12","geometry_status":"not_embedded_boundary_available_by_url","boundary_source_url":"https://raw.githubusercontent.com/thanglequoc/vietnamese-provinces-database/master/json/geojson/25_phu_tho/wards/08494_lam_thao.geojson","boundary_source_page":"https://github.com/thanglequoc/vietnamese-provinces-database/blob/master/json/geojson/25_phu_tho/wards/08494_lam_thao.geojson","source_catalog":"https://github.com/thanglequoc/vietnamese-provinces-database"},"geometry":null},{"type":"Feature","id":"08500","properties":{"commune_code":"08500","commune_name":"Xuân Lũng","commune_name_en":"Xuan Lung","commune_full_name":"Xã Xuân Lũng","commune_full_name_en":"Xuan Lung Commune","commune_slug":"xuan_lung","unit_type":"Xã","unit_type_en":"Commune","admin_level":2,"province_code":"25","province_name":"Phú Thọ","province_full_name":"Tỉnh Phú Thọ","province_slug":"phu_tho","join_key":"08500","status":"active","dataset_effective_date":"2026-04-30","catalog_version":"2026-07-12","geometry_status":"not_embedded_boundary_available_by_url","boundary_source_url":"https://raw.githubusercontent.com/thanglequoc/vietnamese-provinces-database/master/json/geojson/25_phu_tho/wards/08500_xuan_lung.geojson","boundary_source_page":"https://github.com/thanglequoc/vietnamese-provinces-database/blob/master/json/geojson/25_phu_tho/wards/08500_xuan_lung.geojson","source_catalog":"https://github.com/thanglequoc/vietnamese-provinces-database"},"geometry":null},{"type":"Feature","id":"08515","properties":{"commune_code":"08515","commune_name":"Hy Cương","commune_name_en":"Hy Cuong","commune_full_name":"Xã Hy Cương","commune_full_name_en":"Hy Cuong Commune","commune_slug":"hy_cuong","unit_type":"Xã","unit_type_en":"Commune","admin_level":2,"province_code":"25","province_name":"Phú Thọ","province_full_name":"Tỉnh Phú Thọ","province_slug":"phu_tho","join_key":"08515","status":"active","dataset_effective_date":"2026-04-30","catalog_version":"2026-07-12","geometry_status":"not_embedded_boundary_available_by_url","boundary_source_url":"https://raw.githubusercontent.com/thanglequoc/vietnamese-provinces-database/master/json/geojson/25_phu_tho/wards/08515_hy_cuong.geojson","boundary_source_page":"https://github.com/thanglequoc/vietnamese-provinces-database/blob/master/json/geojson/25_phu_tho/wards/08515_hy_cuong.geojson","source_catalog":"https://github.com/thanglequoc/vietnamese-provinces-database"},"geometry":null},{"type":"Feature","id":"08521","properties":{"commune_code":"08521","commune_name":"Phùng Nguyên","commune_name_en":"Phung Nguyen","commune_full_name":"Xã Phùng Nguyên","commune_full_name_en":"Phung Nguyen Commune","commune_slug":"phung_nguyen","unit_type":"Xã","unit_type_en":"Commune","admin_level":2,"province_code":"25","province_name":"Phú Thọ","province_full_name":"Tỉnh Phú Thọ","province_slug":"phu_tho","join_key":"08521","status":"active","dataset_effective_date":"2026-04-30","catalog_version":"2026-07-12","geometry_status":"not_embedded_boundary_available_by_url","boundary_source_url":"https://raw.githubusercontent.com/thanglequoc/vietnamese-provinces-database/master/json/geojson/25_phu_tho/wards/08521_phung_nguyen.geojson","boundary_source_page":"https://github.com/thanglequoc/vietnamese-provinces-database/blob/master/json/geojson/25_phu_tho/wards/08521_phung_nguyen.geojson","source_catalog":"https://github.com/thanglequoc/vietnamese-provinces-database"},"geometry":null},{"type":"Feature","id":"08527","properties":{"commune_code":"08527","commune_name":"Bản Nguyên","commune_name_en":"Ban Nguyen","commune_full_name":"Xã Bản Nguyên","commune_full_name_en":"Ban Nguyen Commune","commune_slug":"ban_nguyen","unit_type":"Xã","unit_type_en":"Commune","admin_level":2,"province_code":"25","province_name":"Phú Thọ","province_full_name":"Tỉnh Phú Thọ","province_slug":"phu_tho","join_key":"08527","status":"active","dataset_effective_date":"2026-04-30","catalog_version":"2026-07-12","geometry_status":"not_embedded_boundary_available_by_url","boundary_source_url":"https://raw.githubusercontent.com/thanglequoc/vietnamese-provinces-database/master/json/geojson/25_phu_tho/wards/08527_ban_nguyen.geojson","boundary_source_page":"https://github.com/thanglequoc/vietnamese-provinces-database/blob/master/json/geojson/25_phu_tho/wards/08527_ban_nguyen.geojson","source_catalog":"https://github.com/thanglequoc/vietnamese-provinces-database"},"geometry":null},{"type":"Feature","id":"08542","properties":{"commune_code":"08542","commune_name":"Thanh Sơn","commune_name_en":"Thanh Son","commune_full_name":"Xã Thanh Sơn","commune_full_name_en":"Thanh Son Commune","commune_slug":"thanh_son","unit_type":"Xã","unit_type_en":"Commune","admin_level":2,"province_code":"25","province_name":"Phú Thọ","province_full_name":"Tỉnh Phú Thọ","province_slug":"phu_tho","join_key":"08542","status":"active","dataset_effective_date":"2026-04-30","catalog_version":"2026-07-12","geometry_status":"not_embedded_boundary_available_by_url","boundary_source_url":"https://raw.githubusercontent.com/thanglequoc/vietnamese-provinces-database/master/json/geojson/25_phu_tho/wards/08542_thanh_son.geojson","boundary_source_page":"https://github.com/thanglequoc/vietnamese-provinces-database/blob/master/json/geojson/25_phu_tho/wards/08542_thanh_son.geojson","source_catalog":"https://github.com/thanglequoc/vietnamese-provinces-database"},"geometry":null},{"type":"Feature","id":"08545","properties":{"commune_code":"08545","commune_name":"Thu Cúc","commune_name_en":"Thu Cuc","commune_full_name":"Xã Thu Cúc","commune_full_name_en":"Thu Cuc Commune","commune_slug":"thu_cuc","unit_type":"Xã","unit_type_en":"Commune","admin_level":2,"province_code":"25","province_name":"Phú Thọ","province_full_name":"Tỉnh Phú Thọ","province_slug":"phu_tho","join_key":"08545","status":"active","dataset_effective_date":"2026-04-30","catalog_version":"2026-07-12","geometry_status":"not_embedded_boundary_available_by_url","boundary_source_url":"https://raw.githubusercontent.com/thanglequoc/vietnamese-provinces-database/master/json/geojson/25_phu_tho/wards/08545_thu_cuc.geojson","boundary_source_page":"https://github.com/thanglequoc/vietnamese-provinces-database/blob/master/json/geojson/25_phu_tho/wards/08545_thu_cuc.geojson","source_catalog":"https://github.com/thanglequoc/vietnamese-provinces-database"},"geometry":null},{"type":"Feature","id":"08560","properties":{"commune_code":"08560","commune_name":"Lai Đồng","commune_name_en":"Lai Dong","commune_full_name":"Xã Lai Đồng","commune_full_name_en":"Lai Dong Commune","commune_slug":"lai_dong","unit_type":"Xã","unit_type_en":"Commune","admin_level":2,"province_code":"25","province_name":"Phú Thọ","province_full_name":"Tỉnh Phú Thọ","province_slug":"phu_tho","join_key":"08560","status":"active","dataset_effective_date":"2026-04-30","catalog_version":"2026-07-12","geometry_status":"not_embedded_boundary_available_by_url","boundary_source_url":"https://raw.githubusercontent.com/thanglequoc/vietnamese-provinces-database/master/json/geojson/25_phu_tho/wards/08560_lai_dong.geojson","boundary_source_page":"https://github.com/thanglequoc/vietnamese-provinces-database/blob/master/json/geojson/25_phu_tho/wards/08560_lai_dong.geojson","source_catalog":"https://github.com/thanglequoc/vietnamese-provinces-database"},"geometry":null},{"type":"Feature","id":"08566","properties":{"commune_code":"08566","commune_name":"Tân Sơn","commune_name_en":"Tan Son","commune_full_name":"Xã Tân Sơn","commune_full_name_en":"Tan Son Commune","commune_slug":"tan_son","unit_type":"Xã","unit_type_en":"Commune","admin_level":2,"province_code":"25","province_name":"Phú Thọ","province_full_name":"Tỉnh Phú Thọ","province_slug":"phu_tho","join_key":"08566","status":"active","dataset_effective_date":"2026-04-30","catalog_version":"2026-07-12","geometry_status":"not_embedded_boundary_available_by_url","boundary_source_url":"https://raw.githubusercontent.com/thanglequoc/vietnamese-provinces-database/master/json/geojson/25_phu_tho/wards/08566_tan_son.geojson","boundary_source_page":"https://github.com/thanglequoc/vietnamese-provinces-database/blob/master/json/geojson/25_phu_tho/wards/08566_tan_son.geojson","source_catalog":"https://github.com/thanglequoc/vietnamese-provinces-database"},"geometry":null},{"type":"Feature","id":"08584","properties":{"commune_code":"08584","commune_name":"Võ Miếu","commune_name_en":"Vo Mieu","commune_full_name":"Xã Võ Miếu","commune_full_name_en":"Vo Mieu Commune","commune_slug":"vo_mieu","unit_type":"Xã","unit_type_en":"Commune","admin_level":2,"province_code":"25","province_name":"Phú Thọ","province_full_name":"Tỉnh Phú Thọ","province_slug":"phu_tho","join_key":"08584","status":"active","dataset_effective_date":"2026-04-30","catalog_version":"2026-07-12","geometry_status":"not_embedded_boundary_available_by_url","boundary_source_url":"https://raw.githubusercontent.com/thanglequoc/vietnamese-provinces-database/master/json/geojson/25_phu_tho/wards/08584_vo_mieu.geojson","boundary_source_page":"https://github.com/thanglequoc/vietnamese-provinces-database/blob/master/json/geojson/25_phu_tho/wards/08584_vo_mieu.geojson","source_catalog":"https://github.com/thanglequoc/vietnamese-provinces-database"},"geometry":null},{"type":"Feature","id":"08590","properties":{"commune_code":"08590","commune_name":"Xuân Đài","commune_name_en":"Xuan Dai","commune_full_name":"Xã Xuân Đài","commune_full_name_en":"Xuan Dai Commune","commune_slug":"xuan_dai","unit_type":"Xã","unit_type_en":"Commune","admin_level":2,"province_code":"25","province_name":"Phú Thọ","province_full_name":"Tỉnh Phú Thọ","province_slug":"phu_tho","join_key":"08590","status":"active","dataset_effective_date":"2026-04-30","catalog_version":"2026-07-12","geometry_status":"not_embedded_boundary_available_by_url","boundary_source_url":"https://raw.githubusercontent.com/thanglequoc/vietnamese-provinces-database/master/json/geojson/25_phu_tho/wards/08590_xuan_dai.geojson","boundary_source_page":"https://github.com/thanglequoc/vietnamese-provinces-database/blob/master/json/geojson/25_phu_tho/wards/08590_xuan_dai.geojson","source_catalog":"https://github.com/thanglequoc/vietnamese-provinces-database"},"geometry":null},{"type":"Feature","id":"08593","properties":{"commune_code":"08593","commune_name":"Minh Đài","commune_name_en":"Minh Dai","commune_full_name":"Xã Minh Đài","commune_full_name_en":"Minh Dai Commune","commune_slug":"minh_dai","unit_type":"Xã","unit_type_en":"Commune","admin_level":2,"province_code":"25","province_name":"Phú Thọ","province_full_name":"Tỉnh Phú Thọ","province_slug":"phu_tho","join_key":"08593","status":"active","dataset_effective_date":"2026-04-30","catalog_version":"2026-07-12","geometry_status":"not_embedded_boundary_available_by_url","boundary_source_url":"https://raw.githubusercontent.com/thanglequoc/vietnamese-provinces-database/master/json/geojson/25_phu_tho/wards/08593_minh_dai.geojson","boundary_source_page":"https://github.com/thanglequoc/vietnamese-provinces-database/blob/master/json/geojson/25_phu_tho/wards/08593_minh_dai.geojson","source_catalog":"https://github.com/thanglequoc/vietnamese-provinces-database"},"geometry":null},{"type":"Feature","id":"08611","properties":{"commune_code":"08611","commune_name":"Văn Miếu","commune_name_en":"Van Mieu","commune_full_name":"Xã Văn Miếu","commune_full_name_en":"Van Mieu Commune","commune_slug":"van_mieu","unit_type":"Xã","unit_type_en":"Commune","admin_level":2,"province_code":"25","province_name":"Phú Thọ","province_full_name":"Tỉnh Phú Thọ","province_slug":"phu_tho","join_key":"08611","status":"active","dataset_effective_date":"2026-04-30","catalog_version":"2026-07-12","geometry_status":"not_embedded_boundary_available_by_url","boundary_source_url":"https://raw.githubusercontent.com/thanglequoc/vietnamese-provinces-database/master/json/geojson/25_phu_tho/wards/08611_van_mieu.geojson","boundary_source_page":"https://github.com/thanglequoc/vietnamese-provinces-database/blob/master/json/geojson/25_phu_tho/wards/08611_van_mieu.geojson","source_catalog":"https://github.com/thanglequoc/vietnamese-provinces-database"},"geometry":null},{"type":"Feature","id":"08614","properties":{"commune_code":"08614","commune_name":"Cự Đồng","commune_name_en":"Cu Dong","commune_full_name":"Xã Cự Đồng","commune_full_name_en":"Cu Dong Commune","commune_slug":"cu_dong","unit_type":"Xã","unit_type_en":"Commune","admin_level":2,"province_code":"25","province_name":"Phú Thọ","province_full_name":"Tỉnh Phú Thọ","province_slug":"phu_tho","join_key":"08614","status":"active","dataset_effective_date":"2026-04-30","catalog_version":"2026-07-12","geometry_status":"not_embedded_boundary_available_by_url","boundary_source_url":"https://raw.githubusercontent.com/thanglequoc/vietnamese-provinces-database/master/json/geojson/25_phu_tho/wards/08614_cu_dong.geojson","boundary_source_page":"https://github.com/thanglequoc/vietnamese-provinces-database/blob/master/json/geojson/25_phu_tho/wards/08614_cu_dong.geojson","source_catalog":"https://github.com/thanglequoc/vietnamese-provinces-database"},"geometry":null},{"type":"Feature","id":"08620","properties":{"commune_code":"08620","commune_name":"Long Cốc","commune_name_en":"Long Coc","commune_full_name":"Xã Long Cốc","commune_full_name_en":"Long Coc Commune","commune_slug":"long_coc","unit_type":"Xã","unit_type_en":"Commune","admin_level":2,"province_code":"25","province_name":"Phú Thọ","province_full_name":"Tỉnh Phú Thọ","province_slug":"phu_tho","join_key":"08620","status":"active","dataset_effective_date":"2026-04-30","catalog_version":"2026-07-12","geometry_status":"not_embedded_boundary_available_by_url","boundary_source_url":"https://raw.githubusercontent.com/thanglequoc/vietnamese-provinces-database/master/json/geojson/25_phu_tho/wards/08620_long_coc.geojson","boundary_source_page":"https://github.com/thanglequoc/vietnamese-provinces-database/blob/master/json/geojson/25_phu_tho/wards/08620_long_coc.geojson","source_catalog":"https://github.com/thanglequoc/vietnamese-provinces-database"},"geometry":null},{"type":"Feature","id":"08632","properties":{"commune_code":"08632","commune_name":"Hương Cần","commune_name_en":"Huong Can","commune_full_name":"Xã Hương Cần","commune_full_name_en":"Huong Can Commune","commune_slug":"huong_can","unit_type":"Xã","unit_type_en":"Commune","admin_level":2,"province_code":"25","province_name":"Phú Thọ","province_full_name":"Tỉnh Phú Thọ","province_slug":"phu_tho","join_key":"08632","status":"active","dataset_effective_date":"2026-04-30","catalog_version":"2026-07-12","geometry_status":"not_embedded_boundary_available_by_url","boundary_source_url":"https://raw.githubusercontent.com/thanglequoc/vietnamese-provinces-database/master/json/geojson/25_phu_tho/wards/08632_huong_can.geojson","boundary_source_page":"https://github.com/thanglequoc/vietnamese-provinces-database/blob/master/json/geojson/25_phu_tho/wards/08632_huong_can.geojson","source_catalog":"https://github.com/thanglequoc/vietnamese-provinces-database"},"geometry":null},{"type":"Feature","id":"08635","properties":{"commune_code":"08635","commune_name":"Khả Cửu","commune_name_en":"Kha Cuu","commune_full_name":"Xã Khả Cửu","commune_full_name_en":"Kha Cuu Commune","commune_slug":"kha_cuu","unit_type":"Xã","unit_type_en":"Commune","admin_level":2,"province_code":"25","province_name":"Phú Thọ","province_full_name":"Tỉnh Phú Thọ","province_slug":"phu_tho","join_key":"08635","status":"active","dataset_effective_date":"2026-04-30","catalog_version":"2026-07-12","geometry_status":"not_embedded_boundary_available_by_url","boundary_source_url":"https://raw.githubusercontent.com/thanglequoc/vietnamese-provinces-database/master/json/geojson/25_phu_tho/wards/08635_kha_cuu.geojson","boundary_source_page":"https://github.com/thanglequoc/vietnamese-provinces-database/blob/master/json/geojson/25_phu_tho/wards/08635_kha_cuu.geojson","source_catalog":"https://github.com/thanglequoc/vietnamese-provinces-database"},"geometry":null},{"type":"Feature","id":"08656","properties":{"commune_code":"08656","commune_name":"Yên Sơn","commune_name_en":"Yen Son","commune_full_name":"Xã Yên Sơn","commune_full_name_en":"Yen Son Commune","commune_slug":"yen_son","unit_type":"Xã","unit_type_en":"Commune","admin_level":2,"province_code":"25","province_name":"Phú Thọ","province_full_name":"Tỉnh Phú Thọ","province_slug":"phu_tho","join_key":"08656","status":"active","dataset_effective_date":"2026-04-30","catalog_version":"2026-07-12","geometry_status":"not_embedded_boundary_available_by_url","boundary_source_url":"https://raw.githubusercontent.com/thanglequoc/vietnamese-provinces-database/master/json/geojson/25_phu_tho/wards/08656_yen_son.geojson","boundary_source_page":"https://github.com/thanglequoc/vietnamese-provinces-database/blob/master/json/geojson/25_phu_tho/wards/08656_yen_son.geojson","source_catalog":"https://github.com/thanglequoc/vietnamese-provinces-database"},"geometry":null},{"type":"Feature","id":"08662","properties":{"commune_code":"08662","commune_name":"Đào Xá","commune_name_en":"Dao Xa","commune_full_name":"Xã Đào Xá","commune_full_name_en":"Dao Xa Commune","commune_slug":"dao_xa","unit_type":"Xã","unit_type_en":"Commune","admin_level":2,"province_code":"25","province_name":"Phú Thọ","province_full_name":"Tỉnh Phú Thọ","province_slug":"phu_tho","join_key":"08662","status":"active","dataset_effective_date":"2026-04-30","catalog_version":"2026-07-12","geometry_status":"not_embedded_boundary_available_by_url","boundary_source_url":"https://raw.githubusercontent.com/thanglequoc/vietnamese-provinces-database/master/json/geojson/25_phu_tho/wards/08662_dao_xa.geojson","boundary_source_page":"https://github.com/thanglequoc/vietnamese-provinces-database/blob/master/json/geojson/25_phu_tho/wards/08662_dao_xa.geojson","source_catalog":"https://github.com/thanglequoc/vietnamese-provinces-database"},"geometry":null},{"type":"Feature","id":"08674","properties":{"commune_code":"08674","commune_name":"Thanh Thuỷ","commune_name_en":"Thanh Thuy","commune_full_name":"Xã Thanh Thuỷ","commune_full_name_en":"Thanh Thuy Commune","commune_slug":"thanh_thuy","unit_type":"Xã","unit_type_en":"Commune","admin_level":2,"province_code":"25","province_name":"Phú Thọ","province_full_name":"Tỉnh Phú Thọ","province_slug":"phu_tho","join_key":"08674","status":"active","dataset_effective_date":"2026-04-30","catalog_version":"2026-07-12","geometry_status":"not_embedded_boundary_available_by_url","boundary_source_url":"https://raw.githubusercontent.com/thanglequoc/vietnamese-provinces-database/master/json/geojson/25_phu_tho/wards/08674_thanh_thuy.geojson","boundary_source_page":"https://github.com/thanglequoc/vietnamese-provinces-database/blob/master/json/geojson/25_phu_tho/wards/08674_thanh_thuy.geojson","source_catalog":"https://github.com/thanglequoc/vietnamese-provinces-database"},"geometry":null},{"type":"Feature","id":"08686","properties":{"commune_code":"08686","commune_name":"Tu Vũ","commune_name_en":"Tu Vu","commune_full_name":"Xã Tu Vũ","commune_full_name_en":"Tu Vu Commune","commune_slug":"tu_vu","unit_type":"Xã","unit_type_en":"Commune","admin_level":2,"province_code":"25","province_name":"Phú Thọ","province_full_name":"Tỉnh Phú Thọ","province_slug":"phu_tho","join_key":"08686","status":"active","dataset_effective_date":"2026-04-30","catalog_version":"2026-07-12","geometry_status":"not_embedded_boundary_available_by_url","boundary_source_url":"https://raw.githubusercontent.com/thanglequoc/vietnamese-provinces-database/master/json/geojson/25_phu_tho/wards/08686_tu_vu.geojson","boundary_source_page":"https://github.com/thanglequoc/vietnamese-provinces-database/blob/master/json/geojson/25_phu_tho/wards/08686_tu_vu.geojson","source_catalog":"https://github.com/thanglequoc/vietnamese-provinces-database"},"geometry":null},{"type":"Feature","id":"08707","properties":{"commune_code":"08707","commune_name":"Vĩnh Yên","commune_name_en":"Vinh Yen","commune_full_name":"Phường Vĩnh Yên","commune_full_name_en":"Vinh Yen Ward","commune_slug":"vinh_yen","unit_type":"Phường","unit_type_en":"Ward","admin_level":2,"province_code":"25","province_name":"Phú Thọ","province_full_name":"Tỉnh Phú Thọ","province_slug":"phu_tho","join_key":"08707","status":"active","dataset_effective_date":"2026-04-30","catalog_version":"2026-07-12","geometry_status":"not_embedded_boundary_available_by_url","boundary_source_url":"https://raw.githubusercontent.com/thanglequoc/vietnamese-provinces-database/master/json/geojson/25_phu_tho/wards/08707_vinh_yen.geojson","boundary_source_page":"https://github.com/thanglequoc/vietnamese-provinces-database/blob/master/json/geojson/25_phu_tho/wards/08707_vinh_yen.geojson","source_catalog":"https://github.com/thanglequoc/vietnamese-provinces-database"},"geometry":null},{"type":"Feature","id":"08716","properties":{"commune_code":"08716","commune_name":"Vĩnh Phúc","commune_name_en":"Vinh Phuc","commune_full_name":"Phường Vĩnh Phúc","commune_full_name_en":"Vinh Phuc Ward","commune_slug":"vinh_phuc","unit_type":"Phường","unit_type_en":"Ward","admin_level":2,"province_code":"25","province_name":"Phú Thọ","province_full_name":"Tỉnh Phú Thọ","province_slug":"phu_tho","join_key":"08716","status":"active","dataset_effective_date":"2026-04-30","catalog_version":"2026-07-12","geometry_status":"not_embedded_boundary_available_by_url","boundary_source_url":"https://raw.githubusercontent.com/thanglequoc/vietnamese-provinces-database/master/json/geojson/25_phu_tho/wards/08716_vinh_phuc.geojson","boundary_source_page":"https://github.com/thanglequoc/vietnamese-provinces-database/blob/master/json/geojson/25_phu_tho/wards/08716_vinh_phuc.geojson","source_catalog":"https://github.com/thanglequoc/vietnamese-provinces-database"},"geometry":null},{"type":"Feature","id":"08740","properties":{"commune_code":"08740","commune_name":"Phúc Yên","commune_name_en":"Phuc Yen","commune_full_name":"Phường Phúc Yên","commune_full_name_en":"Phuc Yen Ward","commune_slug":"phuc_yen","unit_type":"Phường","unit_type_en":"Ward","admin_level":2,"province_code":"25","province_name":"Phú Thọ","province_full_name":"Tỉnh Phú Thọ","province_slug":"phu_tho","join_key":"08740","status":"active","dataset_effective_date":"2026-04-30","catalog_version":"2026-07-12","geometry_status":"not_embedded_boundary_available_by_url","boundary_source_url":"https://raw.githubusercontent.com/thanglequoc/vietnamese-provinces-database/master/json/geojson/25_phu_tho/wards/08740_phuc_yen.geojson","boundary_source_page":"https://github.com/thanglequoc/vietnamese-provinces-database/blob/master/json/geojson/25_phu_tho/wards/08740_phuc_yen.geojson","source_catalog":"https://github.com/thanglequoc/vietnamese-provinces-database"},"geometry":null},{"type":"Feature","id":"08746","properties":{"commune_code":"08746","commune_name":"Xuân Hoà","commune_name_en":"Xuan Hoa","commune_full_name":"Phường Xuân Hoà","commune_full_name_en":"Xuan Hoa Ward","commune_slug":"xuan_hoa","unit_type":"Phường","unit_type_en":"Ward","admin_level":2,"province_code":"25","province_name":"Phú Thọ","province_full_name":"Tỉnh Phú Thọ","province_slug":"phu_tho","join_key":"08746","status":"active","dataset_effective_date":"2026-04-30","catalog_version":"2026-07-12","geometry_status":"not_embedded_boundary_available_by_url","boundary_source_url":"https://raw.githubusercontent.com/thanglequoc/vietnamese-provinces-database/master/json/geojson/25_phu_tho/wards/08746_xuan_hoa.geojson","boundary_source_page":"https://github.com/thanglequoc/vietnamese-provinces-database/blob/master/json/geojson/25_phu_tho/wards/08746_xuan_hoa.geojson","source_catalog":"https://github.com/thanglequoc/vietnamese-provinces-database"},"geometry":null},{"type":"Feature","id":"08761","properties":{"commune_code":"08761","commune_name":"Lập Thạch","commune_name_en":"Lap Thach","commune_full_name":"Xã Lập Thạch","commune_full_name_en":"Lap Thach Commune","commune_slug":"lap_thach","unit_type":"Xã","unit_type_en":"Commune","admin_level":2,"province_code":"25","province_name":"Phú Thọ","province_full_name":"Tỉnh Phú Thọ","province_slug":"phu_tho","join_key":"08761","status":"active","dataset_effective_date":"2026-04-30","catalog_version":"2026-07-12","geometry_status":"not_embedded_boundary_available_by_url","boundary_source_url":"https://raw.githubusercontent.com/thanglequoc/vietnamese-provinces-database/master/json/geojson/25_phu_tho/wards/08761_lap_thach.geojson","boundary_source_page":"https://github.com/thanglequoc/vietnamese-provinces-database/blob/master/json/geojson/25_phu_tho/wards/08761_lap_thach.geojson","source_catalog":"https://github.com/thanglequoc/vietnamese-provinces-database"},"geometry":null},{"type":"Feature","id":"08770","properties":{"commune_code":"08770","commune_name":"Hợp Lý","commune_name_en":"Hop Ly","commune_full_name":"Xã Hợp Lý","commune_full_name_en":"Hop Ly Commune","commune_slug":"hop_ly","unit_type":"Xã","unit_type_en":"Commune","admin_level":2,"province_code":"25","province_name":"Phú Thọ","province_full_name":"Tỉnh Phú Thọ","province_slug":"phu_tho","join_key":"08770","status":"active","dataset_effective_date":"2026-04-30","catalog_version":"2026-07-12","geometry_status":"not_embedded_boundary_available_by_url","boundary_source_url":"https://raw.githubusercontent.com/thanglequoc/vietnamese-provinces-database/master/json/geojson/25_phu_tho/wards/08770_hop_ly.geojson","boundary_source_page":"https://github.com/thanglequoc/vietnamese-provinces-database/blob/master/json/geojson/25_phu_tho/wards/08770_hop_ly.geojson","source_catalog":"https://github.com/thanglequoc/vietnamese-provinces-database"},"geometry":null},{"type":"Feature","id":"08773","properties":{"commune_code":"08773","commune_name":"Yên Lãng","commune_name_en":"Yen Lang","commune_full_name":"Xã Yên Lãng","commune_full_name_en":"Yen Lang Commune","commune_slug":"yen_lang","unit_type":"Xã","unit_type_en":"Commune","admin_level":2,"province_code":"25","province_name":"Phú Thọ","province_full_name":"Tỉnh Phú Thọ","province_slug":"phu_tho","join_key":"08773","status":"active","dataset_effective_date":"2026-04-30","catalog_version":"2026-07-12","geometry_status":"not_embedded_boundary_available_by_url","boundary_source_url":"https://raw.githubusercontent.com/thanglequoc/vietnamese-provinces-database/master/json/geojson/25_phu_tho/wards/08773_yen_lang.geojson","boundary_source_page":"https://github.com/thanglequoc/vietnamese-provinces-database/blob/master/json/geojson/25_phu_tho/wards/08773_yen_lang.geojson","source_catalog":"https://github.com/thanglequoc/vietnamese-provinces-database"},"geometry":null},{"type":"Feature","id":"08782","properties":{"commune_code":"08782","commune_name":"Hải Lựu","commune_name_en":"Hai Luu","commune_full_name":"Xã Hải Lựu","commune_full_name_en":"Hai Luu Commune","commune_slug":"hai_luu","unit_type":"Xã","unit_type_en":"Commune","admin_level":2,"province_code":"25","province_name":"Phú Thọ","province_full_name":"Tỉnh Phú Thọ","province_slug":"phu_tho","join_key":"08782","status":"active","dataset_effective_date":"2026-04-30","catalog_version":"2026-07-12","geometry_status":"not_embedded_boundary_available_by_url","boundary_source_url":"https://raw.githubusercontent.com/thanglequoc/vietnamese-provinces-database/master/json/geojson/25_phu_tho/wards/08782_hai_luu.geojson","boundary_source_page":"https://github.com/thanglequoc/vietnamese-provinces-database/blob/master/json/geojson/25_phu_tho/wards/08782_hai_luu.geojson","source_catalog":"https://github.com/thanglequoc/vietnamese-provinces-database"},"geometry":null},{"type":"Feature","id":"08788","properties":{"commune_code":"08788","commune_name":"Thái Hoà","commune_name_en":"Thai Hoa","commune_full_name":"Xã Thái Hoà","commune_full_name_en":"Thai Hoa Commune","commune_slug":"thai_hoa","unit_type":"Xã","unit_type_en":"Commune","admin_level":2,"province_code":"25","province_name":"Phú Thọ","province_full_name":"Tỉnh Phú Thọ","province_slug":"phu_tho","join_key":"08788","status":"active","dataset_effective_date":"2026-04-30","catalog_version":"2026-07-12","geometry_status":"not_embedded_boundary_available_by_url","boundary_source_url":"https://raw.githubusercontent.com/thanglequoc/vietnamese-provinces-database/master/json/geojson/25_phu_tho/wards/08788_thai_hoa.geojson","boundary_source_page":"https://github.com/thanglequoc/vietnamese-provinces-database/blob/master/json/geojson/25_phu_tho/wards/08788_thai_hoa.geojson","source_catalog":"https://github.com/thanglequoc/vietnamese-provinces-database"},"geometry":null},{"type":"Feature","id":"08812","properties":{"commune_code":"08812","commune_name":"Liên Hoà","commune_name_en":"Lien Hoa","commune_full_name":"Xã Liên Hoà","commune_full_name_en":"Lien Hoa Commune","commune_slug":"lien_hoa","unit_type":"Xã","unit_type_en":"Commune","admin_level":2,"province_code":"25","province_name":"Phú Thọ","province_full_name":"Tỉnh Phú Thọ","province_slug":"phu_tho","join_key":"08812","status":"active","dataset_effective_date":"2026-04-30","catalog_version":"2026-07-12","geometry_status":"not_embedded_boundary_available_by_url","boundary_source_url":"https://raw.githubusercontent.com/thanglequoc/vietnamese-provinces-database/master/json/geojson/25_phu_tho/wards/08812_lien_hoa.geojson","boundary_source_page":"https://github.com/thanglequoc/vietnamese-provinces-database/blob/master/json/geojson/25_phu_tho/wards/08812_lien_hoa.geojson","source_catalog":"https://github.com/thanglequoc/vietnamese-provinces-database"},"geometry":null},{"type":"Feature","id":"08824","properties":{"commune_code":"08824","commune_name":"Tam Sơn","commune_name_en":"Tam Son","commune_full_name":"Xã Tam Sơn","commune_full_name_en":"Tam Son Commune","commune_slug":"tam_son","unit_type":"Xã","unit_type_en":"Commune","admin_level":2,"province_code":"25","province_name":"Phú Thọ","province_full_name":"Tỉnh Phú Thọ","province_slug":"phu_tho","join_key":"08824","status":"active","dataset_effective_date":"2026-04-30","catalog_version":"2026-07-12","geometry_status":"not_embedded_boundary_available_by_url","boundary_source_url":"https://raw.githubusercontent.com/thanglequoc/vietnamese-provinces-database/master/json/geojson/25_phu_tho/wards/08824_tam_son.geojson","boundary_source_page":"https://github.com/thanglequoc/vietnamese-provinces-database/blob/master/json/geojson/25_phu_tho/wards/08824_tam_son.geojson","source_catalog":"https://github.com/thanglequoc/vietnamese-provinces-database"},"geometry":null},{"type":"Feature","id":"08842","properties":{"commune_code":"08842","commune_name":"Tiên Lữ","commune_name_en":"Tien Lu","commune_full_name":"Xã Tiên Lữ","commune_full_name_en":"Tien Lu Commune","commune_slug":"tien_lu","unit_type":"Xã","unit_type_en":"Commune","admin_level":2,"province_code":"25","province_name":"Phú Thọ","province_full_name":"Tỉnh Phú Thọ","province_slug":"phu_tho","join_key":"08842","status":"active","dataset_effective_date":"2026-04-30","catalog_version":"2026-07-12","geometry_status":"not_embedded_boundary_available_by_url","boundary_source_url":"https://raw.githubusercontent.com/thanglequoc/vietnamese-provinces-database/master/json/geojson/25_phu_tho/wards/08842_tien_lu.geojson","boundary_source_page":"https://github.com/thanglequoc/vietnamese-provinces-database/blob/master/json/geojson/25_phu_tho/wards/08842_tien_lu.geojson","source_catalog":"https://github.com/thanglequoc/vietnamese-provinces-database"},"geometry":null},{"type":"Feature","id":"08848","properties":{"commune_code":"08848","commune_name":"Sông Lô","commune_name_en":"Song Lo","commune_full_name":"Xã Sông Lô","commune_full_name_en":"Song Lo Commune","commune_slug":"song_lo","unit_type":"Xã","unit_type_en":"Commune","admin_level":2,"province_code":"25","province_name":"Phú Thọ","province_full_name":"Tỉnh Phú Thọ","province_slug":"phu_tho","join_key":"08848","status":"active","dataset_effective_date":"2026-04-30","catalog_version":"2026-07-12","geometry_status":"not_embedded_boundary_available_by_url","boundary_source_url":"https://raw.githubusercontent.com/thanglequoc/vietnamese-provinces-database/master/json/geojson/25_phu_tho/wards/08848_song_lo.geojson","boundary_source_page":"https://github.com/thanglequoc/vietnamese-provinces-database/blob/master/json/geojson/25_phu_tho/wards/08848_song_lo.geojson","source_catalog":"https://github.com/thanglequoc/vietnamese-provinces-database"},"geometry":null},{"type":"Feature","id":"08866","properties":{"commune_code":"08866","commune_name":"Sơn Đông","commune_name_en":"Son Dong","commune_full_name":"Xã Sơn Đông","commune_full_name_en":"Son Dong Commune","commune_slug":"son_dong","unit_type":"Xã","unit_type_en":"Commune","admin_level":2,"province_code":"25","province_name":"Phú Thọ","province_full_name":"Tỉnh Phú Thọ","province_slug":"phu_tho","join_key":"08866","status":"active","dataset_effective_date":"2026-04-30","catalog_version":"2026-07-12","geometry_status":"not_embedded_boundary_available_by_url","boundary_source_url":"https://raw.githubusercontent.com/thanglequoc/vietnamese-provinces-database/master/json/geojson/25_phu_tho/wards/08866_son_dong.geojson","boundary_source_page":"https://github.com/thanglequoc/vietnamese-provinces-database/blob/master/json/geojson/25_phu_tho/wards/08866_son_dong.geojson","source_catalog":"https://github.com/thanglequoc/vietnamese-provinces-database"},"geometry":null},{"type":"Feature","id":"08869","properties":{"commune_code":"08869","commune_name":"Tam Dương","commune_name_en":"Tam Duong","commune_full_name":"Xã Tam Dương","commune_full_name_en":"Tam Duong Commune","commune_slug":"tam_duong","unit_type":"Xã","unit_type_en":"Commune","admin_level":2,"province_code":"25","province_name":"Phú Thọ","province_full_name":"Tỉnh Phú Thọ","province_slug":"phu_tho","join_key":"08869","status":"active","dataset_effective_date":"2026-04-30","catalog_version":"2026-07-12","geometry_status":"not_embedded_boundary_available_by_url","boundary_source_url":"https://raw.githubusercontent.com/thanglequoc/vietnamese-provinces-database/master/json/geojson/25_phu_tho/wards/08869_tam_duong.geojson","boundary_source_page":"https://github.com/thanglequoc/vietnamese-provinces-database/blob/master/json/geojson/25_phu_tho/wards/08869_tam_duong.geojson","source_catalog":"https://github.com/thanglequoc/vietnamese-provinces-database"},"geometry":null},{"type":"Feature","id":"08872","properties":{"commune_code":"08872","commune_name":"Tam Dương Bắc","commune_name_en":"Tam Duong Bac","commune_full_name":"Xã Tam Dương Bắc","commune_full_name_en":"Tam Duong Bac Commune","commune_slug":"tam_duong_bac","unit_type":"Xã","unit_type_en":"Commune","admin_level":2,"province_code":"25","province_name":"Phú Thọ","province_full_name":"Tỉnh Phú Thọ","province_slug":"phu_tho","join_key":"08872","status":"active","dataset_effective_date":"2026-04-30","catalog_version":"2026-07-12","geometry_status":"not_embedded_boundary_available_by_url","boundary_source_url":"https://raw.githubusercontent.com/thanglequoc/vietnamese-provinces-database/master/json/geojson/25_phu_tho/wards/08872_tam_duong_bac.geojson","boundary_source_page":"https://github.com/thanglequoc/vietnamese-provinces-database/blob/master/json/geojson/25_phu_tho/wards/08872_tam_duong_bac.geojson","source_catalog":"https://github.com/thanglequoc/vietnamese-provinces-database"},"geometry":null},{"type":"Feature","id":"08896","properties":{"commune_code":"08896","commune_name":"Hoàng An","commune_name_en":"Hoang An","commune_full_name":"Xã Hoàng An","commune_full_name_en":"Hoang An Commune","commune_slug":"hoang_an","unit_type":"Xã","unit_type_en":"Commune","admin_level":2,"province_code":"25","province_name":"Phú Thọ","province_full_name":"Tỉnh Phú Thọ","province_slug":"phu_tho","join_key":"08896","status":"active","dataset_effective_date":"2026-04-30","catalog_version":"2026-07-12","geometry_status":"not_embedded_boundary_available_by_url","boundary_source_url":"https://raw.githubusercontent.com/thanglequoc/vietnamese-provinces-database/master/json/geojson/25_phu_tho/wards/08896_hoang_an.geojson","boundary_source_page":"https://github.com/thanglequoc/vietnamese-provinces-database/blob/master/json/geojson/25_phu_tho/wards/08896_hoang_an.geojson","source_catalog":"https://github.com/thanglequoc/vietnamese-provinces-database"},"geometry":null},{"type":"Feature","id":"08905","properties":{"commune_code":"08905","commune_name":"Hội Thịnh","commune_name_en":"Hoi Thinh","commune_full_name":"Xã Hội Thịnh","commune_full_name_en":"Hoi Thinh Commune","commune_slug":"hoi_thinh","unit_type":"Xã","unit_type_en":"Commune","admin_level":2,"province_code":"25","province_name":"Phú Thọ","province_full_name":"Tỉnh Phú Thọ","province_slug":"phu_tho","join_key":"08905","status":"active","dataset_effective_date":"2026-04-30","catalog_version":"2026-07-12","geometry_status":"not_embedded_boundary_available_by_url","boundary_source_url":"https://raw.githubusercontent.com/thanglequoc/vietnamese-provinces-database/master/json/geojson/25_phu_tho/wards/08905_hoi_thinh.geojson","boundary_source_page":"https://github.com/thanglequoc/vietnamese-provinces-database/blob/master/json/geojson/25_phu_tho/wards/08905_hoi_thinh.geojson","source_catalog":"https://github.com/thanglequoc/vietnamese-provinces-database"},"geometry":null},{"type":"Feature","id":"08911","properties":{"commune_code":"08911","commune_name":"Tam Đảo","commune_name_en":"Tam Dao","commune_full_name":"Xã Tam Đảo","commune_full_name_en":"Tam Dao Commune","commune_slug":"tam_dao","unit_type":"Xã","unit_type_en":"Commune","admin_level":2,"province_code":"25","province_name":"Phú Thọ","province_full_name":"Tỉnh Phú Thọ","province_slug":"phu_tho","join_key":"08911","status":"active","dataset_effective_date":"2026-04-30","catalog_version":"2026-07-12","geometry_status":"not_embedded_boundary_available_by_url","boundary_source_url":"https://raw.githubusercontent.com/thanglequoc/vietnamese-provinces-database/master/json/geojson/25_phu_tho/wards/08911_tam_dao.geojson","boundary_source_page":"https://github.com/thanglequoc/vietnamese-provinces-database/blob/master/json/geojson/25_phu_tho/wards/08911_tam_dao.geojson","source_catalog":"https://github.com/thanglequoc/vietnamese-provinces-database"},"geometry":null},{"type":"Feature","id":"08914","properties":{"commune_code":"08914","commune_name":"Đạo Trù","commune_name_en":"Dao Tru","commune_full_name":"Xã Đạo Trù","commune_full_name_en":"Dao Tru Commune","commune_slug":"dao_tru","unit_type":"Xã","unit_type_en":"Commune","admin_level":2,"province_code":"25","province_name":"Phú Thọ","province_full_name":"Tỉnh Phú Thọ","province_slug":"phu_tho","join_key":"08914","status":"active","dataset_effective_date":"2026-04-30","catalog_version":"2026-07-12","geometry_status":"not_embedded_boundary_available_by_url","boundary_source_url":"https://raw.githubusercontent.com/thanglequoc/vietnamese-provinces-database/master/json/geojson/25_phu_tho/wards/08914_dao_tru.geojson","boundary_source_page":"https://github.com/thanglequoc/vietnamese-provinces-database/blob/master/json/geojson/25_phu_tho/wards/08914_dao_tru.geojson","source_catalog":"https://github.com/thanglequoc/vietnamese-provinces-database"},"geometry":null},{"type":"Feature","id":"08923","properties":{"commune_code":"08923","commune_name":"Đại Đình","commune_name_en":"Dai Dinh","commune_full_name":"Xã Đại Đình","commune_full_name_en":"Dai Dinh Commune","commune_slug":"dai_dinh","unit_type":"Xã","unit_type_en":"Commune","admin_level":2,"province_code":"25","province_name":"Phú Thọ","province_full_name":"Tỉnh Phú Thọ","province_slug":"phu_tho","join_key":"08923","status":"active","dataset_effective_date":"2026-04-30","catalog_version":"2026-07-12","geometry_status":"not_embedded_boundary_available_by_url","boundary_source_url":"https://raw.githubusercontent.com/thanglequoc/vietnamese-provinces-database/master/json/geojson/25_phu_tho/wards/08923_dai_dinh.geojson","boundary_source_page":"https://github.com/thanglequoc/vietnamese-provinces-database/blob/master/json/geojson/25_phu_tho/wards/08923_dai_dinh.geojson","source_catalog":"https://github.com/thanglequoc/vietnamese-provinces-database"},"geometry":null},{"type":"Feature","id":"08935","properties":{"commune_code":"08935","commune_name":"Bình Nguyên","commune_name_en":"Binh Nguyen","commune_full_name":"Xã Bình Nguyên","commune_full_name_en":"Binh Nguyen Commune","commune_slug":"binh_nguyen","unit_type":"Xã","unit_type_en":"Commune","admin_level":2,"province_code":"25","province_name":"Phú Thọ","province_full_name":"Tỉnh Phú Thọ","province_slug":"phu_tho","join_key":"08935","status":"active","dataset_effective_date":"2026-04-30","catalog_version":"2026-07-12","geometry_status":"not_embedded_boundary_available_by_url","boundary_source_url":"https://raw.githubusercontent.com/thanglequoc/vietnamese-provinces-database/master/json/geojson/25_phu_tho/wards/08935_binh_nguyen.geojson","boundary_source_page":"https://github.com/thanglequoc/vietnamese-provinces-database/blob/master/json/geojson/25_phu_tho/wards/08935_binh_nguyen.geojson","source_catalog":"https://github.com/thanglequoc/vietnamese-provinces-database"},"geometry":null},{"type":"Feature","id":"08944","properties":{"commune_code":"08944","commune_name":"Bình Tuyền","commune_name_en":"Binh Tuyen","commune_full_name":"Xã Bình Tuyền","commune_full_name_en":"Binh Tuyen Commune","commune_slug":"binh_tuyen","unit_type":"Xã","unit_type_en":"Commune","admin_level":2,"province_code":"25","province_name":"Phú Thọ","province_full_name":"Tỉnh Phú Thọ","province_slug":"phu_tho","join_key":"08944","status":"active","dataset_effective_date":"2026-04-30","catalog_version":"2026-07-12","geometry_status":"not_embedded_boundary_available_by_url","boundary_source_url":"https://raw.githubusercontent.com/thanglequoc/vietnamese-provinces-database/master/json/geojson/25_phu_tho/wards/08944_binh_tuyen.geojson","boundary_source_page":"https://github.com/thanglequoc/vietnamese-provinces-database/blob/master/json/geojson/25_phu_tho/wards/08944_binh_tuyen.geojson","source_catalog":"https://github.com/thanglequoc/vietnamese-provinces-database"},"geometry":null},{"type":"Feature","id":"08950","properties":{"commune_code":"08950","commune_name":"Bình Xuyên","commune_name_en":"Binh Xuyen","commune_full_name":"Xã Bình Xuyên","commune_full_name_en":"Binh Xuyen Commune","commune_slug":"binh_xuyen","unit_type":"Xã","unit_type_en":"Commune","admin_level":2,"province_code":"25","province_name":"Phú Thọ","province_full_name":"Tỉnh Phú Thọ","province_slug":"phu_tho","join_key":"08950","status":"active","dataset_effective_date":"2026-04-30","catalog_version":"2026-07-12","geometry_status":"not_embedded_boundary_available_by_url","boundary_source_url":"https://raw.githubusercontent.com/thanglequoc/vietnamese-provinces-database/master/json/geojson/25_phu_tho/wards/08950_binh_xuyen.geojson","boundary_source_page":"https://github.com/thanglequoc/vietnamese-provinces-database/blob/master/json/geojson/25_phu_tho/wards/08950_binh_xuyen.geojson","source_catalog":"https://github.com/thanglequoc/vietnamese-provinces-database"},"geometry":null},{"type":"Feature","id":"08971","properties":{"commune_code":"08971","commune_name":"Xuân Lãng","commune_name_en":"Xuan Lang","commune_full_name":"Xã Xuân Lãng","commune_full_name_en":"Xuan Lang Commune","commune_slug":"xuan_lang","unit_type":"Xã","unit_type_en":"Commune","admin_level":2,"province_code":"25","province_name":"Phú Thọ","province_full_name":"Tỉnh Phú Thọ","province_slug":"phu_tho","join_key":"08971","status":"active","dataset_effective_date":"2026-04-30","catalog_version":"2026-07-12","geometry_status":"not_embedded_boundary_available_by_url","boundary_source_url":"https://raw.githubusercontent.com/thanglequoc/vietnamese-provinces-database/master/json/geojson/25_phu_tho/wards/08971_xuan_lang.geojson","boundary_source_page":"https://github.com/thanglequoc/vietnamese-provinces-database/blob/master/json/geojson/25_phu_tho/wards/08971_xuan_lang.geojson","source_catalog":"https://github.com/thanglequoc/vietnamese-provinces-database"},"geometry":null},{"type":"Feature","id":"09025","properties":{"commune_code":"09025","commune_name":"Yên Lạc","commune_name_en":"Yen Lac","commune_full_name":"Xã Yên Lạc","commune_full_name_en":"Yen Lac Commune","commune_slug":"yen_lac","unit_type":"Xã","unit_type_en":"Commune","admin_level":2,"province_code":"25","province_name":"Phú Thọ","province_full_name":"Tỉnh Phú Thọ","province_slug":"phu_tho","join_key":"09025","status":"active","dataset_effective_date":"2026-04-30","catalog_version":"2026-07-12","geometry_status":"not_embedded_boundary_available_by_url","boundary_source_url":"https://raw.githubusercontent.com/thanglequoc/vietnamese-provinces-database/master/json/geojson/25_phu_tho/wards/09025_yen_lac.geojson","boundary_source_page":"https://github.com/thanglequoc/vietnamese-provinces-database/blob/master/json/geojson/25_phu_tho/wards/09025_yen_lac.geojson","source_catalog":"https://github.com/thanglequoc/vietnamese-provinces-database"},"geometry":null},{"type":"Feature","id":"09040","properties":{"commune_code":"09040","commune_name":"Tề Lỗ","commune_name_en":"Te Lo","commune_full_name":"Xã Tề Lỗ","commune_full_name_en":"Te Lo Commune","commune_slug":"te_lo","unit_type":"Xã","unit_type_en":"Commune","admin_level":2,"province_code":"25","province_name":"Phú Thọ","province_full_name":"Tỉnh Phú Thọ","province_slug":"phu_tho","join_key":"09040","status":"active","dataset_effective_date":"2026-04-30","catalog_version":"2026-07-12","geometry_status":"not_embedded_boundary_available_by_url","boundary_source_url":"https://raw.githubusercontent.com/thanglequoc/vietnamese-provinces-database/master/json/geojson/25_phu_tho/wards/09040_te_lo.geojson","boundary_source_page":"https://github.com/thanglequoc/vietnamese-provinces-database/blob/master/json/geojson/25_phu_tho/wards/09040_te_lo.geojson","source_catalog":"https://github.com/thanglequoc/vietnamese-provinces-database"},"geometry":null},{"type":"Feature","id":"09043","properties":{"commune_code":"09043","commune_name":"Tam Hồng","commune_name_en":"Tam Hong","commune_full_name":"Xã Tam Hồng","commune_full_name_en":"Tam Hong Commune","commune_slug":"tam_hong","unit_type":"Xã","unit_type_en":"Commune","admin_level":2,"province_code":"25","province_name":"Phú Thọ","province_full_name":"Tỉnh Phú Thọ","province_slug":"phu_tho","join_key":"09043","status":"active","dataset_effective_date":"2026-04-30","catalog_version":"2026-07-12","geometry_status":"not_embedded_boundary_available_by_url","boundary_source_url":"https://raw.githubusercontent.com/thanglequoc/vietnamese-provinces-database/master/json/geojson/25_phu_tho/wards/09043_tam_hong.geojson","boundary_source_page":"https://github.com/thanglequoc/vietnamese-provinces-database/blob/master/json/geojson/25_phu_tho/wards/09043_tam_hong.geojson","source_catalog":"https://github.com/thanglequoc/vietnamese-provinces-database"},"geometry":null},{"type":"Feature","id":"09052","properties":{"commune_code":"09052","commune_name":"Nguyệt Đức","commune_name_en":"Nguyet Duc","commune_full_name":"Xã Nguyệt Đức","commune_full_name_en":"Nguyet Duc Commune","commune_slug":"nguyet_duc","unit_type":"Xã","unit_type_en":"Commune","admin_level":2,"province_code":"25","province_name":"Phú Thọ","province_full_name":"Tỉnh Phú Thọ","province_slug":"phu_tho","join_key":"09052","status":"active","dataset_effective_date":"2026-04-30","catalog_version":"2026-07-12","geometry_status":"not_embedded_boundary_available_by_url","boundary_source_url":"https://raw.githubusercontent.com/thanglequoc/vietnamese-provinces-database/master/json/geojson/25_phu_tho/wards/09052_nguyet_duc.geojson","boundary_source_page":"https://github.com/thanglequoc/vietnamese-provinces-database/blob/master/json/geojson/25_phu_tho/wards/09052_nguyet_duc.geojson","source_catalog":"https://github.com/thanglequoc/vietnamese-provinces-database"},"geometry":null},{"type":"Feature","id":"09064","properties":{"commune_code":"09064","commune_name":"Liên Châu","commune_name_en":"Lien Chau","commune_full_name":"Xã Liên Châu","commune_full_name_en":"Lien Chau Commune","commune_slug":"lien_chau","unit_type":"Xã","unit_type_en":"Commune","admin_level":2,"province_code":"25","province_name":"Phú Thọ","province_full_name":"Tỉnh Phú Thọ","province_slug":"phu_tho","join_key":"09064","status":"active","dataset_effective_date":"2026-04-30","catalog_version":"2026-07-12","geometry_status":"not_embedded_boundary_available_by_url","boundary_source_url":"https://raw.githubusercontent.com/thanglequoc/vietnamese-provinces-database/master/json/geojson/25_phu_tho/wards/09064_lien_chau.geojson","boundary_source_page":"https://github.com/thanglequoc/vietnamese-provinces-database/blob/master/json/geojson/25_phu_tho/wards/09064_lien_chau.geojson","source_catalog":"https://github.com/thanglequoc/vietnamese-provinces-database"},"geometry":null},{"type":"Feature","id":"09076","properties":{"commune_code":"09076","commune_name":"Vĩnh Tường","commune_name_en":"Vinh Tuong","commune_full_name":"Xã Vĩnh Tường","commune_full_name_en":"Vinh Tuong Commune","commune_slug":"vinh_tuong","unit_type":"Xã","unit_type_en":"Commune","admin_level":2,"province_code":"25","province_name":"Phú Thọ","province_full_name":"Tỉnh Phú Thọ","province_slug":"phu_tho","join_key":"09076","status":"active","dataset_effective_date":"2026-04-30","catalog_version":"2026-07-12","geometry_status":"not_embedded_boundary_available_by_url","boundary_source_url":"https://raw.githubusercontent.com/thanglequoc/vietnamese-provinces-database/master/json/geojson/25_phu_tho/wards/09076_vinh_tuong.geojson","boundary_source_page":"https://github.com/thanglequoc/vietnamese-provinces-database/blob/master/json/geojson/25_phu_tho/wards/09076_vinh_tuong.geojson","source_catalog":"https://github.com/thanglequoc/vietnamese-provinces-database"},"geometry":null},{"type":"Feature","id":"09079","properties":{"commune_code":"09079","commune_name":"Vĩnh An","commune_name_en":"Vinh An","commune_full_name":"Xã Vĩnh An","commune_full_name_en":"Vinh An Commune","commune_slug":"vinh_an","unit_type":"Xã","unit_type_en":"Commune","admin_level":2,"province_code":"25","province_name":"Phú Thọ","province_full_name":"Tỉnh Phú Thọ","province_slug":"phu_tho","join_key":"09079","status":"active","dataset_effective_date":"2026-04-30","catalog_version":"2026-07-12","geometry_status":"not_embedded_boundary_available_by_url","boundary_source_url":"https://raw.githubusercontent.com/thanglequoc/vietnamese-provinces-database/master/json/geojson/25_phu_tho/wards/09079_vinh_an.geojson","boundary_source_page":"https://github.com/thanglequoc/vietnamese-provinces-database/blob/master/json/geojson/25_phu_tho/wards/09079_vinh_an.geojson","source_catalog":"https://github.com/thanglequoc/vietnamese-provinces-database"},"geometry":null},{"type":"Feature","id":"09100","properties":{"commune_code":"09100","commune_name":"Vĩnh Hưng","commune_name_en":"Vinh Hung","commune_full_name":"Xã Vĩnh Hưng","commune_full_name_en":"Vinh Hung Commune","commune_slug":"vinh_hung","unit_type":"Xã","unit_type_en":"Commune","admin_level":2,"province_code":"25","province_name":"Phú Thọ","province_full_name":"Tỉnh Phú Thọ","province_slug":"phu_tho","join_key":"09100","status":"active","dataset_effective_date":"2026-04-30","catalog_version":"2026-07-12","geometry_status":"not_embedded_boundary_available_by_url","boundary_source_url":"https://raw.githubusercontent.com/thanglequoc/vietnamese-provinces-database/master/json/geojson/25_phu_tho/wards/09100_vinh_hung.geojson","boundary_source_page":"https://github.com/thanglequoc/vietnamese-provinces-database/blob/master/json/geojson/25_phu_tho/wards/09100_vinh_hung.geojson","source_catalog":"https://github.com/thanglequoc/vietnamese-provinces-database"},"geometry":null},{"type":"Feature","id":"09106","properties":{"commune_code":"09106","commune_name":"Vĩnh Thành","commune_name_en":"Vinh Thanh","commune_full_name":"Xã Vĩnh Thành","commune_full_name_en":"Vinh Thanh Commune","commune_slug":"vinh_thanh","unit_type":"Xã","unit_type_en":"Commune","admin_level":2,"province_code":"25","province_name":"Phú Thọ","province_full_name":"Tỉnh Phú Thọ","province_slug":"phu_tho","join_key":"09106","status":"active","dataset_effective_date":"2026-04-30","catalog_version":"2026-07-12","geometry_status":"not_embedded_boundary_available_by_url","boundary_source_url":"https://raw.githubusercontent.com/thanglequoc/vietnamese-provinces-database/master/json/geojson/25_phu_tho/wards/09106_vinh_thanh.geojson","boundary_source_page":"https://github.com/thanglequoc/vietnamese-provinces-database/blob/master/json/geojson/25_phu_tho/wards/09106_vinh_thanh.geojson","source_catalog":"https://github.com/thanglequoc/vietnamese-provinces-database"},"geometry":null},{"type":"Feature","id":"09112","properties":{"commune_code":"09112","commune_name":"Thổ Tang","commune_name_en":"Tho Tang","commune_full_name":"Xã Thổ Tang","commune_full_name_en":"Tho Tang Commune","commune_slug":"tho_tang","unit_type":"Xã","unit_type_en":"Commune","admin_level":2,"province_code":"25","province_name":"Phú Thọ","province_full_name":"Tỉnh Phú Thọ","province_slug":"phu_tho","join_key":"09112","status":"active","dataset_effective_date":"2026-04-30","catalog_version":"2026-07-12","geometry_status":"not_embedded_boundary_available_by_url","boundary_source_url":"https://raw.githubusercontent.com/thanglequoc/vietnamese-provinces-database/master/json/geojson/25_phu_tho/wards/09112_tho_tang.geojson","boundary_source_page":"https://github.com/thanglequoc/vietnamese-provinces-database/blob/master/json/geojson/25_phu_tho/wards/09112_tho_tang.geojson","source_catalog":"https://github.com/thanglequoc/vietnamese-provinces-database"},"geometry":null},{"type":"Feature","id":"09154","properties":{"commune_code":"09154","commune_name":"Vĩnh Phú","commune_name_en":"Vinh Phu","commune_full_name":"Xã Vĩnh Phú","commune_full_name_en":"Vinh Phu Commune","commune_slug":"vinh_phu","unit_type":"Xã","unit_type_en":"Commune","admin_level":2,"province_code":"25","province_name":"Phú Thọ","province_full_name":"Tỉnh Phú Thọ","province_slug":"phu_tho","join_key":"09154","status":"active","dataset_effective_date":"2026-04-30","catalog_version":"2026-07-12","geometry_status":"not_embedded_boundary_available_by_url","boundary_source_url":"https://raw.githubusercontent.com/thanglequoc/vietnamese-provinces-database/master/json/geojson/25_phu_tho/wards/09154_vinh_phu.geojson","boundary_source_page":"https://github.com/thanglequoc/vietnamese-provinces-database/blob/master/json/geojson/25_phu_tho/wards/09154_vinh_phu.geojson","source_catalog":"https://github.com/thanglequoc/vietnamese-provinces-database"},"geometry":null}]}