{"type":"FeatureCollection","name":"31_hai_phong_communes_attributes","metadata":{"province_code":"31","province_name":"Hải Phòng","feature_count":114,"geometry":null,"join_key":"commune_code"},"features":[{"type":"Feature","id":"10507","properties":{"commune_code":"10507","commune_name":"Thành Đông","commune_name_en":"Thanh Dong","commune_full_name":"Phường Thành Đông","commune_full_name_en":"Thanh Dong Ward","commune_slug":"thanh_dong","unit_type":"Phường","unit_type_en":"Ward","admin_level":2,"province_code":"31","province_name":"Hải Phòng","province_full_name":"Thành phố Hải Phòng","province_slug":"hai_phong","join_key":"10507","status":"active","dataset_effective_date":"2026-04-30","catalog_version":"2026-07-12","geometry_status":"not_embedded_boundary_available_by_url","boundary_source_url":"https://raw.githubusercontent.com/thanglequoc/vietnamese-provinces-database/master/json/geojson/31_hai_phong/wards/10507_thanh_dong.geojson","boundary_source_page":"https://github.com/thanglequoc/vietnamese-provinces-database/blob/master/json/geojson/31_hai_phong/wards/10507_thanh_dong.geojson","source_catalog":"https://github.com/thanglequoc/vietnamese-provinces-database"},"geometry":null},{"type":"Feature","id":"10525","properties":{"commune_code":"10525","commune_name":"Hải Dương","commune_name_en":"Hai Duong","commune_full_name":"Phường Hải Dương","commune_full_name_en":"Hai Duong Ward","commune_slug":"hai_duong","unit_type":"Phường","unit_type_en":"Ward","admin_level":2,"province_code":"31","province_name":"Hải Phòng","province_full_name":"Thành phố Hải Phòng","province_slug":"hai_phong","join_key":"10525","status":"active","dataset_effective_date":"2026-04-30","catalog_version":"2026-07-12","geometry_status":"not_embedded_boundary_available_by_url","boundary_source_url":"https://raw.githubusercontent.com/thanglequoc/vietnamese-provinces-database/master/json/geojson/31_hai_phong/wards/10525_hai_duong.geojson","boundary_source_page":"https://github.com/thanglequoc/vietnamese-provinces-database/blob/master/json/geojson/31_hai_phong/wards/10525_hai_duong.geojson","source_catalog":"https://github.com/thanglequoc/vietnamese-provinces-database"},"geometry":null},{"type":"Feature","id":"10532","properties":{"commune_code":"10532","commune_name":"Lê Thanh Nghị","commune_name_en":"Le Thanh Nghi","commune_full_name":"Phường Lê Thanh Nghị","commune_full_name_en":"Le Thanh Nghi Ward","commune_slug":"le_thanh_nghi","unit_type":"Phường","unit_type_en":"Ward","admin_level":2,"province_code":"31","province_name":"Hải Phòng","province_full_name":"Thành phố Hải Phòng","province_slug":"hai_phong","join_key":"10532","status":"active","dataset_effective_date":"2026-04-30","catalog_version":"2026-07-12","geometry_status":"not_embedded_boundary_available_by_url","boundary_source_url":"https://raw.githubusercontent.com/thanglequoc/vietnamese-provinces-database/master/json/geojson/31_hai_phong/wards/10532_le_thanh_nghi.geojson","boundary_source_page":"https://github.com/thanglequoc/vietnamese-provinces-database/blob/master/json/geojson/31_hai_phong/wards/10532_le_thanh_nghi.geojson","source_catalog":"https://github.com/thanglequoc/vietnamese-provinces-database"},"geometry":null},{"type":"Feature","id":"10537","properties":{"commune_code":"10537","commune_name":"Tân Hưng","commune_name_en":"Tan Hung","commune_full_name":"Phường Tân Hưng","commune_full_name_en":"Tan Hung Ward","commune_slug":"tan_hung","unit_type":"Phường","unit_type_en":"Ward","admin_level":2,"province_code":"31","province_name":"Hải Phòng","province_full_name":"Thành phố Hải Phòng","province_slug":"hai_phong","join_key":"10537","status":"active","dataset_effective_date":"2026-04-30","catalog_version":"2026-07-12","geometry_status":"not_embedded_boundary_available_by_url","boundary_source_url":"https://raw.githubusercontent.com/thanglequoc/vietnamese-provinces-database/master/json/geojson/31_hai_phong/wards/10537_tan_hung.geojson","boundary_source_page":"https://github.com/thanglequoc/vietnamese-provinces-database/blob/master/json/geojson/31_hai_phong/wards/10537_tan_hung.geojson","source_catalog":"https://github.com/thanglequoc/vietnamese-provinces-database"},"geometry":null},{"type":"Feature","id":"10543","properties":{"commune_code":"10543","commune_name":"Việt Hoà","commune_name_en":"Viet Hoa","commune_full_name":"Phường Việt Hoà","commune_full_name_en":"Viet Hoa Ward","commune_slug":"viet_hoa","unit_type":"Phường","unit_type_en":"Ward","admin_level":2,"province_code":"31","province_name":"Hải Phòng","province_full_name":"Thành phố Hải Phòng","province_slug":"hai_phong","join_key":"10543","status":"active","dataset_effective_date":"2026-04-30","catalog_version":"2026-07-12","geometry_status":"not_embedded_boundary_available_by_url","boundary_source_url":"https://raw.githubusercontent.com/thanglequoc/vietnamese-provinces-database/master/json/geojson/31_hai_phong/wards/10543_viet_hoa.geojson","boundary_source_page":"https://github.com/thanglequoc/vietnamese-provinces-database/blob/master/json/geojson/31_hai_phong/wards/10543_viet_hoa.geojson","source_catalog":"https://github.com/thanglequoc/vietnamese-provinces-database"},"geometry":null},{"type":"Feature","id":"10546","properties":{"commune_code":"10546","commune_name":"Chí Linh","commune_name_en":"Chi Linh","commune_full_name":"Phường Chí Linh","commune_full_name_en":"Chi Linh Ward","commune_slug":"chi_linh","unit_type":"Phường","unit_type_en":"Ward","admin_level":2,"province_code":"31","province_name":"Hải Phòng","province_full_name":"Thành phố Hải Phòng","province_slug":"hai_phong","join_key":"10546","status":"active","dataset_effective_date":"2026-04-30","catalog_version":"2026-07-12","geometry_status":"not_embedded_boundary_available_by_url","boundary_source_url":"https://raw.githubusercontent.com/thanglequoc/vietnamese-provinces-database/master/json/geojson/31_hai_phong/wards/10546_chi_linh.geojson","boundary_source_page":"https://github.com/thanglequoc/vietnamese-provinces-database/blob/master/json/geojson/31_hai_phong/wards/10546_chi_linh.geojson","source_catalog":"https://github.com/thanglequoc/vietnamese-provinces-database"},"geometry":null},{"type":"Feature","id":"10549","properties":{"commune_code":"10549","commune_name":"Chu Văn An","commune_name_en":"Chu Van An","commune_full_name":"Phường Chu Văn An","commune_full_name_en":"Chu Van An Ward","commune_slug":"chu_van_an","unit_type":"Phường","unit_type_en":"Ward","admin_level":2,"province_code":"31","province_name":"Hải Phòng","province_full_name":"Thành phố Hải Phòng","province_slug":"hai_phong","join_key":"10549","status":"active","dataset_effective_date":"2026-04-30","catalog_version":"2026-07-12","geometry_status":"not_embedded_boundary_available_by_url","boundary_source_url":"https://raw.githubusercontent.com/thanglequoc/vietnamese-provinces-database/master/json/geojson/31_hai_phong/wards/10549_chu_van_an.geojson","boundary_source_page":"https://github.com/thanglequoc/vietnamese-provinces-database/blob/master/json/geojson/31_hai_phong/wards/10549_chu_van_an.geojson","source_catalog":"https://github.com/thanglequoc/vietnamese-provinces-database"},"geometry":null},{"type":"Feature","id":"10552","properties":{"commune_code":"10552","commune_name":"Nguyễn Trãi","commune_name_en":"Nguyen Trai","commune_full_name":"Phường Nguyễn Trãi","commune_full_name_en":"Nguyen Trai Ward","commune_slug":"nguyen_trai","unit_type":"Phường","unit_type_en":"Ward","admin_level":2,"province_code":"31","province_name":"Hải Phòng","province_full_name":"Thành phố Hải Phòng","province_slug":"hai_phong","join_key":"10552","status":"active","dataset_effective_date":"2026-04-30","catalog_version":"2026-07-12","geometry_status":"not_embedded_boundary_available_by_url","boundary_source_url":"https://raw.githubusercontent.com/thanglequoc/vietnamese-provinces-database/master/json/geojson/31_hai_phong/wards/10552_nguyen_trai.geojson","boundary_source_page":"https://github.com/thanglequoc/vietnamese-provinces-database/blob/master/json/geojson/31_hai_phong/wards/10552_nguyen_trai.geojson","source_catalog":"https://github.com/thanglequoc/vietnamese-provinces-database"},"geometry":null},{"type":"Feature","id":"10570","properties":{"commune_code":"10570","commune_name":"Trần Hưng Đạo","commune_name_en":"Tran Hung Dao","commune_full_name":"Phường Trần Hưng Đạo","commune_full_name_en":"Tran Hung Dao Ward","commune_slug":"tran_hung_dao","unit_type":"Phường","unit_type_en":"Ward","admin_level":2,"province_code":"31","province_name":"Hải Phòng","province_full_name":"Thành phố Hải Phòng","province_slug":"hai_phong","join_key":"10570","status":"active","dataset_effective_date":"2026-04-30","catalog_version":"2026-07-12","geometry_status":"not_embedded_boundary_available_by_url","boundary_source_url":"https://raw.githubusercontent.com/thanglequoc/vietnamese-provinces-database/master/json/geojson/31_hai_phong/wards/10570_tran_hung_dao.geojson","boundary_source_page":"https://github.com/thanglequoc/vietnamese-provinces-database/blob/master/json/geojson/31_hai_phong/wards/10570_tran_hung_dao.geojson","source_catalog":"https://github.com/thanglequoc/vietnamese-provinces-database"},"geometry":null},{"type":"Feature","id":"10573","properties":{"commune_code":"10573","commune_name":"Trần Nhân Tông","commune_name_en":"Tran Nhan Tong","commune_full_name":"Phường Trần Nhân Tông","commune_full_name_en":"Tran Nhan Tong Ward","commune_slug":"tran_nhan_tong","unit_type":"Phường","unit_type_en":"Ward","admin_level":2,"province_code":"31","province_name":"Hải Phòng","province_full_name":"Thành phố Hải Phòng","province_slug":"hai_phong","join_key":"10573","status":"active","dataset_effective_date":"2026-04-30","catalog_version":"2026-07-12","geometry_status":"not_embedded_boundary_available_by_url","boundary_source_url":"https://raw.githubusercontent.com/thanglequoc/vietnamese-provinces-database/master/json/geojson/31_hai_phong/wards/10573_tran_nhan_tong.geojson","boundary_source_page":"https://github.com/thanglequoc/vietnamese-provinces-database/blob/master/json/geojson/31_hai_phong/wards/10573_tran_nhan_tong.geojson","source_catalog":"https://github.com/thanglequoc/vietnamese-provinces-database"},"geometry":null},{"type":"Feature","id":"10603","properties":{"commune_code":"10603","commune_name":"Lê Đại Hành","commune_name_en":"Le Dai Hanh","commune_full_name":"Phường Lê Đại Hành","commune_full_name_en":"Le Dai Hanh Ward","commune_slug":"le_dai_hanh","unit_type":"Phường","unit_type_en":"Ward","admin_level":2,"province_code":"31","province_name":"Hải Phòng","province_full_name":"Thành phố Hải Phòng","province_slug":"hai_phong","join_key":"10603","status":"active","dataset_effective_date":"2026-04-30","catalog_version":"2026-07-12","geometry_status":"not_embedded_boundary_available_by_url","boundary_source_url":"https://raw.githubusercontent.com/thanglequoc/vietnamese-provinces-database/master/json/geojson/31_hai_phong/wards/10603_le_dai_hanh.geojson","boundary_source_page":"https://github.com/thanglequoc/vietnamese-provinces-database/blob/master/json/geojson/31_hai_phong/wards/10603_le_dai_hanh.geojson","source_catalog":"https://github.com/thanglequoc/vietnamese-provinces-database"},"geometry":null},{"type":"Feature","id":"10606","properties":{"commune_code":"10606","commune_name":"Nam Sách","commune_name_en":"Nam Sach","commune_full_name":"Xã Nam Sách","commune_full_name_en":"Nam Sach Commune","commune_slug":"nam_sach","unit_type":"Xã","unit_type_en":"Commune","admin_level":2,"province_code":"31","province_name":"Hải Phòng","province_full_name":"Thành phố Hải Phòng","province_slug":"hai_phong","join_key":"10606","status":"active","dataset_effective_date":"2026-04-30","catalog_version":"2026-07-12","geometry_status":"not_embedded_boundary_available_by_url","boundary_source_url":"https://raw.githubusercontent.com/thanglequoc/vietnamese-provinces-database/master/json/geojson/31_hai_phong/wards/10606_nam_sach.geojson","boundary_source_page":"https://github.com/thanglequoc/vietnamese-provinces-database/blob/master/json/geojson/31_hai_phong/wards/10606_nam_sach.geojson","source_catalog":"https://github.com/thanglequoc/vietnamese-provinces-database"},"geometry":null},{"type":"Feature","id":"10615","properties":{"commune_code":"10615","commune_name":"Hợp Tiến","commune_name_en":"Hop Tien","commune_full_name":"Xã Hợp Tiến","commune_full_name_en":"Hop Tien Commune","commune_slug":"hop_tien","unit_type":"Xã","unit_type_en":"Commune","admin_level":2,"province_code":"31","province_name":"Hải Phòng","province_full_name":"Thành phố Hải Phòng","province_slug":"hai_phong","join_key":"10615","status":"active","dataset_effective_date":"2026-04-30","catalog_version":"2026-07-12","geometry_status":"not_embedded_boundary_available_by_url","boundary_source_url":"https://raw.githubusercontent.com/thanglequoc/vietnamese-provinces-database/master/json/geojson/31_hai_phong/wards/10615_hop_tien.geojson","boundary_source_page":"https://github.com/thanglequoc/vietnamese-provinces-database/blob/master/json/geojson/31_hai_phong/wards/10615_hop_tien.geojson","source_catalog":"https://github.com/thanglequoc/vietnamese-provinces-database"},"geometry":null},{"type":"Feature","id":"10633","properties":{"commune_code":"10633","commune_name":"Trần Phú","commune_name_en":"Tran Phu","commune_full_name":"Xã Trần Phú","commune_full_name_en":"Tran Phu Commune","commune_slug":"tran_phu","unit_type":"Xã","unit_type_en":"Commune","admin_level":2,"province_code":"31","province_name":"Hải Phòng","province_full_name":"Thành phố Hải Phòng","province_slug":"hai_phong","join_key":"10633","status":"active","dataset_effective_date":"2026-04-30","catalog_version":"2026-07-12","geometry_status":"not_embedded_boundary_available_by_url","boundary_source_url":"https://raw.githubusercontent.com/thanglequoc/vietnamese-provinces-database/master/json/geojson/31_hai_phong/wards/10633_tran_phu.geojson","boundary_source_page":"https://github.com/thanglequoc/vietnamese-provinces-database/blob/master/json/geojson/31_hai_phong/wards/10633_tran_phu.geojson","source_catalog":"https://github.com/thanglequoc/vietnamese-provinces-database"},"geometry":null},{"type":"Feature","id":"10642","properties":{"commune_code":"10642","commune_name":"Thái Tân","commune_name_en":"Thai Tan","commune_full_name":"Xã Thái Tân","commune_full_name_en":"Thai Tan Commune","commune_slug":"thai_tan","unit_type":"Xã","unit_type_en":"Commune","admin_level":2,"province_code":"31","province_name":"Hải Phòng","province_full_name":"Thành phố Hải Phòng","province_slug":"hai_phong","join_key":"10642","status":"active","dataset_effective_date":"2026-04-30","catalog_version":"2026-07-12","geometry_status":"not_embedded_boundary_available_by_url","boundary_source_url":"https://raw.githubusercontent.com/thanglequoc/vietnamese-provinces-database/master/json/geojson/31_hai_phong/wards/10642_thai_tan.geojson","boundary_source_page":"https://github.com/thanglequoc/vietnamese-provinces-database/blob/master/json/geojson/31_hai_phong/wards/10642_thai_tan.geojson","source_catalog":"https://github.com/thanglequoc/vietnamese-provinces-database"},"geometry":null},{"type":"Feature","id":"10645","properties":{"commune_code":"10645","commune_name":"An Phú","commune_name_en":"An Phu","commune_full_name":"Xã An Phú","commune_full_name_en":"An Phu Commune","commune_slug":"an_phu","unit_type":"Xã","unit_type_en":"Commune","admin_level":2,"province_code":"31","province_name":"Hải Phòng","province_full_name":"Thành phố Hải Phòng","province_slug":"hai_phong","join_key":"10645","status":"active","dataset_effective_date":"2026-04-30","catalog_version":"2026-07-12","geometry_status":"not_embedded_boundary_available_by_url","boundary_source_url":"https://raw.githubusercontent.com/thanglequoc/vietnamese-provinces-database/master/json/geojson/31_hai_phong/wards/10645_an_phu.geojson","boundary_source_page":"https://github.com/thanglequoc/vietnamese-provinces-database/blob/master/json/geojson/31_hai_phong/wards/10645_an_phu.geojson","source_catalog":"https://github.com/thanglequoc/vietnamese-provinces-database"},"geometry":null},{"type":"Feature","id":"10660","properties":{"commune_code":"10660","commune_name":"Ái Quốc","commune_name_en":"Ai Quoc","commune_full_name":"Phường Ái Quốc","commune_full_name_en":"Ai Quoc Ward","commune_slug":"ai_quoc","unit_type":"Phường","unit_type_en":"Ward","admin_level":2,"province_code":"31","province_name":"Hải Phòng","province_full_name":"Thành phố Hải Phòng","province_slug":"hai_phong","join_key":"10660","status":"active","dataset_effective_date":"2026-04-30","catalog_version":"2026-07-12","geometry_status":"not_embedded_boundary_available_by_url","boundary_source_url":"https://raw.githubusercontent.com/thanglequoc/vietnamese-provinces-database/master/json/geojson/31_hai_phong/wards/10660_ai_quoc.geojson","boundary_source_page":"https://github.com/thanglequoc/vietnamese-provinces-database/blob/master/json/geojson/31_hai_phong/wards/10660_ai_quoc.geojson","source_catalog":"https://github.com/thanglequoc/vietnamese-provinces-database"},"geometry":null},{"type":"Feature","id":"10675","properties":{"commune_code":"10675","commune_name":"Kinh Môn","commune_name_en":"Kinh Mon","commune_full_name":"Phường Kinh Môn","commune_full_name_en":"Kinh Mon Ward","commune_slug":"kinh_mon","unit_type":"Phường","unit_type_en":"Ward","admin_level":2,"province_code":"31","province_name":"Hải Phòng","province_full_name":"Thành phố Hải Phòng","province_slug":"hai_phong","join_key":"10675","status":"active","dataset_effective_date":"2026-04-30","catalog_version":"2026-07-12","geometry_status":"not_embedded_boundary_available_by_url","boundary_source_url":"https://raw.githubusercontent.com/thanglequoc/vietnamese-provinces-database/master/json/geojson/31_hai_phong/wards/10675_kinh_mon.geojson","boundary_source_page":"https://github.com/thanglequoc/vietnamese-provinces-database/blob/master/json/geojson/31_hai_phong/wards/10675_kinh_mon.geojson","source_catalog":"https://github.com/thanglequoc/vietnamese-provinces-database"},"geometry":null},{"type":"Feature","id":"10678","properties":{"commune_code":"10678","commune_name":"Bắc An Phụ","commune_name_en":"Bac An Phu","commune_full_name":"Phường Bắc An Phụ","commune_full_name_en":"Bac An Phu Ward","commune_slug":"bac_an_phu","unit_type":"Phường","unit_type_en":"Ward","admin_level":2,"province_code":"31","province_name":"Hải Phòng","province_full_name":"Thành phố Hải Phòng","province_slug":"hai_phong","join_key":"10678","status":"active","dataset_effective_date":"2026-04-30","catalog_version":"2026-07-12","geometry_status":"not_embedded_boundary_available_by_url","boundary_source_url":"https://raw.githubusercontent.com/thanglequoc/vietnamese-provinces-database/master/json/geojson/31_hai_phong/wards/10678_bac_an_phu.geojson","boundary_source_page":"https://github.com/thanglequoc/vietnamese-provinces-database/blob/master/json/geojson/31_hai_phong/wards/10678_bac_an_phu.geojson","source_catalog":"https://github.com/thanglequoc/vietnamese-provinces-database"},"geometry":null},{"type":"Feature","id":"10705","properties":{"commune_code":"10705","commune_name":"Nam An Phụ","commune_name_en":"Nam An Phu","commune_full_name":"Xã Nam An Phụ","commune_full_name_en":"Nam An Phu Commune","commune_slug":"nam_an_phu","unit_type":"Xã","unit_type_en":"Commune","admin_level":2,"province_code":"31","province_name":"Hải Phòng","province_full_name":"Thành phố Hải Phòng","province_slug":"hai_phong","join_key":"10705","status":"active","dataset_effective_date":"2026-04-30","catalog_version":"2026-07-12","geometry_status":"not_embedded_boundary_available_by_url","boundary_source_url":"https://raw.githubusercontent.com/thanglequoc/vietnamese-provinces-database/master/json/geojson/31_hai_phong/wards/10705_nam_an_phu.geojson","boundary_source_page":"https://github.com/thanglequoc/vietnamese-provinces-database/blob/master/json/geojson/31_hai_phong/wards/10705_nam_an_phu.geojson","source_catalog":"https://github.com/thanglequoc/vietnamese-provinces-database"},"geometry":null},{"type":"Feature","id":"10714","properties":{"commune_code":"10714","commune_name":"Nhị Chiểu","commune_name_en":"Nhi Chieu","commune_full_name":"Phường Nhị Chiểu","commune_full_name_en":"Nhi Chieu Ward","commune_slug":"nhi_chieu","unit_type":"Phường","unit_type_en":"Ward","admin_level":2,"province_code":"31","province_name":"Hải Phòng","province_full_name":"Thành phố Hải Phòng","province_slug":"hai_phong","join_key":"10714","status":"active","dataset_effective_date":"2026-04-30","catalog_version":"2026-07-12","geometry_status":"not_embedded_boundary_available_by_url","boundary_source_url":"https://raw.githubusercontent.com/thanglequoc/vietnamese-provinces-database/master/json/geojson/31_hai_phong/wards/10714_nhi_chieu.geojson","boundary_source_page":"https://github.com/thanglequoc/vietnamese-provinces-database/blob/master/json/geojson/31_hai_phong/wards/10714_nhi_chieu.geojson","source_catalog":"https://github.com/thanglequoc/vietnamese-provinces-database"},"geometry":null},{"type":"Feature","id":"10726","properties":{"commune_code":"10726","commune_name":"Phạm Sư Mạnh","commune_name_en":"Pham Su Manh","commune_full_name":"Phường Phạm Sư Mạnh","commune_full_name_en":"Pham Su Manh Ward","commune_slug":"pham_su_manh","unit_type":"Phường","unit_type_en":"Ward","admin_level":2,"province_code":"31","province_name":"Hải Phòng","province_full_name":"Thành phố Hải Phòng","province_slug":"hai_phong","join_key":"10726","status":"active","dataset_effective_date":"2026-04-30","catalog_version":"2026-07-12","geometry_status":"not_embedded_boundary_available_by_url","boundary_source_url":"https://raw.githubusercontent.com/thanglequoc/vietnamese-provinces-database/master/json/geojson/31_hai_phong/wards/10726_pham_su_manh.geojson","boundary_source_page":"https://github.com/thanglequoc/vietnamese-provinces-database/blob/master/json/geojson/31_hai_phong/wards/10726_pham_su_manh.geojson","source_catalog":"https://github.com/thanglequoc/vietnamese-provinces-database"},"geometry":null},{"type":"Feature","id":"10729","properties":{"commune_code":"10729","commune_name":"Trần Liễu","commune_name_en":"Tran Lieu","commune_full_name":"Phường Trần Liễu","commune_full_name_en":"Tran Lieu Ward","commune_slug":"tran_lieu","unit_type":"Phường","unit_type_en":"Ward","admin_level":2,"province_code":"31","province_name":"Hải Phòng","province_full_name":"Thành phố Hải Phòng","province_slug":"hai_phong","join_key":"10729","status":"active","dataset_effective_date":"2026-04-30","catalog_version":"2026-07-12","geometry_status":"not_embedded_boundary_available_by_url","boundary_source_url":"https://raw.githubusercontent.com/thanglequoc/vietnamese-provinces-database/master/json/geojson/31_hai_phong/wards/10729_tran_lieu.geojson","boundary_source_page":"https://github.com/thanglequoc/vietnamese-provinces-database/blob/master/json/geojson/31_hai_phong/wards/10729_tran_lieu.geojson","source_catalog":"https://github.com/thanglequoc/vietnamese-provinces-database"},"geometry":null},{"type":"Feature","id":"10744","properties":{"commune_code":"10744","commune_name":"Nguyễn Đại Năng","commune_name_en":"Nguyen Dai Nang","commune_full_name":"Phường Nguyễn Đại Năng","commune_full_name_en":"Nguyen Dai Nang Ward","commune_slug":"nguyen_dai_nang","unit_type":"Phường","unit_type_en":"Ward","admin_level":2,"province_code":"31","province_name":"Hải Phòng","province_full_name":"Thành phố Hải Phòng","province_slug":"hai_phong","join_key":"10744","status":"active","dataset_effective_date":"2026-04-30","catalog_version":"2026-07-12","geometry_status":"not_embedded_boundary_available_by_url","boundary_source_url":"https://raw.githubusercontent.com/thanglequoc/vietnamese-provinces-database/master/json/geojson/31_hai_phong/wards/10744_nguyen_dai_nang.geojson","boundary_source_page":"https://github.com/thanglequoc/vietnamese-provinces-database/blob/master/json/geojson/31_hai_phong/wards/10744_nguyen_dai_nang.geojson","source_catalog":"https://github.com/thanglequoc/vietnamese-provinces-database"},"geometry":null},{"type":"Feature","id":"10750","properties":{"commune_code":"10750","commune_name":"Phú Thái","commune_name_en":"Phu Thai","commune_full_name":"Xã Phú Thái","commune_full_name_en":"Phu Thai Commune","commune_slug":"phu_thai","unit_type":"Xã","unit_type_en":"Commune","admin_level":2,"province_code":"31","province_name":"Hải Phòng","province_full_name":"Thành phố Hải Phòng","province_slug":"hai_phong","join_key":"10750","status":"active","dataset_effective_date":"2026-04-30","catalog_version":"2026-07-12","geometry_status":"not_embedded_boundary_available_by_url","boundary_source_url":"https://raw.githubusercontent.com/thanglequoc/vietnamese-provinces-database/master/json/geojson/31_hai_phong/wards/10750_phu_thai.geojson","boundary_source_page":"https://github.com/thanglequoc/vietnamese-provinces-database/blob/master/json/geojson/31_hai_phong/wards/10750_phu_thai.geojson","source_catalog":"https://github.com/thanglequoc/vietnamese-provinces-database"},"geometry":null},{"type":"Feature","id":"10756","properties":{"commune_code":"10756","commune_name":"Lai Khê","commune_name_en":"Lai Khe","commune_full_name":"Xã Lai Khê","commune_full_name_en":"Lai Khe Commune","commune_slug":"lai_khe","unit_type":"Xã","unit_type_en":"Commune","admin_level":2,"province_code":"31","province_name":"Hải Phòng","province_full_name":"Thành phố Hải Phòng","province_slug":"hai_phong","join_key":"10756","status":"active","dataset_effective_date":"2026-04-30","catalog_version":"2026-07-12","geometry_status":"not_embedded_boundary_available_by_url","boundary_source_url":"https://raw.githubusercontent.com/thanglequoc/vietnamese-provinces-database/master/json/geojson/31_hai_phong/wards/10756_lai_khe.geojson","boundary_source_page":"https://github.com/thanglequoc/vietnamese-provinces-database/blob/master/json/geojson/31_hai_phong/wards/10756_lai_khe.geojson","source_catalog":"https://github.com/thanglequoc/vietnamese-provinces-database"},"geometry":null},{"type":"Feature","id":"10792","properties":{"commune_code":"10792","commune_name":"An Thành","commune_name_en":"An Thanh","commune_full_name":"Xã An Thành","commune_full_name_en":"An Thanh Commune","commune_slug":"an_thanh","unit_type":"Xã","unit_type_en":"Commune","admin_level":2,"province_code":"31","province_name":"Hải Phòng","province_full_name":"Thành phố Hải Phòng","province_slug":"hai_phong","join_key":"10792","status":"active","dataset_effective_date":"2026-04-30","catalog_version":"2026-07-12","geometry_status":"not_embedded_boundary_available_by_url","boundary_source_url":"https://raw.githubusercontent.com/thanglequoc/vietnamese-provinces-database/master/json/geojson/31_hai_phong/wards/10792_an_thanh.geojson","boundary_source_page":"https://github.com/thanglequoc/vietnamese-provinces-database/blob/master/json/geojson/31_hai_phong/wards/10792_an_thanh.geojson","source_catalog":"https://github.com/thanglequoc/vietnamese-provinces-database"},"geometry":null},{"type":"Feature","id":"10804","properties":{"commune_code":"10804","commune_name":"Kim Thành","commune_name_en":"Kim Thanh","commune_full_name":"Xã Kim Thành","commune_full_name_en":"Kim Thanh Commune","commune_slug":"kim_thanh","unit_type":"Xã","unit_type_en":"Commune","admin_level":2,"province_code":"31","province_name":"Hải Phòng","province_full_name":"Thành phố Hải Phòng","province_slug":"hai_phong","join_key":"10804","status":"active","dataset_effective_date":"2026-04-30","catalog_version":"2026-07-12","geometry_status":"not_embedded_boundary_available_by_url","boundary_source_url":"https://raw.githubusercontent.com/thanglequoc/vietnamese-provinces-database/master/json/geojson/31_hai_phong/wards/10804_kim_thanh.geojson","boundary_source_page":"https://github.com/thanglequoc/vietnamese-provinces-database/blob/master/json/geojson/31_hai_phong/wards/10804_kim_thanh.geojson","source_catalog":"https://github.com/thanglequoc/vietnamese-provinces-database"},"geometry":null},{"type":"Feature","id":"10813","properties":{"commune_code":"10813","commune_name":"Thanh Hà","commune_name_en":"Thanh Ha","commune_full_name":"Xã Thanh Hà","commune_full_name_en":"Thanh Ha Commune","commune_slug":"thanh_ha","unit_type":"Xã","unit_type_en":"Commune","admin_level":2,"province_code":"31","province_name":"Hải Phòng","province_full_name":"Thành phố Hải Phòng","province_slug":"hai_phong","join_key":"10813","status":"active","dataset_effective_date":"2026-04-30","catalog_version":"2026-07-12","geometry_status":"not_embedded_boundary_available_by_url","boundary_source_url":"https://raw.githubusercontent.com/thanglequoc/vietnamese-provinces-database/master/json/geojson/31_hai_phong/wards/10813_thanh_ha.geojson","boundary_source_page":"https://github.com/thanglequoc/vietnamese-provinces-database/blob/master/json/geojson/31_hai_phong/wards/10813_thanh_ha.geojson","source_catalog":"https://github.com/thanglequoc/vietnamese-provinces-database"},"geometry":null},{"type":"Feature","id":"10816","properties":{"commune_code":"10816","commune_name":"Hà Bắc","commune_name_en":"Ha Bac","commune_full_name":"Xã Hà Bắc","commune_full_name_en":"Ha Bac Commune","commune_slug":"ha_bac","unit_type":"Xã","unit_type_en":"Commune","admin_level":2,"province_code":"31","province_name":"Hải Phòng","province_full_name":"Thành phố Hải Phòng","province_slug":"hai_phong","join_key":"10816","status":"active","dataset_effective_date":"2026-04-30","catalog_version":"2026-07-12","geometry_status":"not_embedded_boundary_available_by_url","boundary_source_url":"https://raw.githubusercontent.com/thanglequoc/vietnamese-provinces-database/master/json/geojson/31_hai_phong/wards/10816_ha_bac.geojson","boundary_source_page":"https://github.com/thanglequoc/vietnamese-provinces-database/blob/master/json/geojson/31_hai_phong/wards/10816_ha_bac.geojson","source_catalog":"https://github.com/thanglequoc/vietnamese-provinces-database"},"geometry":null},{"type":"Feature","id":"10837","properties":{"commune_code":"10837","commune_name":"Nam Đồng","commune_name_en":"Nam Dong","commune_full_name":"Phường Nam Đồng","commune_full_name_en":"Nam Dong Ward","commune_slug":"nam_dong","unit_type":"Phường","unit_type_en":"Ward","admin_level":2,"province_code":"31","province_name":"Hải Phòng","province_full_name":"Thành phố Hải Phòng","province_slug":"hai_phong","join_key":"10837","status":"active","dataset_effective_date":"2026-04-30","catalog_version":"2026-07-12","geometry_status":"not_embedded_boundary_available_by_url","boundary_source_url":"https://raw.githubusercontent.com/thanglequoc/vietnamese-provinces-database/master/json/geojson/31_hai_phong/wards/10837_nam_dong.geojson","boundary_source_page":"https://github.com/thanglequoc/vietnamese-provinces-database/blob/master/json/geojson/31_hai_phong/wards/10837_nam_dong.geojson","source_catalog":"https://github.com/thanglequoc/vietnamese-provinces-database"},"geometry":null},{"type":"Feature","id":"10843","properties":{"commune_code":"10843","commune_name":"Hà Nam","commune_name_en":"Ha Nam","commune_full_name":"Xã Hà Nam","commune_full_name_en":"Ha Nam Commune","commune_slug":"ha_nam","unit_type":"Xã","unit_type_en":"Commune","admin_level":2,"province_code":"31","province_name":"Hải Phòng","province_full_name":"Thành phố Hải Phòng","province_slug":"hai_phong","join_key":"10843","status":"active","dataset_effective_date":"2026-04-30","catalog_version":"2026-07-12","geometry_status":"not_embedded_boundary_available_by_url","boundary_source_url":"https://raw.githubusercontent.com/thanglequoc/vietnamese-provinces-database/master/json/geojson/31_hai_phong/wards/10843_ha_nam.geojson","boundary_source_page":"https://github.com/thanglequoc/vietnamese-provinces-database/blob/master/json/geojson/31_hai_phong/wards/10843_ha_nam.geojson","source_catalog":"https://github.com/thanglequoc/vietnamese-provinces-database"},"geometry":null},{"type":"Feature","id":"10846","properties":{"commune_code":"10846","commune_name":"Hà Tây","commune_name_en":"Ha Tay","commune_full_name":"Xã Hà Tây","commune_full_name_en":"Ha Tay Commune","commune_slug":"ha_tay","unit_type":"Xã","unit_type_en":"Commune","admin_level":2,"province_code":"31","province_name":"Hải Phòng","province_full_name":"Thành phố Hải Phòng","province_slug":"hai_phong","join_key":"10846","status":"active","dataset_effective_date":"2026-04-30","catalog_version":"2026-07-12","geometry_status":"not_embedded_boundary_available_by_url","boundary_source_url":"https://raw.githubusercontent.com/thanglequoc/vietnamese-provinces-database/master/json/geojson/31_hai_phong/wards/10846_ha_tay.geojson","boundary_source_page":"https://github.com/thanglequoc/vietnamese-provinces-database/blob/master/json/geojson/31_hai_phong/wards/10846_ha_tay.geojson","source_catalog":"https://github.com/thanglequoc/vietnamese-provinces-database"},"geometry":null},{"type":"Feature","id":"10882","properties":{"commune_code":"10882","commune_name":"Hà Đông","commune_name_en":"Ha Dong","commune_full_name":"Xã Hà Đông","commune_full_name_en":"Ha Dong Commune","commune_slug":"ha_dong","unit_type":"Xã","unit_type_en":"Commune","admin_level":2,"province_code":"31","province_name":"Hải Phòng","province_full_name":"Thành phố Hải Phòng","province_slug":"hai_phong","join_key":"10882","status":"active","dataset_effective_date":"2026-04-30","catalog_version":"2026-07-12","geometry_status":"not_embedded_boundary_available_by_url","boundary_source_url":"https://raw.githubusercontent.com/thanglequoc/vietnamese-provinces-database/master/json/geojson/31_hai_phong/wards/10882_ha_dong.geojson","boundary_source_page":"https://github.com/thanglequoc/vietnamese-provinces-database/blob/master/json/geojson/31_hai_phong/wards/10882_ha_dong.geojson","source_catalog":"https://github.com/thanglequoc/vietnamese-provinces-database"},"geometry":null},{"type":"Feature","id":"10888","properties":{"commune_code":"10888","commune_name":"Cẩm Giang","commune_name_en":"Cam Giang","commune_full_name":"Xã Cẩm Giang","commune_full_name_en":"Cam Giang Commune","commune_slug":"cam_giang","unit_type":"Xã","unit_type_en":"Commune","admin_level":2,"province_code":"31","province_name":"Hải Phòng","province_full_name":"Thành phố Hải Phòng","province_slug":"hai_phong","join_key":"10888","status":"active","dataset_effective_date":"2026-04-30","catalog_version":"2026-07-12","geometry_status":"not_embedded_boundary_available_by_url","boundary_source_url":"https://raw.githubusercontent.com/thanglequoc/vietnamese-provinces-database/master/json/geojson/31_hai_phong/wards/10888_cam_giang.geojson","boundary_source_page":"https://github.com/thanglequoc/vietnamese-provinces-database/blob/master/json/geojson/31_hai_phong/wards/10888_cam_giang.geojson","source_catalog":"https://github.com/thanglequoc/vietnamese-provinces-database"},"geometry":null},{"type":"Feature","id":"10891","properties":{"commune_code":"10891","commune_name":"Tứ Minh","commune_name_en":"Tu Minh","commune_full_name":"Phường Tứ Minh","commune_full_name_en":"Tu Minh Ward","commune_slug":"tu_minh","unit_type":"Phường","unit_type_en":"Ward","admin_level":2,"province_code":"31","province_name":"Hải Phòng","province_full_name":"Thành phố Hải Phòng","province_slug":"hai_phong","join_key":"10891","status":"active","dataset_effective_date":"2026-04-30","catalog_version":"2026-07-12","geometry_status":"not_embedded_boundary_available_by_url","boundary_source_url":"https://raw.githubusercontent.com/thanglequoc/vietnamese-provinces-database/master/json/geojson/31_hai_phong/wards/10891_tu_minh.geojson","boundary_source_page":"https://github.com/thanglequoc/vietnamese-provinces-database/blob/master/json/geojson/31_hai_phong/wards/10891_tu_minh.geojson","source_catalog":"https://github.com/thanglequoc/vietnamese-provinces-database"},"geometry":null},{"type":"Feature","id":"10903","properties":{"commune_code":"10903","commune_name":"Cẩm Giàng","commune_name_en":"Cam Giang","commune_full_name":"Xã Cẩm Giàng","commune_full_name_en":"Cam Giang Commune","commune_slug":"cam_giang","unit_type":"Xã","unit_type_en":"Commune","admin_level":2,"province_code":"31","province_name":"Hải Phòng","province_full_name":"Thành phố Hải Phòng","province_slug":"hai_phong","join_key":"10903","status":"active","dataset_effective_date":"2026-04-30","catalog_version":"2026-07-12","geometry_status":"not_embedded_boundary_available_by_url","boundary_source_url":"https://raw.githubusercontent.com/thanglequoc/vietnamese-provinces-database/master/json/geojson/31_hai_phong/wards/10903_cam_giang.geojson","boundary_source_page":"https://github.com/thanglequoc/vietnamese-provinces-database/blob/master/json/geojson/31_hai_phong/wards/10903_cam_giang.geojson","source_catalog":"https://github.com/thanglequoc/vietnamese-provinces-database"},"geometry":null},{"type":"Feature","id":"10909","properties":{"commune_code":"10909","commune_name":"Tuệ Tĩnh","commune_name_en":"Tue Tinh","commune_full_name":"Xã Tuệ Tĩnh","commune_full_name_en":"Tue Tinh Commune","commune_slug":"tue_tinh","unit_type":"Xã","unit_type_en":"Commune","admin_level":2,"province_code":"31","province_name":"Hải Phòng","province_full_name":"Thành phố Hải Phòng","province_slug":"hai_phong","join_key":"10909","status":"active","dataset_effective_date":"2026-04-30","catalog_version":"2026-07-12","geometry_status":"not_embedded_boundary_available_by_url","boundary_source_url":"https://raw.githubusercontent.com/thanglequoc/vietnamese-provinces-database/master/json/geojson/31_hai_phong/wards/10909_tue_tinh.geojson","boundary_source_page":"https://github.com/thanglequoc/vietnamese-provinces-database/blob/master/json/geojson/31_hai_phong/wards/10909_tue_tinh.geojson","source_catalog":"https://github.com/thanglequoc/vietnamese-provinces-database"},"geometry":null},{"type":"Feature","id":"10930","properties":{"commune_code":"10930","commune_name":"Mao Điền","commune_name_en":"Mao Dien","commune_full_name":"Xã Mao Điền","commune_full_name_en":"Mao Dien Commune","commune_slug":"mao_dien","unit_type":"Xã","unit_type_en":"Commune","admin_level":2,"province_code":"31","province_name":"Hải Phòng","province_full_name":"Thành phố Hải Phòng","province_slug":"hai_phong","join_key":"10930","status":"active","dataset_effective_date":"2026-04-30","catalog_version":"2026-07-12","geometry_status":"not_embedded_boundary_available_by_url","boundary_source_url":"https://raw.githubusercontent.com/thanglequoc/vietnamese-provinces-database/master/json/geojson/31_hai_phong/wards/10930_mao_dien.geojson","boundary_source_page":"https://github.com/thanglequoc/vietnamese-provinces-database/blob/master/json/geojson/31_hai_phong/wards/10930_mao_dien.geojson","source_catalog":"https://github.com/thanglequoc/vietnamese-provinces-database"},"geometry":null},{"type":"Feature","id":"10945","properties":{"commune_code":"10945","commune_name":"Kẻ Sặt","commune_name_en":"Ke Sat","commune_full_name":"Xã Kẻ Sặt","commune_full_name_en":"Ke Sat Commune","commune_slug":"ke_sat","unit_type":"Xã","unit_type_en":"Commune","admin_level":2,"province_code":"31","province_name":"Hải Phòng","province_full_name":"Thành phố Hải Phòng","province_slug":"hai_phong","join_key":"10945","status":"active","dataset_effective_date":"2026-04-30","catalog_version":"2026-07-12","geometry_status":"not_embedded_boundary_available_by_url","boundary_source_url":"https://raw.githubusercontent.com/thanglequoc/vietnamese-provinces-database/master/json/geojson/31_hai_phong/wards/10945_ke_sat.geojson","boundary_source_page":"https://github.com/thanglequoc/vietnamese-provinces-database/blob/master/json/geojson/31_hai_phong/wards/10945_ke_sat.geojson","source_catalog":"https://github.com/thanglequoc/vietnamese-provinces-database"},"geometry":null},{"type":"Feature","id":"10966","properties":{"commune_code":"10966","commune_name":"Bình Giang","commune_name_en":"Binh Giang","commune_full_name":"Xã Bình Giang","commune_full_name_en":"Binh Giang Commune","commune_slug":"binh_giang","unit_type":"Xã","unit_type_en":"Commune","admin_level":2,"province_code":"31","province_name":"Hải Phòng","province_full_name":"Thành phố Hải Phòng","province_slug":"hai_phong","join_key":"10966","status":"active","dataset_effective_date":"2026-04-30","catalog_version":"2026-07-12","geometry_status":"not_embedded_boundary_available_by_url","boundary_source_url":"https://raw.githubusercontent.com/thanglequoc/vietnamese-provinces-database/master/json/geojson/31_hai_phong/wards/10966_binh_giang.geojson","boundary_source_page":"https://github.com/thanglequoc/vietnamese-provinces-database/blob/master/json/geojson/31_hai_phong/wards/10966_binh_giang.geojson","source_catalog":"https://github.com/thanglequoc/vietnamese-provinces-database"},"geometry":null},{"type":"Feature","id":"10972","properties":{"commune_code":"10972","commune_name":"Đường An","commune_name_en":"Duong An","commune_full_name":"Xã Đường An","commune_full_name_en":"Duong An Commune","commune_slug":"duong_an","unit_type":"Xã","unit_type_en":"Commune","admin_level":2,"province_code":"31","province_name":"Hải Phòng","province_full_name":"Thành phố Hải Phòng","province_slug":"hai_phong","join_key":"10972","status":"active","dataset_effective_date":"2026-04-30","catalog_version":"2026-07-12","geometry_status":"not_embedded_boundary_available_by_url","boundary_source_url":"https://raw.githubusercontent.com/thanglequoc/vietnamese-provinces-database/master/json/geojson/31_hai_phong/wards/10972_duong_an.geojson","boundary_source_page":"https://github.com/thanglequoc/vietnamese-provinces-database/blob/master/json/geojson/31_hai_phong/wards/10972_duong_an.geojson","source_catalog":"https://github.com/thanglequoc/vietnamese-provinces-database"},"geometry":null},{"type":"Feature","id":"10993","properties":{"commune_code":"10993","commune_name":"Thượng Hồng","commune_name_en":"Thuong Hong","commune_full_name":"Xã Thượng Hồng","commune_full_name_en":"Thuong Hong Commune","commune_slug":"thuong_hong","unit_type":"Xã","unit_type_en":"Commune","admin_level":2,"province_code":"31","province_name":"Hải Phòng","province_full_name":"Thành phố Hải Phòng","province_slug":"hai_phong","join_key":"10993","status":"active","dataset_effective_date":"2026-04-30","catalog_version":"2026-07-12","geometry_status":"not_embedded_boundary_available_by_url","boundary_source_url":"https://raw.githubusercontent.com/thanglequoc/vietnamese-provinces-database/master/json/geojson/31_hai_phong/wards/10993_thuong_hong.geojson","boundary_source_page":"https://github.com/thanglequoc/vietnamese-provinces-database/blob/master/json/geojson/31_hai_phong/wards/10993_thuong_hong.geojson","source_catalog":"https://github.com/thanglequoc/vietnamese-provinces-database"},"geometry":null},{"type":"Feature","id":"10999","properties":{"commune_code":"10999","commune_name":"Gia Lộc","commune_name_en":"Gia Loc","commune_full_name":"Xã Gia Lộc","commune_full_name_en":"Gia Loc Commune","commune_slug":"gia_loc","unit_type":"Xã","unit_type_en":"Commune","admin_level":2,"province_code":"31","province_name":"Hải Phòng","province_full_name":"Thành phố Hải Phòng","province_slug":"hai_phong","join_key":"10999","status":"active","dataset_effective_date":"2026-04-30","catalog_version":"2026-07-12","geometry_status":"not_embedded_boundary_available_by_url","boundary_source_url":"https://raw.githubusercontent.com/thanglequoc/vietnamese-provinces-database/master/json/geojson/31_hai_phong/wards/10999_gia_loc.geojson","boundary_source_page":"https://github.com/thanglequoc/vietnamese-provinces-database/blob/master/json/geojson/31_hai_phong/wards/10999_gia_loc.geojson","source_catalog":"https://github.com/thanglequoc/vietnamese-provinces-database"},"geometry":null},{"type":"Feature","id":"11002","properties":{"commune_code":"11002","commune_name":"Thạch Khôi","commune_name_en":"Thach Khoi","commune_full_name":"Phường Thạch Khôi","commune_full_name_en":"Thach Khoi Ward","commune_slug":"thach_khoi","unit_type":"Phường","unit_type_en":"Ward","admin_level":2,"province_code":"31","province_name":"Hải Phòng","province_full_name":"Thành phố Hải Phòng","province_slug":"hai_phong","join_key":"11002","status":"active","dataset_effective_date":"2026-04-30","catalog_version":"2026-07-12","geometry_status":"not_embedded_boundary_available_by_url","boundary_source_url":"https://raw.githubusercontent.com/thanglequoc/vietnamese-provinces-database/master/json/geojson/31_hai_phong/wards/11002_thach_khoi.geojson","boundary_source_page":"https://github.com/thanglequoc/vietnamese-provinces-database/blob/master/json/geojson/31_hai_phong/wards/11002_thach_khoi.geojson","source_catalog":"https://github.com/thanglequoc/vietnamese-provinces-database"},"geometry":null},{"type":"Feature","id":"11020","properties":{"commune_code":"11020","commune_name":"Yết Kiêu","commune_name_en":"Yet Kieu","commune_full_name":"Xã Yết Kiêu","commune_full_name_en":"Yet Kieu Commune","commune_slug":"yet_kieu","unit_type":"Xã","unit_type_en":"Commune","admin_level":2,"province_code":"31","province_name":"Hải Phòng","province_full_name":"Thành phố Hải Phòng","province_slug":"hai_phong","join_key":"11020","status":"active","dataset_effective_date":"2026-04-30","catalog_version":"2026-07-12","geometry_status":"not_embedded_boundary_available_by_url","boundary_source_url":"https://raw.githubusercontent.com/thanglequoc/vietnamese-provinces-database/master/json/geojson/31_hai_phong/wards/11020_yet_kieu.geojson","boundary_source_page":"https://github.com/thanglequoc/vietnamese-provinces-database/blob/master/json/geojson/31_hai_phong/wards/11020_yet_kieu.geojson","source_catalog":"https://github.com/thanglequoc/vietnamese-provinces-database"},"geometry":null},{"type":"Feature","id":"11050","properties":{"commune_code":"11050","commune_name":"Gia Phúc","commune_name_en":"Gia Phuc","commune_full_name":"Xã Gia Phúc","commune_full_name_en":"Gia Phuc Commune","commune_slug":"gia_phuc","unit_type":"Xã","unit_type_en":"Commune","admin_level":2,"province_code":"31","province_name":"Hải Phòng","province_full_name":"Thành phố Hải Phòng","province_slug":"hai_phong","join_key":"11050","status":"active","dataset_effective_date":"2026-04-30","catalog_version":"2026-07-12","geometry_status":"not_embedded_boundary_available_by_url","boundary_source_url":"https://raw.githubusercontent.com/thanglequoc/vietnamese-provinces-database/master/json/geojson/31_hai_phong/wards/11050_gia_phuc.geojson","boundary_source_page":"https://github.com/thanglequoc/vietnamese-provinces-database/blob/master/json/geojson/31_hai_phong/wards/11050_gia_phuc.geojson","source_catalog":"https://github.com/thanglequoc/vietnamese-provinces-database"},"geometry":null},{"type":"Feature","id":"11065","properties":{"commune_code":"11065","commune_name":"Trường Tân","commune_name_en":"Truong Tan","commune_full_name":"Xã Trường Tân","commune_full_name_en":"Truong Tan Commune","commune_slug":"truong_tan","unit_type":"Xã","unit_type_en":"Commune","admin_level":2,"province_code":"31","province_name":"Hải Phòng","province_full_name":"Thành phố Hải Phòng","province_slug":"hai_phong","join_key":"11065","status":"active","dataset_effective_date":"2026-04-30","catalog_version":"2026-07-12","geometry_status":"not_embedded_boundary_available_by_url","boundary_source_url":"https://raw.githubusercontent.com/thanglequoc/vietnamese-provinces-database/master/json/geojson/31_hai_phong/wards/11065_truong_tan.geojson","boundary_source_page":"https://github.com/thanglequoc/vietnamese-provinces-database/blob/master/json/geojson/31_hai_phong/wards/11065_truong_tan.geojson","source_catalog":"https://github.com/thanglequoc/vietnamese-provinces-database"},"geometry":null},{"type":"Feature","id":"11074","properties":{"commune_code":"11074","commune_name":"Tứ Kỳ","commune_name_en":"Tu Ky","commune_full_name":"Xã Tứ Kỳ","commune_full_name_en":"Tu Ky Commune","commune_slug":"tu_ky","unit_type":"Xã","unit_type_en":"Commune","admin_level":2,"province_code":"31","province_name":"Hải Phòng","province_full_name":"Thành phố Hải Phòng","province_slug":"hai_phong","join_key":"11074","status":"active","dataset_effective_date":"2026-04-30","catalog_version":"2026-07-12","geometry_status":"not_embedded_boundary_available_by_url","boundary_source_url":"https://raw.githubusercontent.com/thanglequoc/vietnamese-provinces-database/master/json/geojson/31_hai_phong/wards/11074_tu_ky.geojson","boundary_source_page":"https://github.com/thanglequoc/vietnamese-provinces-database/blob/master/json/geojson/31_hai_phong/wards/11074_tu_ky.geojson","source_catalog":"https://github.com/thanglequoc/vietnamese-provinces-database"},"geometry":null},{"type":"Feature","id":"11086","properties":{"commune_code":"11086","commune_name":"Đại Sơn","commune_name_en":"Dai Son","commune_full_name":"Xã Đại Sơn","commune_full_name_en":"Dai Son Commune","commune_slug":"dai_son","unit_type":"Xã","unit_type_en":"Commune","admin_level":2,"province_code":"31","province_name":"Hải Phòng","province_full_name":"Thành phố Hải Phòng","province_slug":"hai_phong","join_key":"11086","status":"active","dataset_effective_date":"2026-04-30","catalog_version":"2026-07-12","geometry_status":"not_embedded_boundary_available_by_url","boundary_source_url":"https://raw.githubusercontent.com/thanglequoc/vietnamese-provinces-database/master/json/geojson/31_hai_phong/wards/11086_dai_son.geojson","boundary_source_page":"https://github.com/thanglequoc/vietnamese-provinces-database/blob/master/json/geojson/31_hai_phong/wards/11086_dai_son.geojson","source_catalog":"https://github.com/thanglequoc/vietnamese-provinces-database"},"geometry":null},{"type":"Feature","id":"11113","properties":{"commune_code":"11113","commune_name":"Tân Kỳ","commune_name_en":"Tan Ky","commune_full_name":"Xã Tân Kỳ","commune_full_name_en":"Tan Ky Commune","commune_slug":"tan_ky","unit_type":"Xã","unit_type_en":"Commune","admin_level":2,"province_code":"31","province_name":"Hải Phòng","province_full_name":"Thành phố Hải Phòng","province_slug":"hai_phong","join_key":"11113","status":"active","dataset_effective_date":"2026-04-30","catalog_version":"2026-07-12","geometry_status":"not_embedded_boundary_available_by_url","boundary_source_url":"https://raw.githubusercontent.com/thanglequoc/vietnamese-provinces-database/master/json/geojson/31_hai_phong/wards/11113_tan_ky.geojson","boundary_source_page":"https://github.com/thanglequoc/vietnamese-provinces-database/blob/master/json/geojson/31_hai_phong/wards/11113_tan_ky.geojson","source_catalog":"https://github.com/thanglequoc/vietnamese-provinces-database"},"geometry":null},{"type":"Feature","id":"11131","properties":{"commune_code":"11131","commune_name":"Chí Minh","commune_name_en":"Chi Minh","commune_full_name":"Xã Chí Minh","commune_full_name_en":"Chi Minh Commune","commune_slug":"chi_minh","unit_type":"Xã","unit_type_en":"Commune","admin_level":2,"province_code":"31","province_name":"Hải Phòng","province_full_name":"Thành phố Hải Phòng","province_slug":"hai_phong","join_key":"11131","status":"active","dataset_effective_date":"2026-04-30","catalog_version":"2026-07-12","geometry_status":"not_embedded_boundary_available_by_url","boundary_source_url":"https://raw.githubusercontent.com/thanglequoc/vietnamese-provinces-database/master/json/geojson/31_hai_phong/wards/11131_chi_minh.geojson","boundary_source_page":"https://github.com/thanglequoc/vietnamese-provinces-database/blob/master/json/geojson/31_hai_phong/wards/11131_chi_minh.geojson","source_catalog":"https://github.com/thanglequoc/vietnamese-provinces-database"},"geometry":null},{"type":"Feature","id":"11140","properties":{"commune_code":"11140","commune_name":"Lạc Phượng","commune_name_en":"Lac Phuong","commune_full_name":"Xã Lạc Phượng","commune_full_name_en":"Lac Phuong Commune","commune_slug":"lac_phuong","unit_type":"Xã","unit_type_en":"Commune","admin_level":2,"province_code":"31","province_name":"Hải Phòng","province_full_name":"Thành phố Hải Phòng","province_slug":"hai_phong","join_key":"11140","status":"active","dataset_effective_date":"2026-04-30","catalog_version":"2026-07-12","geometry_status":"not_embedded_boundary_available_by_url","boundary_source_url":"https://raw.githubusercontent.com/thanglequoc/vietnamese-provinces-database/master/json/geojson/31_hai_phong/wards/11140_lac_phuong.geojson","boundary_source_page":"https://github.com/thanglequoc/vietnamese-provinces-database/blob/master/json/geojson/31_hai_phong/wards/11140_lac_phuong.geojson","source_catalog":"https://github.com/thanglequoc/vietnamese-provinces-database"},"geometry":null},{"type":"Feature","id":"11146","properties":{"commune_code":"11146","commune_name":"Nguyên Giáp","commune_name_en":"Nguyen Giap","commune_full_name":"Xã Nguyên Giáp","commune_full_name_en":"Nguyen Giap Commune","commune_slug":"nguyen_giap","unit_type":"Xã","unit_type_en":"Commune","admin_level":2,"province_code":"31","province_name":"Hải Phòng","province_full_name":"Thành phố Hải Phòng","province_slug":"hai_phong","join_key":"11146","status":"active","dataset_effective_date":"2026-04-30","catalog_version":"2026-07-12","geometry_status":"not_embedded_boundary_available_by_url","boundary_source_url":"https://raw.githubusercontent.com/thanglequoc/vietnamese-provinces-database/master/json/geojson/31_hai_phong/wards/11146_nguyen_giap.geojson","boundary_source_page":"https://github.com/thanglequoc/vietnamese-provinces-database/blob/master/json/geojson/31_hai_phong/wards/11146_nguyen_giap.geojson","source_catalog":"https://github.com/thanglequoc/vietnamese-provinces-database"},"geometry":null},{"type":"Feature","id":"11164","properties":{"commune_code":"11164","commune_name":"Vĩnh Lại","commune_name_en":"Vinh Lai","commune_full_name":"Xã Vĩnh Lại","commune_full_name_en":"Vinh Lai Commune","commune_slug":"vinh_lai","unit_type":"Xã","unit_type_en":"Commune","admin_level":2,"province_code":"31","province_name":"Hải Phòng","province_full_name":"Thành phố Hải Phòng","province_slug":"hai_phong","join_key":"11164","status":"active","dataset_effective_date":"2026-04-30","catalog_version":"2026-07-12","geometry_status":"not_embedded_boundary_available_by_url","boundary_source_url":"https://raw.githubusercontent.com/thanglequoc/vietnamese-provinces-database/master/json/geojson/31_hai_phong/wards/11164_vinh_lai.geojson","boundary_source_page":"https://github.com/thanglequoc/vietnamese-provinces-database/blob/master/json/geojson/31_hai_phong/wards/11164_vinh_lai.geojson","source_catalog":"https://github.com/thanglequoc/vietnamese-provinces-database"},"geometry":null},{"type":"Feature","id":"11167","properties":{"commune_code":"11167","commune_name":"Tân An","commune_name_en":"Tan An","commune_full_name":"Xã Tân An","commune_full_name_en":"Tan An Commune","commune_slug":"tan_an","unit_type":"Xã","unit_type_en":"Commune","admin_level":2,"province_code":"31","province_name":"Hải Phòng","province_full_name":"Thành phố Hải Phòng","province_slug":"hai_phong","join_key":"11167","status":"active","dataset_effective_date":"2026-04-30","catalog_version":"2026-07-12","geometry_status":"not_embedded_boundary_available_by_url","boundary_source_url":"https://raw.githubusercontent.com/thanglequoc/vietnamese-provinces-database/master/json/geojson/31_hai_phong/wards/11167_tan_an.geojson","boundary_source_page":"https://github.com/thanglequoc/vietnamese-provinces-database/blob/master/json/geojson/31_hai_phong/wards/11167_tan_an.geojson","source_catalog":"https://github.com/thanglequoc/vietnamese-provinces-database"},"geometry":null},{"type":"Feature","id":"11203","properties":{"commune_code":"11203","commune_name":"Ninh Giang","commune_name_en":"Ninh Giang","commune_full_name":"Xã Ninh Giang","commune_full_name_en":"Ninh Giang Commune","commune_slug":"ninh_giang","unit_type":"Xã","unit_type_en":"Commune","admin_level":2,"province_code":"31","province_name":"Hải Phòng","province_full_name":"Thành phố Hải Phòng","province_slug":"hai_phong","join_key":"11203","status":"active","dataset_effective_date":"2026-04-30","catalog_version":"2026-07-12","geometry_status":"not_embedded_boundary_available_by_url","boundary_source_url":"https://raw.githubusercontent.com/thanglequoc/vietnamese-provinces-database/master/json/geojson/31_hai_phong/wards/11203_ninh_giang.geojson","boundary_source_page":"https://github.com/thanglequoc/vietnamese-provinces-database/blob/master/json/geojson/31_hai_phong/wards/11203_ninh_giang.geojson","source_catalog":"https://github.com/thanglequoc/vietnamese-provinces-database"},"geometry":null},{"type":"Feature","id":"11218","properties":{"commune_code":"11218","commune_name":"Hồng Châu","commune_name_en":"Hong Chau","commune_full_name":"Xã Hồng Châu","commune_full_name_en":"Hong Chau Commune","commune_slug":"hong_chau","unit_type":"Xã","unit_type_en":"Commune","admin_level":2,"province_code":"31","province_name":"Hải Phòng","province_full_name":"Thành phố Hải Phòng","province_slug":"hai_phong","join_key":"11218","status":"active","dataset_effective_date":"2026-04-30","catalog_version":"2026-07-12","geometry_status":"not_embedded_boundary_available_by_url","boundary_source_url":"https://raw.githubusercontent.com/thanglequoc/vietnamese-provinces-database/master/json/geojson/31_hai_phong/wards/11218_hong_chau.geojson","boundary_source_page":"https://github.com/thanglequoc/vietnamese-provinces-database/blob/master/json/geojson/31_hai_phong/wards/11218_hong_chau.geojson","source_catalog":"https://github.com/thanglequoc/vietnamese-provinces-database"},"geometry":null},{"type":"Feature","id":"11224","properties":{"commune_code":"11224","commune_name":"Khúc Thừa Dụ","commune_name_en":"Khuc Thua Du","commune_full_name":"Xã Khúc Thừa Dụ","commune_full_name_en":"Khuc Thua Du Commune","commune_slug":"khuc_thua_du","unit_type":"Xã","unit_type_en":"Commune","admin_level":2,"province_code":"31","province_name":"Hải Phòng","province_full_name":"Thành phố Hải Phòng","province_slug":"hai_phong","join_key":"11224","status":"active","dataset_effective_date":"2026-04-30","catalog_version":"2026-07-12","geometry_status":"not_embedded_boundary_available_by_url","boundary_source_url":"https://raw.githubusercontent.com/thanglequoc/vietnamese-provinces-database/master/json/geojson/31_hai_phong/wards/11224_khuc_thua_du.geojson","boundary_source_page":"https://github.com/thanglequoc/vietnamese-provinces-database/blob/master/json/geojson/31_hai_phong/wards/11224_khuc_thua_du.geojson","source_catalog":"https://github.com/thanglequoc/vietnamese-provinces-database"},"geometry":null},{"type":"Feature","id":"11239","properties":{"commune_code":"11239","commune_name":"Thanh Miện","commune_name_en":"Thanh Mien","commune_full_name":"Xã Thanh Miện","commune_full_name_en":"Thanh Mien Commune","commune_slug":"thanh_mien","unit_type":"Xã","unit_type_en":"Commune","admin_level":2,"province_code":"31","province_name":"Hải Phòng","province_full_name":"Thành phố Hải Phòng","province_slug":"hai_phong","join_key":"11239","status":"active","dataset_effective_date":"2026-04-30","catalog_version":"2026-07-12","geometry_status":"not_embedded_boundary_available_by_url","boundary_source_url":"https://raw.githubusercontent.com/thanglequoc/vietnamese-provinces-database/master/json/geojson/31_hai_phong/wards/11239_thanh_mien.geojson","boundary_source_page":"https://github.com/thanglequoc/vietnamese-provinces-database/blob/master/json/geojson/31_hai_phong/wards/11239_thanh_mien.geojson","source_catalog":"https://github.com/thanglequoc/vietnamese-provinces-database"},"geometry":null},{"type":"Feature","id":"11242","properties":{"commune_code":"11242","commune_name":"Nguyễn Lương Bằng","commune_name_en":"Nguyen Luong Bang","commune_full_name":"Xã Nguyễn Lương Bằng","commune_full_name_en":"Nguyen Luong Bang Commune","commune_slug":"nguyen_luong_bang","unit_type":"Xã","unit_type_en":"Commune","admin_level":2,"province_code":"31","province_name":"Hải Phòng","province_full_name":"Thành phố Hải Phòng","province_slug":"hai_phong","join_key":"11242","status":"active","dataset_effective_date":"2026-04-30","catalog_version":"2026-07-12","geometry_status":"not_embedded_boundary_available_by_url","boundary_source_url":"https://raw.githubusercontent.com/thanglequoc/vietnamese-provinces-database/master/json/geojson/31_hai_phong/wards/11242_nguyen_luong_bang.geojson","boundary_source_page":"https://github.com/thanglequoc/vietnamese-provinces-database/blob/master/json/geojson/31_hai_phong/wards/11242_nguyen_luong_bang.geojson","source_catalog":"https://github.com/thanglequoc/vietnamese-provinces-database"},"geometry":null},{"type":"Feature","id":"11254","properties":{"commune_code":"11254","commune_name":"Bắc Thanh Miện","commune_name_en":"Bac Thanh Mien","commune_full_name":"Xã Bắc Thanh Miện","commune_full_name_en":"Bac Thanh Mien Commune","commune_slug":"bac_thanh_mien","unit_type":"Xã","unit_type_en":"Commune","admin_level":2,"province_code":"31","province_name":"Hải Phòng","province_full_name":"Thành phố Hải Phòng","province_slug":"hai_phong","join_key":"11254","status":"active","dataset_effective_date":"2026-04-30","catalog_version":"2026-07-12","geometry_status":"not_embedded_boundary_available_by_url","boundary_source_url":"https://raw.githubusercontent.com/thanglequoc/vietnamese-provinces-database/master/json/geojson/31_hai_phong/wards/11254_bac_thanh_mien.geojson","boundary_source_page":"https://github.com/thanglequoc/vietnamese-provinces-database/blob/master/json/geojson/31_hai_phong/wards/11254_bac_thanh_mien.geojson","source_catalog":"https://github.com/thanglequoc/vietnamese-provinces-database"},"geometry":null},{"type":"Feature","id":"11257","properties":{"commune_code":"11257","commune_name":"Hải Hưng","commune_name_en":"Hai Hung","commune_full_name":"Xã Hải Hưng","commune_full_name_en":"Hai Hung Commune","commune_slug":"hai_hung","unit_type":"Xã","unit_type_en":"Commune","admin_level":2,"province_code":"31","province_name":"Hải Phòng","province_full_name":"Thành phố Hải Phòng","province_slug":"hai_phong","join_key":"11257","status":"active","dataset_effective_date":"2026-04-30","catalog_version":"2026-07-12","geometry_status":"not_embedded_boundary_available_by_url","boundary_source_url":"https://raw.githubusercontent.com/thanglequoc/vietnamese-provinces-database/master/json/geojson/31_hai_phong/wards/11257_hai_hung.geojson","boundary_source_page":"https://github.com/thanglequoc/vietnamese-provinces-database/blob/master/json/geojson/31_hai_phong/wards/11257_hai_hung.geojson","source_catalog":"https://github.com/thanglequoc/vietnamese-provinces-database"},"geometry":null},{"type":"Feature","id":"11284","properties":{"commune_code":"11284","commune_name":"Nam Thanh Miện","commune_name_en":"Nam Thanh Mien","commune_full_name":"Xã Nam Thanh Miện","commune_full_name_en":"Nam Thanh Mien Commune","commune_slug":"nam_thanh_mien","unit_type":"Xã","unit_type_en":"Commune","admin_level":2,"province_code":"31","province_name":"Hải Phòng","province_full_name":"Thành phố Hải Phòng","province_slug":"hai_phong","join_key":"11284","status":"active","dataset_effective_date":"2026-04-30","catalog_version":"2026-07-12","geometry_status":"not_embedded_boundary_available_by_url","boundary_source_url":"https://raw.githubusercontent.com/thanglequoc/vietnamese-provinces-database/master/json/geojson/31_hai_phong/wards/11284_nam_thanh_mien.geojson","boundary_source_page":"https://github.com/thanglequoc/vietnamese-provinces-database/blob/master/json/geojson/31_hai_phong/wards/11284_nam_thanh_mien.geojson","source_catalog":"https://github.com/thanglequoc/vietnamese-provinces-database"},"geometry":null},{"type":"Feature","id":"11311","properties":{"commune_code":"11311","commune_name":"Hồng Bàng","commune_name_en":"Hong Bang","commune_full_name":"Phường Hồng Bàng","commune_full_name_en":"Hong Bang Ward","commune_slug":"hong_bang","unit_type":"Phường","unit_type_en":"Ward","admin_level":2,"province_code":"31","province_name":"Hải Phòng","province_full_name":"Thành phố Hải Phòng","province_slug":"hai_phong","join_key":"11311","status":"active","dataset_effective_date":"2026-04-30","catalog_version":"2026-07-12","geometry_status":"not_embedded_boundary_available_by_url","boundary_source_url":"https://raw.githubusercontent.com/thanglequoc/vietnamese-provinces-database/master/json/geojson/31_hai_phong/wards/11311_hong_bang.geojson","boundary_source_page":"https://github.com/thanglequoc/vietnamese-provinces-database/blob/master/json/geojson/31_hai_phong/wards/11311_hong_bang.geojson","source_catalog":"https://github.com/thanglequoc/vietnamese-provinces-database"},"geometry":null},{"type":"Feature","id":"11329","properties":{"commune_code":"11329","commune_name":"Ngô Quyền","commune_name_en":"Ngo Quyen","commune_full_name":"Phường Ngô Quyền","commune_full_name_en":"Ngo Quyen Ward","commune_slug":"ngo_quyen","unit_type":"Phường","unit_type_en":"Ward","admin_level":2,"province_code":"31","province_name":"Hải Phòng","province_full_name":"Thành phố Hải Phòng","province_slug":"hai_phong","join_key":"11329","status":"active","dataset_effective_date":"2026-04-30","catalog_version":"2026-07-12","geometry_status":"not_embedded_boundary_available_by_url","boundary_source_url":"https://raw.githubusercontent.com/thanglequoc/vietnamese-provinces-database/master/json/geojson/31_hai_phong/wards/11329_ngo_quyen.geojson","boundary_source_page":"https://github.com/thanglequoc/vietnamese-provinces-database/blob/master/json/geojson/31_hai_phong/wards/11329_ngo_quyen.geojson","source_catalog":"https://github.com/thanglequoc/vietnamese-provinces-database"},"geometry":null},{"type":"Feature","id":"11359","properties":{"commune_code":"11359","commune_name":"Gia Viên","commune_name_en":"Gia Vien","commune_full_name":"Phường Gia Viên","commune_full_name_en":"Gia Vien Ward","commune_slug":"gia_vien","unit_type":"Phường","unit_type_en":"Ward","admin_level":2,"province_code":"31","province_name":"Hải Phòng","province_full_name":"Thành phố Hải Phòng","province_slug":"hai_phong","join_key":"11359","status":"active","dataset_effective_date":"2026-04-30","catalog_version":"2026-07-12","geometry_status":"not_embedded_boundary_available_by_url","boundary_source_url":"https://raw.githubusercontent.com/thanglequoc/vietnamese-provinces-database/master/json/geojson/31_hai_phong/wards/11359_gia_vien.geojson","boundary_source_page":"https://github.com/thanglequoc/vietnamese-provinces-database/blob/master/json/geojson/31_hai_phong/wards/11359_gia_vien.geojson","source_catalog":"https://github.com/thanglequoc/vietnamese-provinces-database"},"geometry":null},{"type":"Feature","id":"11383","properties":{"commune_code":"11383","commune_name":"Lê Chân","commune_name_en":"Le Chan","commune_full_name":"Phường Lê Chân","commune_full_name_en":"Le Chan Ward","commune_slug":"le_chan","unit_type":"Phường","unit_type_en":"Ward","admin_level":2,"province_code":"31","province_name":"Hải Phòng","province_full_name":"Thành phố Hải Phòng","province_slug":"hai_phong","join_key":"11383","status":"active","dataset_effective_date":"2026-04-30","catalog_version":"2026-07-12","geometry_status":"not_embedded_boundary_available_by_url","boundary_source_url":"https://raw.githubusercontent.com/thanglequoc/vietnamese-provinces-database/master/json/geojson/31_hai_phong/wards/11383_le_chan.geojson","boundary_source_page":"https://github.com/thanglequoc/vietnamese-provinces-database/blob/master/json/geojson/31_hai_phong/wards/11383_le_chan.geojson","source_catalog":"https://github.com/thanglequoc/vietnamese-provinces-database"},"geometry":null},{"type":"Feature","id":"11407","properties":{"commune_code":"11407","commune_name":"An Biên","commune_name_en":"An Bien","commune_full_name":"Phường An Biên","commune_full_name_en":"An Bien Ward","commune_slug":"an_bien","unit_type":"Phường","unit_type_en":"Ward","admin_level":2,"province_code":"31","province_name":"Hải Phòng","province_full_name":"Thành phố Hải Phòng","province_slug":"hai_phong","join_key":"11407","status":"active","dataset_effective_date":"2026-04-30","catalog_version":"2026-07-12","geometry_status":"not_embedded_boundary_available_by_url","boundary_source_url":"https://raw.githubusercontent.com/thanglequoc/vietnamese-provinces-database/master/json/geojson/31_hai_phong/wards/11407_an_bien.geojson","boundary_source_page":"https://github.com/thanglequoc/vietnamese-provinces-database/blob/master/json/geojson/31_hai_phong/wards/11407_an_bien.geojson","source_catalog":"https://github.com/thanglequoc/vietnamese-provinces-database"},"geometry":null},{"type":"Feature","id":"11411","properties":{"commune_code":"11411","commune_name":"Đông Hải","commune_name_en":"Dong Hai","commune_full_name":"Phường Đông Hải","commune_full_name_en":"Dong Hai Ward","commune_slug":"dong_hai","unit_type":"Phường","unit_type_en":"Ward","admin_level":2,"province_code":"31","province_name":"Hải Phòng","province_full_name":"Thành phố Hải Phòng","province_slug":"hai_phong","join_key":"11411","status":"active","dataset_effective_date":"2026-04-30","catalog_version":"2026-07-12","geometry_status":"not_embedded_boundary_available_by_url","boundary_source_url":"https://raw.githubusercontent.com/thanglequoc/vietnamese-provinces-database/master/json/geojson/31_hai_phong/wards/11411_dong_hai.geojson","boundary_source_page":"https://github.com/thanglequoc/vietnamese-provinces-database/blob/master/json/geojson/31_hai_phong/wards/11411_dong_hai.geojson","source_catalog":"https://github.com/thanglequoc/vietnamese-provinces-database"},"geometry":null},{"type":"Feature","id":"11413","properties":{"commune_code":"11413","commune_name":"Hải An","commune_name_en":"Hai An","commune_full_name":"Phường Hải An","commune_full_name_en":"Hai An Ward","commune_slug":"hai_an","unit_type":"Phường","unit_type_en":"Ward","admin_level":2,"province_code":"31","province_name":"Hải Phòng","province_full_name":"Thành phố Hải Phòng","province_slug":"hai_phong","join_key":"11413","status":"active","dataset_effective_date":"2026-04-30","catalog_version":"2026-07-12","geometry_status":"not_embedded_boundary_available_by_url","boundary_source_url":"https://raw.githubusercontent.com/thanglequoc/vietnamese-provinces-database/master/json/geojson/31_hai_phong/wards/11413_hai_an.geojson","boundary_source_page":"https://github.com/thanglequoc/vietnamese-provinces-database/blob/master/json/geojson/31_hai_phong/wards/11413_hai_an.geojson","source_catalog":"https://github.com/thanglequoc/vietnamese-provinces-database"},"geometry":null},{"type":"Feature","id":"11443","properties":{"commune_code":"11443","commune_name":"Kiến An","commune_name_en":"Kien An","commune_full_name":"Phường Kiến An","commune_full_name_en":"Kien An Ward","commune_slug":"kien_an","unit_type":"Phường","unit_type_en":"Ward","admin_level":2,"province_code":"31","province_name":"Hải Phòng","province_full_name":"Thành phố Hải Phòng","province_slug":"hai_phong","join_key":"11443","status":"active","dataset_effective_date":"2026-04-30","catalog_version":"2026-07-12","geometry_status":"not_embedded_boundary_available_by_url","boundary_source_url":"https://raw.githubusercontent.com/thanglequoc/vietnamese-provinces-database/master/json/geojson/31_hai_phong/wards/11443_kien_an.geojson","boundary_source_page":"https://github.com/thanglequoc/vietnamese-provinces-database/blob/master/json/geojson/31_hai_phong/wards/11443_kien_an.geojson","source_catalog":"https://github.com/thanglequoc/vietnamese-provinces-database"},"geometry":null},{"type":"Feature","id":"11446","properties":{"commune_code":"11446","commune_name":"Phù Liễn","commune_name_en":"Phu Lien","commune_full_name":"Phường Phù Liễn","commune_full_name_en":"Phu Lien Ward","commune_slug":"phu_lien","unit_type":"Phường","unit_type_en":"Ward","admin_level":2,"province_code":"31","province_name":"Hải Phòng","province_full_name":"Thành phố Hải Phòng","province_slug":"hai_phong","join_key":"11446","status":"active","dataset_effective_date":"2026-04-30","catalog_version":"2026-07-12","geometry_status":"not_embedded_boundary_available_by_url","boundary_source_url":"https://raw.githubusercontent.com/thanglequoc/vietnamese-provinces-database/master/json/geojson/31_hai_phong/wards/11446_phu_lien.geojson","boundary_source_page":"https://github.com/thanglequoc/vietnamese-provinces-database/blob/master/json/geojson/31_hai_phong/wards/11446_phu_lien.geojson","source_catalog":"https://github.com/thanglequoc/vietnamese-provinces-database"},"geometry":null},{"type":"Feature","id":"11455","properties":{"commune_code":"11455","commune_name":"Đồ Sơn","commune_name_en":"Do Son","commune_full_name":"Phường Đồ Sơn","commune_full_name_en":"Do Son Ward","commune_slug":"do_son","unit_type":"Phường","unit_type_en":"Ward","admin_level":2,"province_code":"31","province_name":"Hải Phòng","province_full_name":"Thành phố Hải Phòng","province_slug":"hai_phong","join_key":"11455","status":"active","dataset_effective_date":"2026-04-30","catalog_version":"2026-07-12","geometry_status":"not_embedded_boundary_available_by_url","boundary_source_url":"https://raw.githubusercontent.com/thanglequoc/vietnamese-provinces-database/master/json/geojson/31_hai_phong/wards/11455_do_son.geojson","boundary_source_page":"https://github.com/thanglequoc/vietnamese-provinces-database/blob/master/json/geojson/31_hai_phong/wards/11455_do_son.geojson","source_catalog":"https://github.com/thanglequoc/vietnamese-provinces-database"},"geometry":null},{"type":"Feature","id":"11473","properties":{"commune_code":"11473","commune_name":"Bạch Đằng","commune_name_en":"Bach Dang","commune_full_name":"Phường Bạch Đằng","commune_full_name_en":"Bach Dang Ward","commune_slug":"bach_dang","unit_type":"Phường","unit_type_en":"Ward","admin_level":2,"province_code":"31","province_name":"Hải Phòng","province_full_name":"Thành phố Hải Phòng","province_slug":"hai_phong","join_key":"11473","status":"active","dataset_effective_date":"2026-04-30","catalog_version":"2026-07-12","geometry_status":"not_embedded_boundary_available_by_url","boundary_source_url":"https://raw.githubusercontent.com/thanglequoc/vietnamese-provinces-database/master/json/geojson/31_hai_phong/wards/11473_bach_dang.geojson","boundary_source_page":"https://github.com/thanglequoc/vietnamese-provinces-database/blob/master/json/geojson/31_hai_phong/wards/11473_bach_dang.geojson","source_catalog":"https://github.com/thanglequoc/vietnamese-provinces-database"},"geometry":null},{"type":"Feature","id":"11488","properties":{"commune_code":"11488","commune_name":"Lưu Kiếm","commune_name_en":"Luu Kiem","commune_full_name":"Phường Lưu Kiếm","commune_full_name_en":"Luu Kiem Ward","commune_slug":"luu_kiem","unit_type":"Phường","unit_type_en":"Ward","admin_level":2,"province_code":"31","province_name":"Hải Phòng","province_full_name":"Thành phố Hải Phòng","province_slug":"hai_phong","join_key":"11488","status":"active","dataset_effective_date":"2026-04-30","catalog_version":"2026-07-12","geometry_status":"not_embedded_boundary_available_by_url","boundary_source_url":"https://raw.githubusercontent.com/thanglequoc/vietnamese-provinces-database/master/json/geojson/31_hai_phong/wards/11488_luu_kiem.geojson","boundary_source_page":"https://github.com/thanglequoc/vietnamese-provinces-database/blob/master/json/geojson/31_hai_phong/wards/11488_luu_kiem.geojson","source_catalog":"https://github.com/thanglequoc/vietnamese-provinces-database"},"geometry":null},{"type":"Feature","id":"11503","properties":{"commune_code":"11503","commune_name":"Việt Khê","commune_name_en":"Viet Khe","commune_full_name":"Xã Việt Khê","commune_full_name_en":"Viet Khe Commune","commune_slug":"viet_khe","unit_type":"Xã","unit_type_en":"Commune","admin_level":2,"province_code":"31","province_name":"Hải Phòng","province_full_name":"Thành phố Hải Phòng","province_slug":"hai_phong","join_key":"11503","status":"active","dataset_effective_date":"2026-04-30","catalog_version":"2026-07-12","geometry_status":"not_embedded_boundary_available_by_url","boundary_source_url":"https://raw.githubusercontent.com/thanglequoc/vietnamese-provinces-database/master/json/geojson/31_hai_phong/wards/11503_viet_khe.geojson","boundary_source_page":"https://github.com/thanglequoc/vietnamese-provinces-database/blob/master/json/geojson/31_hai_phong/wards/11503_viet_khe.geojson","source_catalog":"https://github.com/thanglequoc/vietnamese-provinces-database"},"geometry":null},{"type":"Feature","id":"11506","properties":{"commune_code":"11506","commune_name":"Lê Ích Mộc","commune_name_en":"Le Ich Moc","commune_full_name":"Phường Lê Ích Mộc","commune_full_name_en":"Le Ich Moc Ward","commune_slug":"le_ich_moc","unit_type":"Phường","unit_type_en":"Ward","admin_level":2,"province_code":"31","province_name":"Hải Phòng","province_full_name":"Thành phố Hải Phòng","province_slug":"hai_phong","join_key":"11506","status":"active","dataset_effective_date":"2026-04-30","catalog_version":"2026-07-12","geometry_status":"not_embedded_boundary_available_by_url","boundary_source_url":"https://raw.githubusercontent.com/thanglequoc/vietnamese-provinces-database/master/json/geojson/31_hai_phong/wards/11506_le_ich_moc.geojson","boundary_source_page":"https://github.com/thanglequoc/vietnamese-provinces-database/blob/master/json/geojson/31_hai_phong/wards/11506_le_ich_moc.geojson","source_catalog":"https://github.com/thanglequoc/vietnamese-provinces-database"},"geometry":null},{"type":"Feature","id":"11533","properties":{"commune_code":"11533","commune_name":"Hoà Bình","commune_name_en":"Hoa Binh","commune_full_name":"Phường Hoà Bình","commune_full_name_en":"Hoa Binh Ward","commune_slug":"hoa_binh","unit_type":"Phường","unit_type_en":"Ward","admin_level":2,"province_code":"31","province_name":"Hải Phòng","province_full_name":"Thành phố Hải Phòng","province_slug":"hai_phong","join_key":"11533","status":"active","dataset_effective_date":"2026-04-30","catalog_version":"2026-07-12","geometry_status":"not_embedded_boundary_available_by_url","boundary_source_url":"https://raw.githubusercontent.com/thanglequoc/vietnamese-provinces-database/master/json/geojson/31_hai_phong/wards/11533_hoa_binh.geojson","boundary_source_page":"https://github.com/thanglequoc/vietnamese-provinces-database/blob/master/json/geojson/31_hai_phong/wards/11533_hoa_binh.geojson","source_catalog":"https://github.com/thanglequoc/vietnamese-provinces-database"},"geometry":null},{"type":"Feature","id":"11542","properties":{"commune_code":"11542","commune_name":"Nam Triệu","commune_name_en":"Nam Trieu","commune_full_name":"Phường Nam Triệu","commune_full_name_en":"Nam Trieu Ward","commune_slug":"nam_trieu","unit_type":"Phường","unit_type_en":"Ward","admin_level":2,"province_code":"31","province_name":"Hải Phòng","province_full_name":"Thành phố Hải Phòng","province_slug":"hai_phong","join_key":"11542","status":"active","dataset_effective_date":"2026-04-30","catalog_version":"2026-07-12","geometry_status":"not_embedded_boundary_available_by_url","boundary_source_url":"https://raw.githubusercontent.com/thanglequoc/vietnamese-provinces-database/master/json/geojson/31_hai_phong/wards/11542_nam_trieu.geojson","boundary_source_page":"https://github.com/thanglequoc/vietnamese-provinces-database/blob/master/json/geojson/31_hai_phong/wards/11542_nam_trieu.geojson","source_catalog":"https://github.com/thanglequoc/vietnamese-provinces-database"},"geometry":null},{"type":"Feature","id":"11557","properties":{"commune_code":"11557","commune_name":"Thiên Hương","commune_name_en":"Thien Huong","commune_full_name":"Phường Thiên Hương","commune_full_name_en":"Thien Huong Ward","commune_slug":"thien_huong","unit_type":"Phường","unit_type_en":"Ward","admin_level":2,"province_code":"31","province_name":"Hải Phòng","province_full_name":"Thành phố Hải Phòng","province_slug":"hai_phong","join_key":"11557","status":"active","dataset_effective_date":"2026-04-30","catalog_version":"2026-07-12","geometry_status":"not_embedded_boundary_available_by_url","boundary_source_url":"https://raw.githubusercontent.com/thanglequoc/vietnamese-provinces-database/master/json/geojson/31_hai_phong/wards/11557_thien_huong.geojson","boundary_source_page":"https://github.com/thanglequoc/vietnamese-provinces-database/blob/master/json/geojson/31_hai_phong/wards/11557_thien_huong.geojson","source_catalog":"https://github.com/thanglequoc/vietnamese-provinces-database"},"geometry":null},{"type":"Feature","id":"11560","properties":{"commune_code":"11560","commune_name":"Thuỷ Nguyên","commune_name_en":"Thuy Nguyen","commune_full_name":"Phường Thuỷ Nguyên","commune_full_name_en":"Thuy Nguyen Ward","commune_slug":"thuy_nguyen","unit_type":"Phường","unit_type_en":"Ward","admin_level":2,"province_code":"31","province_name":"Hải Phòng","province_full_name":"Thành phố Hải Phòng","province_slug":"hai_phong","join_key":"11560","status":"active","dataset_effective_date":"2026-04-30","catalog_version":"2026-07-12","geometry_status":"not_embedded_boundary_available_by_url","boundary_source_url":"https://raw.githubusercontent.com/thanglequoc/vietnamese-provinces-database/master/json/geojson/31_hai_phong/wards/11560_thuy_nguyen.geojson","boundary_source_page":"https://github.com/thanglequoc/vietnamese-provinces-database/blob/master/json/geojson/31_hai_phong/wards/11560_thuy_nguyen.geojson","source_catalog":"https://github.com/thanglequoc/vietnamese-provinces-database"},"geometry":null},{"type":"Feature","id":"11581","properties":{"commune_code":"11581","commune_name":"An Dương","commune_name_en":"An Duong","commune_full_name":"Phường An Dương","commune_full_name_en":"An Duong Ward","commune_slug":"an_duong","unit_type":"Phường","unit_type_en":"Ward","admin_level":2,"province_code":"31","province_name":"Hải Phòng","province_full_name":"Thành phố Hải Phòng","province_slug":"hai_phong","join_key":"11581","status":"active","dataset_effective_date":"2026-04-30","catalog_version":"2026-07-12","geometry_status":"not_embedded_boundary_available_by_url","boundary_source_url":"https://raw.githubusercontent.com/thanglequoc/vietnamese-provinces-database/master/json/geojson/31_hai_phong/wards/11581_an_duong.geojson","boundary_source_page":"https://github.com/thanglequoc/vietnamese-provinces-database/blob/master/json/geojson/31_hai_phong/wards/11581_an_duong.geojson","source_catalog":"https://github.com/thanglequoc/vietnamese-provinces-database"},"geometry":null},{"type":"Feature","id":"11593","properties":{"commune_code":"11593","commune_name":"An Phong","commune_name_en":"An Phong","commune_full_name":"Phường An Phong","commune_full_name_en":"An Phong Ward","commune_slug":"an_phong","unit_type":"Phường","unit_type_en":"Ward","admin_level":2,"province_code":"31","province_name":"Hải Phòng","province_full_name":"Thành phố Hải Phòng","province_slug":"hai_phong","join_key":"11593","status":"active","dataset_effective_date":"2026-04-30","catalog_version":"2026-07-12","geometry_status":"not_embedded_boundary_available_by_url","boundary_source_url":"https://raw.githubusercontent.com/thanglequoc/vietnamese-provinces-database/master/json/geojson/31_hai_phong/wards/11593_an_phong.geojson","boundary_source_page":"https://github.com/thanglequoc/vietnamese-provinces-database/blob/master/json/geojson/31_hai_phong/wards/11593_an_phong.geojson","source_catalog":"https://github.com/thanglequoc/vietnamese-provinces-database"},"geometry":null},{"type":"Feature","id":"11602","properties":{"commune_code":"11602","commune_name":"Hồng An","commune_name_en":"Hong An","commune_full_name":"Phường Hồng An","commune_full_name_en":"Hong An Ward","commune_slug":"hong_an","unit_type":"Phường","unit_type_en":"Ward","admin_level":2,"province_code":"31","province_name":"Hải Phòng","province_full_name":"Thành phố Hải Phòng","province_slug":"hai_phong","join_key":"11602","status":"active","dataset_effective_date":"2026-04-30","catalog_version":"2026-07-12","geometry_status":"not_embedded_boundary_available_by_url","boundary_source_url":"https://raw.githubusercontent.com/thanglequoc/vietnamese-provinces-database/master/json/geojson/31_hai_phong/wards/11602_hong_an.geojson","boundary_source_page":"https://github.com/thanglequoc/vietnamese-provinces-database/blob/master/json/geojson/31_hai_phong/wards/11602_hong_an.geojson","source_catalog":"https://github.com/thanglequoc/vietnamese-provinces-database"},"geometry":null},{"type":"Feature","id":"11617","properties":{"commune_code":"11617","commune_name":"An Hải","commune_name_en":"An Hai","commune_full_name":"Phường An Hải","commune_full_name_en":"An Hai Ward","commune_slug":"an_hai","unit_type":"Phường","unit_type_en":"Ward","admin_level":2,"province_code":"31","province_name":"Hải Phòng","province_full_name":"Thành phố Hải Phòng","province_slug":"hai_phong","join_key":"11617","status":"active","dataset_effective_date":"2026-04-30","catalog_version":"2026-07-12","geometry_status":"not_embedded_boundary_available_by_url","boundary_source_url":"https://raw.githubusercontent.com/thanglequoc/vietnamese-provinces-database/master/json/geojson/31_hai_phong/wards/11617_an_hai.geojson","boundary_source_page":"https://github.com/thanglequoc/vietnamese-provinces-database/blob/master/json/geojson/31_hai_phong/wards/11617_an_hai.geojson","source_catalog":"https://github.com/thanglequoc/vietnamese-provinces-database"},"geometry":null},{"type":"Feature","id":"11629","properties":{"commune_code":"11629","commune_name":"An Lão","commune_name_en":"An Lao","commune_full_name":"Xã An Lão","commune_full_name_en":"An Lao Commune","commune_slug":"an_lao","unit_type":"Xã","unit_type_en":"Commune","admin_level":2,"province_code":"31","province_name":"Hải Phòng","province_full_name":"Thành phố Hải Phòng","province_slug":"hai_phong","join_key":"11629","status":"active","dataset_effective_date":"2026-04-30","catalog_version":"2026-07-12","geometry_status":"not_embedded_boundary_available_by_url","boundary_source_url":"https://raw.githubusercontent.com/thanglequoc/vietnamese-provinces-database/master/json/geojson/31_hai_phong/wards/11629_an_lao.geojson","boundary_source_page":"https://github.com/thanglequoc/vietnamese-provinces-database/blob/master/json/geojson/31_hai_phong/wards/11629_an_lao.geojson","source_catalog":"https://github.com/thanglequoc/vietnamese-provinces-database"},"geometry":null},{"type":"Feature","id":"11635","properties":{"commune_code":"11635","commune_name":"An Trường","commune_name_en":"An Truong","commune_full_name":"Xã An Trường","commune_full_name_en":"An Truong Commune","commune_slug":"an_truong","unit_type":"Xã","unit_type_en":"Commune","admin_level":2,"province_code":"31","province_name":"Hải Phòng","province_full_name":"Thành phố Hải Phòng","province_slug":"hai_phong","join_key":"11635","status":"active","dataset_effective_date":"2026-04-30","catalog_version":"2026-07-12","geometry_status":"not_embedded_boundary_available_by_url","boundary_source_url":"https://raw.githubusercontent.com/thanglequoc/vietnamese-provinces-database/master/json/geojson/31_hai_phong/wards/11635_an_truong.geojson","boundary_source_page":"https://github.com/thanglequoc/vietnamese-provinces-database/blob/master/json/geojson/31_hai_phong/wards/11635_an_truong.geojson","source_catalog":"https://github.com/thanglequoc/vietnamese-provinces-database"},"geometry":null},{"type":"Feature","id":"11647","properties":{"commune_code":"11647","commune_name":"An Quang","commune_name_en":"An Quang","commune_full_name":"Xã An Quang","commune_full_name_en":"An Quang Commune","commune_slug":"an_quang","unit_type":"Xã","unit_type_en":"Commune","admin_level":2,"province_code":"31","province_name":"Hải Phòng","province_full_name":"Thành phố Hải Phòng","province_slug":"hai_phong","join_key":"11647","status":"active","dataset_effective_date":"2026-04-30","catalog_version":"2026-07-12","geometry_status":"not_embedded_boundary_available_by_url","boundary_source_url":"https://raw.githubusercontent.com/thanglequoc/vietnamese-provinces-database/master/json/geojson/31_hai_phong/wards/11647_an_quang.geojson","boundary_source_page":"https://github.com/thanglequoc/vietnamese-provinces-database/blob/master/json/geojson/31_hai_phong/wards/11647_an_quang.geojson","source_catalog":"https://github.com/thanglequoc/vietnamese-provinces-database"},"geometry":null},{"type":"Feature","id":"11668","properties":{"commune_code":"11668","commune_name":"An Khánh","commune_name_en":"An Khanh","commune_full_name":"Xã An Khánh","commune_full_name_en":"An Khanh Commune","commune_slug":"an_khanh","unit_type":"Xã","unit_type_en":"Commune","admin_level":2,"province_code":"31","province_name":"Hải Phòng","province_full_name":"Thành phố Hải Phòng","province_slug":"hai_phong","join_key":"11668","status":"active","dataset_effective_date":"2026-04-30","catalog_version":"2026-07-12","geometry_status":"not_embedded_boundary_available_by_url","boundary_source_url":"https://raw.githubusercontent.com/thanglequoc/vietnamese-provinces-database/master/json/geojson/31_hai_phong/wards/11668_an_khanh.geojson","boundary_source_page":"https://github.com/thanglequoc/vietnamese-provinces-database/blob/master/json/geojson/31_hai_phong/wards/11668_an_khanh.geojson","source_catalog":"https://github.com/thanglequoc/vietnamese-provinces-database"},"geometry":null},{"type":"Feature","id":"11674","properties":{"commune_code":"11674","commune_name":"An Hưng","commune_name_en":"An Hung","commune_full_name":"Xã An Hưng","commune_full_name_en":"An Hung Commune","commune_slug":"an_hung","unit_type":"Xã","unit_type_en":"Commune","admin_level":2,"province_code":"31","province_name":"Hải Phòng","province_full_name":"Thành phố Hải Phòng","province_slug":"hai_phong","join_key":"11674","status":"active","dataset_effective_date":"2026-04-30","catalog_version":"2026-07-12","geometry_status":"not_embedded_boundary_available_by_url","boundary_source_url":"https://raw.githubusercontent.com/thanglequoc/vietnamese-provinces-database/master/json/geojson/31_hai_phong/wards/11674_an_hung.geojson","boundary_source_page":"https://github.com/thanglequoc/vietnamese-provinces-database/blob/master/json/geojson/31_hai_phong/wards/11674_an_hung.geojson","source_catalog":"https://github.com/thanglequoc/vietnamese-provinces-database"},"geometry":null},{"type":"Feature","id":"11680","properties":{"commune_code":"11680","commune_name":"Kiến Thuỵ","commune_name_en":"Kien Thuy","commune_full_name":"Xã Kiến Thuỵ","commune_full_name_en":"Kien Thuy Commune","commune_slug":"kien_thuy","unit_type":"Xã","unit_type_en":"Commune","admin_level":2,"province_code":"31","province_name":"Hải Phòng","province_full_name":"Thành phố Hải Phòng","province_slug":"hai_phong","join_key":"11680","status":"active","dataset_effective_date":"2026-04-30","catalog_version":"2026-07-12","geometry_status":"not_embedded_boundary_available_by_url","boundary_source_url":"https://raw.githubusercontent.com/thanglequoc/vietnamese-provinces-database/master/json/geojson/31_hai_phong/wards/11680_kien_thuy.geojson","boundary_source_page":"https://github.com/thanglequoc/vietnamese-provinces-database/blob/master/json/geojson/31_hai_phong/wards/11680_kien_thuy.geojson","source_catalog":"https://github.com/thanglequoc/vietnamese-provinces-database"},"geometry":null},{"type":"Feature","id":"11689","properties":{"commune_code":"11689","commune_name":"Hưng Đạo","commune_name_en":"Hung Dao","commune_full_name":"Phường Hưng Đạo","commune_full_name_en":"Hung Dao Ward","commune_slug":"hung_dao","unit_type":"Phường","unit_type_en":"Ward","admin_level":2,"province_code":"31","province_name":"Hải Phòng","province_full_name":"Thành phố Hải Phòng","province_slug":"hai_phong","join_key":"11689","status":"active","dataset_effective_date":"2026-04-30","catalog_version":"2026-07-12","geometry_status":"not_embedded_boundary_available_by_url","boundary_source_url":"https://raw.githubusercontent.com/thanglequoc/vietnamese-provinces-database/master/json/geojson/31_hai_phong/wards/11689_hung_dao.geojson","boundary_source_page":"https://github.com/thanglequoc/vietnamese-provinces-database/blob/master/json/geojson/31_hai_phong/wards/11689_hung_dao.geojson","source_catalog":"https://github.com/thanglequoc/vietnamese-provinces-database"},"geometry":null},{"type":"Feature","id":"11692","properties":{"commune_code":"11692","commune_name":"Dương Kinh","commune_name_en":"Duong Kinh","commune_full_name":"Phường Dương Kinh","commune_full_name_en":"Duong Kinh Ward","commune_slug":"duong_kinh","unit_type":"Phường","unit_type_en":"Ward","admin_level":2,"province_code":"31","province_name":"Hải Phòng","province_full_name":"Thành phố Hải Phòng","province_slug":"hai_phong","join_key":"11692","status":"active","dataset_effective_date":"2026-04-30","catalog_version":"2026-07-12","geometry_status":"not_embedded_boundary_available_by_url","boundary_source_url":"https://raw.githubusercontent.com/thanglequoc/vietnamese-provinces-database/master/json/geojson/31_hai_phong/wards/11692_duong_kinh.geojson","boundary_source_page":"https://github.com/thanglequoc/vietnamese-provinces-database/blob/master/json/geojson/31_hai_phong/wards/11692_duong_kinh.geojson","source_catalog":"https://github.com/thanglequoc/vietnamese-provinces-database"},"geometry":null},{"type":"Feature","id":"11713","properties":{"commune_code":"11713","commune_name":"Nghi Dương","commune_name_en":"Nghi Duong","commune_full_name":"Xã Nghi Dương","commune_full_name_en":"Nghi Duong Commune","commune_slug":"nghi_duong","unit_type":"Xã","unit_type_en":"Commune","admin_level":2,"province_code":"31","province_name":"Hải Phòng","province_full_name":"Thành phố Hải Phòng","province_slug":"hai_phong","join_key":"11713","status":"active","dataset_effective_date":"2026-04-30","catalog_version":"2026-07-12","geometry_status":"not_embedded_boundary_available_by_url","boundary_source_url":"https://raw.githubusercontent.com/thanglequoc/vietnamese-provinces-database/master/json/geojson/31_hai_phong/wards/11713_nghi_duong.geojson","boundary_source_page":"https://github.com/thanglequoc/vietnamese-provinces-database/blob/master/json/geojson/31_hai_phong/wards/11713_nghi_duong.geojson","source_catalog":"https://github.com/thanglequoc/vietnamese-provinces-database"},"geometry":null},{"type":"Feature","id":"11725","properties":{"commune_code":"11725","commune_name":"Kiến Minh","commune_name_en":"Kien Minh","commune_full_name":"Xã Kiến Minh","commune_full_name_en":"Kien Minh Commune","commune_slug":"kien_minh","unit_type":"Xã","unit_type_en":"Commune","admin_level":2,"province_code":"31","province_name":"Hải Phòng","province_full_name":"Thành phố Hải Phòng","province_slug":"hai_phong","join_key":"11725","status":"active","dataset_effective_date":"2026-04-30","catalog_version":"2026-07-12","geometry_status":"not_embedded_boundary_available_by_url","boundary_source_url":"https://raw.githubusercontent.com/thanglequoc/vietnamese-provinces-database/master/json/geojson/31_hai_phong/wards/11725_kien_minh.geojson","boundary_source_page":"https://github.com/thanglequoc/vietnamese-provinces-database/blob/master/json/geojson/31_hai_phong/wards/11725_kien_minh.geojson","source_catalog":"https://github.com/thanglequoc/vietnamese-provinces-database"},"geometry":null},{"type":"Feature","id":"11728","properties":{"commune_code":"11728","commune_name":"Kiến Hưng","commune_name_en":"Kien Hung","commune_full_name":"Xã Kiến Hưng","commune_full_name_en":"Kien Hung Commune","commune_slug":"kien_hung","unit_type":"Xã","unit_type_en":"Commune","admin_level":2,"province_code":"31","province_name":"Hải Phòng","province_full_name":"Thành phố Hải Phòng","province_slug":"hai_phong","join_key":"11728","status":"active","dataset_effective_date":"2026-04-30","catalog_version":"2026-07-12","geometry_status":"not_embedded_boundary_available_by_url","boundary_source_url":"https://raw.githubusercontent.com/thanglequoc/vietnamese-provinces-database/master/json/geojson/31_hai_phong/wards/11728_kien_hung.geojson","boundary_source_page":"https://github.com/thanglequoc/vietnamese-provinces-database/blob/master/json/geojson/31_hai_phong/wards/11728_kien_hung.geojson","source_catalog":"https://github.com/thanglequoc/vietnamese-provinces-database"},"geometry":null},{"type":"Feature","id":"11737","properties":{"commune_code":"11737","commune_name":"Nam Đồ Sơn","commune_name_en":"Nam Do Son","commune_full_name":"Phường Nam Đồ Sơn","commune_full_name_en":"Nam Do Son Ward","commune_slug":"nam_do_son","unit_type":"Phường","unit_type_en":"Ward","admin_level":2,"province_code":"31","province_name":"Hải Phòng","province_full_name":"Thành phố Hải Phòng","province_slug":"hai_phong","join_key":"11737","status":"active","dataset_effective_date":"2026-04-30","catalog_version":"2026-07-12","geometry_status":"not_embedded_boundary_available_by_url","boundary_source_url":"https://raw.githubusercontent.com/thanglequoc/vietnamese-provinces-database/master/json/geojson/31_hai_phong/wards/11737_nam_do_son.geojson","boundary_source_page":"https://github.com/thanglequoc/vietnamese-provinces-database/blob/master/json/geojson/31_hai_phong/wards/11737_nam_do_son.geojson","source_catalog":"https://github.com/thanglequoc/vietnamese-provinces-database"},"geometry":null},{"type":"Feature","id":"11749","properties":{"commune_code":"11749","commune_name":"Kiến Hải","commune_name_en":"Kien Hai","commune_full_name":"Xã Kiến Hải","commune_full_name_en":"Kien Hai Commune","commune_slug":"kien_hai","unit_type":"Xã","unit_type_en":"Commune","admin_level":2,"province_code":"31","province_name":"Hải Phòng","province_full_name":"Thành phố Hải Phòng","province_slug":"hai_phong","join_key":"11749","status":"active","dataset_effective_date":"2026-04-30","catalog_version":"2026-07-12","geometry_status":"not_embedded_boundary_available_by_url","boundary_source_url":"https://raw.githubusercontent.com/thanglequoc/vietnamese-provinces-database/master/json/geojson/31_hai_phong/wards/11749_kien_hai.geojson","boundary_source_page":"https://github.com/thanglequoc/vietnamese-provinces-database/blob/master/json/geojson/31_hai_phong/wards/11749_kien_hai.geojson","source_catalog":"https://github.com/thanglequoc/vietnamese-provinces-database"},"geometry":null},{"type":"Feature","id":"11755","properties":{"commune_code":"11755","commune_name":"Tiên Lãng","commune_name_en":"Tien Lang","commune_full_name":"Xã Tiên Lãng","commune_full_name_en":"Tien Lang Commune","commune_slug":"tien_lang","unit_type":"Xã","unit_type_en":"Commune","admin_level":2,"province_code":"31","province_name":"Hải Phòng","province_full_name":"Thành phố Hải Phòng","province_slug":"hai_phong","join_key":"11755","status":"active","dataset_effective_date":"2026-04-30","catalog_version":"2026-07-12","geometry_status":"not_embedded_boundary_available_by_url","boundary_source_url":"https://raw.githubusercontent.com/thanglequoc/vietnamese-provinces-database/master/json/geojson/31_hai_phong/wards/11755_tien_lang.geojson","boundary_source_page":"https://github.com/thanglequoc/vietnamese-provinces-database/blob/master/json/geojson/31_hai_phong/wards/11755_tien_lang.geojson","source_catalog":"https://github.com/thanglequoc/vietnamese-provinces-database"},"geometry":null},{"type":"Feature","id":"11761","properties":{"commune_code":"11761","commune_name":"Quyết Thắng","commune_name_en":"Quyet Thang","commune_full_name":"Xã Quyết Thắng","commune_full_name_en":"Quyet Thang Commune","commune_slug":"quyet_thang","unit_type":"Xã","unit_type_en":"Commune","admin_level":2,"province_code":"31","province_name":"Hải Phòng","province_full_name":"Thành phố Hải Phòng","province_slug":"hai_phong","join_key":"11761","status":"active","dataset_effective_date":"2026-04-30","catalog_version":"2026-07-12","geometry_status":"not_embedded_boundary_available_by_url","boundary_source_url":"https://raw.githubusercontent.com/thanglequoc/vietnamese-provinces-database/master/json/geojson/31_hai_phong/wards/11761_quyet_thang.geojson","boundary_source_page":"https://github.com/thanglequoc/vietnamese-provinces-database/blob/master/json/geojson/31_hai_phong/wards/11761_quyet_thang.geojson","source_catalog":"https://github.com/thanglequoc/vietnamese-provinces-database"},"geometry":null},{"type":"Feature","id":"11779","properties":{"commune_code":"11779","commune_name":"Tân Minh","commune_name_en":"Tan Minh","commune_full_name":"Xã Tân Minh","commune_full_name_en":"Tan Minh Commune","commune_slug":"tan_minh","unit_type":"Xã","unit_type_en":"Commune","admin_level":2,"province_code":"31","province_name":"Hải Phòng","province_full_name":"Thành phố Hải Phòng","province_slug":"hai_phong","join_key":"11779","status":"active","dataset_effective_date":"2026-04-30","catalog_version":"2026-07-12","geometry_status":"not_embedded_boundary_available_by_url","boundary_source_url":"https://raw.githubusercontent.com/thanglequoc/vietnamese-provinces-database/master/json/geojson/31_hai_phong/wards/11779_tan_minh.geojson","boundary_source_page":"https://github.com/thanglequoc/vietnamese-provinces-database/blob/master/json/geojson/31_hai_phong/wards/11779_tan_minh.geojson","source_catalog":"https://github.com/thanglequoc/vietnamese-provinces-database"},"geometry":null},{"type":"Feature","id":"11791","properties":{"commune_code":"11791","commune_name":"Tiên Minh","commune_name_en":"Tien Minh","commune_full_name":"Xã Tiên Minh","commune_full_name_en":"Tien Minh Commune","commune_slug":"tien_minh","unit_type":"Xã","unit_type_en":"Commune","admin_level":2,"province_code":"31","province_name":"Hải Phòng","province_full_name":"Thành phố Hải Phòng","province_slug":"hai_phong","join_key":"11791","status":"active","dataset_effective_date":"2026-04-30","catalog_version":"2026-07-12","geometry_status":"not_embedded_boundary_available_by_url","boundary_source_url":"https://raw.githubusercontent.com/thanglequoc/vietnamese-provinces-database/master/json/geojson/31_hai_phong/wards/11791_tien_minh.geojson","boundary_source_page":"https://github.com/thanglequoc/vietnamese-provinces-database/blob/master/json/geojson/31_hai_phong/wards/11791_tien_minh.geojson","source_catalog":"https://github.com/thanglequoc/vietnamese-provinces-database"},"geometry":null},{"type":"Feature","id":"11806","properties":{"commune_code":"11806","commune_name":"Chấn Hưng","commune_name_en":"Chan Hung","commune_full_name":"Xã Chấn Hưng","commune_full_name_en":"Chan Hung Commune","commune_slug":"chan_hung","unit_type":"Xã","unit_type_en":"Commune","admin_level":2,"province_code":"31","province_name":"Hải Phòng","province_full_name":"Thành phố Hải Phòng","province_slug":"hai_phong","join_key":"11806","status":"active","dataset_effective_date":"2026-04-30","catalog_version":"2026-07-12","geometry_status":"not_embedded_boundary_available_by_url","boundary_source_url":"https://raw.githubusercontent.com/thanglequoc/vietnamese-provinces-database/master/json/geojson/31_hai_phong/wards/11806_chan_hung.geojson","boundary_source_page":"https://github.com/thanglequoc/vietnamese-provinces-database/blob/master/json/geojson/31_hai_phong/wards/11806_chan_hung.geojson","source_catalog":"https://github.com/thanglequoc/vietnamese-provinces-database"},"geometry":null},{"type":"Feature","id":"11809","properties":{"commune_code":"11809","commune_name":"Hùng Thắng","commune_name_en":"Hung Thang","commune_full_name":"Xã Hùng Thắng","commune_full_name_en":"Hung Thang Commune","commune_slug":"hung_thang","unit_type":"Xã","unit_type_en":"Commune","admin_level":2,"province_code":"31","province_name":"Hải Phòng","province_full_name":"Thành phố Hải Phòng","province_slug":"hai_phong","join_key":"11809","status":"active","dataset_effective_date":"2026-04-30","catalog_version":"2026-07-12","geometry_status":"not_embedded_boundary_available_by_url","boundary_source_url":"https://raw.githubusercontent.com/thanglequoc/vietnamese-provinces-database/master/json/geojson/31_hai_phong/wards/11809_hung_thang.geojson","boundary_source_page":"https://github.com/thanglequoc/vietnamese-provinces-database/blob/master/json/geojson/31_hai_phong/wards/11809_hung_thang.geojson","source_catalog":"https://github.com/thanglequoc/vietnamese-provinces-database"},"geometry":null},{"type":"Feature","id":"11824","properties":{"commune_code":"11824","commune_name":"Vĩnh Bảo","commune_name_en":"Vinh Bao","commune_full_name":"Xã Vĩnh Bảo","commune_full_name_en":"Vinh Bao Commune","commune_slug":"vinh_bao","unit_type":"Xã","unit_type_en":"Commune","admin_level":2,"province_code":"31","province_name":"Hải Phòng","province_full_name":"Thành phố Hải Phòng","province_slug":"hai_phong","join_key":"11824","status":"active","dataset_effective_date":"2026-04-30","catalog_version":"2026-07-12","geometry_status":"not_embedded_boundary_available_by_url","boundary_source_url":"https://raw.githubusercontent.com/thanglequoc/vietnamese-provinces-database/master/json/geojson/31_hai_phong/wards/11824_vinh_bao.geojson","boundary_source_page":"https://github.com/thanglequoc/vietnamese-provinces-database/blob/master/json/geojson/31_hai_phong/wards/11824_vinh_bao.geojson","source_catalog":"https://github.com/thanglequoc/vietnamese-provinces-database"},"geometry":null},{"type":"Feature","id":"11836","properties":{"commune_code":"11836","commune_name":"Vĩnh Thịnh","commune_name_en":"Vinh Thinh","commune_full_name":"Xã Vĩnh Thịnh","commune_full_name_en":"Vinh Thinh Commune","commune_slug":"vinh_thinh","unit_type":"Xã","unit_type_en":"Commune","admin_level":2,"province_code":"31","province_name":"Hải Phòng","province_full_name":"Thành phố Hải Phòng","province_slug":"hai_phong","join_key":"11836","status":"active","dataset_effective_date":"2026-04-30","catalog_version":"2026-07-12","geometry_status":"not_embedded_boundary_available_by_url","boundary_source_url":"https://raw.githubusercontent.com/thanglequoc/vietnamese-provinces-database/master/json/geojson/31_hai_phong/wards/11836_vinh_thinh.geojson","boundary_source_page":"https://github.com/thanglequoc/vietnamese-provinces-database/blob/master/json/geojson/31_hai_phong/wards/11836_vinh_thinh.geojson","source_catalog":"https://github.com/thanglequoc/vietnamese-provinces-database"},"geometry":null},{"type":"Feature","id":"11842","properties":{"commune_code":"11842","commune_name":"Vĩnh Thuận","commune_name_en":"Vinh Thuan","commune_full_name":"Xã Vĩnh Thuận","commune_full_name_en":"Vinh Thuan Commune","commune_slug":"vinh_thuan","unit_type":"Xã","unit_type_en":"Commune","admin_level":2,"province_code":"31","province_name":"Hải Phòng","province_full_name":"Thành phố Hải Phòng","province_slug":"hai_phong","join_key":"11842","status":"active","dataset_effective_date":"2026-04-30","catalog_version":"2026-07-12","geometry_status":"not_embedded_boundary_available_by_url","boundary_source_url":"https://raw.githubusercontent.com/thanglequoc/vietnamese-provinces-database/master/json/geojson/31_hai_phong/wards/11842_vinh_thuan.geojson","boundary_source_page":"https://github.com/thanglequoc/vietnamese-provinces-database/blob/master/json/geojson/31_hai_phong/wards/11842_vinh_thuan.geojson","source_catalog":"https://github.com/thanglequoc/vietnamese-provinces-database"},"geometry":null},{"type":"Feature","id":"11848","properties":{"commune_code":"11848","commune_name":"Vĩnh Hoà","commune_name_en":"Vinh Hoa","commune_full_name":"Xã Vĩnh Hoà","commune_full_name_en":"Vinh Hoa Commune","commune_slug":"vinh_hoa","unit_type":"Xã","unit_type_en":"Commune","admin_level":2,"province_code":"31","province_name":"Hải Phòng","province_full_name":"Thành phố Hải Phòng","province_slug":"hai_phong","join_key":"11848","status":"active","dataset_effective_date":"2026-04-30","catalog_version":"2026-07-12","geometry_status":"not_embedded_boundary_available_by_url","boundary_source_url":"https://raw.githubusercontent.com/thanglequoc/vietnamese-provinces-database/master/json/geojson/31_hai_phong/wards/11848_vinh_hoa.geojson","boundary_source_page":"https://github.com/thanglequoc/vietnamese-provinces-database/blob/master/json/geojson/31_hai_phong/wards/11848_vinh_hoa.geojson","source_catalog":"https://github.com/thanglequoc/vietnamese-provinces-database"},"geometry":null},{"type":"Feature","id":"11875","properties":{"commune_code":"11875","commune_name":"Vĩnh Hải","commune_name_en":"Vinh Hai","commune_full_name":"Xã Vĩnh Hải","commune_full_name_en":"Vinh Hai Commune","commune_slug":"vinh_hai","unit_type":"Xã","unit_type_en":"Commune","admin_level":2,"province_code":"31","province_name":"Hải Phòng","province_full_name":"Thành phố Hải Phòng","province_slug":"hai_phong","join_key":"11875","status":"active","dataset_effective_date":"2026-04-30","catalog_version":"2026-07-12","geometry_status":"not_embedded_boundary_available_by_url","boundary_source_url":"https://raw.githubusercontent.com/thanglequoc/vietnamese-provinces-database/master/json/geojson/31_hai_phong/wards/11875_vinh_hai.geojson","boundary_source_page":"https://github.com/thanglequoc/vietnamese-provinces-database/blob/master/json/geojson/31_hai_phong/wards/11875_vinh_hai.geojson","source_catalog":"https://github.com/thanglequoc/vietnamese-provinces-database"},"geometry":null},{"type":"Feature","id":"11887","properties":{"commune_code":"11887","commune_name":"Vĩnh Am","commune_name_en":"Vinh Am","commune_full_name":"Xã Vĩnh Am","commune_full_name_en":"Vinh Am Commune","commune_slug":"vinh_am","unit_type":"Xã","unit_type_en":"Commune","admin_level":2,"province_code":"31","province_name":"Hải Phòng","province_full_name":"Thành phố Hải Phòng","province_slug":"hai_phong","join_key":"11887","status":"active","dataset_effective_date":"2026-04-30","catalog_version":"2026-07-12","geometry_status":"not_embedded_boundary_available_by_url","boundary_source_url":"https://raw.githubusercontent.com/thanglequoc/vietnamese-provinces-database/master/json/geojson/31_hai_phong/wards/11887_vinh_am.geojson","boundary_source_page":"https://github.com/thanglequoc/vietnamese-provinces-database/blob/master/json/geojson/31_hai_phong/wards/11887_vinh_am.geojson","source_catalog":"https://github.com/thanglequoc/vietnamese-provinces-database"},"geometry":null},{"type":"Feature","id":"11911","properties":{"commune_code":"11911","commune_name":"Nguyễn Bỉnh Khiêm","commune_name_en":"Nguyen Binh Khiem","commune_full_name":"Xã Nguyễn Bỉnh Khiêm","commune_full_name_en":"Nguyen Binh Khiem Commune","commune_slug":"nguyen_binh_khiem","unit_type":"Xã","unit_type_en":"Commune","admin_level":2,"province_code":"31","province_name":"Hải Phòng","province_full_name":"Thành phố Hải Phòng","province_slug":"hai_phong","join_key":"11911","status":"active","dataset_effective_date":"2026-04-30","catalog_version":"2026-07-12","geometry_status":"not_embedded_boundary_available_by_url","boundary_source_url":"https://raw.githubusercontent.com/thanglequoc/vietnamese-provinces-database/master/json/geojson/31_hai_phong/wards/11911_nguyen_binh_khiem.geojson","boundary_source_page":"https://github.com/thanglequoc/vietnamese-provinces-database/blob/master/json/geojson/31_hai_phong/wards/11911_nguyen_binh_khiem.geojson","source_catalog":"https://github.com/thanglequoc/vietnamese-provinces-database"},"geometry":null},{"type":"Feature","id":"11914","properties":{"commune_code":"11914","commune_name":"Cát Hải","commune_name_en":"Cat Hai","commune_full_name":"Đặc khu Cát Hải","commune_full_name_en":"Cat Hai Special administrative region","commune_slug":"cat_hai","unit_type":"Đặc khu","unit_type_en":"Special administrative region","admin_level":2,"province_code":"31","province_name":"Hải Phòng","province_full_name":"Thành phố Hải Phòng","province_slug":"hai_phong","join_key":"11914","status":"active","dataset_effective_date":"2026-04-30","catalog_version":"2026-07-12","geometry_status":"not_embedded_boundary_available_by_url","boundary_source_url":"https://raw.githubusercontent.com/thanglequoc/vietnamese-provinces-database/master/json/geojson/31_hai_phong/wards/11914_cat_hai.geojson","boundary_source_page":"https://github.com/thanglequoc/vietnamese-provinces-database/blob/master/json/geojson/31_hai_phong/wards/11914_cat_hai.geojson","source_catalog":"https://github.com/thanglequoc/vietnamese-provinces-database"},"geometry":null},{"type":"Feature","id":"11948","properties":{"commune_code":"11948","commune_name":"Bạch Long Vĩ","commune_name_en":"Bach Long Vi","commune_full_name":"Đặc khu Bạch Long Vĩ","commune_full_name_en":"Bach Long Vi Special administrative region","commune_slug":"bach_long_vi","unit_type":"Đặc khu","unit_type_en":"Special administrative region","admin_level":2,"province_code":"31","province_name":"Hải Phòng","province_full_name":"Thành phố Hải Phòng","province_slug":"hai_phong","join_key":"11948","status":"active","dataset_effective_date":"2026-04-30","catalog_version":"2026-07-12","geometry_status":"not_embedded_boundary_available_by_url","boundary_source_url":"https://raw.githubusercontent.com/thanglequoc/vietnamese-provinces-database/master/json/geojson/31_hai_phong/wards/11948_bach_long_vi.geojson","boundary_source_page":"https://github.com/thanglequoc/vietnamese-provinces-database/blob/master/json/geojson/31_hai_phong/wards/11948_bach_long_vi.geojson","source_catalog":"https://github.com/thanglequoc/vietnamese-provinces-database"},"geometry":null}]}