{"type":"FeatureCollection","name":"33_hung_yen_communes_attributes","metadata":{"province_code":"33","province_name":"Hưng Yên","feature_count":104,"geometry":null,"join_key":"commune_code"},"features":[{"type":"Feature","id":"11953","properties":{"commune_code":"11953","commune_name":"Phố Hiến","commune_name_en":"Pho Hien","commune_full_name":"Phường Phố Hiến","commune_full_name_en":"Pho Hien Ward","commune_slug":"pho_hien","unit_type":"Phường","unit_type_en":"Ward","admin_level":2,"province_code":"33","province_name":"Hưng Yên","province_full_name":"Tỉnh Hưng Yên","province_slug":"hung_yen","join_key":"11953","status":"active","dataset_effective_date":"2026-04-30","catalog_version":"2026-07-12","geometry_status":"not_embedded_boundary_available_by_url","boundary_source_url":"https://raw.githubusercontent.com/thanglequoc/vietnamese-provinces-database/master/json/geojson/33_hung_yen/wards/11953_pho_hien.geojson","boundary_source_page":"https://github.com/thanglequoc/vietnamese-provinces-database/blob/master/json/geojson/33_hung_yen/wards/11953_pho_hien.geojson","source_catalog":"https://github.com/thanglequoc/vietnamese-provinces-database"},"geometry":null},{"type":"Feature","id":"11977","properties":{"commune_code":"11977","commune_name":"Tân Hưng","commune_name_en":"Tan Hung","commune_full_name":"Xã Tân Hưng","commune_full_name_en":"Tan Hung Commune","commune_slug":"tan_hung","unit_type":"Xã","unit_type_en":"Commune","admin_level":2,"province_code":"33","province_name":"Hưng Yên","province_full_name":"Tỉnh Hưng Yên","province_slug":"hung_yen","join_key":"11977","status":"active","dataset_effective_date":"2026-04-30","catalog_version":"2026-07-12","geometry_status":"not_embedded_boundary_available_by_url","boundary_source_url":"https://raw.githubusercontent.com/thanglequoc/vietnamese-provinces-database/master/json/geojson/33_hung_yen/wards/11977_tan_hung.geojson","boundary_source_page":"https://github.com/thanglequoc/vietnamese-provinces-database/blob/master/json/geojson/33_hung_yen/wards/11977_tan_hung.geojson","source_catalog":"https://github.com/thanglequoc/vietnamese-provinces-database"},"geometry":null},{"type":"Feature","id":"11980","properties":{"commune_code":"11980","commune_name":"Hồng Châu","commune_name_en":"Hong Chau","commune_full_name":"Phường Hồng Châu","commune_full_name_en":"Hong Chau Ward","commune_slug":"hong_chau","unit_type":"Phường","unit_type_en":"Ward","admin_level":2,"province_code":"33","province_name":"Hưng Yên","province_full_name":"Tỉnh Hưng Yên","province_slug":"hung_yen","join_key":"11980","status":"active","dataset_effective_date":"2026-04-30","catalog_version":"2026-07-12","geometry_status":"not_embedded_boundary_available_by_url","boundary_source_url":"https://raw.githubusercontent.com/thanglequoc/vietnamese-provinces-database/master/json/geojson/33_hung_yen/wards/11980_hong_chau.geojson","boundary_source_page":"https://github.com/thanglequoc/vietnamese-provinces-database/blob/master/json/geojson/33_hung_yen/wards/11980_hong_chau.geojson","source_catalog":"https://github.com/thanglequoc/vietnamese-provinces-database"},"geometry":null},{"type":"Feature","id":"11983","properties":{"commune_code":"11983","commune_name":"Sơn Nam","commune_name_en":"Son Nam","commune_full_name":"Phường Sơn Nam","commune_full_name_en":"Son Nam Ward","commune_slug":"son_nam","unit_type":"Phường","unit_type_en":"Ward","admin_level":2,"province_code":"33","province_name":"Hưng Yên","province_full_name":"Tỉnh Hưng Yên","province_slug":"hung_yen","join_key":"11983","status":"active","dataset_effective_date":"2026-04-30","catalog_version":"2026-07-12","geometry_status":"not_embedded_boundary_available_by_url","boundary_source_url":"https://raw.githubusercontent.com/thanglequoc/vietnamese-provinces-database/master/json/geojson/33_hung_yen/wards/11983_son_nam.geojson","boundary_source_page":"https://github.com/thanglequoc/vietnamese-provinces-database/blob/master/json/geojson/33_hung_yen/wards/11983_son_nam.geojson","source_catalog":"https://github.com/thanglequoc/vietnamese-provinces-database"},"geometry":null},{"type":"Feature","id":"11992","properties":{"commune_code":"11992","commune_name":"Lạc Đạo","commune_name_en":"Lac Dao","commune_full_name":"Xã Lạc Đạo","commune_full_name_en":"Lac Dao Commune","commune_slug":"lac_dao","unit_type":"Xã","unit_type_en":"Commune","admin_level":2,"province_code":"33","province_name":"Hưng Yên","province_full_name":"Tỉnh Hưng Yên","province_slug":"hung_yen","join_key":"11992","status":"active","dataset_effective_date":"2026-04-30","catalog_version":"2026-07-12","geometry_status":"not_embedded_boundary_available_by_url","boundary_source_url":"https://raw.githubusercontent.com/thanglequoc/vietnamese-provinces-database/master/json/geojson/33_hung_yen/wards/11992_lac_dao.geojson","boundary_source_page":"https://github.com/thanglequoc/vietnamese-provinces-database/blob/master/json/geojson/33_hung_yen/wards/11992_lac_dao.geojson","source_catalog":"https://github.com/thanglequoc/vietnamese-provinces-database"},"geometry":null},{"type":"Feature","id":"11995","properties":{"commune_code":"11995","commune_name":"Đại Đồng","commune_name_en":"Dai Dong","commune_full_name":"Xã Đại Đồng","commune_full_name_en":"Dai Dong Commune","commune_slug":"dai_dong","unit_type":"Xã","unit_type_en":"Commune","admin_level":2,"province_code":"33","province_name":"Hưng Yên","province_full_name":"Tỉnh Hưng Yên","province_slug":"hung_yen","join_key":"11995","status":"active","dataset_effective_date":"2026-04-30","catalog_version":"2026-07-12","geometry_status":"not_embedded_boundary_available_by_url","boundary_source_url":"https://raw.githubusercontent.com/thanglequoc/vietnamese-provinces-database/master/json/geojson/33_hung_yen/wards/11995_dai_dong.geojson","boundary_source_page":"https://github.com/thanglequoc/vietnamese-provinces-database/blob/master/json/geojson/33_hung_yen/wards/11995_dai_dong.geojson","source_catalog":"https://github.com/thanglequoc/vietnamese-provinces-database"},"geometry":null},{"type":"Feature","id":"12004","properties":{"commune_code":"12004","commune_name":"Như Quỳnh","commune_name_en":"Nhu Quynh","commune_full_name":"Xã Như Quỳnh","commune_full_name_en":"Nhu Quynh Commune","commune_slug":"nhu_quynh","unit_type":"Xã","unit_type_en":"Commune","admin_level":2,"province_code":"33","province_name":"Hưng Yên","province_full_name":"Tỉnh Hưng Yên","province_slug":"hung_yen","join_key":"12004","status":"active","dataset_effective_date":"2026-04-30","catalog_version":"2026-07-12","geometry_status":"not_embedded_boundary_available_by_url","boundary_source_url":"https://raw.githubusercontent.com/thanglequoc/vietnamese-provinces-database/master/json/geojson/33_hung_yen/wards/12004_nhu_quynh.geojson","boundary_source_page":"https://github.com/thanglequoc/vietnamese-provinces-database/blob/master/json/geojson/33_hung_yen/wards/12004_nhu_quynh.geojson","source_catalog":"https://github.com/thanglequoc/vietnamese-provinces-database"},"geometry":null},{"type":"Feature","id":"12019","properties":{"commune_code":"12019","commune_name":"Văn Giang","commune_name_en":"Van Giang","commune_full_name":"Xã Văn Giang","commune_full_name_en":"Van Giang Commune","commune_slug":"van_giang","unit_type":"Xã","unit_type_en":"Commune","admin_level":2,"province_code":"33","province_name":"Hưng Yên","province_full_name":"Tỉnh Hưng Yên","province_slug":"hung_yen","join_key":"12019","status":"active","dataset_effective_date":"2026-04-30","catalog_version":"2026-07-12","geometry_status":"not_embedded_boundary_available_by_url","boundary_source_url":"https://raw.githubusercontent.com/thanglequoc/vietnamese-provinces-database/master/json/geojson/33_hung_yen/wards/12019_van_giang.geojson","boundary_source_page":"https://github.com/thanglequoc/vietnamese-provinces-database/blob/master/json/geojson/33_hung_yen/wards/12019_van_giang.geojson","source_catalog":"https://github.com/thanglequoc/vietnamese-provinces-database"},"geometry":null},{"type":"Feature","id":"12025","properties":{"commune_code":"12025","commune_name":"Phụng Công","commune_name_en":"Phung Cong","commune_full_name":"Xã Phụng Công","commune_full_name_en":"Phung Cong Commune","commune_slug":"phung_cong","unit_type":"Xã","unit_type_en":"Commune","admin_level":2,"province_code":"33","province_name":"Hưng Yên","province_full_name":"Tỉnh Hưng Yên","province_slug":"hung_yen","join_key":"12025","status":"active","dataset_effective_date":"2026-04-30","catalog_version":"2026-07-12","geometry_status":"not_embedded_boundary_available_by_url","boundary_source_url":"https://raw.githubusercontent.com/thanglequoc/vietnamese-provinces-database/master/json/geojson/33_hung_yen/wards/12025_phung_cong.geojson","boundary_source_page":"https://github.com/thanglequoc/vietnamese-provinces-database/blob/master/json/geojson/33_hung_yen/wards/12025_phung_cong.geojson","source_catalog":"https://github.com/thanglequoc/vietnamese-provinces-database"},"geometry":null},{"type":"Feature","id":"12031","properties":{"commune_code":"12031","commune_name":"Nghĩa Trụ","commune_name_en":"Nghia Tru","commune_full_name":"Xã Nghĩa Trụ","commune_full_name_en":"Nghia Tru Commune","commune_slug":"nghia_tru","unit_type":"Xã","unit_type_en":"Commune","admin_level":2,"province_code":"33","province_name":"Hưng Yên","province_full_name":"Tỉnh Hưng Yên","province_slug":"hung_yen","join_key":"12031","status":"active","dataset_effective_date":"2026-04-30","catalog_version":"2026-07-12","geometry_status":"not_embedded_boundary_available_by_url","boundary_source_url":"https://raw.githubusercontent.com/thanglequoc/vietnamese-provinces-database/master/json/geojson/33_hung_yen/wards/12031_nghia_tru.geojson","boundary_source_page":"https://github.com/thanglequoc/vietnamese-provinces-database/blob/master/json/geojson/33_hung_yen/wards/12031_nghia_tru.geojson","source_catalog":"https://github.com/thanglequoc/vietnamese-provinces-database"},"geometry":null},{"type":"Feature","id":"12049","properties":{"commune_code":"12049","commune_name":"Mễ Sở","commune_name_en":"Me So","commune_full_name":"Xã Mễ Sở","commune_full_name_en":"Me So Commune","commune_slug":"me_so","unit_type":"Xã","unit_type_en":"Commune","admin_level":2,"province_code":"33","province_name":"Hưng Yên","province_full_name":"Tỉnh Hưng Yên","province_slug":"hung_yen","join_key":"12049","status":"active","dataset_effective_date":"2026-04-30","catalog_version":"2026-07-12","geometry_status":"not_embedded_boundary_available_by_url","boundary_source_url":"https://raw.githubusercontent.com/thanglequoc/vietnamese-provinces-database/master/json/geojson/33_hung_yen/wards/12049_me_so.geojson","boundary_source_page":"https://github.com/thanglequoc/vietnamese-provinces-database/blob/master/json/geojson/33_hung_yen/wards/12049_me_so.geojson","source_catalog":"https://github.com/thanglequoc/vietnamese-provinces-database"},"geometry":null},{"type":"Feature","id":"12064","properties":{"commune_code":"12064","commune_name":"Nguyễn Văn Linh","commune_name_en":"Nguyen Van Linh","commune_full_name":"Xã Nguyễn Văn Linh","commune_full_name_en":"Nguyen Van Linh Commune","commune_slug":"nguyen_van_linh","unit_type":"Xã","unit_type_en":"Commune","admin_level":2,"province_code":"33","province_name":"Hưng Yên","province_full_name":"Tỉnh Hưng Yên","province_slug":"hung_yen","join_key":"12064","status":"active","dataset_effective_date":"2026-04-30","catalog_version":"2026-07-12","geometry_status":"not_embedded_boundary_available_by_url","boundary_source_url":"https://raw.githubusercontent.com/thanglequoc/vietnamese-provinces-database/master/json/geojson/33_hung_yen/wards/12064_nguyen_van_linh.geojson","boundary_source_page":"https://github.com/thanglequoc/vietnamese-provinces-database/blob/master/json/geojson/33_hung_yen/wards/12064_nguyen_van_linh.geojson","source_catalog":"https://github.com/thanglequoc/vietnamese-provinces-database"},"geometry":null},{"type":"Feature","id":"12070","properties":{"commune_code":"12070","commune_name":"Hoàn Long","commune_name_en":"Hoan Long","commune_full_name":"Xã Hoàn Long","commune_full_name_en":"Hoan Long Commune","commune_slug":"hoan_long","unit_type":"Xã","unit_type_en":"Commune","admin_level":2,"province_code":"33","province_name":"Hưng Yên","province_full_name":"Tỉnh Hưng Yên","province_slug":"hung_yen","join_key":"12070","status":"active","dataset_effective_date":"2026-04-30","catalog_version":"2026-07-12","geometry_status":"not_embedded_boundary_available_by_url","boundary_source_url":"https://raw.githubusercontent.com/thanglequoc/vietnamese-provinces-database/master/json/geojson/33_hung_yen/wards/12070_hoan_long.geojson","boundary_source_page":"https://github.com/thanglequoc/vietnamese-provinces-database/blob/master/json/geojson/33_hung_yen/wards/12070_hoan_long.geojson","source_catalog":"https://github.com/thanglequoc/vietnamese-provinces-database"},"geometry":null},{"type":"Feature","id":"12073","properties":{"commune_code":"12073","commune_name":"Yên Mỹ","commune_name_en":"Yen My","commune_full_name":"Xã Yên Mỹ","commune_full_name_en":"Yen My Commune","commune_slug":"yen_my","unit_type":"Xã","unit_type_en":"Commune","admin_level":2,"province_code":"33","province_name":"Hưng Yên","province_full_name":"Tỉnh Hưng Yên","province_slug":"hung_yen","join_key":"12073","status":"active","dataset_effective_date":"2026-04-30","catalog_version":"2026-07-12","geometry_status":"not_embedded_boundary_available_by_url","boundary_source_url":"https://raw.githubusercontent.com/thanglequoc/vietnamese-provinces-database/master/json/geojson/33_hung_yen/wards/12073_yen_my.geojson","boundary_source_page":"https://github.com/thanglequoc/vietnamese-provinces-database/blob/master/json/geojson/33_hung_yen/wards/12073_yen_my.geojson","source_catalog":"https://github.com/thanglequoc/vietnamese-provinces-database"},"geometry":null},{"type":"Feature","id":"12091","properties":{"commune_code":"12091","commune_name":"Việt Yên","commune_name_en":"Viet Yen","commune_full_name":"Xã Việt Yên","commune_full_name_en":"Viet Yen Commune","commune_slug":"viet_yen","unit_type":"Xã","unit_type_en":"Commune","admin_level":2,"province_code":"33","province_name":"Hưng Yên","province_full_name":"Tỉnh Hưng Yên","province_slug":"hung_yen","join_key":"12091","status":"active","dataset_effective_date":"2026-04-30","catalog_version":"2026-07-12","geometry_status":"not_embedded_boundary_available_by_url","boundary_source_url":"https://raw.githubusercontent.com/thanglequoc/vietnamese-provinces-database/master/json/geojson/33_hung_yen/wards/12091_viet_yen.geojson","boundary_source_page":"https://github.com/thanglequoc/vietnamese-provinces-database/blob/master/json/geojson/33_hung_yen/wards/12091_viet_yen.geojson","source_catalog":"https://github.com/thanglequoc/vietnamese-provinces-database"},"geometry":null},{"type":"Feature","id":"12103","properties":{"commune_code":"12103","commune_name":"Mỹ Hào","commune_name_en":"My Hao","commune_full_name":"Phường Mỹ Hào","commune_full_name_en":"My Hao Ward","commune_slug":"my_hao","unit_type":"Phường","unit_type_en":"Ward","admin_level":2,"province_code":"33","province_name":"Hưng Yên","province_full_name":"Tỉnh Hưng Yên","province_slug":"hung_yen","join_key":"12103","status":"active","dataset_effective_date":"2026-04-30","catalog_version":"2026-07-12","geometry_status":"not_embedded_boundary_available_by_url","boundary_source_url":"https://raw.githubusercontent.com/thanglequoc/vietnamese-provinces-database/master/json/geojson/33_hung_yen/wards/12103_my_hao.geojson","boundary_source_page":"https://github.com/thanglequoc/vietnamese-provinces-database/blob/master/json/geojson/33_hung_yen/wards/12103_my_hao.geojson","source_catalog":"https://github.com/thanglequoc/vietnamese-provinces-database"},"geometry":null},{"type":"Feature","id":"12127","properties":{"commune_code":"12127","commune_name":"Thượng Hồng","commune_name_en":"Thuong Hong","commune_full_name":"Phường Thượng Hồng","commune_full_name_en":"Thuong Hong Ward","commune_slug":"thuong_hong","unit_type":"Phường","unit_type_en":"Ward","admin_level":2,"province_code":"33","province_name":"Hưng Yên","province_full_name":"Tỉnh Hưng Yên","province_slug":"hung_yen","join_key":"12127","status":"active","dataset_effective_date":"2026-04-30","catalog_version":"2026-07-12","geometry_status":"not_embedded_boundary_available_by_url","boundary_source_url":"https://raw.githubusercontent.com/thanglequoc/vietnamese-provinces-database/master/json/geojson/33_hung_yen/wards/12127_thuong_hong.geojson","boundary_source_page":"https://github.com/thanglequoc/vietnamese-provinces-database/blob/master/json/geojson/33_hung_yen/wards/12127_thuong_hong.geojson","source_catalog":"https://github.com/thanglequoc/vietnamese-provinces-database"},"geometry":null},{"type":"Feature","id":"12133","properties":{"commune_code":"12133","commune_name":"Đường Hào","commune_name_en":"Duong Hao","commune_full_name":"Phường Đường Hào","commune_full_name_en":"Duong Hao Ward","commune_slug":"duong_hao","unit_type":"Phường","unit_type_en":"Ward","admin_level":2,"province_code":"33","province_name":"Hưng Yên","province_full_name":"Tỉnh Hưng Yên","province_slug":"hung_yen","join_key":"12133","status":"active","dataset_effective_date":"2026-04-30","catalog_version":"2026-07-12","geometry_status":"not_embedded_boundary_available_by_url","boundary_source_url":"https://raw.githubusercontent.com/thanglequoc/vietnamese-provinces-database/master/json/geojson/33_hung_yen/wards/12133_duong_hao.geojson","boundary_source_page":"https://github.com/thanglequoc/vietnamese-provinces-database/blob/master/json/geojson/33_hung_yen/wards/12133_duong_hao.geojson","source_catalog":"https://github.com/thanglequoc/vietnamese-provinces-database"},"geometry":null},{"type":"Feature","id":"12142","properties":{"commune_code":"12142","commune_name":"Ân Thi","commune_name_en":"An Thi","commune_full_name":"Xã Ân Thi","commune_full_name_en":"An Thi Commune","commune_slug":"an_thi","unit_type":"Xã","unit_type_en":"Commune","admin_level":2,"province_code":"33","province_name":"Hưng Yên","province_full_name":"Tỉnh Hưng Yên","province_slug":"hung_yen","join_key":"12142","status":"active","dataset_effective_date":"2026-04-30","catalog_version":"2026-07-12","geometry_status":"not_embedded_boundary_available_by_url","boundary_source_url":"https://raw.githubusercontent.com/thanglequoc/vietnamese-provinces-database/master/json/geojson/33_hung_yen/wards/12142_an_thi.geojson","boundary_source_page":"https://github.com/thanglequoc/vietnamese-provinces-database/blob/master/json/geojson/33_hung_yen/wards/12142_an_thi.geojson","source_catalog":"https://github.com/thanglequoc/vietnamese-provinces-database"},"geometry":null},{"type":"Feature","id":"12148","properties":{"commune_code":"12148","commune_name":"Phạm Ngũ Lão","commune_name_en":"Pham Ngu Lao","commune_full_name":"Xã Phạm Ngũ Lão","commune_full_name_en":"Pham Ngu Lao Commune","commune_slug":"pham_ngu_lao","unit_type":"Xã","unit_type_en":"Commune","admin_level":2,"province_code":"33","province_name":"Hưng Yên","province_full_name":"Tỉnh Hưng Yên","province_slug":"hung_yen","join_key":"12148","status":"active","dataset_effective_date":"2026-04-30","catalog_version":"2026-07-12","geometry_status":"not_embedded_boundary_available_by_url","boundary_source_url":"https://raw.githubusercontent.com/thanglequoc/vietnamese-provinces-database/master/json/geojson/33_hung_yen/wards/12148_pham_ngu_lao.geojson","boundary_source_page":"https://github.com/thanglequoc/vietnamese-provinces-database/blob/master/json/geojson/33_hung_yen/wards/12148_pham_ngu_lao.geojson","source_catalog":"https://github.com/thanglequoc/vietnamese-provinces-database"},"geometry":null},{"type":"Feature","id":"12166","properties":{"commune_code":"12166","commune_name":"Xuân Trúc","commune_name_en":"Xuan Truc","commune_full_name":"Xã Xuân Trúc","commune_full_name_en":"Xuan Truc Commune","commune_slug":"xuan_truc","unit_type":"Xã","unit_type_en":"Commune","admin_level":2,"province_code":"33","province_name":"Hưng Yên","province_full_name":"Tỉnh Hưng Yên","province_slug":"hung_yen","join_key":"12166","status":"active","dataset_effective_date":"2026-04-30","catalog_version":"2026-07-12","geometry_status":"not_embedded_boundary_available_by_url","boundary_source_url":"https://raw.githubusercontent.com/thanglequoc/vietnamese-provinces-database/master/json/geojson/33_hung_yen/wards/12166_xuan_truc.geojson","boundary_source_page":"https://github.com/thanglequoc/vietnamese-provinces-database/blob/master/json/geojson/33_hung_yen/wards/12166_xuan_truc.geojson","source_catalog":"https://github.com/thanglequoc/vietnamese-provinces-database"},"geometry":null},{"type":"Feature","id":"12184","properties":{"commune_code":"12184","commune_name":"Nguyễn Trãi","commune_name_en":"Nguyen Trai","commune_full_name":"Xã Nguyễn Trãi","commune_full_name_en":"Nguyen Trai Commune","commune_slug":"nguyen_trai","unit_type":"Xã","unit_type_en":"Commune","admin_level":2,"province_code":"33","province_name":"Hưng Yên","province_full_name":"Tỉnh Hưng Yên","province_slug":"hung_yen","join_key":"12184","status":"active","dataset_effective_date":"2026-04-30","catalog_version":"2026-07-12","geometry_status":"not_embedded_boundary_available_by_url","boundary_source_url":"https://raw.githubusercontent.com/thanglequoc/vietnamese-provinces-database/master/json/geojson/33_hung_yen/wards/12184_nguyen_trai.geojson","boundary_source_page":"https://github.com/thanglequoc/vietnamese-provinces-database/blob/master/json/geojson/33_hung_yen/wards/12184_nguyen_trai.geojson","source_catalog":"https://github.com/thanglequoc/vietnamese-provinces-database"},"geometry":null},{"type":"Feature","id":"12196","properties":{"commune_code":"12196","commune_name":"Hồng Quang","commune_name_en":"Hong Quang","commune_full_name":"Xã Hồng Quang","commune_full_name_en":"Hong Quang Commune","commune_slug":"hong_quang","unit_type":"Xã","unit_type_en":"Commune","admin_level":2,"province_code":"33","province_name":"Hưng Yên","province_full_name":"Tỉnh Hưng Yên","province_slug":"hung_yen","join_key":"12196","status":"active","dataset_effective_date":"2026-04-30","catalog_version":"2026-07-12","geometry_status":"not_embedded_boundary_available_by_url","boundary_source_url":"https://raw.githubusercontent.com/thanglequoc/vietnamese-provinces-database/master/json/geojson/33_hung_yen/wards/12196_hong_quang.geojson","boundary_source_page":"https://github.com/thanglequoc/vietnamese-provinces-database/blob/master/json/geojson/33_hung_yen/wards/12196_hong_quang.geojson","source_catalog":"https://github.com/thanglequoc/vietnamese-provinces-database"},"geometry":null},{"type":"Feature","id":"12205","properties":{"commune_code":"12205","commune_name":"Khoái Châu","commune_name_en":"Khoai Chau","commune_full_name":"Xã Khoái Châu","commune_full_name_en":"Khoai Chau Commune","commune_slug":"khoai_chau","unit_type":"Xã","unit_type_en":"Commune","admin_level":2,"province_code":"33","province_name":"Hưng Yên","province_full_name":"Tỉnh Hưng Yên","province_slug":"hung_yen","join_key":"12205","status":"active","dataset_effective_date":"2026-04-30","catalog_version":"2026-07-12","geometry_status":"not_embedded_boundary_available_by_url","boundary_source_url":"https://raw.githubusercontent.com/thanglequoc/vietnamese-provinces-database/master/json/geojson/33_hung_yen/wards/12205_khoai_chau.geojson","boundary_source_page":"https://github.com/thanglequoc/vietnamese-provinces-database/blob/master/json/geojson/33_hung_yen/wards/12205_khoai_chau.geojson","source_catalog":"https://github.com/thanglequoc/vietnamese-provinces-database"},"geometry":null},{"type":"Feature","id":"12223","properties":{"commune_code":"12223","commune_name":"Triệu Việt Vương","commune_name_en":"Trieu Viet Vuong","commune_full_name":"Xã Triệu Việt Vương","commune_full_name_en":"Trieu Viet Vuong Commune","commune_slug":"trieu_viet_vuong","unit_type":"Xã","unit_type_en":"Commune","admin_level":2,"province_code":"33","province_name":"Hưng Yên","province_full_name":"Tỉnh Hưng Yên","province_slug":"hung_yen","join_key":"12223","status":"active","dataset_effective_date":"2026-04-30","catalog_version":"2026-07-12","geometry_status":"not_embedded_boundary_available_by_url","boundary_source_url":"https://raw.githubusercontent.com/thanglequoc/vietnamese-provinces-database/master/json/geojson/33_hung_yen/wards/12223_trieu_viet_vuong.geojson","boundary_source_page":"https://github.com/thanglequoc/vietnamese-provinces-database/blob/master/json/geojson/33_hung_yen/wards/12223_trieu_viet_vuong.geojson","source_catalog":"https://github.com/thanglequoc/vietnamese-provinces-database"},"geometry":null},{"type":"Feature","id":"12238","properties":{"commune_code":"12238","commune_name":"Việt Tiến","commune_name_en":"Viet Tien","commune_full_name":"Xã Việt Tiến","commune_full_name_en":"Viet Tien Commune","commune_slug":"viet_tien","unit_type":"Xã","unit_type_en":"Commune","admin_level":2,"province_code":"33","province_name":"Hưng Yên","province_full_name":"Tỉnh Hưng Yên","province_slug":"hung_yen","join_key":"12238","status":"active","dataset_effective_date":"2026-04-30","catalog_version":"2026-07-12","geometry_status":"not_embedded_boundary_available_by_url","boundary_source_url":"https://raw.githubusercontent.com/thanglequoc/vietnamese-provinces-database/master/json/geojson/33_hung_yen/wards/12238_viet_tien.geojson","boundary_source_page":"https://github.com/thanglequoc/vietnamese-provinces-database/blob/master/json/geojson/33_hung_yen/wards/12238_viet_tien.geojson","source_catalog":"https://github.com/thanglequoc/vietnamese-provinces-database"},"geometry":null},{"type":"Feature","id":"12247","properties":{"commune_code":"12247","commune_name":"Châu Ninh","commune_name_en":"Chau Ninh","commune_full_name":"Xã Châu Ninh","commune_full_name_en":"Chau Ninh Commune","commune_slug":"chau_ninh","unit_type":"Xã","unit_type_en":"Commune","admin_level":2,"province_code":"33","province_name":"Hưng Yên","province_full_name":"Tỉnh Hưng Yên","province_slug":"hung_yen","join_key":"12247","status":"active","dataset_effective_date":"2026-04-30","catalog_version":"2026-07-12","geometry_status":"not_embedded_boundary_available_by_url","boundary_source_url":"https://raw.githubusercontent.com/thanglequoc/vietnamese-provinces-database/master/json/geojson/33_hung_yen/wards/12247_chau_ninh.geojson","boundary_source_page":"https://github.com/thanglequoc/vietnamese-provinces-database/blob/master/json/geojson/33_hung_yen/wards/12247_chau_ninh.geojson","source_catalog":"https://github.com/thanglequoc/vietnamese-provinces-database"},"geometry":null},{"type":"Feature","id":"12271","properties":{"commune_code":"12271","commune_name":"Chí Minh","commune_name_en":"Chi Minh","commune_full_name":"Xã Chí Minh","commune_full_name_en":"Chi Minh Commune","commune_slug":"chi_minh","unit_type":"Xã","unit_type_en":"Commune","admin_level":2,"province_code":"33","province_name":"Hưng Yên","province_full_name":"Tỉnh Hưng Yên","province_slug":"hung_yen","join_key":"12271","status":"active","dataset_effective_date":"2026-04-30","catalog_version":"2026-07-12","geometry_status":"not_embedded_boundary_available_by_url","boundary_source_url":"https://raw.githubusercontent.com/thanglequoc/vietnamese-provinces-database/master/json/geojson/33_hung_yen/wards/12271_chi_minh.geojson","boundary_source_page":"https://github.com/thanglequoc/vietnamese-provinces-database/blob/master/json/geojson/33_hung_yen/wards/12271_chi_minh.geojson","source_catalog":"https://github.com/thanglequoc/vietnamese-provinces-database"},"geometry":null},{"type":"Feature","id":"12280","properties":{"commune_code":"12280","commune_name":"Lương Bằng","commune_name_en":"Luong Bang","commune_full_name":"Xã Lương Bằng","commune_full_name_en":"Luong Bang Commune","commune_slug":"luong_bang","unit_type":"Xã","unit_type_en":"Commune","admin_level":2,"province_code":"33","province_name":"Hưng Yên","province_full_name":"Tỉnh Hưng Yên","province_slug":"hung_yen","join_key":"12280","status":"active","dataset_effective_date":"2026-04-30","catalog_version":"2026-07-12","geometry_status":"not_embedded_boundary_available_by_url","boundary_source_url":"https://raw.githubusercontent.com/thanglequoc/vietnamese-provinces-database/master/json/geojson/33_hung_yen/wards/12280_luong_bang.geojson","boundary_source_page":"https://github.com/thanglequoc/vietnamese-provinces-database/blob/master/json/geojson/33_hung_yen/wards/12280_luong_bang.geojson","source_catalog":"https://github.com/thanglequoc/vietnamese-provinces-database"},"geometry":null},{"type":"Feature","id":"12286","properties":{"commune_code":"12286","commune_name":"Nghĩa Dân","commune_name_en":"Nghia Dan","commune_full_name":"Xã Nghĩa Dân","commune_full_name_en":"Nghia Dan Commune","commune_slug":"nghia_dan","unit_type":"Xã","unit_type_en":"Commune","admin_level":2,"province_code":"33","province_name":"Hưng Yên","province_full_name":"Tỉnh Hưng Yên","province_slug":"hung_yen","join_key":"12286","status":"active","dataset_effective_date":"2026-04-30","catalog_version":"2026-07-12","geometry_status":"not_embedded_boundary_available_by_url","boundary_source_url":"https://raw.githubusercontent.com/thanglequoc/vietnamese-provinces-database/master/json/geojson/33_hung_yen/wards/12286_nghia_dan.geojson","boundary_source_page":"https://github.com/thanglequoc/vietnamese-provinces-database/blob/master/json/geojson/33_hung_yen/wards/12286_nghia_dan.geojson","source_catalog":"https://github.com/thanglequoc/vietnamese-provinces-database"},"geometry":null},{"type":"Feature","id":"12313","properties":{"commune_code":"12313","commune_name":"Đức Hợp","commune_name_en":"Duc Hop","commune_full_name":"Xã Đức Hợp","commune_full_name_en":"Duc Hop Commune","commune_slug":"duc_hop","unit_type":"Xã","unit_type_en":"Commune","admin_level":2,"province_code":"33","province_name":"Hưng Yên","province_full_name":"Tỉnh Hưng Yên","province_slug":"hung_yen","join_key":"12313","status":"active","dataset_effective_date":"2026-04-30","catalog_version":"2026-07-12","geometry_status":"not_embedded_boundary_available_by_url","boundary_source_url":"https://raw.githubusercontent.com/thanglequoc/vietnamese-provinces-database/master/json/geojson/33_hung_yen/wards/12313_duc_hop.geojson","boundary_source_page":"https://github.com/thanglequoc/vietnamese-provinces-database/blob/master/json/geojson/33_hung_yen/wards/12313_duc_hop.geojson","source_catalog":"https://github.com/thanglequoc/vietnamese-provinces-database"},"geometry":null},{"type":"Feature","id":"12322","properties":{"commune_code":"12322","commune_name":"Hiệp Cường","commune_name_en":"Hiep Cuong","commune_full_name":"Xã Hiệp Cường","commune_full_name_en":"Hiep Cuong Commune","commune_slug":"hiep_cuong","unit_type":"Xã","unit_type_en":"Commune","admin_level":2,"province_code":"33","province_name":"Hưng Yên","province_full_name":"Tỉnh Hưng Yên","province_slug":"hung_yen","join_key":"12322","status":"active","dataset_effective_date":"2026-04-30","catalog_version":"2026-07-12","geometry_status":"not_embedded_boundary_available_by_url","boundary_source_url":"https://raw.githubusercontent.com/thanglequoc/vietnamese-provinces-database/master/json/geojson/33_hung_yen/wards/12322_hiep_cuong.geojson","boundary_source_page":"https://github.com/thanglequoc/vietnamese-provinces-database/blob/master/json/geojson/33_hung_yen/wards/12322_hiep_cuong.geojson","source_catalog":"https://github.com/thanglequoc/vietnamese-provinces-database"},"geometry":null},{"type":"Feature","id":"12337","properties":{"commune_code":"12337","commune_name":"Hoàng Hoa Thám","commune_name_en":"Hoang Hoa Tham","commune_full_name":"Xã Hoàng Hoa Thám","commune_full_name_en":"Hoang Hoa Tham Commune","commune_slug":"hoang_hoa_tham","unit_type":"Xã","unit_type_en":"Commune","admin_level":2,"province_code":"33","province_name":"Hưng Yên","province_full_name":"Tỉnh Hưng Yên","province_slug":"hung_yen","join_key":"12337","status":"active","dataset_effective_date":"2026-04-30","catalog_version":"2026-07-12","geometry_status":"not_embedded_boundary_available_by_url","boundary_source_url":"https://raw.githubusercontent.com/thanglequoc/vietnamese-provinces-database/master/json/geojson/33_hung_yen/wards/12337_hoang_hoa_tham.geojson","boundary_source_page":"https://github.com/thanglequoc/vietnamese-provinces-database/blob/master/json/geojson/33_hung_yen/wards/12337_hoang_hoa_tham.geojson","source_catalog":"https://github.com/thanglequoc/vietnamese-provinces-database"},"geometry":null},{"type":"Feature","id":"12361","properties":{"commune_code":"12361","commune_name":"Tiên Hoa","commune_name_en":"Tien Hoa","commune_full_name":"Xã Tiên Hoa","commune_full_name_en":"Tien Hoa Commune","commune_slug":"tien_hoa","unit_type":"Xã","unit_type_en":"Commune","admin_level":2,"province_code":"33","province_name":"Hưng Yên","province_full_name":"Tỉnh Hưng Yên","province_slug":"hung_yen","join_key":"12361","status":"active","dataset_effective_date":"2026-04-30","catalog_version":"2026-07-12","geometry_status":"not_embedded_boundary_available_by_url","boundary_source_url":"https://raw.githubusercontent.com/thanglequoc/vietnamese-provinces-database/master/json/geojson/33_hung_yen/wards/12361_tien_hoa.geojson","boundary_source_page":"https://github.com/thanglequoc/vietnamese-provinces-database/blob/master/json/geojson/33_hung_yen/wards/12361_tien_hoa.geojson","source_catalog":"https://github.com/thanglequoc/vietnamese-provinces-database"},"geometry":null},{"type":"Feature","id":"12364","properties":{"commune_code":"12364","commune_name":"Tiên Lữ","commune_name_en":"Tien Lu","commune_full_name":"Xã Tiên Lữ","commune_full_name_en":"Tien Lu Commune","commune_slug":"tien_lu","unit_type":"Xã","unit_type_en":"Commune","admin_level":2,"province_code":"33","province_name":"Hưng Yên","province_full_name":"Tỉnh Hưng Yên","province_slug":"hung_yen","join_key":"12364","status":"active","dataset_effective_date":"2026-04-30","catalog_version":"2026-07-12","geometry_status":"not_embedded_boundary_available_by_url","boundary_source_url":"https://raw.githubusercontent.com/thanglequoc/vietnamese-provinces-database/master/json/geojson/33_hung_yen/wards/12364_tien_lu.geojson","boundary_source_page":"https://github.com/thanglequoc/vietnamese-provinces-database/blob/master/json/geojson/33_hung_yen/wards/12364_tien_lu.geojson","source_catalog":"https://github.com/thanglequoc/vietnamese-provinces-database"},"geometry":null},{"type":"Feature","id":"12391","properties":{"commune_code":"12391","commune_name":"Quang Hưng","commune_name_en":"Quang Hung","commune_full_name":"Xã Quang Hưng","commune_full_name_en":"Quang Hung Commune","commune_slug":"quang_hung","unit_type":"Xã","unit_type_en":"Commune","admin_level":2,"province_code":"33","province_name":"Hưng Yên","province_full_name":"Tỉnh Hưng Yên","province_slug":"hung_yen","join_key":"12391","status":"active","dataset_effective_date":"2026-04-30","catalog_version":"2026-07-12","geometry_status":"not_embedded_boundary_available_by_url","boundary_source_url":"https://raw.githubusercontent.com/thanglequoc/vietnamese-provinces-database/master/json/geojson/33_hung_yen/wards/12391_quang_hung.geojson","boundary_source_page":"https://github.com/thanglequoc/vietnamese-provinces-database/blob/master/json/geojson/33_hung_yen/wards/12391_quang_hung.geojson","source_catalog":"https://github.com/thanglequoc/vietnamese-provinces-database"},"geometry":null},{"type":"Feature","id":"12406","properties":{"commune_code":"12406","commune_name":"Đoàn Đào","commune_name_en":"Doan Dao","commune_full_name":"Xã Đoàn Đào","commune_full_name_en":"Doan Dao Commune","commune_slug":"doan_dao","unit_type":"Xã","unit_type_en":"Commune","admin_level":2,"province_code":"33","province_name":"Hưng Yên","province_full_name":"Tỉnh Hưng Yên","province_slug":"hung_yen","join_key":"12406","status":"active","dataset_effective_date":"2026-04-30","catalog_version":"2026-07-12","geometry_status":"not_embedded_boundary_available_by_url","boundary_source_url":"https://raw.githubusercontent.com/thanglequoc/vietnamese-provinces-database/master/json/geojson/33_hung_yen/wards/12406_doan_dao.geojson","boundary_source_page":"https://github.com/thanglequoc/vietnamese-provinces-database/blob/master/json/geojson/33_hung_yen/wards/12406_doan_dao.geojson","source_catalog":"https://github.com/thanglequoc/vietnamese-provinces-database"},"geometry":null},{"type":"Feature","id":"12424","properties":{"commune_code":"12424","commune_name":"Tiên Tiến","commune_name_en":"Tien Tien","commune_full_name":"Xã Tiên Tiến","commune_full_name_en":"Tien Tien Commune","commune_slug":"tien_tien","unit_type":"Xã","unit_type_en":"Commune","admin_level":2,"province_code":"33","province_name":"Hưng Yên","province_full_name":"Tỉnh Hưng Yên","province_slug":"hung_yen","join_key":"12424","status":"active","dataset_effective_date":"2026-04-30","catalog_version":"2026-07-12","geometry_status":"not_embedded_boundary_available_by_url","boundary_source_url":"https://raw.githubusercontent.com/thanglequoc/vietnamese-provinces-database/master/json/geojson/33_hung_yen/wards/12424_tien_tien.geojson","boundary_source_page":"https://github.com/thanglequoc/vietnamese-provinces-database/blob/master/json/geojson/33_hung_yen/wards/12424_tien_tien.geojson","source_catalog":"https://github.com/thanglequoc/vietnamese-provinces-database"},"geometry":null},{"type":"Feature","id":"12427","properties":{"commune_code":"12427","commune_name":"Tống Trân","commune_name_en":"Tong Tran","commune_full_name":"Xã Tống Trân","commune_full_name_en":"Tong Tran Commune","commune_slug":"tong_tran","unit_type":"Xã","unit_type_en":"Commune","admin_level":2,"province_code":"33","province_name":"Hưng Yên","province_full_name":"Tỉnh Hưng Yên","province_slug":"hung_yen","join_key":"12427","status":"active","dataset_effective_date":"2026-04-30","catalog_version":"2026-07-12","geometry_status":"not_embedded_boundary_available_by_url","boundary_source_url":"https://raw.githubusercontent.com/thanglequoc/vietnamese-provinces-database/master/json/geojson/33_hung_yen/wards/12427_tong_tran.geojson","boundary_source_page":"https://github.com/thanglequoc/vietnamese-provinces-database/blob/master/json/geojson/33_hung_yen/wards/12427_tong_tran.geojson","source_catalog":"https://github.com/thanglequoc/vietnamese-provinces-database"},"geometry":null},{"type":"Feature","id":"12452","properties":{"commune_code":"12452","commune_name":"Trần Hưng Đạo","commune_name_en":"Tran Hung Dao","commune_full_name":"Phường Trần Hưng Đạo","commune_full_name_en":"Tran Hung Dao Ward","commune_slug":"tran_hung_dao","unit_type":"Phường","unit_type_en":"Ward","admin_level":2,"province_code":"33","province_name":"Hưng Yên","province_full_name":"Tỉnh Hưng Yên","province_slug":"hung_yen","join_key":"12452","status":"active","dataset_effective_date":"2026-04-30","catalog_version":"2026-07-12","geometry_status":"not_embedded_boundary_available_by_url","boundary_source_url":"https://raw.githubusercontent.com/thanglequoc/vietnamese-provinces-database/master/json/geojson/33_hung_yen/wards/12452_tran_hung_dao.geojson","boundary_source_page":"https://github.com/thanglequoc/vietnamese-provinces-database/blob/master/json/geojson/33_hung_yen/wards/12452_tran_hung_dao.geojson","source_catalog":"https://github.com/thanglequoc/vietnamese-provinces-database"},"geometry":null},{"type":"Feature","id":"12454","properties":{"commune_code":"12454","commune_name":"Trần Lãm","commune_name_en":"Tran Lam","commune_full_name":"Phường Trần Lãm","commune_full_name_en":"Tran Lam Ward","commune_slug":"tran_lam","unit_type":"Phường","unit_type_en":"Ward","admin_level":2,"province_code":"33","province_name":"Hưng Yên","province_full_name":"Tỉnh Hưng Yên","province_slug":"hung_yen","join_key":"12454","status":"active","dataset_effective_date":"2026-04-30","catalog_version":"2026-07-12","geometry_status":"not_embedded_boundary_available_by_url","boundary_source_url":"https://raw.githubusercontent.com/thanglequoc/vietnamese-provinces-database/master/json/geojson/33_hung_yen/wards/12454_tran_lam.geojson","boundary_source_page":"https://github.com/thanglequoc/vietnamese-provinces-database/blob/master/json/geojson/33_hung_yen/wards/12454_tran_lam.geojson","source_catalog":"https://github.com/thanglequoc/vietnamese-provinces-database"},"geometry":null},{"type":"Feature","id":"12466","properties":{"commune_code":"12466","commune_name":"Vũ Phúc","commune_name_en":"Vu Phuc","commune_full_name":"Phường Vũ Phúc","commune_full_name_en":"Vu Phuc Ward","commune_slug":"vu_phuc","unit_type":"Phường","unit_type_en":"Ward","admin_level":2,"province_code":"33","province_name":"Hưng Yên","province_full_name":"Tỉnh Hưng Yên","province_slug":"hung_yen","join_key":"12466","status":"active","dataset_effective_date":"2026-04-30","catalog_version":"2026-07-12","geometry_status":"not_embedded_boundary_available_by_url","boundary_source_url":"https://raw.githubusercontent.com/thanglequoc/vietnamese-provinces-database/master/json/geojson/33_hung_yen/wards/12466_vu_phuc.geojson","boundary_source_page":"https://github.com/thanglequoc/vietnamese-provinces-database/blob/master/json/geojson/33_hung_yen/wards/12466_vu_phuc.geojson","source_catalog":"https://github.com/thanglequoc/vietnamese-provinces-database"},"geometry":null},{"type":"Feature","id":"12472","properties":{"commune_code":"12472","commune_name":"Quỳnh Phụ","commune_name_en":"Quynh Phu","commune_full_name":"Xã Quỳnh Phụ","commune_full_name_en":"Quynh Phu Commune","commune_slug":"quynh_phu","unit_type":"Xã","unit_type_en":"Commune","admin_level":2,"province_code":"33","province_name":"Hưng Yên","province_full_name":"Tỉnh Hưng Yên","province_slug":"hung_yen","join_key":"12472","status":"active","dataset_effective_date":"2026-04-30","catalog_version":"2026-07-12","geometry_status":"not_embedded_boundary_available_by_url","boundary_source_url":"https://raw.githubusercontent.com/thanglequoc/vietnamese-provinces-database/master/json/geojson/33_hung_yen/wards/12472_quynh_phu.geojson","boundary_source_page":"https://github.com/thanglequoc/vietnamese-provinces-database/blob/master/json/geojson/33_hung_yen/wards/12472_quynh_phu.geojson","source_catalog":"https://github.com/thanglequoc/vietnamese-provinces-database"},"geometry":null},{"type":"Feature","id":"12499","properties":{"commune_code":"12499","commune_name":"A Sào","commune_name_en":"A Sao","commune_full_name":"Xã A Sào","commune_full_name_en":"A Sao Commune","commune_slug":"a_sao","unit_type":"Xã","unit_type_en":"Commune","admin_level":2,"province_code":"33","province_name":"Hưng Yên","province_full_name":"Tỉnh Hưng Yên","province_slug":"hung_yen","join_key":"12499","status":"active","dataset_effective_date":"2026-04-30","catalog_version":"2026-07-12","geometry_status":"not_embedded_boundary_available_by_url","boundary_source_url":"https://raw.githubusercontent.com/thanglequoc/vietnamese-provinces-database/master/json/geojson/33_hung_yen/wards/12499_a_sao.geojson","boundary_source_page":"https://github.com/thanglequoc/vietnamese-provinces-database/blob/master/json/geojson/33_hung_yen/wards/12499_a_sao.geojson","source_catalog":"https://github.com/thanglequoc/vietnamese-provinces-database"},"geometry":null},{"type":"Feature","id":"12511","properties":{"commune_code":"12511","commune_name":"Minh Thọ","commune_name_en":"Minh Tho","commune_full_name":"Xã Minh Thọ","commune_full_name_en":"Minh Tho Commune","commune_slug":"minh_tho","unit_type":"Xã","unit_type_en":"Commune","admin_level":2,"province_code":"33","province_name":"Hưng Yên","province_full_name":"Tỉnh Hưng Yên","province_slug":"hung_yen","join_key":"12511","status":"active","dataset_effective_date":"2026-04-30","catalog_version":"2026-07-12","geometry_status":"not_embedded_boundary_available_by_url","boundary_source_url":"https://raw.githubusercontent.com/thanglequoc/vietnamese-provinces-database/master/json/geojson/33_hung_yen/wards/12511_minh_tho.geojson","boundary_source_page":"https://github.com/thanglequoc/vietnamese-provinces-database/blob/master/json/geojson/33_hung_yen/wards/12511_minh_tho.geojson","source_catalog":"https://github.com/thanglequoc/vietnamese-provinces-database"},"geometry":null},{"type":"Feature","id":"12517","properties":{"commune_code":"12517","commune_name":"Ngọc Lâm","commune_name_en":"Ngoc Lam","commune_full_name":"Xã Ngọc Lâm","commune_full_name_en":"Ngoc Lam Commune","commune_slug":"ngoc_lam","unit_type":"Xã","unit_type_en":"Commune","admin_level":2,"province_code":"33","province_name":"Hưng Yên","province_full_name":"Tỉnh Hưng Yên","province_slug":"hung_yen","join_key":"12517","status":"active","dataset_effective_date":"2026-04-30","catalog_version":"2026-07-12","geometry_status":"not_embedded_boundary_available_by_url","boundary_source_url":"https://raw.githubusercontent.com/thanglequoc/vietnamese-provinces-database/master/json/geojson/33_hung_yen/wards/12517_ngoc_lam.geojson","boundary_source_page":"https://github.com/thanglequoc/vietnamese-provinces-database/blob/master/json/geojson/33_hung_yen/wards/12517_ngoc_lam.geojson","source_catalog":"https://github.com/thanglequoc/vietnamese-provinces-database"},"geometry":null},{"type":"Feature","id":"12523","properties":{"commune_code":"12523","commune_name":"Phụ Dực","commune_name_en":"Phu Duc","commune_full_name":"Xã Phụ Dực","commune_full_name_en":"Phu Duc Commune","commune_slug":"phu_duc","unit_type":"Xã","unit_type_en":"Commune","admin_level":2,"province_code":"33","province_name":"Hưng Yên","province_full_name":"Tỉnh Hưng Yên","province_slug":"hung_yen","join_key":"12523","status":"active","dataset_effective_date":"2026-04-30","catalog_version":"2026-07-12","geometry_status":"not_embedded_boundary_available_by_url","boundary_source_url":"https://raw.githubusercontent.com/thanglequoc/vietnamese-provinces-database/master/json/geojson/33_hung_yen/wards/12523_phu_duc.geojson","boundary_source_page":"https://github.com/thanglequoc/vietnamese-provinces-database/blob/master/json/geojson/33_hung_yen/wards/12523_phu_duc.geojson","source_catalog":"https://github.com/thanglequoc/vietnamese-provinces-database"},"geometry":null},{"type":"Feature","id":"12526","properties":{"commune_code":"12526","commune_name":"Đồng Bằng","commune_name_en":"Dong Bang","commune_full_name":"Xã Đồng Bằng","commune_full_name_en":"Dong Bang Commune","commune_slug":"dong_bang","unit_type":"Xã","unit_type_en":"Commune","admin_level":2,"province_code":"33","province_name":"Hưng Yên","province_full_name":"Tỉnh Hưng Yên","province_slug":"hung_yen","join_key":"12526","status":"active","dataset_effective_date":"2026-04-30","catalog_version":"2026-07-12","geometry_status":"not_embedded_boundary_available_by_url","boundary_source_url":"https://raw.githubusercontent.com/thanglequoc/vietnamese-provinces-database/master/json/geojson/33_hung_yen/wards/12526_dong_bang.geojson","boundary_source_page":"https://github.com/thanglequoc/vietnamese-provinces-database/blob/master/json/geojson/33_hung_yen/wards/12526_dong_bang.geojson","source_catalog":"https://github.com/thanglequoc/vietnamese-provinces-database"},"geometry":null},{"type":"Feature","id":"12532","properties":{"commune_code":"12532","commune_name":"Nguyễn Du","commune_name_en":"Nguyen Du","commune_full_name":"Xã Nguyễn Du","commune_full_name_en":"Nguyen Du Commune","commune_slug":"nguyen_du","unit_type":"Xã","unit_type_en":"Commune","admin_level":2,"province_code":"33","province_name":"Hưng Yên","province_full_name":"Tỉnh Hưng Yên","province_slug":"hung_yen","join_key":"12532","status":"active","dataset_effective_date":"2026-04-30","catalog_version":"2026-07-12","geometry_status":"not_embedded_boundary_available_by_url","boundary_source_url":"https://raw.githubusercontent.com/thanglequoc/vietnamese-provinces-database/master/json/geojson/33_hung_yen/wards/12532_nguyen_du.geojson","boundary_source_page":"https://github.com/thanglequoc/vietnamese-provinces-database/blob/master/json/geojson/33_hung_yen/wards/12532_nguyen_du.geojson","source_catalog":"https://github.com/thanglequoc/vietnamese-provinces-database"},"geometry":null},{"type":"Feature","id":"12577","properties":{"commune_code":"12577","commune_name":"Quỳnh An","commune_name_en":"Quynh An","commune_full_name":"Xã Quỳnh An","commune_full_name_en":"Quynh An Commune","commune_slug":"quynh_an","unit_type":"Xã","unit_type_en":"Commune","admin_level":2,"province_code":"33","province_name":"Hưng Yên","province_full_name":"Tỉnh Hưng Yên","province_slug":"hung_yen","join_key":"12577","status":"active","dataset_effective_date":"2026-04-30","catalog_version":"2026-07-12","geometry_status":"not_embedded_boundary_available_by_url","boundary_source_url":"https://raw.githubusercontent.com/thanglequoc/vietnamese-provinces-database/master/json/geojson/33_hung_yen/wards/12577_quynh_an.geojson","boundary_source_page":"https://github.com/thanglequoc/vietnamese-provinces-database/blob/master/json/geojson/33_hung_yen/wards/12577_quynh_an.geojson","source_catalog":"https://github.com/thanglequoc/vietnamese-provinces-database"},"geometry":null},{"type":"Feature","id":"12583","properties":{"commune_code":"12583","commune_name":"Tân Tiến","commune_name_en":"Tan Tien","commune_full_name":"Xã Tân Tiến","commune_full_name_en":"Tan Tien Commune","commune_slug":"tan_tien","unit_type":"Xã","unit_type_en":"Commune","admin_level":2,"province_code":"33","province_name":"Hưng Yên","province_full_name":"Tỉnh Hưng Yên","province_slug":"hung_yen","join_key":"12583","status":"active","dataset_effective_date":"2026-04-30","catalog_version":"2026-07-12","geometry_status":"not_embedded_boundary_available_by_url","boundary_source_url":"https://raw.githubusercontent.com/thanglequoc/vietnamese-provinces-database/master/json/geojson/33_hung_yen/wards/12583_tan_tien.geojson","boundary_source_page":"https://github.com/thanglequoc/vietnamese-provinces-database/blob/master/json/geojson/33_hung_yen/wards/12583_tan_tien.geojson","source_catalog":"https://github.com/thanglequoc/vietnamese-provinces-database"},"geometry":null},{"type":"Feature","id":"12586","properties":{"commune_code":"12586","commune_name":"Hưng Hà","commune_name_en":"Hung Ha","commune_full_name":"Xã Hưng Hà","commune_full_name_en":"Hung Ha Commune","commune_slug":"hung_ha","unit_type":"Xã","unit_type_en":"Commune","admin_level":2,"province_code":"33","province_name":"Hưng Yên","province_full_name":"Tỉnh Hưng Yên","province_slug":"hung_yen","join_key":"12586","status":"active","dataset_effective_date":"2026-04-30","catalog_version":"2026-07-12","geometry_status":"not_embedded_boundary_available_by_url","boundary_source_url":"https://raw.githubusercontent.com/thanglequoc/vietnamese-provinces-database/master/json/geojson/33_hung_yen/wards/12586_hung_ha.geojson","boundary_source_page":"https://github.com/thanglequoc/vietnamese-provinces-database/blob/master/json/geojson/33_hung_yen/wards/12586_hung_ha.geojson","source_catalog":"https://github.com/thanglequoc/vietnamese-provinces-database"},"geometry":null},{"type":"Feature","id":"12595","properties":{"commune_code":"12595","commune_name":"Ngự Thiên","commune_name_en":"Ngu Thien","commune_full_name":"Xã Ngự Thiên","commune_full_name_en":"Ngu Thien Commune","commune_slug":"ngu_thien","unit_type":"Xã","unit_type_en":"Commune","admin_level":2,"province_code":"33","province_name":"Hưng Yên","province_full_name":"Tỉnh Hưng Yên","province_slug":"hung_yen","join_key":"12595","status":"active","dataset_effective_date":"2026-04-30","catalog_version":"2026-07-12","geometry_status":"not_embedded_boundary_available_by_url","boundary_source_url":"https://raw.githubusercontent.com/thanglequoc/vietnamese-provinces-database/master/json/geojson/33_hung_yen/wards/12595_ngu_thien.geojson","boundary_source_page":"https://github.com/thanglequoc/vietnamese-provinces-database/blob/master/json/geojson/33_hung_yen/wards/12595_ngu_thien.geojson","source_catalog":"https://github.com/thanglequoc/vietnamese-provinces-database"},"geometry":null},{"type":"Feature","id":"12613","properties":{"commune_code":"12613","commune_name":"Long Hưng","commune_name_en":"Long Hung","commune_full_name":"Xã Long Hưng","commune_full_name_en":"Long Hung Commune","commune_slug":"long_hung","unit_type":"Xã","unit_type_en":"Commune","admin_level":2,"province_code":"33","province_name":"Hưng Yên","province_full_name":"Tỉnh Hưng Yên","province_slug":"hung_yen","join_key":"12613","status":"active","dataset_effective_date":"2026-04-30","catalog_version":"2026-07-12","geometry_status":"not_embedded_boundary_available_by_url","boundary_source_url":"https://raw.githubusercontent.com/thanglequoc/vietnamese-provinces-database/master/json/geojson/33_hung_yen/wards/12613_long_hung.geojson","boundary_source_page":"https://github.com/thanglequoc/vietnamese-provinces-database/blob/master/json/geojson/33_hung_yen/wards/12613_long_hung.geojson","source_catalog":"https://github.com/thanglequoc/vietnamese-provinces-database"},"geometry":null},{"type":"Feature","id":"12619","properties":{"commune_code":"12619","commune_name":"Diên Hà","commune_name_en":"Dien Ha","commune_full_name":"Xã Diên Hà","commune_full_name_en":"Dien Ha Commune","commune_slug":"dien_ha","unit_type":"Xã","unit_type_en":"Commune","admin_level":2,"province_code":"33","province_name":"Hưng Yên","province_full_name":"Tỉnh Hưng Yên","province_slug":"hung_yen","join_key":"12619","status":"active","dataset_effective_date":"2026-04-30","catalog_version":"2026-07-12","geometry_status":"not_embedded_boundary_available_by_url","boundary_source_url":"https://raw.githubusercontent.com/thanglequoc/vietnamese-provinces-database/master/json/geojson/33_hung_yen/wards/12619_dien_ha.geojson","boundary_source_page":"https://github.com/thanglequoc/vietnamese-provinces-database/blob/master/json/geojson/33_hung_yen/wards/12619_dien_ha.geojson","source_catalog":"https://github.com/thanglequoc/vietnamese-provinces-database"},"geometry":null},{"type":"Feature","id":"12631","properties":{"commune_code":"12631","commune_name":"Thần Khê","commune_name_en":"Than Khe","commune_full_name":"Xã Thần Khê","commune_full_name_en":"Than Khe Commune","commune_slug":"than_khe","unit_type":"Xã","unit_type_en":"Commune","admin_level":2,"province_code":"33","province_name":"Hưng Yên","province_full_name":"Tỉnh Hưng Yên","province_slug":"hung_yen","join_key":"12631","status":"active","dataset_effective_date":"2026-04-30","catalog_version":"2026-07-12","geometry_status":"not_embedded_boundary_available_by_url","boundary_source_url":"https://raw.githubusercontent.com/thanglequoc/vietnamese-provinces-database/master/json/geojson/33_hung_yen/wards/12631_than_khe.geojson","boundary_source_page":"https://github.com/thanglequoc/vietnamese-provinces-database/blob/master/json/geojson/33_hung_yen/wards/12631_than_khe.geojson","source_catalog":"https://github.com/thanglequoc/vietnamese-provinces-database"},"geometry":null},{"type":"Feature","id":"12634","properties":{"commune_code":"12634","commune_name":"Tiên La","commune_name_en":"Tien La","commune_full_name":"Xã Tiên La","commune_full_name_en":"Tien La Commune","commune_slug":"tien_la","unit_type":"Xã","unit_type_en":"Commune","admin_level":2,"province_code":"33","province_name":"Hưng Yên","province_full_name":"Tỉnh Hưng Yên","province_slug":"hung_yen","join_key":"12634","status":"active","dataset_effective_date":"2026-04-30","catalog_version":"2026-07-12","geometry_status":"not_embedded_boundary_available_by_url","boundary_source_url":"https://raw.githubusercontent.com/thanglequoc/vietnamese-provinces-database/master/json/geojson/33_hung_yen/wards/12634_tien_la.geojson","boundary_source_page":"https://github.com/thanglequoc/vietnamese-provinces-database/blob/master/json/geojson/33_hung_yen/wards/12634_tien_la.geojson","source_catalog":"https://github.com/thanglequoc/vietnamese-provinces-database"},"geometry":null},{"type":"Feature","id":"12676","properties":{"commune_code":"12676","commune_name":"Lê Quý Đôn","commune_name_en":"Le Quy Don","commune_full_name":"Xã Lê Quý Đôn","commune_full_name_en":"Le Quy Don Commune","commune_slug":"le_quy_don","unit_type":"Xã","unit_type_en":"Commune","admin_level":2,"province_code":"33","province_name":"Hưng Yên","province_full_name":"Tỉnh Hưng Yên","province_slug":"hung_yen","join_key":"12676","status":"active","dataset_effective_date":"2026-04-30","catalog_version":"2026-07-12","geometry_status":"not_embedded_boundary_available_by_url","boundary_source_url":"https://raw.githubusercontent.com/thanglequoc/vietnamese-provinces-database/master/json/geojson/33_hung_yen/wards/12676_le_quy_don.geojson","boundary_source_page":"https://github.com/thanglequoc/vietnamese-provinces-database/blob/master/json/geojson/33_hung_yen/wards/12676_le_quy_don.geojson","source_catalog":"https://github.com/thanglequoc/vietnamese-provinces-database"},"geometry":null},{"type":"Feature","id":"12685","properties":{"commune_code":"12685","commune_name":"Hồng Minh","commune_name_en":"Hong Minh","commune_full_name":"Xã Hồng Minh","commune_full_name_en":"Hong Minh Commune","commune_slug":"hong_minh","unit_type":"Xã","unit_type_en":"Commune","admin_level":2,"province_code":"33","province_name":"Hưng Yên","province_full_name":"Tỉnh Hưng Yên","province_slug":"hung_yen","join_key":"12685","status":"active","dataset_effective_date":"2026-04-30","catalog_version":"2026-07-12","geometry_status":"not_embedded_boundary_available_by_url","boundary_source_url":"https://raw.githubusercontent.com/thanglequoc/vietnamese-provinces-database/master/json/geojson/33_hung_yen/wards/12685_hong_minh.geojson","boundary_source_page":"https://github.com/thanglequoc/vietnamese-provinces-database/blob/master/json/geojson/33_hung_yen/wards/12685_hong_minh.geojson","source_catalog":"https://github.com/thanglequoc/vietnamese-provinces-database"},"geometry":null},{"type":"Feature","id":"12688","properties":{"commune_code":"12688","commune_name":"Đông Hưng","commune_name_en":"Dong Hung","commune_full_name":"Xã Đông Hưng","commune_full_name_en":"Dong Hung Commune","commune_slug":"dong_hung","unit_type":"Xã","unit_type_en":"Commune","admin_level":2,"province_code":"33","province_name":"Hưng Yên","province_full_name":"Tỉnh Hưng Yên","province_slug":"hung_yen","join_key":"12688","status":"active","dataset_effective_date":"2026-04-30","catalog_version":"2026-07-12","geometry_status":"not_embedded_boundary_available_by_url","boundary_source_url":"https://raw.githubusercontent.com/thanglequoc/vietnamese-provinces-database/master/json/geojson/33_hung_yen/wards/12688_dong_hung.geojson","boundary_source_page":"https://github.com/thanglequoc/vietnamese-provinces-database/blob/master/json/geojson/33_hung_yen/wards/12688_dong_hung.geojson","source_catalog":"https://github.com/thanglequoc/vietnamese-provinces-database"},"geometry":null},{"type":"Feature","id":"12694","properties":{"commune_code":"12694","commune_name":"Bắc Đông Hưng","commune_name_en":"Bac Dong Hung","commune_full_name":"Xã Bắc Đông Hưng","commune_full_name_en":"Bac Dong Hung Commune","commune_slug":"bac_dong_hung","unit_type":"Xã","unit_type_en":"Commune","admin_level":2,"province_code":"33","province_name":"Hưng Yên","province_full_name":"Tỉnh Hưng Yên","province_slug":"hung_yen","join_key":"12694","status":"active","dataset_effective_date":"2026-04-30","catalog_version":"2026-07-12","geometry_status":"not_embedded_boundary_available_by_url","boundary_source_url":"https://raw.githubusercontent.com/thanglequoc/vietnamese-provinces-database/master/json/geojson/33_hung_yen/wards/12694_bac_dong_hung.geojson","boundary_source_page":"https://github.com/thanglequoc/vietnamese-provinces-database/blob/master/json/geojson/33_hung_yen/wards/12694_bac_dong_hung.geojson","source_catalog":"https://github.com/thanglequoc/vietnamese-provinces-database"},"geometry":null},{"type":"Feature","id":"12700","properties":{"commune_code":"12700","commune_name":"Bắc Tiên Hưng","commune_name_en":"Bac Tien Hung","commune_full_name":"Xã Bắc Tiên Hưng","commune_full_name_en":"Bac Tien Hung Commune","commune_slug":"bac_tien_hung","unit_type":"Xã","unit_type_en":"Commune","admin_level":2,"province_code":"33","province_name":"Hưng Yên","province_full_name":"Tỉnh Hưng Yên","province_slug":"hung_yen","join_key":"12700","status":"active","dataset_effective_date":"2026-04-30","catalog_version":"2026-07-12","geometry_status":"not_embedded_boundary_available_by_url","boundary_source_url":"https://raw.githubusercontent.com/thanglequoc/vietnamese-provinces-database/master/json/geojson/33_hung_yen/wards/12700_bac_tien_hung.geojson","boundary_source_page":"https://github.com/thanglequoc/vietnamese-provinces-database/blob/master/json/geojson/33_hung_yen/wards/12700_bac_tien_hung.geojson","source_catalog":"https://github.com/thanglequoc/vietnamese-provinces-database"},"geometry":null},{"type":"Feature","id":"12736","properties":{"commune_code":"12736","commune_name":"Đông Tiên Hưng","commune_name_en":"Dong Tien Hung","commune_full_name":"Xã Đông Tiên Hưng","commune_full_name_en":"Dong Tien Hung Commune","commune_slug":"dong_tien_hung","unit_type":"Xã","unit_type_en":"Commune","admin_level":2,"province_code":"33","province_name":"Hưng Yên","province_full_name":"Tỉnh Hưng Yên","province_slug":"hung_yen","join_key":"12736","status":"active","dataset_effective_date":"2026-04-30","catalog_version":"2026-07-12","geometry_status":"not_embedded_boundary_available_by_url","boundary_source_url":"https://raw.githubusercontent.com/thanglequoc/vietnamese-provinces-database/master/json/geojson/33_hung_yen/wards/12736_dong_tien_hung.geojson","boundary_source_page":"https://github.com/thanglequoc/vietnamese-provinces-database/blob/master/json/geojson/33_hung_yen/wards/12736_dong_tien_hung.geojson","source_catalog":"https://github.com/thanglequoc/vietnamese-provinces-database"},"geometry":null},{"type":"Feature","id":"12745","properties":{"commune_code":"12745","commune_name":"Bắc Đông Quan","commune_name_en":"Bac Dong Quan","commune_full_name":"Xã Bắc Đông Quan","commune_full_name_en":"Bac Dong Quan Commune","commune_slug":"bac_dong_quan","unit_type":"Xã","unit_type_en":"Commune","admin_level":2,"province_code":"33","province_name":"Hưng Yên","province_full_name":"Tỉnh Hưng Yên","province_slug":"hung_yen","join_key":"12745","status":"active","dataset_effective_date":"2026-04-30","catalog_version":"2026-07-12","geometry_status":"not_embedded_boundary_available_by_url","boundary_source_url":"https://raw.githubusercontent.com/thanglequoc/vietnamese-provinces-database/master/json/geojson/33_hung_yen/wards/12745_bac_dong_quan.geojson","boundary_source_page":"https://github.com/thanglequoc/vietnamese-provinces-database/blob/master/json/geojson/33_hung_yen/wards/12745_bac_dong_quan.geojson","source_catalog":"https://github.com/thanglequoc/vietnamese-provinces-database"},"geometry":null},{"type":"Feature","id":"12754","properties":{"commune_code":"12754","commune_name":"Tiên Hưng","commune_name_en":"Tien Hung","commune_full_name":"Xã Tiên Hưng","commune_full_name_en":"Tien Hung Commune","commune_slug":"tien_hung","unit_type":"Xã","unit_type_en":"Commune","admin_level":2,"province_code":"33","province_name":"Hưng Yên","province_full_name":"Tỉnh Hưng Yên","province_slug":"hung_yen","join_key":"12754","status":"active","dataset_effective_date":"2026-04-30","catalog_version":"2026-07-12","geometry_status":"not_embedded_boundary_available_by_url","boundary_source_url":"https://raw.githubusercontent.com/thanglequoc/vietnamese-provinces-database/master/json/geojson/33_hung_yen/wards/12754_tien_hung.geojson","boundary_source_page":"https://github.com/thanglequoc/vietnamese-provinces-database/blob/master/json/geojson/33_hung_yen/wards/12754_tien_hung.geojson","source_catalog":"https://github.com/thanglequoc/vietnamese-provinces-database"},"geometry":null},{"type":"Feature","id":"12763","properties":{"commune_code":"12763","commune_name":"Nam Tiên Hưng","commune_name_en":"Nam Tien Hung","commune_full_name":"Xã Nam Tiên Hưng","commune_full_name_en":"Nam Tien Hung Commune","commune_slug":"nam_tien_hung","unit_type":"Xã","unit_type_en":"Commune","admin_level":2,"province_code":"33","province_name":"Hưng Yên","province_full_name":"Tỉnh Hưng Yên","province_slug":"hung_yen","join_key":"12763","status":"active","dataset_effective_date":"2026-04-30","catalog_version":"2026-07-12","geometry_status":"not_embedded_boundary_available_by_url","boundary_source_url":"https://raw.githubusercontent.com/thanglequoc/vietnamese-provinces-database/master/json/geojson/33_hung_yen/wards/12763_nam_tien_hung.geojson","boundary_source_page":"https://github.com/thanglequoc/vietnamese-provinces-database/blob/master/json/geojson/33_hung_yen/wards/12763_nam_tien_hung.geojson","source_catalog":"https://github.com/thanglequoc/vietnamese-provinces-database"},"geometry":null},{"type":"Feature","id":"12775","properties":{"commune_code":"12775","commune_name":"Nam Đông Hưng","commune_name_en":"Nam Dong Hung","commune_full_name":"Xã Nam Đông Hưng","commune_full_name_en":"Nam Dong Hung Commune","commune_slug":"nam_dong_hung","unit_type":"Xã","unit_type_en":"Commune","admin_level":2,"province_code":"33","province_name":"Hưng Yên","province_full_name":"Tỉnh Hưng Yên","province_slug":"hung_yen","join_key":"12775","status":"active","dataset_effective_date":"2026-04-30","catalog_version":"2026-07-12","geometry_status":"not_embedded_boundary_available_by_url","boundary_source_url":"https://raw.githubusercontent.com/thanglequoc/vietnamese-provinces-database/master/json/geojson/33_hung_yen/wards/12775_nam_dong_hung.geojson","boundary_source_page":"https://github.com/thanglequoc/vietnamese-provinces-database/blob/master/json/geojson/33_hung_yen/wards/12775_nam_dong_hung.geojson","source_catalog":"https://github.com/thanglequoc/vietnamese-provinces-database"},"geometry":null},{"type":"Feature","id":"12793","properties":{"commune_code":"12793","commune_name":"Đông Quan","commune_name_en":"Dong Quan","commune_full_name":"Xã Đông Quan","commune_full_name_en":"Dong Quan Commune","commune_slug":"dong_quan","unit_type":"Xã","unit_type_en":"Commune","admin_level":2,"province_code":"33","province_name":"Hưng Yên","province_full_name":"Tỉnh Hưng Yên","province_slug":"hung_yen","join_key":"12793","status":"active","dataset_effective_date":"2026-04-30","catalog_version":"2026-07-12","geometry_status":"not_embedded_boundary_available_by_url","boundary_source_url":"https://raw.githubusercontent.com/thanglequoc/vietnamese-provinces-database/master/json/geojson/33_hung_yen/wards/12793_dong_quan.geojson","boundary_source_page":"https://github.com/thanglequoc/vietnamese-provinces-database/blob/master/json/geojson/33_hung_yen/wards/12793_dong_quan.geojson","source_catalog":"https://github.com/thanglequoc/vietnamese-provinces-database"},"geometry":null},{"type":"Feature","id":"12817","properties":{"commune_code":"12817","commune_name":"Trà Lý","commune_name_en":"Tra Ly","commune_full_name":"Phường Trà Lý","commune_full_name_en":"Tra Ly Ward","commune_slug":"tra_ly","unit_type":"Phường","unit_type_en":"Ward","admin_level":2,"province_code":"33","province_name":"Hưng Yên","province_full_name":"Tỉnh Hưng Yên","province_slug":"hung_yen","join_key":"12817","status":"active","dataset_effective_date":"2026-04-30","catalog_version":"2026-07-12","geometry_status":"not_embedded_boundary_available_by_url","boundary_source_url":"https://raw.githubusercontent.com/thanglequoc/vietnamese-provinces-database/master/json/geojson/33_hung_yen/wards/12817_tra_ly.geojson","boundary_source_page":"https://github.com/thanglequoc/vietnamese-provinces-database/blob/master/json/geojson/33_hung_yen/wards/12817_tra_ly.geojson","source_catalog":"https://github.com/thanglequoc/vietnamese-provinces-database"},"geometry":null},{"type":"Feature","id":"12826","properties":{"commune_code":"12826","commune_name":"Thái Thuỵ","commune_name_en":"Thai Thuy","commune_full_name":"Xã Thái Thuỵ","commune_full_name_en":"Thai Thuy Commune","commune_slug":"thai_thuy","unit_type":"Xã","unit_type_en":"Commune","admin_level":2,"province_code":"33","province_name":"Hưng Yên","province_full_name":"Tỉnh Hưng Yên","province_slug":"hung_yen","join_key":"12826","status":"active","dataset_effective_date":"2026-04-30","catalog_version":"2026-07-12","geometry_status":"not_embedded_boundary_available_by_url","boundary_source_url":"https://raw.githubusercontent.com/thanglequoc/vietnamese-provinces-database/master/json/geojson/33_hung_yen/wards/12826_thai_thuy.geojson","boundary_source_page":"https://github.com/thanglequoc/vietnamese-provinces-database/blob/master/json/geojson/33_hung_yen/wards/12826_thai_thuy.geojson","source_catalog":"https://github.com/thanglequoc/vietnamese-provinces-database"},"geometry":null},{"type":"Feature","id":"12850","properties":{"commune_code":"12850","commune_name":"Tây Thuỵ Anh","commune_name_en":"Tay Thuy Anh","commune_full_name":"Xã Tây Thuỵ Anh","commune_full_name_en":"Tay Thuy Anh Commune","commune_slug":"tay_thuy_anh","unit_type":"Xã","unit_type_en":"Commune","admin_level":2,"province_code":"33","province_name":"Hưng Yên","province_full_name":"Tỉnh Hưng Yên","province_slug":"hung_yen","join_key":"12850","status":"active","dataset_effective_date":"2026-04-30","catalog_version":"2026-07-12","geometry_status":"not_embedded_boundary_available_by_url","boundary_source_url":"https://raw.githubusercontent.com/thanglequoc/vietnamese-provinces-database/master/json/geojson/33_hung_yen/wards/12850_tay_thuy_anh.geojson","boundary_source_page":"https://github.com/thanglequoc/vietnamese-provinces-database/blob/master/json/geojson/33_hung_yen/wards/12850_tay_thuy_anh.geojson","source_catalog":"https://github.com/thanglequoc/vietnamese-provinces-database"},"geometry":null},{"type":"Feature","id":"12859","properties":{"commune_code":"12859","commune_name":"Bắc Thuỵ Anh","commune_name_en":"Bac Thuy Anh","commune_full_name":"Xã Bắc Thuỵ Anh","commune_full_name_en":"Bac Thuy Anh Commune","commune_slug":"bac_thuy_anh","unit_type":"Xã","unit_type_en":"Commune","admin_level":2,"province_code":"33","province_name":"Hưng Yên","province_full_name":"Tỉnh Hưng Yên","province_slug":"hung_yen","join_key":"12859","status":"active","dataset_effective_date":"2026-04-30","catalog_version":"2026-07-12","geometry_status":"not_embedded_boundary_available_by_url","boundary_source_url":"https://raw.githubusercontent.com/thanglequoc/vietnamese-provinces-database/master/json/geojson/33_hung_yen/wards/12859_bac_thuy_anh.geojson","boundary_source_page":"https://github.com/thanglequoc/vietnamese-provinces-database/blob/master/json/geojson/33_hung_yen/wards/12859_bac_thuy_anh.geojson","source_catalog":"https://github.com/thanglequoc/vietnamese-provinces-database"},"geometry":null},{"type":"Feature","id":"12862","properties":{"commune_code":"12862","commune_name":"Đông Thuỵ Anh","commune_name_en":"Dong Thuy Anh","commune_full_name":"Xã Đông Thuỵ Anh","commune_full_name_en":"Dong Thuy Anh Commune","commune_slug":"dong_thuy_anh","unit_type":"Xã","unit_type_en":"Commune","admin_level":2,"province_code":"33","province_name":"Hưng Yên","province_full_name":"Tỉnh Hưng Yên","province_slug":"hung_yen","join_key":"12862","status":"active","dataset_effective_date":"2026-04-30","catalog_version":"2026-07-12","geometry_status":"not_embedded_boundary_available_by_url","boundary_source_url":"https://raw.githubusercontent.com/thanglequoc/vietnamese-provinces-database/master/json/geojson/33_hung_yen/wards/12862_dong_thuy_anh.geojson","boundary_source_page":"https://github.com/thanglequoc/vietnamese-provinces-database/blob/master/json/geojson/33_hung_yen/wards/12862_dong_thuy_anh.geojson","source_catalog":"https://github.com/thanglequoc/vietnamese-provinces-database"},"geometry":null},{"type":"Feature","id":"12865","properties":{"commune_code":"12865","commune_name":"Thuỵ Anh","commune_name_en":"Thuy Anh","commune_full_name":"Xã Thuỵ Anh","commune_full_name_en":"Thuy Anh Commune","commune_slug":"thuy_anh","unit_type":"Xã","unit_type_en":"Commune","admin_level":2,"province_code":"33","province_name":"Hưng Yên","province_full_name":"Tỉnh Hưng Yên","province_slug":"hung_yen","join_key":"12865","status":"active","dataset_effective_date":"2026-04-30","catalog_version":"2026-07-12","geometry_status":"not_embedded_boundary_available_by_url","boundary_source_url":"https://raw.githubusercontent.com/thanglequoc/vietnamese-provinces-database/master/json/geojson/33_hung_yen/wards/12865_thuy_anh.geojson","boundary_source_page":"https://github.com/thanglequoc/vietnamese-provinces-database/blob/master/json/geojson/33_hung_yen/wards/12865_thuy_anh.geojson","source_catalog":"https://github.com/thanglequoc/vietnamese-provinces-database"},"geometry":null},{"type":"Feature","id":"12904","properties":{"commune_code":"12904","commune_name":"Nam Thuỵ Anh","commune_name_en":"Nam Thuy Anh","commune_full_name":"Xã Nam Thuỵ Anh","commune_full_name_en":"Nam Thuy Anh Commune","commune_slug":"nam_thuy_anh","unit_type":"Xã","unit_type_en":"Commune","admin_level":2,"province_code":"33","province_name":"Hưng Yên","province_full_name":"Tỉnh Hưng Yên","province_slug":"hung_yen","join_key":"12904","status":"active","dataset_effective_date":"2026-04-30","catalog_version":"2026-07-12","geometry_status":"not_embedded_boundary_available_by_url","boundary_source_url":"https://raw.githubusercontent.com/thanglequoc/vietnamese-provinces-database/master/json/geojson/33_hung_yen/wards/12904_nam_thuy_anh.geojson","boundary_source_page":"https://github.com/thanglequoc/vietnamese-provinces-database/blob/master/json/geojson/33_hung_yen/wards/12904_nam_thuy_anh.geojson","source_catalog":"https://github.com/thanglequoc/vietnamese-provinces-database"},"geometry":null},{"type":"Feature","id":"12916","properties":{"commune_code":"12916","commune_name":"Bắc Thái Ninh","commune_name_en":"Bac Thai Ninh","commune_full_name":"Xã Bắc Thái Ninh","commune_full_name_en":"Bac Thai Ninh Commune","commune_slug":"bac_thai_ninh","unit_type":"Xã","unit_type_en":"Commune","admin_level":2,"province_code":"33","province_name":"Hưng Yên","province_full_name":"Tỉnh Hưng Yên","province_slug":"hung_yen","join_key":"12916","status":"active","dataset_effective_date":"2026-04-30","catalog_version":"2026-07-12","geometry_status":"not_embedded_boundary_available_by_url","boundary_source_url":"https://raw.githubusercontent.com/thanglequoc/vietnamese-provinces-database/master/json/geojson/33_hung_yen/wards/12916_bac_thai_ninh.geojson","boundary_source_page":"https://github.com/thanglequoc/vietnamese-provinces-database/blob/master/json/geojson/33_hung_yen/wards/12916_bac_thai_ninh.geojson","source_catalog":"https://github.com/thanglequoc/vietnamese-provinces-database"},"geometry":null},{"type":"Feature","id":"12919","properties":{"commune_code":"12919","commune_name":"Tây Thái Ninh","commune_name_en":"Tay Thai Ninh","commune_full_name":"Xã Tây Thái Ninh","commune_full_name_en":"Tay Thai Ninh Commune","commune_slug":"tay_thai_ninh","unit_type":"Xã","unit_type_en":"Commune","admin_level":2,"province_code":"33","province_name":"Hưng Yên","province_full_name":"Tỉnh Hưng Yên","province_slug":"hung_yen","join_key":"12919","status":"active","dataset_effective_date":"2026-04-30","catalog_version":"2026-07-12","geometry_status":"not_embedded_boundary_available_by_url","boundary_source_url":"https://raw.githubusercontent.com/thanglequoc/vietnamese-provinces-database/master/json/geojson/33_hung_yen/wards/12919_tay_thai_ninh.geojson","boundary_source_page":"https://github.com/thanglequoc/vietnamese-provinces-database/blob/master/json/geojson/33_hung_yen/wards/12919_tay_thai_ninh.geojson","source_catalog":"https://github.com/thanglequoc/vietnamese-provinces-database"},"geometry":null},{"type":"Feature","id":"12922","properties":{"commune_code":"12922","commune_name":"Thái Ninh","commune_name_en":"Thai Ninh","commune_full_name":"Xã Thái Ninh","commune_full_name_en":"Thai Ninh Commune","commune_slug":"thai_ninh","unit_type":"Xã","unit_type_en":"Commune","admin_level":2,"province_code":"33","province_name":"Hưng Yên","province_full_name":"Tỉnh Hưng Yên","province_slug":"hung_yen","join_key":"12922","status":"active","dataset_effective_date":"2026-04-30","catalog_version":"2026-07-12","geometry_status":"not_embedded_boundary_available_by_url","boundary_source_url":"https://raw.githubusercontent.com/thanglequoc/vietnamese-provinces-database/master/json/geojson/33_hung_yen/wards/12922_thai_ninh.geojson","boundary_source_page":"https://github.com/thanglequoc/vietnamese-provinces-database/blob/master/json/geojson/33_hung_yen/wards/12922_thai_ninh.geojson","source_catalog":"https://github.com/thanglequoc/vietnamese-provinces-database"},"geometry":null},{"type":"Feature","id":"12943","properties":{"commune_code":"12943","commune_name":"Đông Thái Ninh","commune_name_en":"Dong Thai Ninh","commune_full_name":"Xã Đông Thái Ninh","commune_full_name_en":"Dong Thai Ninh Commune","commune_slug":"dong_thai_ninh","unit_type":"Xã","unit_type_en":"Commune","admin_level":2,"province_code":"33","province_name":"Hưng Yên","province_full_name":"Tỉnh Hưng Yên","province_slug":"hung_yen","join_key":"12943","status":"active","dataset_effective_date":"2026-04-30","catalog_version":"2026-07-12","geometry_status":"not_embedded_boundary_available_by_url","boundary_source_url":"https://raw.githubusercontent.com/thanglequoc/vietnamese-provinces-database/master/json/geojson/33_hung_yen/wards/12943_dong_thai_ninh.geojson","boundary_source_page":"https://github.com/thanglequoc/vietnamese-provinces-database/blob/master/json/geojson/33_hung_yen/wards/12943_dong_thai_ninh.geojson","source_catalog":"https://github.com/thanglequoc/vietnamese-provinces-database"},"geometry":null},{"type":"Feature","id":"12961","properties":{"commune_code":"12961","commune_name":"Nam Thái Ninh","commune_name_en":"Nam Thai Ninh","commune_full_name":"Xã Nam Thái Ninh","commune_full_name_en":"Nam Thai Ninh Commune","commune_slug":"nam_thai_ninh","unit_type":"Xã","unit_type_en":"Commune","admin_level":2,"province_code":"33","province_name":"Hưng Yên","province_full_name":"Tỉnh Hưng Yên","province_slug":"hung_yen","join_key":"12961","status":"active","dataset_effective_date":"2026-04-30","catalog_version":"2026-07-12","geometry_status":"not_embedded_boundary_available_by_url","boundary_source_url":"https://raw.githubusercontent.com/thanglequoc/vietnamese-provinces-database/master/json/geojson/33_hung_yen/wards/12961_nam_thai_ninh.geojson","boundary_source_page":"https://github.com/thanglequoc/vietnamese-provinces-database/blob/master/json/geojson/33_hung_yen/wards/12961_nam_thai_ninh.geojson","source_catalog":"https://github.com/thanglequoc/vietnamese-provinces-database"},"geometry":null},{"type":"Feature","id":"12970","properties":{"commune_code":"12970","commune_name":"Tiền Hải","commune_name_en":"Tien Hai","commune_full_name":"Xã Tiền Hải","commune_full_name_en":"Tien Hai Commune","commune_slug":"tien_hai","unit_type":"Xã","unit_type_en":"Commune","admin_level":2,"province_code":"33","province_name":"Hưng Yên","province_full_name":"Tỉnh Hưng Yên","province_slug":"hung_yen","join_key":"12970","status":"active","dataset_effective_date":"2026-04-30","catalog_version":"2026-07-12","geometry_status":"not_embedded_boundary_available_by_url","boundary_source_url":"https://raw.githubusercontent.com/thanglequoc/vietnamese-provinces-database/master/json/geojson/33_hung_yen/wards/12970_tien_hai.geojson","boundary_source_page":"https://github.com/thanglequoc/vietnamese-provinces-database/blob/master/json/geojson/33_hung_yen/wards/12970_tien_hai.geojson","source_catalog":"https://github.com/thanglequoc/vietnamese-provinces-database"},"geometry":null},{"type":"Feature","id":"12988","properties":{"commune_code":"12988","commune_name":"Đông Tiền Hải","commune_name_en":"Dong Tien Hai","commune_full_name":"Xã Đông Tiền Hải","commune_full_name_en":"Dong Tien Hai Commune","commune_slug":"dong_tien_hai","unit_type":"Xã","unit_type_en":"Commune","admin_level":2,"province_code":"33","province_name":"Hưng Yên","province_full_name":"Tỉnh Hưng Yên","province_slug":"hung_yen","join_key":"12988","status":"active","dataset_effective_date":"2026-04-30","catalog_version":"2026-07-12","geometry_status":"not_embedded_boundary_available_by_url","boundary_source_url":"https://raw.githubusercontent.com/thanglequoc/vietnamese-provinces-database/master/json/geojson/33_hung_yen/wards/12988_dong_tien_hai.geojson","boundary_source_page":"https://github.com/thanglequoc/vietnamese-provinces-database/blob/master/json/geojson/33_hung_yen/wards/12988_dong_tien_hai.geojson","source_catalog":"https://github.com/thanglequoc/vietnamese-provinces-database"},"geometry":null},{"type":"Feature","id":"13003","properties":{"commune_code":"13003","commune_name":"Đồng Châu","commune_name_en":"Dong Chau","commune_full_name":"Xã Đồng Châu","commune_full_name_en":"Dong Chau Commune","commune_slug":"dong_chau","unit_type":"Xã","unit_type_en":"Commune","admin_level":2,"province_code":"33","province_name":"Hưng Yên","province_full_name":"Tỉnh Hưng Yên","province_slug":"hung_yen","join_key":"13003","status":"active","dataset_effective_date":"2026-04-30","catalog_version":"2026-07-12","geometry_status":"not_embedded_boundary_available_by_url","boundary_source_url":"https://raw.githubusercontent.com/thanglequoc/vietnamese-provinces-database/master/json/geojson/33_hung_yen/wards/13003_dong_chau.geojson","boundary_source_page":"https://github.com/thanglequoc/vietnamese-provinces-database/blob/master/json/geojson/33_hung_yen/wards/13003_dong_chau.geojson","source_catalog":"https://github.com/thanglequoc/vietnamese-provinces-database"},"geometry":null},{"type":"Feature","id":"13021","properties":{"commune_code":"13021","commune_name":"Ái Quốc","commune_name_en":"Ai Quoc","commune_full_name":"Xã Ái Quốc","commune_full_name_en":"Ai Quoc Commune","commune_slug":"ai_quoc","unit_type":"Xã","unit_type_en":"Commune","admin_level":2,"province_code":"33","province_name":"Hưng Yên","province_full_name":"Tỉnh Hưng Yên","province_slug":"hung_yen","join_key":"13021","status":"active","dataset_effective_date":"2026-04-30","catalog_version":"2026-07-12","geometry_status":"not_embedded_boundary_available_by_url","boundary_source_url":"https://raw.githubusercontent.com/thanglequoc/vietnamese-provinces-database/master/json/geojson/33_hung_yen/wards/13021_ai_quoc.geojson","boundary_source_page":"https://github.com/thanglequoc/vietnamese-provinces-database/blob/master/json/geojson/33_hung_yen/wards/13021_ai_quoc.geojson","source_catalog":"https://github.com/thanglequoc/vietnamese-provinces-database"},"geometry":null},{"type":"Feature","id":"13039","properties":{"commune_code":"13039","commune_name":"Tây Tiền Hải","commune_name_en":"Tay Tien Hai","commune_full_name":"Xã Tây Tiền Hải","commune_full_name_en":"Tay Tien Hai Commune","commune_slug":"tay_tien_hai","unit_type":"Xã","unit_type_en":"Commune","admin_level":2,"province_code":"33","province_name":"Hưng Yên","province_full_name":"Tỉnh Hưng Yên","province_slug":"hung_yen","join_key":"13039","status":"active","dataset_effective_date":"2026-04-30","catalog_version":"2026-07-12","geometry_status":"not_embedded_boundary_available_by_url","boundary_source_url":"https://raw.githubusercontent.com/thanglequoc/vietnamese-provinces-database/master/json/geojson/33_hung_yen/wards/13039_tay_tien_hai.geojson","boundary_source_page":"https://github.com/thanglequoc/vietnamese-provinces-database/blob/master/json/geojson/33_hung_yen/wards/13039_tay_tien_hai.geojson","source_catalog":"https://github.com/thanglequoc/vietnamese-provinces-database"},"geometry":null},{"type":"Feature","id":"13057","properties":{"commune_code":"13057","commune_name":"Nam Cường","commune_name_en":"Nam Cuong","commune_full_name":"Xã Nam Cường","commune_full_name_en":"Nam Cuong Commune","commune_slug":"nam_cuong","unit_type":"Xã","unit_type_en":"Commune","admin_level":2,"province_code":"33","province_name":"Hưng Yên","province_full_name":"Tỉnh Hưng Yên","province_slug":"hung_yen","join_key":"13057","status":"active","dataset_effective_date":"2026-04-30","catalog_version":"2026-07-12","geometry_status":"not_embedded_boundary_available_by_url","boundary_source_url":"https://raw.githubusercontent.com/thanglequoc/vietnamese-provinces-database/master/json/geojson/33_hung_yen/wards/13057_nam_cuong.geojson","boundary_source_page":"https://github.com/thanglequoc/vietnamese-provinces-database/blob/master/json/geojson/33_hung_yen/wards/13057_nam_cuong.geojson","source_catalog":"https://github.com/thanglequoc/vietnamese-provinces-database"},"geometry":null},{"type":"Feature","id":"13063","properties":{"commune_code":"13063","commune_name":"Nam Tiền Hải","commune_name_en":"Nam Tien Hai","commune_full_name":"Xã Nam Tiền Hải","commune_full_name_en":"Nam Tien Hai Commune","commune_slug":"nam_tien_hai","unit_type":"Xã","unit_type_en":"Commune","admin_level":2,"province_code":"33","province_name":"Hưng Yên","province_full_name":"Tỉnh Hưng Yên","province_slug":"hung_yen","join_key":"13063","status":"active","dataset_effective_date":"2026-04-30","catalog_version":"2026-07-12","geometry_status":"not_embedded_boundary_available_by_url","boundary_source_url":"https://raw.githubusercontent.com/thanglequoc/vietnamese-provinces-database/master/json/geojson/33_hung_yen/wards/13063_nam_tien_hai.geojson","boundary_source_page":"https://github.com/thanglequoc/vietnamese-provinces-database/blob/master/json/geojson/33_hung_yen/wards/13063_nam_tien_hai.geojson","source_catalog":"https://github.com/thanglequoc/vietnamese-provinces-database"},"geometry":null},{"type":"Feature","id":"13066","properties":{"commune_code":"13066","commune_name":"Hưng Phú","commune_name_en":"Hung Phu","commune_full_name":"Xã Hưng Phú","commune_full_name_en":"Hung Phu Commune","commune_slug":"hung_phu","unit_type":"Xã","unit_type_en":"Commune","admin_level":2,"province_code":"33","province_name":"Hưng Yên","province_full_name":"Tỉnh Hưng Yên","province_slug":"hung_yen","join_key":"13066","status":"active","dataset_effective_date":"2026-04-30","catalog_version":"2026-07-12","geometry_status":"not_embedded_boundary_available_by_url","boundary_source_url":"https://raw.githubusercontent.com/thanglequoc/vietnamese-provinces-database/master/json/geojson/33_hung_yen/wards/13066_hung_phu.geojson","boundary_source_page":"https://github.com/thanglequoc/vietnamese-provinces-database/blob/master/json/geojson/33_hung_yen/wards/13066_hung_phu.geojson","source_catalog":"https://github.com/thanglequoc/vietnamese-provinces-database"},"geometry":null},{"type":"Feature","id":"13075","properties":{"commune_code":"13075","commune_name":"Kiến Xương","commune_name_en":"Kien Xuong","commune_full_name":"Xã Kiến Xương","commune_full_name_en":"Kien Xuong Commune","commune_slug":"kien_xuong","unit_type":"Xã","unit_type_en":"Commune","admin_level":2,"province_code":"33","province_name":"Hưng Yên","province_full_name":"Tỉnh Hưng Yên","province_slug":"hung_yen","join_key":"13075","status":"active","dataset_effective_date":"2026-04-30","catalog_version":"2026-07-12","geometry_status":"not_embedded_boundary_available_by_url","boundary_source_url":"https://raw.githubusercontent.com/thanglequoc/vietnamese-provinces-database/master/json/geojson/33_hung_yen/wards/13075_kien_xuong.geojson","boundary_source_page":"https://github.com/thanglequoc/vietnamese-provinces-database/blob/master/json/geojson/33_hung_yen/wards/13075_kien_xuong.geojson","source_catalog":"https://github.com/thanglequoc/vietnamese-provinces-database"},"geometry":null},{"type":"Feature","id":"13093","properties":{"commune_code":"13093","commune_name":"Trà Giang","commune_name_en":"Tra Giang","commune_full_name":"Xã Trà Giang","commune_full_name_en":"Tra Giang Commune","commune_slug":"tra_giang","unit_type":"Xã","unit_type_en":"Commune","admin_level":2,"province_code":"33","province_name":"Hưng Yên","province_full_name":"Tỉnh Hưng Yên","province_slug":"hung_yen","join_key":"13093","status":"active","dataset_effective_date":"2026-04-30","catalog_version":"2026-07-12","geometry_status":"not_embedded_boundary_available_by_url","boundary_source_url":"https://raw.githubusercontent.com/thanglequoc/vietnamese-provinces-database/master/json/geojson/33_hung_yen/wards/13093_tra_giang.geojson","boundary_source_page":"https://github.com/thanglequoc/vietnamese-provinces-database/blob/master/json/geojson/33_hung_yen/wards/13093_tra_giang.geojson","source_catalog":"https://github.com/thanglequoc/vietnamese-provinces-database"},"geometry":null},{"type":"Feature","id":"13096","properties":{"commune_code":"13096","commune_name":"Bình Nguyên","commune_name_en":"Binh Nguyen","commune_full_name":"Xã Bình Nguyên","commune_full_name_en":"Binh Nguyen Commune","commune_slug":"binh_nguyen","unit_type":"Xã","unit_type_en":"Commune","admin_level":2,"province_code":"33","province_name":"Hưng Yên","province_full_name":"Tỉnh Hưng Yên","province_slug":"hung_yen","join_key":"13096","status":"active","dataset_effective_date":"2026-04-30","catalog_version":"2026-07-12","geometry_status":"not_embedded_boundary_available_by_url","boundary_source_url":"https://raw.githubusercontent.com/thanglequoc/vietnamese-provinces-database/master/json/geojson/33_hung_yen/wards/13096_binh_nguyen.geojson","boundary_source_page":"https://github.com/thanglequoc/vietnamese-provinces-database/blob/master/json/geojson/33_hung_yen/wards/13096_binh_nguyen.geojson","source_catalog":"https://github.com/thanglequoc/vietnamese-provinces-database"},"geometry":null},{"type":"Feature","id":"13120","properties":{"commune_code":"13120","commune_name":"Lê Lợi","commune_name_en":"Le Loi","commune_full_name":"Xã Lê Lợi","commune_full_name_en":"Le Loi Commune","commune_slug":"le_loi","unit_type":"Xã","unit_type_en":"Commune","admin_level":2,"province_code":"33","province_name":"Hưng Yên","province_full_name":"Tỉnh Hưng Yên","province_slug":"hung_yen","join_key":"13120","status":"active","dataset_effective_date":"2026-04-30","catalog_version":"2026-07-12","geometry_status":"not_embedded_boundary_available_by_url","boundary_source_url":"https://raw.githubusercontent.com/thanglequoc/vietnamese-provinces-database/master/json/geojson/33_hung_yen/wards/13120_le_loi.geojson","boundary_source_page":"https://github.com/thanglequoc/vietnamese-provinces-database/blob/master/json/geojson/33_hung_yen/wards/13120_le_loi.geojson","source_catalog":"https://github.com/thanglequoc/vietnamese-provinces-database"},"geometry":null},{"type":"Feature","id":"13132","properties":{"commune_code":"13132","commune_name":"Quang Lịch","commune_name_en":"Quang Lich","commune_full_name":"Xã Quang Lịch","commune_full_name_en":"Quang Lich Commune","commune_slug":"quang_lich","unit_type":"Xã","unit_type_en":"Commune","admin_level":2,"province_code":"33","province_name":"Hưng Yên","province_full_name":"Tỉnh Hưng Yên","province_slug":"hung_yen","join_key":"13132","status":"active","dataset_effective_date":"2026-04-30","catalog_version":"2026-07-12","geometry_status":"not_embedded_boundary_available_by_url","boundary_source_url":"https://raw.githubusercontent.com/thanglequoc/vietnamese-provinces-database/master/json/geojson/33_hung_yen/wards/13132_quang_lich.geojson","boundary_source_page":"https://github.com/thanglequoc/vietnamese-provinces-database/blob/master/json/geojson/33_hung_yen/wards/13132_quang_lich.geojson","source_catalog":"https://github.com/thanglequoc/vietnamese-provinces-database"},"geometry":null},{"type":"Feature","id":"13141","properties":{"commune_code":"13141","commune_name":"Vũ Quý","commune_name_en":"Vu Quy","commune_full_name":"Xã Vũ Quý","commune_full_name_en":"Vu Quy Commune","commune_slug":"vu_quy","unit_type":"Xã","unit_type_en":"Commune","admin_level":2,"province_code":"33","province_name":"Hưng Yên","province_full_name":"Tỉnh Hưng Yên","province_slug":"hung_yen","join_key":"13141","status":"active","dataset_effective_date":"2026-04-30","catalog_version":"2026-07-12","geometry_status":"not_embedded_boundary_available_by_url","boundary_source_url":"https://raw.githubusercontent.com/thanglequoc/vietnamese-provinces-database/master/json/geojson/33_hung_yen/wards/13141_vu_quy.geojson","boundary_source_page":"https://github.com/thanglequoc/vietnamese-provinces-database/blob/master/json/geojson/33_hung_yen/wards/13141_vu_quy.geojson","source_catalog":"https://github.com/thanglequoc/vietnamese-provinces-database"},"geometry":null},{"type":"Feature","id":"13159","properties":{"commune_code":"13159","commune_name":"Hồng Vũ","commune_name_en":"Hong Vu","commune_full_name":"Xã Hồng Vũ","commune_full_name_en":"Hong Vu Commune","commune_slug":"hong_vu","unit_type":"Xã","unit_type_en":"Commune","admin_level":2,"province_code":"33","province_name":"Hưng Yên","province_full_name":"Tỉnh Hưng Yên","province_slug":"hung_yen","join_key":"13159","status":"active","dataset_effective_date":"2026-04-30","catalog_version":"2026-07-12","geometry_status":"not_embedded_boundary_available_by_url","boundary_source_url":"https://raw.githubusercontent.com/thanglequoc/vietnamese-provinces-database/master/json/geojson/33_hung_yen/wards/13159_hong_vu.geojson","boundary_source_page":"https://github.com/thanglequoc/vietnamese-provinces-database/blob/master/json/geojson/33_hung_yen/wards/13159_hong_vu.geojson","source_catalog":"https://github.com/thanglequoc/vietnamese-provinces-database"},"geometry":null},{"type":"Feature","id":"13183","properties":{"commune_code":"13183","commune_name":"Bình Thanh","commune_name_en":"Binh Thanh","commune_full_name":"Xã Bình Thanh","commune_full_name_en":"Binh Thanh Commune","commune_slug":"binh_thanh","unit_type":"Xã","unit_type_en":"Commune","admin_level":2,"province_code":"33","province_name":"Hưng Yên","province_full_name":"Tỉnh Hưng Yên","province_slug":"hung_yen","join_key":"13183","status":"active","dataset_effective_date":"2026-04-30","catalog_version":"2026-07-12","geometry_status":"not_embedded_boundary_available_by_url","boundary_source_url":"https://raw.githubusercontent.com/thanglequoc/vietnamese-provinces-database/master/json/geojson/33_hung_yen/wards/13183_binh_thanh.geojson","boundary_source_page":"https://github.com/thanglequoc/vietnamese-provinces-database/blob/master/json/geojson/33_hung_yen/wards/13183_binh_thanh.geojson","source_catalog":"https://github.com/thanglequoc/vietnamese-provinces-database"},"geometry":null},{"type":"Feature","id":"13186","properties":{"commune_code":"13186","commune_name":"Bình Định","commune_name_en":"Binh Dinh","commune_full_name":"Xã Bình Định","commune_full_name_en":"Binh Dinh Commune","commune_slug":"binh_dinh","unit_type":"Xã","unit_type_en":"Commune","admin_level":2,"province_code":"33","province_name":"Hưng Yên","province_full_name":"Tỉnh Hưng Yên","province_slug":"hung_yen","join_key":"13186","status":"active","dataset_effective_date":"2026-04-30","catalog_version":"2026-07-12","geometry_status":"not_embedded_boundary_available_by_url","boundary_source_url":"https://raw.githubusercontent.com/thanglequoc/vietnamese-provinces-database/master/json/geojson/33_hung_yen/wards/13186_binh_dinh.geojson","boundary_source_page":"https://github.com/thanglequoc/vietnamese-provinces-database/blob/master/json/geojson/33_hung_yen/wards/13186_binh_dinh.geojson","source_catalog":"https://github.com/thanglequoc/vietnamese-provinces-database"},"geometry":null},{"type":"Feature","id":"13192","properties":{"commune_code":"13192","commune_name":"Vũ Thư","commune_name_en":"Vu Thu","commune_full_name":"Xã Vũ Thư","commune_full_name_en":"Vu Thu Commune","commune_slug":"vu_thu","unit_type":"Xã","unit_type_en":"Commune","admin_level":2,"province_code":"33","province_name":"Hưng Yên","province_full_name":"Tỉnh Hưng Yên","province_slug":"hung_yen","join_key":"13192","status":"active","dataset_effective_date":"2026-04-30","catalog_version":"2026-07-12","geometry_status":"not_embedded_boundary_available_by_url","boundary_source_url":"https://raw.githubusercontent.com/thanglequoc/vietnamese-provinces-database/master/json/geojson/33_hung_yen/wards/13192_vu_thu.geojson","boundary_source_page":"https://github.com/thanglequoc/vietnamese-provinces-database/blob/master/json/geojson/33_hung_yen/wards/13192_vu_thu.geojson","source_catalog":"https://github.com/thanglequoc/vietnamese-provinces-database"},"geometry":null},{"type":"Feature","id":"13219","properties":{"commune_code":"13219","commune_name":"Vạn Xuân","commune_name_en":"Van Xuan","commune_full_name":"Xã Vạn Xuân","commune_full_name_en":"Van Xuan Commune","commune_slug":"van_xuan","unit_type":"Xã","unit_type_en":"Commune","admin_level":2,"province_code":"33","province_name":"Hưng Yên","province_full_name":"Tỉnh Hưng Yên","province_slug":"hung_yen","join_key":"13219","status":"active","dataset_effective_date":"2026-04-30","catalog_version":"2026-07-12","geometry_status":"not_embedded_boundary_available_by_url","boundary_source_url":"https://raw.githubusercontent.com/thanglequoc/vietnamese-provinces-database/master/json/geojson/33_hung_yen/wards/13219_van_xuan.geojson","boundary_source_page":"https://github.com/thanglequoc/vietnamese-provinces-database/blob/master/json/geojson/33_hung_yen/wards/13219_van_xuan.geojson","source_catalog":"https://github.com/thanglequoc/vietnamese-provinces-database"},"geometry":null},{"type":"Feature","id":"13222","properties":{"commune_code":"13222","commune_name":"Thư Trì","commune_name_en":"Thu Tri","commune_full_name":"Xã Thư Trì","commune_full_name_en":"Thu Tri Commune","commune_slug":"thu_tri","unit_type":"Xã","unit_type_en":"Commune","admin_level":2,"province_code":"33","province_name":"Hưng Yên","province_full_name":"Tỉnh Hưng Yên","province_slug":"hung_yen","join_key":"13222","status":"active","dataset_effective_date":"2026-04-30","catalog_version":"2026-07-12","geometry_status":"not_embedded_boundary_available_by_url","boundary_source_url":"https://raw.githubusercontent.com/thanglequoc/vietnamese-provinces-database/master/json/geojson/33_hung_yen/wards/13222_thu_tri.geojson","boundary_source_page":"https://github.com/thanglequoc/vietnamese-provinces-database/blob/master/json/geojson/33_hung_yen/wards/13222_thu_tri.geojson","source_catalog":"https://github.com/thanglequoc/vietnamese-provinces-database"},"geometry":null},{"type":"Feature","id":"13225","properties":{"commune_code":"13225","commune_name":"Thái Bình","commune_name_en":"Thai Binh","commune_full_name":"Phường Thái Bình","commune_full_name_en":"Thai Binh Ward","commune_slug":"thai_binh","unit_type":"Phường","unit_type_en":"Ward","admin_level":2,"province_code":"33","province_name":"Hưng Yên","province_full_name":"Tỉnh Hưng Yên","province_slug":"hung_yen","join_key":"13225","status":"active","dataset_effective_date":"2026-04-30","catalog_version":"2026-07-12","geometry_status":"not_embedded_boundary_available_by_url","boundary_source_url":"https://raw.githubusercontent.com/thanglequoc/vietnamese-provinces-database/master/json/geojson/33_hung_yen/wards/13225_thai_binh.geojson","boundary_source_page":"https://github.com/thanglequoc/vietnamese-provinces-database/blob/master/json/geojson/33_hung_yen/wards/13225_thai_binh.geojson","source_catalog":"https://github.com/thanglequoc/vietnamese-provinces-database"},"geometry":null},{"type":"Feature","id":"13246","properties":{"commune_code":"13246","commune_name":"Tân Thuận","commune_name_en":"Tan Thuan","commune_full_name":"Xã Tân Thuận","commune_full_name_en":"Tan Thuan Commune","commune_slug":"tan_thuan","unit_type":"Xã","unit_type_en":"Commune","admin_level":2,"province_code":"33","province_name":"Hưng Yên","province_full_name":"Tỉnh Hưng Yên","province_slug":"hung_yen","join_key":"13246","status":"active","dataset_effective_date":"2026-04-30","catalog_version":"2026-07-12","geometry_status":"not_embedded_boundary_available_by_url","boundary_source_url":"https://raw.githubusercontent.com/thanglequoc/vietnamese-provinces-database/master/json/geojson/33_hung_yen/wards/13246_tan_thuan.geojson","boundary_source_page":"https://github.com/thanglequoc/vietnamese-provinces-database/blob/master/json/geojson/33_hung_yen/wards/13246_tan_thuan.geojson","source_catalog":"https://github.com/thanglequoc/vietnamese-provinces-database"},"geometry":null},{"type":"Feature","id":"13264","properties":{"commune_code":"13264","commune_name":"Thư Vũ","commune_name_en":"Thu Vu","commune_full_name":"Xã Thư Vũ","commune_full_name_en":"Thu Vu Commune","commune_slug":"thu_vu","unit_type":"Xã","unit_type_en":"Commune","admin_level":2,"province_code":"33","province_name":"Hưng Yên","province_full_name":"Tỉnh Hưng Yên","province_slug":"hung_yen","join_key":"13264","status":"active","dataset_effective_date":"2026-04-30","catalog_version":"2026-07-12","geometry_status":"not_embedded_boundary_available_by_url","boundary_source_url":"https://raw.githubusercontent.com/thanglequoc/vietnamese-provinces-database/master/json/geojson/33_hung_yen/wards/13264_thu_vu.geojson","boundary_source_page":"https://github.com/thanglequoc/vietnamese-provinces-database/blob/master/json/geojson/33_hung_yen/wards/13264_thu_vu.geojson","source_catalog":"https://github.com/thanglequoc/vietnamese-provinces-database"},"geometry":null},{"type":"Feature","id":"13279","properties":{"commune_code":"13279","commune_name":"Vũ Tiên","commune_name_en":"Vu Tien","commune_full_name":"Xã Vũ Tiên","commune_full_name_en":"Vu Tien Commune","commune_slug":"vu_tien","unit_type":"Xã","unit_type_en":"Commune","admin_level":2,"province_code":"33","province_name":"Hưng Yên","province_full_name":"Tỉnh Hưng Yên","province_slug":"hung_yen","join_key":"13279","status":"active","dataset_effective_date":"2026-04-30","catalog_version":"2026-07-12","geometry_status":"not_embedded_boundary_available_by_url","boundary_source_url":"https://raw.githubusercontent.com/thanglequoc/vietnamese-provinces-database/master/json/geojson/33_hung_yen/wards/13279_vu_tien.geojson","boundary_source_page":"https://github.com/thanglequoc/vietnamese-provinces-database/blob/master/json/geojson/33_hung_yen/wards/13279_vu_tien.geojson","source_catalog":"https://github.com/thanglequoc/vietnamese-provinces-database"},"geometry":null}]}