{"type":"FeatureCollection","name":"40_nghe_an_communes_attributes","metadata":{"province_code":"40","province_name":"Nghệ An","feature_count":130,"geometry":null,"join_key":"commune_code"},"features":[{"type":"Feature","id":"16681","properties":{"commune_code":"16681","commune_name":"Thành Vinh","commune_name_en":"Thanh Vinh","commune_full_name":"Phường Thành Vinh","commune_full_name_en":"Thanh Vinh Ward","commune_slug":"thanh_vinh","unit_type":"Phường","unit_type_en":"Ward","admin_level":2,"province_code":"40","province_name":"Nghệ An","province_full_name":"Tỉnh Nghệ An","province_slug":"nghe_an","join_key":"16681","status":"active","dataset_effective_date":"2026-04-30","catalog_version":"2026-07-12","geometry_status":"not_embedded_boundary_available_by_url","boundary_source_url":"https://raw.githubusercontent.com/thanglequoc/vietnamese-provinces-database/master/json/geojson/40_nghe_an/wards/16681_thanh_vinh.geojson","boundary_source_page":"https://github.com/thanglequoc/vietnamese-provinces-database/blob/master/json/geojson/40_nghe_an/wards/16681_thanh_vinh.geojson","source_catalog":"https://github.com/thanglequoc/vietnamese-provinces-database"},"geometry":null},{"type":"Feature","id":"16690","properties":{"commune_code":"16690","commune_name":"Trường Vinh","commune_name_en":"Truong Vinh","commune_full_name":"Phường Trường Vinh","commune_full_name_en":"Truong Vinh Ward","commune_slug":"truong_vinh","unit_type":"Phường","unit_type_en":"Ward","admin_level":2,"province_code":"40","province_name":"Nghệ An","province_full_name":"Tỉnh Nghệ An","province_slug":"nghe_an","join_key":"16690","status":"active","dataset_effective_date":"2026-04-30","catalog_version":"2026-07-12","geometry_status":"not_embedded_boundary_available_by_url","boundary_source_url":"https://raw.githubusercontent.com/thanglequoc/vietnamese-provinces-database/master/json/geojson/40_nghe_an/wards/16690_truong_vinh.geojson","boundary_source_page":"https://github.com/thanglequoc/vietnamese-provinces-database/blob/master/json/geojson/40_nghe_an/wards/16690_truong_vinh.geojson","source_catalog":"https://github.com/thanglequoc/vietnamese-provinces-database"},"geometry":null},{"type":"Feature","id":"16702","properties":{"commune_code":"16702","commune_name":"Vinh Phú","commune_name_en":"Vinh Phu","commune_full_name":"Phường Vinh Phú","commune_full_name_en":"Vinh Phu Ward","commune_slug":"vinh_phu","unit_type":"Phường","unit_type_en":"Ward","admin_level":2,"province_code":"40","province_name":"Nghệ An","province_full_name":"Tỉnh Nghệ An","province_slug":"nghe_an","join_key":"16702","status":"active","dataset_effective_date":"2026-04-30","catalog_version":"2026-07-12","geometry_status":"not_embedded_boundary_available_by_url","boundary_source_url":"https://raw.githubusercontent.com/thanglequoc/vietnamese-provinces-database/master/json/geojson/40_nghe_an/wards/16702_vinh_phu.geojson","boundary_source_page":"https://github.com/thanglequoc/vietnamese-provinces-database/blob/master/json/geojson/40_nghe_an/wards/16702_vinh_phu.geojson","source_catalog":"https://github.com/thanglequoc/vietnamese-provinces-database"},"geometry":null},{"type":"Feature","id":"16708","properties":{"commune_code":"16708","commune_name":"Vinh Lộc","commune_name_en":"Vinh Loc","commune_full_name":"Phường Vinh Lộc","commune_full_name_en":"Vinh Loc Ward","commune_slug":"vinh_loc","unit_type":"Phường","unit_type_en":"Ward","admin_level":2,"province_code":"40","province_name":"Nghệ An","province_full_name":"Tỉnh Nghệ An","province_slug":"nghe_an","join_key":"16708","status":"active","dataset_effective_date":"2026-04-30","catalog_version":"2026-07-12","geometry_status":"not_embedded_boundary_available_by_url","boundary_source_url":"https://raw.githubusercontent.com/thanglequoc/vietnamese-provinces-database/master/json/geojson/40_nghe_an/wards/16708_vinh_loc.geojson","boundary_source_page":"https://github.com/thanglequoc/vietnamese-provinces-database/blob/master/json/geojson/40_nghe_an/wards/16708_vinh_loc.geojson","source_catalog":"https://github.com/thanglequoc/vietnamese-provinces-database"},"geometry":null},{"type":"Feature","id":"16732","properties":{"commune_code":"16732","commune_name":"Cửa Lò","commune_name_en":"Cua Lo","commune_full_name":"Phường Cửa Lò","commune_full_name_en":"Cua Lo Ward","commune_slug":"cua_lo","unit_type":"Phường","unit_type_en":"Ward","admin_level":2,"province_code":"40","province_name":"Nghệ An","province_full_name":"Tỉnh Nghệ An","province_slug":"nghe_an","join_key":"16732","status":"active","dataset_effective_date":"2026-04-30","catalog_version":"2026-07-12","geometry_status":"not_embedded_boundary_available_by_url","boundary_source_url":"https://raw.githubusercontent.com/thanglequoc/vietnamese-provinces-database/master/json/geojson/40_nghe_an/wards/16732_cua_lo.geojson","boundary_source_page":"https://github.com/thanglequoc/vietnamese-provinces-database/blob/master/json/geojson/40_nghe_an/wards/16732_cua_lo.geojson","source_catalog":"https://github.com/thanglequoc/vietnamese-provinces-database"},"geometry":null},{"type":"Feature","id":"16738","properties":{"commune_code":"16738","commune_name":"Quế Phong","commune_name_en":"Que Phong","commune_full_name":"Xã Quế Phong","commune_full_name_en":"Que Phong Commune","commune_slug":"que_phong","unit_type":"Xã","unit_type_en":"Commune","admin_level":2,"province_code":"40","province_name":"Nghệ An","province_full_name":"Tỉnh Nghệ An","province_slug":"nghe_an","join_key":"16738","status":"active","dataset_effective_date":"2026-04-30","catalog_version":"2026-07-12","geometry_status":"not_embedded_boundary_available_by_url","boundary_source_url":"https://raw.githubusercontent.com/thanglequoc/vietnamese-provinces-database/master/json/geojson/40_nghe_an/wards/16738_que_phong.geojson","boundary_source_page":"https://github.com/thanglequoc/vietnamese-provinces-database/blob/master/json/geojson/40_nghe_an/wards/16738_que_phong.geojson","source_catalog":"https://github.com/thanglequoc/vietnamese-provinces-database"},"geometry":null},{"type":"Feature","id":"16744","properties":{"commune_code":"16744","commune_name":"Thông Thụ","commune_name_en":"Thong Thu","commune_full_name":"Xã Thông Thụ","commune_full_name_en":"Thong Thu Commune","commune_slug":"thong_thu","unit_type":"Xã","unit_type_en":"Commune","admin_level":2,"province_code":"40","province_name":"Nghệ An","province_full_name":"Tỉnh Nghệ An","province_slug":"nghe_an","join_key":"16744","status":"active","dataset_effective_date":"2026-04-30","catalog_version":"2026-07-12","geometry_status":"not_embedded_boundary_available_by_url","boundary_source_url":"https://raw.githubusercontent.com/thanglequoc/vietnamese-provinces-database/master/json/geojson/40_nghe_an/wards/16744_thong_thu.geojson","boundary_source_page":"https://github.com/thanglequoc/vietnamese-provinces-database/blob/master/json/geojson/40_nghe_an/wards/16744_thong_thu.geojson","source_catalog":"https://github.com/thanglequoc/vietnamese-provinces-database"},"geometry":null},{"type":"Feature","id":"16750","properties":{"commune_code":"16750","commune_name":"Tiền Phong","commune_name_en":"Tien Phong","commune_full_name":"Xã Tiền Phong","commune_full_name_en":"Tien Phong Commune","commune_slug":"tien_phong","unit_type":"Xã","unit_type_en":"Commune","admin_level":2,"province_code":"40","province_name":"Nghệ An","province_full_name":"Tỉnh Nghệ An","province_slug":"nghe_an","join_key":"16750","status":"active","dataset_effective_date":"2026-04-30","catalog_version":"2026-07-12","geometry_status":"not_embedded_boundary_available_by_url","boundary_source_url":"https://raw.githubusercontent.com/thanglequoc/vietnamese-provinces-database/master/json/geojson/40_nghe_an/wards/16750_tien_phong.geojson","boundary_source_page":"https://github.com/thanglequoc/vietnamese-provinces-database/blob/master/json/geojson/40_nghe_an/wards/16750_tien_phong.geojson","source_catalog":"https://github.com/thanglequoc/vietnamese-provinces-database"},"geometry":null},{"type":"Feature","id":"16756","properties":{"commune_code":"16756","commune_name":"Tri Lễ","commune_name_en":"Tri Le","commune_full_name":"Xã Tri Lễ","commune_full_name_en":"Tri Le Commune","commune_slug":"tri_le","unit_type":"Xã","unit_type_en":"Commune","admin_level":2,"province_code":"40","province_name":"Nghệ An","province_full_name":"Tỉnh Nghệ An","province_slug":"nghe_an","join_key":"16756","status":"active","dataset_effective_date":"2026-04-30","catalog_version":"2026-07-12","geometry_status":"not_embedded_boundary_available_by_url","boundary_source_url":"https://raw.githubusercontent.com/thanglequoc/vietnamese-provinces-database/master/json/geojson/40_nghe_an/wards/16756_tri_le.geojson","boundary_source_page":"https://github.com/thanglequoc/vietnamese-provinces-database/blob/master/json/geojson/40_nghe_an/wards/16756_tri_le.geojson","source_catalog":"https://github.com/thanglequoc/vietnamese-provinces-database"},"geometry":null},{"type":"Feature","id":"16774","properties":{"commune_code":"16774","commune_name":"Mường Quàng","commune_name_en":"Muong Quang","commune_full_name":"Xã Mường Quàng","commune_full_name_en":"Muong Quang Commune","commune_slug":"muong_quang","unit_type":"Xã","unit_type_en":"Commune","admin_level":2,"province_code":"40","province_name":"Nghệ An","province_full_name":"Tỉnh Nghệ An","province_slug":"nghe_an","join_key":"16774","status":"active","dataset_effective_date":"2026-04-30","catalog_version":"2026-07-12","geometry_status":"not_embedded_boundary_available_by_url","boundary_source_url":"https://raw.githubusercontent.com/thanglequoc/vietnamese-provinces-database/master/json/geojson/40_nghe_an/wards/16774_muong_quang.geojson","boundary_source_page":"https://github.com/thanglequoc/vietnamese-provinces-database/blob/master/json/geojson/40_nghe_an/wards/16774_muong_quang.geojson","source_catalog":"https://github.com/thanglequoc/vietnamese-provinces-database"},"geometry":null},{"type":"Feature","id":"16777","properties":{"commune_code":"16777","commune_name":"Quỳ Châu","commune_name_en":"Quy Chau","commune_full_name":"Xã Quỳ Châu","commune_full_name_en":"Quy Chau Commune","commune_slug":"quy_chau","unit_type":"Xã","unit_type_en":"Commune","admin_level":2,"province_code":"40","province_name":"Nghệ An","province_full_name":"Tỉnh Nghệ An","province_slug":"nghe_an","join_key":"16777","status":"active","dataset_effective_date":"2026-04-30","catalog_version":"2026-07-12","geometry_status":"not_embedded_boundary_available_by_url","boundary_source_url":"https://raw.githubusercontent.com/thanglequoc/vietnamese-provinces-database/master/json/geojson/40_nghe_an/wards/16777_quy_chau.geojson","boundary_source_page":"https://github.com/thanglequoc/vietnamese-provinces-database/blob/master/json/geojson/40_nghe_an/wards/16777_quy_chau.geojson","source_catalog":"https://github.com/thanglequoc/vietnamese-provinces-database"},"geometry":null},{"type":"Feature","id":"16792","properties":{"commune_code":"16792","commune_name":"Châu Tiến","commune_name_en":"Chau Tien","commune_full_name":"Xã Châu Tiến","commune_full_name_en":"Chau Tien Commune","commune_slug":"chau_tien","unit_type":"Xã","unit_type_en":"Commune","admin_level":2,"province_code":"40","province_name":"Nghệ An","province_full_name":"Tỉnh Nghệ An","province_slug":"nghe_an","join_key":"16792","status":"active","dataset_effective_date":"2026-04-30","catalog_version":"2026-07-12","geometry_status":"not_embedded_boundary_available_by_url","boundary_source_url":"https://raw.githubusercontent.com/thanglequoc/vietnamese-provinces-database/master/json/geojson/40_nghe_an/wards/16792_chau_tien.geojson","boundary_source_page":"https://github.com/thanglequoc/vietnamese-provinces-database/blob/master/json/geojson/40_nghe_an/wards/16792_chau_tien.geojson","source_catalog":"https://github.com/thanglequoc/vietnamese-provinces-database"},"geometry":null},{"type":"Feature","id":"16801","properties":{"commune_code":"16801","commune_name":"Hùng Chân","commune_name_en":"Hung Chan","commune_full_name":"Xã Hùng Chân","commune_full_name_en":"Hung Chan Commune","commune_slug":"hung_chan","unit_type":"Xã","unit_type_en":"Commune","admin_level":2,"province_code":"40","province_name":"Nghệ An","province_full_name":"Tỉnh Nghệ An","province_slug":"nghe_an","join_key":"16801","status":"active","dataset_effective_date":"2026-04-30","catalog_version":"2026-07-12","geometry_status":"not_embedded_boundary_available_by_url","boundary_source_url":"https://raw.githubusercontent.com/thanglequoc/vietnamese-provinces-database/master/json/geojson/40_nghe_an/wards/16801_hung_chan.geojson","boundary_source_page":"https://github.com/thanglequoc/vietnamese-provinces-database/blob/master/json/geojson/40_nghe_an/wards/16801_hung_chan.geojson","source_catalog":"https://github.com/thanglequoc/vietnamese-provinces-database"},"geometry":null},{"type":"Feature","id":"16804","properties":{"commune_code":"16804","commune_name":"Châu Bình","commune_name_en":"Chau Binh","commune_full_name":"Xã Châu Bình","commune_full_name_en":"Chau Binh Commune","commune_slug":"chau_binh","unit_type":"Xã","unit_type_en":"Commune","admin_level":2,"province_code":"40","province_name":"Nghệ An","province_full_name":"Tỉnh Nghệ An","province_slug":"nghe_an","join_key":"16804","status":"active","dataset_effective_date":"2026-04-30","catalog_version":"2026-07-12","geometry_status":"not_embedded_boundary_available_by_url","boundary_source_url":"https://raw.githubusercontent.com/thanglequoc/vietnamese-provinces-database/master/json/geojson/40_nghe_an/wards/16804_chau_binh.geojson","boundary_source_page":"https://github.com/thanglequoc/vietnamese-provinces-database/blob/master/json/geojson/40_nghe_an/wards/16804_chau_binh.geojson","source_catalog":"https://github.com/thanglequoc/vietnamese-provinces-database"},"geometry":null},{"type":"Feature","id":"16813","properties":{"commune_code":"16813","commune_name":"Mường Xén","commune_name_en":"Muong Xen","commune_full_name":"Xã Mường Xén","commune_full_name_en":"Muong Xen Commune","commune_slug":"muong_xen","unit_type":"Xã","unit_type_en":"Commune","admin_level":2,"province_code":"40","province_name":"Nghệ An","province_full_name":"Tỉnh Nghệ An","province_slug":"nghe_an","join_key":"16813","status":"active","dataset_effective_date":"2026-04-30","catalog_version":"2026-07-12","geometry_status":"not_embedded_boundary_available_by_url","boundary_source_url":"https://raw.githubusercontent.com/thanglequoc/vietnamese-provinces-database/master/json/geojson/40_nghe_an/wards/16813_muong_xen.geojson","boundary_source_page":"https://github.com/thanglequoc/vietnamese-provinces-database/blob/master/json/geojson/40_nghe_an/wards/16813_muong_xen.geojson","source_catalog":"https://github.com/thanglequoc/vietnamese-provinces-database"},"geometry":null},{"type":"Feature","id":"16816","properties":{"commune_code":"16816","commune_name":"Mỹ Lý","commune_name_en":"My Ly","commune_full_name":"Xã Mỹ Lý","commune_full_name_en":"My Ly Commune","commune_slug":"my_ly","unit_type":"Xã","unit_type_en":"Commune","admin_level":2,"province_code":"40","province_name":"Nghệ An","province_full_name":"Tỉnh Nghệ An","province_slug":"nghe_an","join_key":"16816","status":"active","dataset_effective_date":"2026-04-30","catalog_version":"2026-07-12","geometry_status":"not_embedded_boundary_available_by_url","boundary_source_url":"https://raw.githubusercontent.com/thanglequoc/vietnamese-provinces-database/master/json/geojson/40_nghe_an/wards/16816_my_ly.geojson","boundary_source_page":"https://github.com/thanglequoc/vietnamese-provinces-database/blob/master/json/geojson/40_nghe_an/wards/16816_my_ly.geojson","source_catalog":"https://github.com/thanglequoc/vietnamese-provinces-database"},"geometry":null},{"type":"Feature","id":"16819","properties":{"commune_code":"16819","commune_name":"Bắc Lý","commune_name_en":"Bac Ly","commune_full_name":"Xã Bắc Lý","commune_full_name_en":"Bac Ly Commune","commune_slug":"bac_ly","unit_type":"Xã","unit_type_en":"Commune","admin_level":2,"province_code":"40","province_name":"Nghệ An","province_full_name":"Tỉnh Nghệ An","province_slug":"nghe_an","join_key":"16819","status":"active","dataset_effective_date":"2026-04-30","catalog_version":"2026-07-12","geometry_status":"not_embedded_boundary_available_by_url","boundary_source_url":"https://raw.githubusercontent.com/thanglequoc/vietnamese-provinces-database/master/json/geojson/40_nghe_an/wards/16819_bac_ly.geojson","boundary_source_page":"https://github.com/thanglequoc/vietnamese-provinces-database/blob/master/json/geojson/40_nghe_an/wards/16819_bac_ly.geojson","source_catalog":"https://github.com/thanglequoc/vietnamese-provinces-database"},"geometry":null},{"type":"Feature","id":"16822","properties":{"commune_code":"16822","commune_name":"Keng Đu","commune_name_en":"Keng Du","commune_full_name":"Xã Keng Đu","commune_full_name_en":"Keng Du Commune","commune_slug":"keng_du","unit_type":"Xã","unit_type_en":"Commune","admin_level":2,"province_code":"40","province_name":"Nghệ An","province_full_name":"Tỉnh Nghệ An","province_slug":"nghe_an","join_key":"16822","status":"active","dataset_effective_date":"2026-04-30","catalog_version":"2026-07-12","geometry_status":"not_embedded_boundary_available_by_url","boundary_source_url":"https://raw.githubusercontent.com/thanglequoc/vietnamese-provinces-database/master/json/geojson/40_nghe_an/wards/16822_keng_du.geojson","boundary_source_page":"https://github.com/thanglequoc/vietnamese-provinces-database/blob/master/json/geojson/40_nghe_an/wards/16822_keng_du.geojson","source_catalog":"https://github.com/thanglequoc/vietnamese-provinces-database"},"geometry":null},{"type":"Feature","id":"16828","properties":{"commune_code":"16828","commune_name":"Huồi Tụ","commune_name_en":"Huoi Tu","commune_full_name":"Xã Huồi Tụ","commune_full_name_en":"Huoi Tu Commune","commune_slug":"huoi_tu","unit_type":"Xã","unit_type_en":"Commune","admin_level":2,"province_code":"40","province_name":"Nghệ An","province_full_name":"Tỉnh Nghệ An","province_slug":"nghe_an","join_key":"16828","status":"active","dataset_effective_date":"2026-04-30","catalog_version":"2026-07-12","geometry_status":"not_embedded_boundary_available_by_url","boundary_source_url":"https://raw.githubusercontent.com/thanglequoc/vietnamese-provinces-database/master/json/geojson/40_nghe_an/wards/16828_huoi_tu.geojson","boundary_source_page":"https://github.com/thanglequoc/vietnamese-provinces-database/blob/master/json/geojson/40_nghe_an/wards/16828_huoi_tu.geojson","source_catalog":"https://github.com/thanglequoc/vietnamese-provinces-database"},"geometry":null},{"type":"Feature","id":"16831","properties":{"commune_code":"16831","commune_name":"Mường Lống","commune_name_en":"Muong Long","commune_full_name":"Xã Mường Lống","commune_full_name_en":"Muong Long Commune","commune_slug":"muong_long","unit_type":"Xã","unit_type_en":"Commune","admin_level":2,"province_code":"40","province_name":"Nghệ An","province_full_name":"Tỉnh Nghệ An","province_slug":"nghe_an","join_key":"16831","status":"active","dataset_effective_date":"2026-04-30","catalog_version":"2026-07-12","geometry_status":"not_embedded_boundary_available_by_url","boundary_source_url":"https://raw.githubusercontent.com/thanglequoc/vietnamese-provinces-database/master/json/geojson/40_nghe_an/wards/16831_muong_long.geojson","boundary_source_page":"https://github.com/thanglequoc/vietnamese-provinces-database/blob/master/json/geojson/40_nghe_an/wards/16831_muong_long.geojson","source_catalog":"https://github.com/thanglequoc/vietnamese-provinces-database"},"geometry":null},{"type":"Feature","id":"16834","properties":{"commune_code":"16834","commune_name":"Na Loi","commune_name_en":"Na Loi","commune_full_name":"Xã Na Loi","commune_full_name_en":"Na Loi Commune","commune_slug":"na_loi","unit_type":"Xã","unit_type_en":"Commune","admin_level":2,"province_code":"40","province_name":"Nghệ An","province_full_name":"Tỉnh Nghệ An","province_slug":"nghe_an","join_key":"16834","status":"active","dataset_effective_date":"2026-04-30","catalog_version":"2026-07-12","geometry_status":"not_embedded_boundary_available_by_url","boundary_source_url":"https://raw.githubusercontent.com/thanglequoc/vietnamese-provinces-database/master/json/geojson/40_nghe_an/wards/16834_na_loi.geojson","boundary_source_page":"https://github.com/thanglequoc/vietnamese-provinces-database/blob/master/json/geojson/40_nghe_an/wards/16834_na_loi.geojson","source_catalog":"https://github.com/thanglequoc/vietnamese-provinces-database"},"geometry":null},{"type":"Feature","id":"16837","properties":{"commune_code":"16837","commune_name":"Nậm Cắn","commune_name_en":"Nam Can","commune_full_name":"Xã Nậm Cắn","commune_full_name_en":"Nam Can Commune","commune_slug":"nam_can","unit_type":"Xã","unit_type_en":"Commune","admin_level":2,"province_code":"40","province_name":"Nghệ An","province_full_name":"Tỉnh Nghệ An","province_slug":"nghe_an","join_key":"16837","status":"active","dataset_effective_date":"2026-04-30","catalog_version":"2026-07-12","geometry_status":"not_embedded_boundary_available_by_url","boundary_source_url":"https://raw.githubusercontent.com/thanglequoc/vietnamese-provinces-database/master/json/geojson/40_nghe_an/wards/16837_nam_can.geojson","boundary_source_page":"https://github.com/thanglequoc/vietnamese-provinces-database/blob/master/json/geojson/40_nghe_an/wards/16837_nam_can.geojson","source_catalog":"https://github.com/thanglequoc/vietnamese-provinces-database"},"geometry":null},{"type":"Feature","id":"16849","properties":{"commune_code":"16849","commune_name":"Hữu Kiệm","commune_name_en":"Huu Kiem","commune_full_name":"Xã Hữu Kiệm","commune_full_name_en":"Huu Kiem Commune","commune_slug":"huu_kiem","unit_type":"Xã","unit_type_en":"Commune","admin_level":2,"province_code":"40","province_name":"Nghệ An","province_full_name":"Tỉnh Nghệ An","province_slug":"nghe_an","join_key":"16849","status":"active","dataset_effective_date":"2026-04-30","catalog_version":"2026-07-12","geometry_status":"not_embedded_boundary_available_by_url","boundary_source_url":"https://raw.githubusercontent.com/thanglequoc/vietnamese-provinces-database/master/json/geojson/40_nghe_an/wards/16849_huu_kiem.geojson","boundary_source_page":"https://github.com/thanglequoc/vietnamese-provinces-database/blob/master/json/geojson/40_nghe_an/wards/16849_huu_kiem.geojson","source_catalog":"https://github.com/thanglequoc/vietnamese-provinces-database"},"geometry":null},{"type":"Feature","id":"16855","properties":{"commune_code":"16855","commune_name":"Chiêu Lưu","commune_name_en":"Chieu Luu","commune_full_name":"Xã Chiêu Lưu","commune_full_name_en":"Chieu Luu Commune","commune_slug":"chieu_luu","unit_type":"Xã","unit_type_en":"Commune","admin_level":2,"province_code":"40","province_name":"Nghệ An","province_full_name":"Tỉnh Nghệ An","province_slug":"nghe_an","join_key":"16855","status":"active","dataset_effective_date":"2026-04-30","catalog_version":"2026-07-12","geometry_status":"not_embedded_boundary_available_by_url","boundary_source_url":"https://raw.githubusercontent.com/thanglequoc/vietnamese-provinces-database/master/json/geojson/40_nghe_an/wards/16855_chieu_luu.geojson","boundary_source_page":"https://github.com/thanglequoc/vietnamese-provinces-database/blob/master/json/geojson/40_nghe_an/wards/16855_chieu_luu.geojson","source_catalog":"https://github.com/thanglequoc/vietnamese-provinces-database"},"geometry":null},{"type":"Feature","id":"16858","properties":{"commune_code":"16858","commune_name":"Mường Típ","commune_name_en":"Muong Tip","commune_full_name":"Xã Mường Típ","commune_full_name_en":"Muong Tip Commune","commune_slug":"muong_tip","unit_type":"Xã","unit_type_en":"Commune","admin_level":2,"province_code":"40","province_name":"Nghệ An","province_full_name":"Tỉnh Nghệ An","province_slug":"nghe_an","join_key":"16858","status":"active","dataset_effective_date":"2026-04-30","catalog_version":"2026-07-12","geometry_status":"not_embedded_boundary_available_by_url","boundary_source_url":"https://raw.githubusercontent.com/thanglequoc/vietnamese-provinces-database/master/json/geojson/40_nghe_an/wards/16858_muong_tip.geojson","boundary_source_page":"https://github.com/thanglequoc/vietnamese-provinces-database/blob/master/json/geojson/40_nghe_an/wards/16858_muong_tip.geojson","source_catalog":"https://github.com/thanglequoc/vietnamese-provinces-database"},"geometry":null},{"type":"Feature","id":"16870","properties":{"commune_code":"16870","commune_name":"Na Ngoi","commune_name_en":"Na Ngoi","commune_full_name":"Xã Na Ngoi","commune_full_name_en":"Na Ngoi Commune","commune_slug":"na_ngoi","unit_type":"Xã","unit_type_en":"Commune","admin_level":2,"province_code":"40","province_name":"Nghệ An","province_full_name":"Tỉnh Nghệ An","province_slug":"nghe_an","join_key":"16870","status":"active","dataset_effective_date":"2026-04-30","catalog_version":"2026-07-12","geometry_status":"not_embedded_boundary_available_by_url","boundary_source_url":"https://raw.githubusercontent.com/thanglequoc/vietnamese-provinces-database/master/json/geojson/40_nghe_an/wards/16870_na_ngoi.geojson","boundary_source_page":"https://github.com/thanglequoc/vietnamese-provinces-database/blob/master/json/geojson/40_nghe_an/wards/16870_na_ngoi.geojson","source_catalog":"https://github.com/thanglequoc/vietnamese-provinces-database"},"geometry":null},{"type":"Feature","id":"16876","properties":{"commune_code":"16876","commune_name":"Tương Dương","commune_name_en":"Tuong Duong","commune_full_name":"Xã Tương Dương","commune_full_name_en":"Tuong Duong Commune","commune_slug":"tuong_duong","unit_type":"Xã","unit_type_en":"Commune","admin_level":2,"province_code":"40","province_name":"Nghệ An","province_full_name":"Tỉnh Nghệ An","province_slug":"nghe_an","join_key":"16876","status":"active","dataset_effective_date":"2026-04-30","catalog_version":"2026-07-12","geometry_status":"not_embedded_boundary_available_by_url","boundary_source_url":"https://raw.githubusercontent.com/thanglequoc/vietnamese-provinces-database/master/json/geojson/40_nghe_an/wards/16876_tuong_duong.geojson","boundary_source_page":"https://github.com/thanglequoc/vietnamese-provinces-database/blob/master/json/geojson/40_nghe_an/wards/16876_tuong_duong.geojson","source_catalog":"https://github.com/thanglequoc/vietnamese-provinces-database"},"geometry":null},{"type":"Feature","id":"16882","properties":{"commune_code":"16882","commune_name":"Nhôn Mai","commune_name_en":"Nhon Mai","commune_full_name":"Xã Nhôn Mai","commune_full_name_en":"Nhon Mai Commune","commune_slug":"nhon_mai","unit_type":"Xã","unit_type_en":"Commune","admin_level":2,"province_code":"40","province_name":"Nghệ An","province_full_name":"Tỉnh Nghệ An","province_slug":"nghe_an","join_key":"16882","status":"active","dataset_effective_date":"2026-04-30","catalog_version":"2026-07-12","geometry_status":"not_embedded_boundary_available_by_url","boundary_source_url":"https://raw.githubusercontent.com/thanglequoc/vietnamese-provinces-database/master/json/geojson/40_nghe_an/wards/16882_nhon_mai.geojson","boundary_source_page":"https://github.com/thanglequoc/vietnamese-provinces-database/blob/master/json/geojson/40_nghe_an/wards/16882_nhon_mai.geojson","source_catalog":"https://github.com/thanglequoc/vietnamese-provinces-database"},"geometry":null},{"type":"Feature","id":"16885","properties":{"commune_code":"16885","commune_name":"Hữu Khuông","commune_name_en":"Huu Khuong","commune_full_name":"Xã Hữu Khuông","commune_full_name_en":"Huu Khuong Commune","commune_slug":"huu_khuong","unit_type":"Xã","unit_type_en":"Commune","admin_level":2,"province_code":"40","province_name":"Nghệ An","province_full_name":"Tỉnh Nghệ An","province_slug":"nghe_an","join_key":"16885","status":"active","dataset_effective_date":"2026-04-30","catalog_version":"2026-07-12","geometry_status":"not_embedded_boundary_available_by_url","boundary_source_url":"https://raw.githubusercontent.com/thanglequoc/vietnamese-provinces-database/master/json/geojson/40_nghe_an/wards/16885_huu_khuong.geojson","boundary_source_page":"https://github.com/thanglequoc/vietnamese-provinces-database/blob/master/json/geojson/40_nghe_an/wards/16885_huu_khuong.geojson","source_catalog":"https://github.com/thanglequoc/vietnamese-provinces-database"},"geometry":null},{"type":"Feature","id":"16903","properties":{"commune_code":"16903","commune_name":"Nga My","commune_name_en":"Nga My","commune_full_name":"Xã Nga My","commune_full_name_en":"Nga My Commune","commune_slug":"nga_my","unit_type":"Xã","unit_type_en":"Commune","admin_level":2,"province_code":"40","province_name":"Nghệ An","province_full_name":"Tỉnh Nghệ An","province_slug":"nghe_an","join_key":"16903","status":"active","dataset_effective_date":"2026-04-30","catalog_version":"2026-07-12","geometry_status":"not_embedded_boundary_available_by_url","boundary_source_url":"https://raw.githubusercontent.com/thanglequoc/vietnamese-provinces-database/master/json/geojson/40_nghe_an/wards/16903_nga_my.geojson","boundary_source_page":"https://github.com/thanglequoc/vietnamese-provinces-database/blob/master/json/geojson/40_nghe_an/wards/16903_nga_my.geojson","source_catalog":"https://github.com/thanglequoc/vietnamese-provinces-database"},"geometry":null},{"type":"Feature","id":"16906","properties":{"commune_code":"16906","commune_name":"Lượng Minh","commune_name_en":"Luong Minh","commune_full_name":"Xã Lượng Minh","commune_full_name_en":"Luong Minh Commune","commune_slug":"luong_minh","unit_type":"Xã","unit_type_en":"Commune","admin_level":2,"province_code":"40","province_name":"Nghệ An","province_full_name":"Tỉnh Nghệ An","province_slug":"nghe_an","join_key":"16906","status":"active","dataset_effective_date":"2026-04-30","catalog_version":"2026-07-12","geometry_status":"not_embedded_boundary_available_by_url","boundary_source_url":"https://raw.githubusercontent.com/thanglequoc/vietnamese-provinces-database/master/json/geojson/40_nghe_an/wards/16906_luong_minh.geojson","boundary_source_page":"https://github.com/thanglequoc/vietnamese-provinces-database/blob/master/json/geojson/40_nghe_an/wards/16906_luong_minh.geojson","source_catalog":"https://github.com/thanglequoc/vietnamese-provinces-database"},"geometry":null},{"type":"Feature","id":"16909","properties":{"commune_code":"16909","commune_name":"Yên Hoà","commune_name_en":"Yen Hoa","commune_full_name":"Xã Yên Hoà","commune_full_name_en":"Yen Hoa Commune","commune_slug":"yen_hoa","unit_type":"Xã","unit_type_en":"Commune","admin_level":2,"province_code":"40","province_name":"Nghệ An","province_full_name":"Tỉnh Nghệ An","province_slug":"nghe_an","join_key":"16909","status":"active","dataset_effective_date":"2026-04-30","catalog_version":"2026-07-12","geometry_status":"not_embedded_boundary_available_by_url","boundary_source_url":"https://raw.githubusercontent.com/thanglequoc/vietnamese-provinces-database/master/json/geojson/40_nghe_an/wards/16909_yen_hoa.geojson","boundary_source_page":"https://github.com/thanglequoc/vietnamese-provinces-database/blob/master/json/geojson/40_nghe_an/wards/16909_yen_hoa.geojson","source_catalog":"https://github.com/thanglequoc/vietnamese-provinces-database"},"geometry":null},{"type":"Feature","id":"16912","properties":{"commune_code":"16912","commune_name":"Yên Na","commune_name_en":"Yen Na","commune_full_name":"Xã Yên Na","commune_full_name_en":"Yen Na Commune","commune_slug":"yen_na","unit_type":"Xã","unit_type_en":"Commune","admin_level":2,"province_code":"40","province_name":"Nghệ An","province_full_name":"Tỉnh Nghệ An","province_slug":"nghe_an","join_key":"16912","status":"active","dataset_effective_date":"2026-04-30","catalog_version":"2026-07-12","geometry_status":"not_embedded_boundary_available_by_url","boundary_source_url":"https://raw.githubusercontent.com/thanglequoc/vietnamese-provinces-database/master/json/geojson/40_nghe_an/wards/16912_yen_na.geojson","boundary_source_page":"https://github.com/thanglequoc/vietnamese-provinces-database/blob/master/json/geojson/40_nghe_an/wards/16912_yen_na.geojson","source_catalog":"https://github.com/thanglequoc/vietnamese-provinces-database"},"geometry":null},{"type":"Feature","id":"16933","properties":{"commune_code":"16933","commune_name":"Tam Quang","commune_name_en":"Tam Quang","commune_full_name":"Xã Tam Quang","commune_full_name_en":"Tam Quang Commune","commune_slug":"tam_quang","unit_type":"Xã","unit_type_en":"Commune","admin_level":2,"province_code":"40","province_name":"Nghệ An","province_full_name":"Tỉnh Nghệ An","province_slug":"nghe_an","join_key":"16933","status":"active","dataset_effective_date":"2026-04-30","catalog_version":"2026-07-12","geometry_status":"not_embedded_boundary_available_by_url","boundary_source_url":"https://raw.githubusercontent.com/thanglequoc/vietnamese-provinces-database/master/json/geojson/40_nghe_an/wards/16933_tam_quang.geojson","boundary_source_page":"https://github.com/thanglequoc/vietnamese-provinces-database/blob/master/json/geojson/40_nghe_an/wards/16933_tam_quang.geojson","source_catalog":"https://github.com/thanglequoc/vietnamese-provinces-database"},"geometry":null},{"type":"Feature","id":"16936","properties":{"commune_code":"16936","commune_name":"Tam Thái","commune_name_en":"Tam Thai","commune_full_name":"Xã Tam Thái","commune_full_name_en":"Tam Thai Commune","commune_slug":"tam_thai","unit_type":"Xã","unit_type_en":"Commune","admin_level":2,"province_code":"40","province_name":"Nghệ An","province_full_name":"Tỉnh Nghệ An","province_slug":"nghe_an","join_key":"16936","status":"active","dataset_effective_date":"2026-04-30","catalog_version":"2026-07-12","geometry_status":"not_embedded_boundary_available_by_url","boundary_source_url":"https://raw.githubusercontent.com/thanglequoc/vietnamese-provinces-database/master/json/geojson/40_nghe_an/wards/16936_tam_thai.geojson","boundary_source_page":"https://github.com/thanglequoc/vietnamese-provinces-database/blob/master/json/geojson/40_nghe_an/wards/16936_tam_thai.geojson","source_catalog":"https://github.com/thanglequoc/vietnamese-provinces-database"},"geometry":null},{"type":"Feature","id":"16939","properties":{"commune_code":"16939","commune_name":"Thái Hoà","commune_name_en":"Thai Hoa","commune_full_name":"Phường Thái Hoà","commune_full_name_en":"Thai Hoa Ward","commune_slug":"thai_hoa","unit_type":"Phường","unit_type_en":"Ward","admin_level":2,"province_code":"40","province_name":"Nghệ An","province_full_name":"Tỉnh Nghệ An","province_slug":"nghe_an","join_key":"16939","status":"active","dataset_effective_date":"2026-04-30","catalog_version":"2026-07-12","geometry_status":"not_embedded_boundary_available_by_url","boundary_source_url":"https://raw.githubusercontent.com/thanglequoc/vietnamese-provinces-database/master/json/geojson/40_nghe_an/wards/16939_thai_hoa.geojson","boundary_source_page":"https://github.com/thanglequoc/vietnamese-provinces-database/blob/master/json/geojson/40_nghe_an/wards/16939_thai_hoa.geojson","source_catalog":"https://github.com/thanglequoc/vietnamese-provinces-database"},"geometry":null},{"type":"Feature","id":"16941","properties":{"commune_code":"16941","commune_name":"Nghĩa Đàn","commune_name_en":"Nghia Dan","commune_full_name":"Xã Nghĩa Đàn","commune_full_name_en":"Nghia Dan Commune","commune_slug":"nghia_dan","unit_type":"Xã","unit_type_en":"Commune","admin_level":2,"province_code":"40","province_name":"Nghệ An","province_full_name":"Tỉnh Nghệ An","province_slug":"nghe_an","join_key":"16941","status":"active","dataset_effective_date":"2026-04-30","catalog_version":"2026-07-12","geometry_status":"not_embedded_boundary_available_by_url","boundary_source_url":"https://raw.githubusercontent.com/thanglequoc/vietnamese-provinces-database/master/json/geojson/40_nghe_an/wards/16941_nghia_dan.geojson","boundary_source_page":"https://github.com/thanglequoc/vietnamese-provinces-database/blob/master/json/geojson/40_nghe_an/wards/16941_nghia_dan.geojson","source_catalog":"https://github.com/thanglequoc/vietnamese-provinces-database"},"geometry":null},{"type":"Feature","id":"16951","properties":{"commune_code":"16951","commune_name":"Nghĩa Lâm","commune_name_en":"Nghia Lam","commune_full_name":"Xã Nghĩa Lâm","commune_full_name_en":"Nghia Lam Commune","commune_slug":"nghia_lam","unit_type":"Xã","unit_type_en":"Commune","admin_level":2,"province_code":"40","province_name":"Nghệ An","province_full_name":"Tỉnh Nghệ An","province_slug":"nghe_an","join_key":"16951","status":"active","dataset_effective_date":"2026-04-30","catalog_version":"2026-07-12","geometry_status":"not_embedded_boundary_available_by_url","boundary_source_url":"https://raw.githubusercontent.com/thanglequoc/vietnamese-provinces-database/master/json/geojson/40_nghe_an/wards/16951_nghia_lam.geojson","boundary_source_page":"https://github.com/thanglequoc/vietnamese-provinces-database/blob/master/json/geojson/40_nghe_an/wards/16951_nghia_lam.geojson","source_catalog":"https://github.com/thanglequoc/vietnamese-provinces-database"},"geometry":null},{"type":"Feature","id":"16969","properties":{"commune_code":"16969","commune_name":"Nghĩa Thọ","commune_name_en":"Nghia Tho","commune_full_name":"Xã Nghĩa Thọ","commune_full_name_en":"Nghia Tho Commune","commune_slug":"nghia_tho","unit_type":"Xã","unit_type_en":"Commune","admin_level":2,"province_code":"40","province_name":"Nghệ An","province_full_name":"Tỉnh Nghệ An","province_slug":"nghe_an","join_key":"16969","status":"active","dataset_effective_date":"2026-04-30","catalog_version":"2026-07-12","geometry_status":"not_embedded_boundary_available_by_url","boundary_source_url":"https://raw.githubusercontent.com/thanglequoc/vietnamese-provinces-database/master/json/geojson/40_nghe_an/wards/16969_nghia_tho.geojson","boundary_source_page":"https://github.com/thanglequoc/vietnamese-provinces-database/blob/master/json/geojson/40_nghe_an/wards/16969_nghia_tho.geojson","source_catalog":"https://github.com/thanglequoc/vietnamese-provinces-database"},"geometry":null},{"type":"Feature","id":"16972","properties":{"commune_code":"16972","commune_name":"Nghĩa Hưng","commune_name_en":"Nghia Hung","commune_full_name":"Xã Nghĩa Hưng","commune_full_name_en":"Nghia Hung Commune","commune_slug":"nghia_hung","unit_type":"Xã","unit_type_en":"Commune","admin_level":2,"province_code":"40","province_name":"Nghệ An","province_full_name":"Tỉnh Nghệ An","province_slug":"nghe_an","join_key":"16972","status":"active","dataset_effective_date":"2026-04-30","catalog_version":"2026-07-12","geometry_status":"not_embedded_boundary_available_by_url","boundary_source_url":"https://raw.githubusercontent.com/thanglequoc/vietnamese-provinces-database/master/json/geojson/40_nghe_an/wards/16972_nghia_hung.geojson","boundary_source_page":"https://github.com/thanglequoc/vietnamese-provinces-database/blob/master/json/geojson/40_nghe_an/wards/16972_nghia_hung.geojson","source_catalog":"https://github.com/thanglequoc/vietnamese-provinces-database"},"geometry":null},{"type":"Feature","id":"16975","properties":{"commune_code":"16975","commune_name":"Nghĩa Mai","commune_name_en":"Nghia Mai","commune_full_name":"Xã Nghĩa Mai","commune_full_name_en":"Nghia Mai Commune","commune_slug":"nghia_mai","unit_type":"Xã","unit_type_en":"Commune","admin_level":2,"province_code":"40","province_name":"Nghệ An","province_full_name":"Tỉnh Nghệ An","province_slug":"nghe_an","join_key":"16975","status":"active","dataset_effective_date":"2026-04-30","catalog_version":"2026-07-12","geometry_status":"not_embedded_boundary_available_by_url","boundary_source_url":"https://raw.githubusercontent.com/thanglequoc/vietnamese-provinces-database/master/json/geojson/40_nghe_an/wards/16975_nghia_mai.geojson","boundary_source_page":"https://github.com/thanglequoc/vietnamese-provinces-database/blob/master/json/geojson/40_nghe_an/wards/16975_nghia_mai.geojson","source_catalog":"https://github.com/thanglequoc/vietnamese-provinces-database"},"geometry":null},{"type":"Feature","id":"17011","properties":{"commune_code":"17011","commune_name":"Tây Hiếu","commune_name_en":"Tay Hieu","commune_full_name":"Phường Tây Hiếu","commune_full_name_en":"Tay Hieu Ward","commune_slug":"tay_hieu","unit_type":"Phường","unit_type_en":"Ward","admin_level":2,"province_code":"40","province_name":"Nghệ An","province_full_name":"Tỉnh Nghệ An","province_slug":"nghe_an","join_key":"17011","status":"active","dataset_effective_date":"2026-04-30","catalog_version":"2026-07-12","geometry_status":"not_embedded_boundary_available_by_url","boundary_source_url":"https://raw.githubusercontent.com/thanglequoc/vietnamese-provinces-database/master/json/geojson/40_nghe_an/wards/17011_tay_hieu.geojson","boundary_source_page":"https://github.com/thanglequoc/vietnamese-provinces-database/blob/master/json/geojson/40_nghe_an/wards/17011_tay_hieu.geojson","source_catalog":"https://github.com/thanglequoc/vietnamese-provinces-database"},"geometry":null},{"type":"Feature","id":"17017","properties":{"commune_code":"17017","commune_name":"Đông Hiếu","commune_name_en":"Dong Hieu","commune_full_name":"Xã Đông Hiếu","commune_full_name_en":"Dong Hieu Commune","commune_slug":"dong_hieu","unit_type":"Xã","unit_type_en":"Commune","admin_level":2,"province_code":"40","province_name":"Nghệ An","province_full_name":"Tỉnh Nghệ An","province_slug":"nghe_an","join_key":"17017","status":"active","dataset_effective_date":"2026-04-30","catalog_version":"2026-07-12","geometry_status":"not_embedded_boundary_available_by_url","boundary_source_url":"https://raw.githubusercontent.com/thanglequoc/vietnamese-provinces-database/master/json/geojson/40_nghe_an/wards/17017_dong_hieu.geojson","boundary_source_page":"https://github.com/thanglequoc/vietnamese-provinces-database/blob/master/json/geojson/40_nghe_an/wards/17017_dong_hieu.geojson","source_catalog":"https://github.com/thanglequoc/vietnamese-provinces-database"},"geometry":null},{"type":"Feature","id":"17029","properties":{"commune_code":"17029","commune_name":"Nghĩa Lộc","commune_name_en":"Nghia Loc","commune_full_name":"Xã Nghĩa Lộc","commune_full_name_en":"Nghia Loc Commune","commune_slug":"nghia_loc","unit_type":"Xã","unit_type_en":"Commune","admin_level":2,"province_code":"40","province_name":"Nghệ An","province_full_name":"Tỉnh Nghệ An","province_slug":"nghe_an","join_key":"17029","status":"active","dataset_effective_date":"2026-04-30","catalog_version":"2026-07-12","geometry_status":"not_embedded_boundary_available_by_url","boundary_source_url":"https://raw.githubusercontent.com/thanglequoc/vietnamese-provinces-database/master/json/geojson/40_nghe_an/wards/17029_nghia_loc.geojson","boundary_source_page":"https://github.com/thanglequoc/vietnamese-provinces-database/blob/master/json/geojson/40_nghe_an/wards/17029_nghia_loc.geojson","source_catalog":"https://github.com/thanglequoc/vietnamese-provinces-database"},"geometry":null},{"type":"Feature","id":"17032","properties":{"commune_code":"17032","commune_name":"Nghĩa Khánh","commune_name_en":"Nghia Khanh","commune_full_name":"Xã Nghĩa Khánh","commune_full_name_en":"Nghia Khanh Commune","commune_slug":"nghia_khanh","unit_type":"Xã","unit_type_en":"Commune","admin_level":2,"province_code":"40","province_name":"Nghệ An","province_full_name":"Tỉnh Nghệ An","province_slug":"nghe_an","join_key":"17032","status":"active","dataset_effective_date":"2026-04-30","catalog_version":"2026-07-12","geometry_status":"not_embedded_boundary_available_by_url","boundary_source_url":"https://raw.githubusercontent.com/thanglequoc/vietnamese-provinces-database/master/json/geojson/40_nghe_an/wards/17032_nghia_khanh.geojson","boundary_source_page":"https://github.com/thanglequoc/vietnamese-provinces-database/blob/master/json/geojson/40_nghe_an/wards/17032_nghia_khanh.geojson","source_catalog":"https://github.com/thanglequoc/vietnamese-provinces-database"},"geometry":null},{"type":"Feature","id":"17035","properties":{"commune_code":"17035","commune_name":"Quỳ Hợp","commune_name_en":"Quy Hop","commune_full_name":"Xã Quỳ Hợp","commune_full_name_en":"Quy Hop Commune","commune_slug":"quy_hop","unit_type":"Xã","unit_type_en":"Commune","admin_level":2,"province_code":"40","province_name":"Nghệ An","province_full_name":"Tỉnh Nghệ An","province_slug":"nghe_an","join_key":"17035","status":"active","dataset_effective_date":"2026-04-30","catalog_version":"2026-07-12","geometry_status":"not_embedded_boundary_available_by_url","boundary_source_url":"https://raw.githubusercontent.com/thanglequoc/vietnamese-provinces-database/master/json/geojson/40_nghe_an/wards/17035_quy_hop.geojson","boundary_source_page":"https://github.com/thanglequoc/vietnamese-provinces-database/blob/master/json/geojson/40_nghe_an/wards/17035_quy_hop.geojson","source_catalog":"https://github.com/thanglequoc/vietnamese-provinces-database"},"geometry":null},{"type":"Feature","id":"17044","properties":{"commune_code":"17044","commune_name":"Châu Hồng","commune_name_en":"Chau Hong","commune_full_name":"Xã Châu Hồng","commune_full_name_en":"Chau Hong Commune","commune_slug":"chau_hong","unit_type":"Xã","unit_type_en":"Commune","admin_level":2,"province_code":"40","province_name":"Nghệ An","province_full_name":"Tỉnh Nghệ An","province_slug":"nghe_an","join_key":"17044","status":"active","dataset_effective_date":"2026-04-30","catalog_version":"2026-07-12","geometry_status":"not_embedded_boundary_available_by_url","boundary_source_url":"https://raw.githubusercontent.com/thanglequoc/vietnamese-provinces-database/master/json/geojson/40_nghe_an/wards/17044_chau_hong.geojson","boundary_source_page":"https://github.com/thanglequoc/vietnamese-provinces-database/blob/master/json/geojson/40_nghe_an/wards/17044_chau_hong.geojson","source_catalog":"https://github.com/thanglequoc/vietnamese-provinces-database"},"geometry":null},{"type":"Feature","id":"17056","properties":{"commune_code":"17056","commune_name":"Châu Lộc","commune_name_en":"Chau Loc","commune_full_name":"Xã Châu Lộc","commune_full_name_en":"Chau Loc Commune","commune_slug":"chau_loc","unit_type":"Xã","unit_type_en":"Commune","admin_level":2,"province_code":"40","province_name":"Nghệ An","province_full_name":"Tỉnh Nghệ An","province_slug":"nghe_an","join_key":"17056","status":"active","dataset_effective_date":"2026-04-30","catalog_version":"2026-07-12","geometry_status":"not_embedded_boundary_available_by_url","boundary_source_url":"https://raw.githubusercontent.com/thanglequoc/vietnamese-provinces-database/master/json/geojson/40_nghe_an/wards/17056_chau_loc.geojson","boundary_source_page":"https://github.com/thanglequoc/vietnamese-provinces-database/blob/master/json/geojson/40_nghe_an/wards/17056_chau_loc.geojson","source_catalog":"https://github.com/thanglequoc/vietnamese-provinces-database"},"geometry":null},{"type":"Feature","id":"17059","properties":{"commune_code":"17059","commune_name":"Tam Hợp","commune_name_en":"Tam Hop","commune_full_name":"Xã Tam Hợp","commune_full_name_en":"Tam Hop Commune","commune_slug":"tam_hop","unit_type":"Xã","unit_type_en":"Commune","admin_level":2,"province_code":"40","province_name":"Nghệ An","province_full_name":"Tỉnh Nghệ An","province_slug":"nghe_an","join_key":"17059","status":"active","dataset_effective_date":"2026-04-30","catalog_version":"2026-07-12","geometry_status":"not_embedded_boundary_available_by_url","boundary_source_url":"https://raw.githubusercontent.com/thanglequoc/vietnamese-provinces-database/master/json/geojson/40_nghe_an/wards/17059_tam_hop.geojson","boundary_source_page":"https://github.com/thanglequoc/vietnamese-provinces-database/blob/master/json/geojson/40_nghe_an/wards/17059_tam_hop.geojson","source_catalog":"https://github.com/thanglequoc/vietnamese-provinces-database"},"geometry":null},{"type":"Feature","id":"17071","properties":{"commune_code":"17071","commune_name":"Minh Hợp","commune_name_en":"Minh Hop","commune_full_name":"Xã Minh Hợp","commune_full_name_en":"Minh Hop Commune","commune_slug":"minh_hop","unit_type":"Xã","unit_type_en":"Commune","admin_level":2,"province_code":"40","province_name":"Nghệ An","province_full_name":"Tỉnh Nghệ An","province_slug":"nghe_an","join_key":"17071","status":"active","dataset_effective_date":"2026-04-30","catalog_version":"2026-07-12","geometry_status":"not_embedded_boundary_available_by_url","boundary_source_url":"https://raw.githubusercontent.com/thanglequoc/vietnamese-provinces-database/master/json/geojson/40_nghe_an/wards/17071_minh_hop.geojson","boundary_source_page":"https://github.com/thanglequoc/vietnamese-provinces-database/blob/master/json/geojson/40_nghe_an/wards/17071_minh_hop.geojson","source_catalog":"https://github.com/thanglequoc/vietnamese-provinces-database"},"geometry":null},{"type":"Feature","id":"17077","properties":{"commune_code":"17077","commune_name":"Mường Ham","commune_name_en":"Muong Ham","commune_full_name":"Xã Mường Ham","commune_full_name_en":"Muong Ham Commune","commune_slug":"muong_ham","unit_type":"Xã","unit_type_en":"Commune","admin_level":2,"province_code":"40","province_name":"Nghệ An","province_full_name":"Tỉnh Nghệ An","province_slug":"nghe_an","join_key":"17077","status":"active","dataset_effective_date":"2026-04-30","catalog_version":"2026-07-12","geometry_status":"not_embedded_boundary_available_by_url","boundary_source_url":"https://raw.githubusercontent.com/thanglequoc/vietnamese-provinces-database/master/json/geojson/40_nghe_an/wards/17077_muong_ham.geojson","boundary_source_page":"https://github.com/thanglequoc/vietnamese-provinces-database/blob/master/json/geojson/40_nghe_an/wards/17077_muong_ham.geojson","source_catalog":"https://github.com/thanglequoc/vietnamese-provinces-database"},"geometry":null},{"type":"Feature","id":"17089","properties":{"commune_code":"17089","commune_name":"Mường Chọng","commune_name_en":"Muong Chong","commune_full_name":"Xã Mường Chọng","commune_full_name_en":"Muong Chong Commune","commune_slug":"muong_chong","unit_type":"Xã","unit_type_en":"Commune","admin_level":2,"province_code":"40","province_name":"Nghệ An","province_full_name":"Tỉnh Nghệ An","province_slug":"nghe_an","join_key":"17089","status":"active","dataset_effective_date":"2026-04-30","catalog_version":"2026-07-12","geometry_status":"not_embedded_boundary_available_by_url","boundary_source_url":"https://raw.githubusercontent.com/thanglequoc/vietnamese-provinces-database/master/json/geojson/40_nghe_an/wards/17089_muong_chong.geojson","boundary_source_page":"https://github.com/thanglequoc/vietnamese-provinces-database/blob/master/json/geojson/40_nghe_an/wards/17089_muong_chong.geojson","source_catalog":"https://github.com/thanglequoc/vietnamese-provinces-database"},"geometry":null},{"type":"Feature","id":"17110","properties":{"commune_code":"17110","commune_name":"Hoàng Mai","commune_name_en":"Hoang Mai","commune_full_name":"Phường Hoàng Mai","commune_full_name_en":"Hoang Mai Ward","commune_slug":"hoang_mai","unit_type":"Phường","unit_type_en":"Ward","admin_level":2,"province_code":"40","province_name":"Nghệ An","province_full_name":"Tỉnh Nghệ An","province_slug":"nghe_an","join_key":"17110","status":"active","dataset_effective_date":"2026-04-30","catalog_version":"2026-07-12","geometry_status":"not_embedded_boundary_available_by_url","boundary_source_url":"https://raw.githubusercontent.com/thanglequoc/vietnamese-provinces-database/master/json/geojson/40_nghe_an/wards/17110_hoang_mai.geojson","boundary_source_page":"https://github.com/thanglequoc/vietnamese-provinces-database/blob/master/json/geojson/40_nghe_an/wards/17110_hoang_mai.geojson","source_catalog":"https://github.com/thanglequoc/vietnamese-provinces-database"},"geometry":null},{"type":"Feature","id":"17125","properties":{"commune_code":"17125","commune_name":"Quỳnh Mai","commune_name_en":"Quynh Mai","commune_full_name":"Phường Quỳnh Mai","commune_full_name_en":"Quynh Mai Ward","commune_slug":"quynh_mai","unit_type":"Phường","unit_type_en":"Ward","admin_level":2,"province_code":"40","province_name":"Nghệ An","province_full_name":"Tỉnh Nghệ An","province_slug":"nghe_an","join_key":"17125","status":"active","dataset_effective_date":"2026-04-30","catalog_version":"2026-07-12","geometry_status":"not_embedded_boundary_available_by_url","boundary_source_url":"https://raw.githubusercontent.com/thanglequoc/vietnamese-provinces-database/master/json/geojson/40_nghe_an/wards/17125_quynh_mai.geojson","boundary_source_page":"https://github.com/thanglequoc/vietnamese-provinces-database/blob/master/json/geojson/40_nghe_an/wards/17125_quynh_mai.geojson","source_catalog":"https://github.com/thanglequoc/vietnamese-provinces-database"},"geometry":null},{"type":"Feature","id":"17128","properties":{"commune_code":"17128","commune_name":"Tân Mai","commune_name_en":"Tan Mai","commune_full_name":"Phường Tân Mai","commune_full_name_en":"Tan Mai Ward","commune_slug":"tan_mai","unit_type":"Phường","unit_type_en":"Ward","admin_level":2,"province_code":"40","province_name":"Nghệ An","province_full_name":"Tỉnh Nghệ An","province_slug":"nghe_an","join_key":"17128","status":"active","dataset_effective_date":"2026-04-30","catalog_version":"2026-07-12","geometry_status":"not_embedded_boundary_available_by_url","boundary_source_url":"https://raw.githubusercontent.com/thanglequoc/vietnamese-provinces-database/master/json/geojson/40_nghe_an/wards/17128_tan_mai.geojson","boundary_source_page":"https://github.com/thanglequoc/vietnamese-provinces-database/blob/master/json/geojson/40_nghe_an/wards/17128_tan_mai.geojson","source_catalog":"https://github.com/thanglequoc/vietnamese-provinces-database"},"geometry":null},{"type":"Feature","id":"17143","properties":{"commune_code":"17143","commune_name":"Quỳnh Văn","commune_name_en":"Quynh Van","commune_full_name":"Xã Quỳnh Văn","commune_full_name_en":"Quynh Van Commune","commune_slug":"quynh_van","unit_type":"Xã","unit_type_en":"Commune","admin_level":2,"province_code":"40","province_name":"Nghệ An","province_full_name":"Tỉnh Nghệ An","province_slug":"nghe_an","join_key":"17143","status":"active","dataset_effective_date":"2026-04-30","catalog_version":"2026-07-12","geometry_status":"not_embedded_boundary_available_by_url","boundary_source_url":"https://raw.githubusercontent.com/thanglequoc/vietnamese-provinces-database/master/json/geojson/40_nghe_an/wards/17143_quynh_van.geojson","boundary_source_page":"https://github.com/thanglequoc/vietnamese-provinces-database/blob/master/json/geojson/40_nghe_an/wards/17143_quynh_van.geojson","source_catalog":"https://github.com/thanglequoc/vietnamese-provinces-database"},"geometry":null},{"type":"Feature","id":"17149","properties":{"commune_code":"17149","commune_name":"Quỳnh Tam","commune_name_en":"Quynh Tam","commune_full_name":"Xã Quỳnh Tam","commune_full_name_en":"Quynh Tam Commune","commune_slug":"quynh_tam","unit_type":"Xã","unit_type_en":"Commune","admin_level":2,"province_code":"40","province_name":"Nghệ An","province_full_name":"Tỉnh Nghệ An","province_slug":"nghe_an","join_key":"17149","status":"active","dataset_effective_date":"2026-04-30","catalog_version":"2026-07-12","geometry_status":"not_embedded_boundary_available_by_url","boundary_source_url":"https://raw.githubusercontent.com/thanglequoc/vietnamese-provinces-database/master/json/geojson/40_nghe_an/wards/17149_quynh_tam.geojson","boundary_source_page":"https://github.com/thanglequoc/vietnamese-provinces-database/blob/master/json/geojson/40_nghe_an/wards/17149_quynh_tam.geojson","source_catalog":"https://github.com/thanglequoc/vietnamese-provinces-database"},"geometry":null},{"type":"Feature","id":"17170","properties":{"commune_code":"17170","commune_name":"Quỳnh Sơn","commune_name_en":"Quynh Son","commune_full_name":"Xã Quỳnh Sơn","commune_full_name_en":"Quynh Son Commune","commune_slug":"quynh_son","unit_type":"Xã","unit_type_en":"Commune","admin_level":2,"province_code":"40","province_name":"Nghệ An","province_full_name":"Tỉnh Nghệ An","province_slug":"nghe_an","join_key":"17170","status":"active","dataset_effective_date":"2026-04-30","catalog_version":"2026-07-12","geometry_status":"not_embedded_boundary_available_by_url","boundary_source_url":"https://raw.githubusercontent.com/thanglequoc/vietnamese-provinces-database/master/json/geojson/40_nghe_an/wards/17170_quynh_son.geojson","boundary_source_page":"https://github.com/thanglequoc/vietnamese-provinces-database/blob/master/json/geojson/40_nghe_an/wards/17170_quynh_son.geojson","source_catalog":"https://github.com/thanglequoc/vietnamese-provinces-database"},"geometry":null},{"type":"Feature","id":"17176","properties":{"commune_code":"17176","commune_name":"Quỳnh Anh","commune_name_en":"Quynh Anh","commune_full_name":"Xã Quỳnh Anh","commune_full_name_en":"Quynh Anh Commune","commune_slug":"quynh_anh","unit_type":"Xã","unit_type_en":"Commune","admin_level":2,"province_code":"40","province_name":"Nghệ An","province_full_name":"Tỉnh Nghệ An","province_slug":"nghe_an","join_key":"17176","status":"active","dataset_effective_date":"2026-04-30","catalog_version":"2026-07-12","geometry_status":"not_embedded_boundary_available_by_url","boundary_source_url":"https://raw.githubusercontent.com/thanglequoc/vietnamese-provinces-database/master/json/geojson/40_nghe_an/wards/17176_quynh_anh.geojson","boundary_source_page":"https://github.com/thanglequoc/vietnamese-provinces-database/blob/master/json/geojson/40_nghe_an/wards/17176_quynh_anh.geojson","source_catalog":"https://github.com/thanglequoc/vietnamese-provinces-database"},"geometry":null},{"type":"Feature","id":"17179","properties":{"commune_code":"17179","commune_name":"Quỳnh Lưu","commune_name_en":"Quynh Luu","commune_full_name":"Xã Quỳnh Lưu","commune_full_name_en":"Quynh Luu Commune","commune_slug":"quynh_luu","unit_type":"Xã","unit_type_en":"Commune","admin_level":2,"province_code":"40","province_name":"Nghệ An","province_full_name":"Tỉnh Nghệ An","province_slug":"nghe_an","join_key":"17179","status":"active","dataset_effective_date":"2026-04-30","catalog_version":"2026-07-12","geometry_status":"not_embedded_boundary_available_by_url","boundary_source_url":"https://raw.githubusercontent.com/thanglequoc/vietnamese-provinces-database/master/json/geojson/40_nghe_an/wards/17179_quynh_luu.geojson","boundary_source_page":"https://github.com/thanglequoc/vietnamese-provinces-database/blob/master/json/geojson/40_nghe_an/wards/17179_quynh_luu.geojson","source_catalog":"https://github.com/thanglequoc/vietnamese-provinces-database"},"geometry":null},{"type":"Feature","id":"17212","properties":{"commune_code":"17212","commune_name":"Quỳnh Phú","commune_name_en":"Quynh Phu","commune_full_name":"Xã Quỳnh Phú","commune_full_name_en":"Quynh Phu Commune","commune_slug":"quynh_phu","unit_type":"Xã","unit_type_en":"Commune","admin_level":2,"province_code":"40","province_name":"Nghệ An","province_full_name":"Tỉnh Nghệ An","province_slug":"nghe_an","join_key":"17212","status":"active","dataset_effective_date":"2026-04-30","catalog_version":"2026-07-12","geometry_status":"not_embedded_boundary_available_by_url","boundary_source_url":"https://raw.githubusercontent.com/thanglequoc/vietnamese-provinces-database/master/json/geojson/40_nghe_an/wards/17212_quynh_phu.geojson","boundary_source_page":"https://github.com/thanglequoc/vietnamese-provinces-database/blob/master/json/geojson/40_nghe_an/wards/17212_quynh_phu.geojson","source_catalog":"https://github.com/thanglequoc/vietnamese-provinces-database"},"geometry":null},{"type":"Feature","id":"17224","properties":{"commune_code":"17224","commune_name":"Quỳnh Thắng","commune_name_en":"Quynh Thang","commune_full_name":"Xã Quỳnh Thắng","commune_full_name_en":"Quynh Thang Commune","commune_slug":"quynh_thang","unit_type":"Xã","unit_type_en":"Commune","admin_level":2,"province_code":"40","province_name":"Nghệ An","province_full_name":"Tỉnh Nghệ An","province_slug":"nghe_an","join_key":"17224","status":"active","dataset_effective_date":"2026-04-30","catalog_version":"2026-07-12","geometry_status":"not_embedded_boundary_available_by_url","boundary_source_url":"https://raw.githubusercontent.com/thanglequoc/vietnamese-provinces-database/master/json/geojson/40_nghe_an/wards/17224_quynh_thang.geojson","boundary_source_page":"https://github.com/thanglequoc/vietnamese-provinces-database/blob/master/json/geojson/40_nghe_an/wards/17224_quynh_thang.geojson","source_catalog":"https://github.com/thanglequoc/vietnamese-provinces-database"},"geometry":null},{"type":"Feature","id":"17230","properties":{"commune_code":"17230","commune_name":"Bình Chuẩn","commune_name_en":"Binh Chuan","commune_full_name":"Xã Bình Chuẩn","commune_full_name_en":"Binh Chuan Commune","commune_slug":"binh_chuan","unit_type":"Xã","unit_type_en":"Commune","admin_level":2,"province_code":"40","province_name":"Nghệ An","province_full_name":"Tỉnh Nghệ An","province_slug":"nghe_an","join_key":"17230","status":"active","dataset_effective_date":"2026-04-30","catalog_version":"2026-07-12","geometry_status":"not_embedded_boundary_available_by_url","boundary_source_url":"https://raw.githubusercontent.com/thanglequoc/vietnamese-provinces-database/master/json/geojson/40_nghe_an/wards/17230_binh_chuan.geojson","boundary_source_page":"https://github.com/thanglequoc/vietnamese-provinces-database/blob/master/json/geojson/40_nghe_an/wards/17230_binh_chuan.geojson","source_catalog":"https://github.com/thanglequoc/vietnamese-provinces-database"},"geometry":null},{"type":"Feature","id":"17239","properties":{"commune_code":"17239","commune_name":"Mậu Thạch","commune_name_en":"Mau Thach","commune_full_name":"Xã Mậu Thạch","commune_full_name_en":"Mau Thach Commune","commune_slug":"mau_thach","unit_type":"Xã","unit_type_en":"Commune","admin_level":2,"province_code":"40","province_name":"Nghệ An","province_full_name":"Tỉnh Nghệ An","province_slug":"nghe_an","join_key":"17239","status":"active","dataset_effective_date":"2026-04-30","catalog_version":"2026-07-12","geometry_status":"not_embedded_boundary_available_by_url","boundary_source_url":"https://raw.githubusercontent.com/thanglequoc/vietnamese-provinces-database/master/json/geojson/40_nghe_an/wards/17239_mau_thach.geojson","boundary_source_page":"https://github.com/thanglequoc/vietnamese-provinces-database/blob/master/json/geojson/40_nghe_an/wards/17239_mau_thach.geojson","source_catalog":"https://github.com/thanglequoc/vietnamese-provinces-database"},"geometry":null},{"type":"Feature","id":"17242","properties":{"commune_code":"17242","commune_name":"Cam Phục","commune_name_en":"Cam Phuc","commune_full_name":"Xã Cam Phục","commune_full_name_en":"Cam Phuc Commune","commune_slug":"cam_phuc","unit_type":"Xã","unit_type_en":"Commune","admin_level":2,"province_code":"40","province_name":"Nghệ An","province_full_name":"Tỉnh Nghệ An","province_slug":"nghe_an","join_key":"17242","status":"active","dataset_effective_date":"2026-04-30","catalog_version":"2026-07-12","geometry_status":"not_embedded_boundary_available_by_url","boundary_source_url":"https://raw.githubusercontent.com/thanglequoc/vietnamese-provinces-database/master/json/geojson/40_nghe_an/wards/17242_cam_phuc.geojson","boundary_source_page":"https://github.com/thanglequoc/vietnamese-provinces-database/blob/master/json/geojson/40_nghe_an/wards/17242_cam_phuc.geojson","source_catalog":"https://github.com/thanglequoc/vietnamese-provinces-database"},"geometry":null},{"type":"Feature","id":"17248","properties":{"commune_code":"17248","commune_name":"Châu Khê","commune_name_en":"Chau Khe","commune_full_name":"Xã Châu Khê","commune_full_name_en":"Chau Khe Commune","commune_slug":"chau_khe","unit_type":"Xã","unit_type_en":"Commune","admin_level":2,"province_code":"40","province_name":"Nghệ An","province_full_name":"Tỉnh Nghệ An","province_slug":"nghe_an","join_key":"17248","status":"active","dataset_effective_date":"2026-04-30","catalog_version":"2026-07-12","geometry_status":"not_embedded_boundary_available_by_url","boundary_source_url":"https://raw.githubusercontent.com/thanglequoc/vietnamese-provinces-database/master/json/geojson/40_nghe_an/wards/17248_chau_khe.geojson","boundary_source_page":"https://github.com/thanglequoc/vietnamese-provinces-database/blob/master/json/geojson/40_nghe_an/wards/17248_chau_khe.geojson","source_catalog":"https://github.com/thanglequoc/vietnamese-provinces-database"},"geometry":null},{"type":"Feature","id":"17254","properties":{"commune_code":"17254","commune_name":"Con Cuông","commune_name_en":"Con Cuong","commune_full_name":"Xã Con Cuông","commune_full_name_en":"Con Cuong Commune","commune_slug":"con_cuong","unit_type":"Xã","unit_type_en":"Commune","admin_level":2,"province_code":"40","province_name":"Nghệ An","province_full_name":"Tỉnh Nghệ An","province_slug":"nghe_an","join_key":"17254","status":"active","dataset_effective_date":"2026-04-30","catalog_version":"2026-07-12","geometry_status":"not_embedded_boundary_available_by_url","boundary_source_url":"https://raw.githubusercontent.com/thanglequoc/vietnamese-provinces-database/master/json/geojson/40_nghe_an/wards/17254_con_cuong.geojson","boundary_source_page":"https://github.com/thanglequoc/vietnamese-provinces-database/blob/master/json/geojson/40_nghe_an/wards/17254_con_cuong.geojson","source_catalog":"https://github.com/thanglequoc/vietnamese-provinces-database"},"geometry":null},{"type":"Feature","id":"17263","properties":{"commune_code":"17263","commune_name":"Môn Sơn","commune_name_en":"Mon Son","commune_full_name":"Xã Môn Sơn","commune_full_name_en":"Mon Son Commune","commune_slug":"mon_son","unit_type":"Xã","unit_type_en":"Commune","admin_level":2,"province_code":"40","province_name":"Nghệ An","province_full_name":"Tỉnh Nghệ An","province_slug":"nghe_an","join_key":"17263","status":"active","dataset_effective_date":"2026-04-30","catalog_version":"2026-07-12","geometry_status":"not_embedded_boundary_available_by_url","boundary_source_url":"https://raw.githubusercontent.com/thanglequoc/vietnamese-provinces-database/master/json/geojson/40_nghe_an/wards/17263_mon_son.geojson","boundary_source_page":"https://github.com/thanglequoc/vietnamese-provinces-database/blob/master/json/geojson/40_nghe_an/wards/17263_mon_son.geojson","source_catalog":"https://github.com/thanglequoc/vietnamese-provinces-database"},"geometry":null},{"type":"Feature","id":"17266","properties":{"commune_code":"17266","commune_name":"Tân Kỳ","commune_name_en":"Tan Ky","commune_full_name":"Xã Tân Kỳ","commune_full_name_en":"Tan Ky Commune","commune_slug":"tan_ky","unit_type":"Xã","unit_type_en":"Commune","admin_level":2,"province_code":"40","province_name":"Nghệ An","province_full_name":"Tỉnh Nghệ An","province_slug":"nghe_an","join_key":"17266","status":"active","dataset_effective_date":"2026-04-30","catalog_version":"2026-07-12","geometry_status":"not_embedded_boundary_available_by_url","boundary_source_url":"https://raw.githubusercontent.com/thanglequoc/vietnamese-provinces-database/master/json/geojson/40_nghe_an/wards/17266_tan_ky.geojson","boundary_source_page":"https://github.com/thanglequoc/vietnamese-provinces-database/blob/master/json/geojson/40_nghe_an/wards/17266_tan_ky.geojson","source_catalog":"https://github.com/thanglequoc/vietnamese-provinces-database"},"geometry":null},{"type":"Feature","id":"17272","properties":{"commune_code":"17272","commune_name":"Tân Phú","commune_name_en":"Tan Phu","commune_full_name":"Xã Tân Phú","commune_full_name_en":"Tan Phu Commune","commune_slug":"tan_phu","unit_type":"Xã","unit_type_en":"Commune","admin_level":2,"province_code":"40","province_name":"Nghệ An","province_full_name":"Tỉnh Nghệ An","province_slug":"nghe_an","join_key":"17272","status":"active","dataset_effective_date":"2026-04-30","catalog_version":"2026-07-12","geometry_status":"not_embedded_boundary_available_by_url","boundary_source_url":"https://raw.githubusercontent.com/thanglequoc/vietnamese-provinces-database/master/json/geojson/40_nghe_an/wards/17272_tan_phu.geojson","boundary_source_page":"https://github.com/thanglequoc/vietnamese-provinces-database/blob/master/json/geojson/40_nghe_an/wards/17272_tan_phu.geojson","source_catalog":"https://github.com/thanglequoc/vietnamese-provinces-database"},"geometry":null},{"type":"Feature","id":"17278","properties":{"commune_code":"17278","commune_name":"Giai Xuân","commune_name_en":"Giai Xuan","commune_full_name":"Xã Giai Xuân","commune_full_name_en":"Giai Xuan Commune","commune_slug":"giai_xuan","unit_type":"Xã","unit_type_en":"Commune","admin_level":2,"province_code":"40","province_name":"Nghệ An","province_full_name":"Tỉnh Nghệ An","province_slug":"nghe_an","join_key":"17278","status":"active","dataset_effective_date":"2026-04-30","catalog_version":"2026-07-12","geometry_status":"not_embedded_boundary_available_by_url","boundary_source_url":"https://raw.githubusercontent.com/thanglequoc/vietnamese-provinces-database/master/json/geojson/40_nghe_an/wards/17278_giai_xuan.geojson","boundary_source_page":"https://github.com/thanglequoc/vietnamese-provinces-database/blob/master/json/geojson/40_nghe_an/wards/17278_giai_xuan.geojson","source_catalog":"https://github.com/thanglequoc/vietnamese-provinces-database"},"geometry":null},{"type":"Feature","id":"17284","properties":{"commune_code":"17284","commune_name":"Nghĩa Đồng","commune_name_en":"Nghia Dong","commune_full_name":"Xã Nghĩa Đồng","commune_full_name_en":"Nghia Dong Commune","commune_slug":"nghia_dong","unit_type":"Xã","unit_type_en":"Commune","admin_level":2,"province_code":"40","province_name":"Nghệ An","province_full_name":"Tỉnh Nghệ An","province_slug":"nghe_an","join_key":"17284","status":"active","dataset_effective_date":"2026-04-30","catalog_version":"2026-07-12","geometry_status":"not_embedded_boundary_available_by_url","boundary_source_url":"https://raw.githubusercontent.com/thanglequoc/vietnamese-provinces-database/master/json/geojson/40_nghe_an/wards/17284_nghia_dong.geojson","boundary_source_page":"https://github.com/thanglequoc/vietnamese-provinces-database/blob/master/json/geojson/40_nghe_an/wards/17284_nghia_dong.geojson","source_catalog":"https://github.com/thanglequoc/vietnamese-provinces-database"},"geometry":null},{"type":"Feature","id":"17287","properties":{"commune_code":"17287","commune_name":"Tiên Đồng","commune_name_en":"Tien Dong","commune_full_name":"Xã Tiên Đồng","commune_full_name_en":"Tien Dong Commune","commune_slug":"tien_dong","unit_type":"Xã","unit_type_en":"Commune","admin_level":2,"province_code":"40","province_name":"Nghệ An","province_full_name":"Tỉnh Nghệ An","province_slug":"nghe_an","join_key":"17287","status":"active","dataset_effective_date":"2026-04-30","catalog_version":"2026-07-12","geometry_status":"not_embedded_boundary_available_by_url","boundary_source_url":"https://raw.githubusercontent.com/thanglequoc/vietnamese-provinces-database/master/json/geojson/40_nghe_an/wards/17287_tien_dong.geojson","boundary_source_page":"https://github.com/thanglequoc/vietnamese-provinces-database/blob/master/json/geojson/40_nghe_an/wards/17287_tien_dong.geojson","source_catalog":"https://github.com/thanglequoc/vietnamese-provinces-database"},"geometry":null},{"type":"Feature","id":"17305","properties":{"commune_code":"17305","commune_name":"Tân An","commune_name_en":"Tan An","commune_full_name":"Xã Tân An","commune_full_name_en":"Tan An Commune","commune_slug":"tan_an","unit_type":"Xã","unit_type_en":"Commune","admin_level":2,"province_code":"40","province_name":"Nghệ An","province_full_name":"Tỉnh Nghệ An","province_slug":"nghe_an","join_key":"17305","status":"active","dataset_effective_date":"2026-04-30","catalog_version":"2026-07-12","geometry_status":"not_embedded_boundary_available_by_url","boundary_source_url":"https://raw.githubusercontent.com/thanglequoc/vietnamese-provinces-database/master/json/geojson/40_nghe_an/wards/17305_tan_an.geojson","boundary_source_page":"https://github.com/thanglequoc/vietnamese-provinces-database/blob/master/json/geojson/40_nghe_an/wards/17305_tan_an.geojson","source_catalog":"https://github.com/thanglequoc/vietnamese-provinces-database"},"geometry":null},{"type":"Feature","id":"17326","properties":{"commune_code":"17326","commune_name":"Nghĩa Hành","commune_name_en":"Nghia Hanh","commune_full_name":"Xã Nghĩa Hành","commune_full_name_en":"Nghia Hanh Commune","commune_slug":"nghia_hanh","unit_type":"Xã","unit_type_en":"Commune","admin_level":2,"province_code":"40","province_name":"Nghệ An","province_full_name":"Tỉnh Nghệ An","province_slug":"nghe_an","join_key":"17326","status":"active","dataset_effective_date":"2026-04-30","catalog_version":"2026-07-12","geometry_status":"not_embedded_boundary_available_by_url","boundary_source_url":"https://raw.githubusercontent.com/thanglequoc/vietnamese-provinces-database/master/json/geojson/40_nghe_an/wards/17326_nghia_hanh.geojson","boundary_source_page":"https://github.com/thanglequoc/vietnamese-provinces-database/blob/master/json/geojson/40_nghe_an/wards/17326_nghia_hanh.geojson","source_catalog":"https://github.com/thanglequoc/vietnamese-provinces-database"},"geometry":null},{"type":"Feature","id":"17329","properties":{"commune_code":"17329","commune_name":"Anh Sơn","commune_name_en":"Anh Son","commune_full_name":"Xã Anh Sơn","commune_full_name_en":"Anh Son Commune","commune_slug":"anh_son","unit_type":"Xã","unit_type_en":"Commune","admin_level":2,"province_code":"40","province_name":"Nghệ An","province_full_name":"Tỉnh Nghệ An","province_slug":"nghe_an","join_key":"17329","status":"active","dataset_effective_date":"2026-04-30","catalog_version":"2026-07-12","geometry_status":"not_embedded_boundary_available_by_url","boundary_source_url":"https://raw.githubusercontent.com/thanglequoc/vietnamese-provinces-database/master/json/geojson/40_nghe_an/wards/17329_anh_son.geojson","boundary_source_page":"https://github.com/thanglequoc/vietnamese-provinces-database/blob/master/json/geojson/40_nghe_an/wards/17329_anh_son.geojson","source_catalog":"https://github.com/thanglequoc/vietnamese-provinces-database"},"geometry":null},{"type":"Feature","id":"17335","properties":{"commune_code":"17335","commune_name":"Thành Bình Thọ","commune_name_en":"Thanh Binh Tho","commune_full_name":"Xã Thành Bình Thọ","commune_full_name_en":"Thanh Binh Tho Commune","commune_slug":"thanh_binh_tho","unit_type":"Xã","unit_type_en":"Commune","admin_level":2,"province_code":"40","province_name":"Nghệ An","province_full_name":"Tỉnh Nghệ An","province_slug":"nghe_an","join_key":"17335","status":"active","dataset_effective_date":"2026-04-30","catalog_version":"2026-07-12","geometry_status":"not_embedded_boundary_available_by_url","boundary_source_url":"https://raw.githubusercontent.com/thanglequoc/vietnamese-provinces-database/master/json/geojson/40_nghe_an/wards/17335_thanh_binh_tho.geojson","boundary_source_page":"https://github.com/thanglequoc/vietnamese-provinces-database/blob/master/json/geojson/40_nghe_an/wards/17335_thanh_binh_tho.geojson","source_catalog":"https://github.com/thanglequoc/vietnamese-provinces-database"},"geometry":null},{"type":"Feature","id":"17344","properties":{"commune_code":"17344","commune_name":"Nhân Hoà","commune_name_en":"Nhan Hoa","commune_full_name":"Xã Nhân Hoà","commune_full_name_en":"Nhan Hoa Commune","commune_slug":"nhan_hoa","unit_type":"Xã","unit_type_en":"Commune","admin_level":2,"province_code":"40","province_name":"Nghệ An","province_full_name":"Tỉnh Nghệ An","province_slug":"nghe_an","join_key":"17344","status":"active","dataset_effective_date":"2026-04-30","catalog_version":"2026-07-12","geometry_status":"not_embedded_boundary_available_by_url","boundary_source_url":"https://raw.githubusercontent.com/thanglequoc/vietnamese-provinces-database/master/json/geojson/40_nghe_an/wards/17344_nhan_hoa.geojson","boundary_source_page":"https://github.com/thanglequoc/vietnamese-provinces-database/blob/master/json/geojson/40_nghe_an/wards/17344_nhan_hoa.geojson","source_catalog":"https://github.com/thanglequoc/vietnamese-provinces-database"},"geometry":null},{"type":"Feature","id":"17357","properties":{"commune_code":"17357","commune_name":"Vĩnh Tường","commune_name_en":"Vinh Tuong","commune_full_name":"Xã Vĩnh Tường","commune_full_name_en":"Vinh Tuong Commune","commune_slug":"vinh_tuong","unit_type":"Xã","unit_type_en":"Commune","admin_level":2,"province_code":"40","province_name":"Nghệ An","province_full_name":"Tỉnh Nghệ An","province_slug":"nghe_an","join_key":"17357","status":"active","dataset_effective_date":"2026-04-30","catalog_version":"2026-07-12","geometry_status":"not_embedded_boundary_available_by_url","boundary_source_url":"https://raw.githubusercontent.com/thanglequoc/vietnamese-provinces-database/master/json/geojson/40_nghe_an/wards/17357_vinh_tuong.geojson","boundary_source_page":"https://github.com/thanglequoc/vietnamese-provinces-database/blob/master/json/geojson/40_nghe_an/wards/17357_vinh_tuong.geojson","source_catalog":"https://github.com/thanglequoc/vietnamese-provinces-database"},"geometry":null},{"type":"Feature","id":"17365","properties":{"commune_code":"17365","commune_name":"Anh Sơn Đông","commune_name_en":"Anh Son Dong","commune_full_name":"Xã Anh Sơn Đông","commune_full_name_en":"Anh Son Dong Commune","commune_slug":"anh_son_dong","unit_type":"Xã","unit_type_en":"Commune","admin_level":2,"province_code":"40","province_name":"Nghệ An","province_full_name":"Tỉnh Nghệ An","province_slug":"nghe_an","join_key":"17365","status":"active","dataset_effective_date":"2026-04-30","catalog_version":"2026-07-12","geometry_status":"not_embedded_boundary_available_by_url","boundary_source_url":"https://raw.githubusercontent.com/thanglequoc/vietnamese-provinces-database/master/json/geojson/40_nghe_an/wards/17365_anh_son_dong.geojson","boundary_source_page":"https://github.com/thanglequoc/vietnamese-provinces-database/blob/master/json/geojson/40_nghe_an/wards/17365_anh_son_dong.geojson","source_catalog":"https://github.com/thanglequoc/vietnamese-provinces-database"},"geometry":null},{"type":"Feature","id":"17380","properties":{"commune_code":"17380","commune_name":"Yên Xuân","commune_name_en":"Yen Xuan","commune_full_name":"Xã Yên Xuân","commune_full_name_en":"Yen Xuan Commune","commune_slug":"yen_xuan","unit_type":"Xã","unit_type_en":"Commune","admin_level":2,"province_code":"40","province_name":"Nghệ An","province_full_name":"Tỉnh Nghệ An","province_slug":"nghe_an","join_key":"17380","status":"active","dataset_effective_date":"2026-04-30","catalog_version":"2026-07-12","geometry_status":"not_embedded_boundary_available_by_url","boundary_source_url":"https://raw.githubusercontent.com/thanglequoc/vietnamese-provinces-database/master/json/geojson/40_nghe_an/wards/17380_yen_xuan.geojson","boundary_source_page":"https://github.com/thanglequoc/vietnamese-provinces-database/blob/master/json/geojson/40_nghe_an/wards/17380_yen_xuan.geojson","source_catalog":"https://github.com/thanglequoc/vietnamese-provinces-database"},"geometry":null},{"type":"Feature","id":"17395","properties":{"commune_code":"17395","commune_name":"Hùng Châu","commune_name_en":"Hung Chau","commune_full_name":"Xã Hùng Châu","commune_full_name_en":"Hung Chau Commune","commune_slug":"hung_chau","unit_type":"Xã","unit_type_en":"Commune","admin_level":2,"province_code":"40","province_name":"Nghệ An","province_full_name":"Tỉnh Nghệ An","province_slug":"nghe_an","join_key":"17395","status":"active","dataset_effective_date":"2026-04-30","catalog_version":"2026-07-12","geometry_status":"not_embedded_boundary_available_by_url","boundary_source_url":"https://raw.githubusercontent.com/thanglequoc/vietnamese-provinces-database/master/json/geojson/40_nghe_an/wards/17395_hung_chau.geojson","boundary_source_page":"https://github.com/thanglequoc/vietnamese-provinces-database/blob/master/json/geojson/40_nghe_an/wards/17395_hung_chau.geojson","source_catalog":"https://github.com/thanglequoc/vietnamese-provinces-database"},"geometry":null},{"type":"Feature","id":"17416","properties":{"commune_code":"17416","commune_name":"Đức Châu","commune_name_en":"Duc Chau","commune_full_name":"Xã Đức Châu","commune_full_name_en":"Duc Chau Commune","commune_slug":"duc_chau","unit_type":"Xã","unit_type_en":"Commune","admin_level":2,"province_code":"40","province_name":"Nghệ An","province_full_name":"Tỉnh Nghệ An","province_slug":"nghe_an","join_key":"17416","status":"active","dataset_effective_date":"2026-04-30","catalog_version":"2026-07-12","geometry_status":"not_embedded_boundary_available_by_url","boundary_source_url":"https://raw.githubusercontent.com/thanglequoc/vietnamese-provinces-database/master/json/geojson/40_nghe_an/wards/17416_duc_chau.geojson","boundary_source_page":"https://github.com/thanglequoc/vietnamese-provinces-database/blob/master/json/geojson/40_nghe_an/wards/17416_duc_chau.geojson","source_catalog":"https://github.com/thanglequoc/vietnamese-provinces-database"},"geometry":null},{"type":"Feature","id":"17419","properties":{"commune_code":"17419","commune_name":"Hải Châu","commune_name_en":"Hai Chau","commune_full_name":"Xã Hải Châu","commune_full_name_en":"Hai Chau Commune","commune_slug":"hai_chau","unit_type":"Xã","unit_type_en":"Commune","admin_level":2,"province_code":"40","province_name":"Nghệ An","province_full_name":"Tỉnh Nghệ An","province_slug":"nghe_an","join_key":"17419","status":"active","dataset_effective_date":"2026-04-30","catalog_version":"2026-07-12","geometry_status":"not_embedded_boundary_available_by_url","boundary_source_url":"https://raw.githubusercontent.com/thanglequoc/vietnamese-provinces-database/master/json/geojson/40_nghe_an/wards/17419_hai_chau.geojson","boundary_source_page":"https://github.com/thanglequoc/vietnamese-provinces-database/blob/master/json/geojson/40_nghe_an/wards/17419_hai_chau.geojson","source_catalog":"https://github.com/thanglequoc/vietnamese-provinces-database"},"geometry":null},{"type":"Feature","id":"17443","properties":{"commune_code":"17443","commune_name":"Quảng Châu","commune_name_en":"Quang Chau","commune_full_name":"Xã Quảng Châu","commune_full_name_en":"Quang Chau Commune","commune_slug":"quang_chau","unit_type":"Xã","unit_type_en":"Commune","admin_level":2,"province_code":"40","province_name":"Nghệ An","province_full_name":"Tỉnh Nghệ An","province_slug":"nghe_an","join_key":"17443","status":"active","dataset_effective_date":"2026-04-30","catalog_version":"2026-07-12","geometry_status":"not_embedded_boundary_available_by_url","boundary_source_url":"https://raw.githubusercontent.com/thanglequoc/vietnamese-provinces-database/master/json/geojson/40_nghe_an/wards/17443_quang_chau.geojson","boundary_source_page":"https://github.com/thanglequoc/vietnamese-provinces-database/blob/master/json/geojson/40_nghe_an/wards/17443_quang_chau.geojson","source_catalog":"https://github.com/thanglequoc/vietnamese-provinces-database"},"geometry":null},{"type":"Feature","id":"17464","properties":{"commune_code":"17464","commune_name":"Diễn Châu","commune_name_en":"Dien Chau","commune_full_name":"Xã Diễn Châu","commune_full_name_en":"Dien Chau Commune","commune_slug":"dien_chau","unit_type":"Xã","unit_type_en":"Commune","admin_level":2,"province_code":"40","province_name":"Nghệ An","province_full_name":"Tỉnh Nghệ An","province_slug":"nghe_an","join_key":"17464","status":"active","dataset_effective_date":"2026-04-30","catalog_version":"2026-07-12","geometry_status":"not_embedded_boundary_available_by_url","boundary_source_url":"https://raw.githubusercontent.com/thanglequoc/vietnamese-provinces-database/master/json/geojson/40_nghe_an/wards/17464_dien_chau.geojson","boundary_source_page":"https://github.com/thanglequoc/vietnamese-provinces-database/blob/master/json/geojson/40_nghe_an/wards/17464_dien_chau.geojson","source_catalog":"https://github.com/thanglequoc/vietnamese-provinces-database"},"geometry":null},{"type":"Feature","id":"17476","properties":{"commune_code":"17476","commune_name":"Minh Châu","commune_name_en":"Minh Chau","commune_full_name":"Xã Minh Châu","commune_full_name_en":"Minh Chau Commune","commune_slug":"minh_chau","unit_type":"Xã","unit_type_en":"Commune","admin_level":2,"province_code":"40","province_name":"Nghệ An","province_full_name":"Tỉnh Nghệ An","province_slug":"nghe_an","join_key":"17476","status":"active","dataset_effective_date":"2026-04-30","catalog_version":"2026-07-12","geometry_status":"not_embedded_boundary_available_by_url","boundary_source_url":"https://raw.githubusercontent.com/thanglequoc/vietnamese-provinces-database/master/json/geojson/40_nghe_an/wards/17476_minh_chau.geojson","boundary_source_page":"https://github.com/thanglequoc/vietnamese-provinces-database/blob/master/json/geojson/40_nghe_an/wards/17476_minh_chau.geojson","source_catalog":"https://github.com/thanglequoc/vietnamese-provinces-database"},"geometry":null},{"type":"Feature","id":"17479","properties":{"commune_code":"17479","commune_name":"An Châu","commune_name_en":"An Chau","commune_full_name":"Xã An Châu","commune_full_name_en":"An Chau Commune","commune_slug":"an_chau","unit_type":"Xã","unit_type_en":"Commune","admin_level":2,"province_code":"40","province_name":"Nghệ An","province_full_name":"Tỉnh Nghệ An","province_slug":"nghe_an","join_key":"17479","status":"active","dataset_effective_date":"2026-04-30","catalog_version":"2026-07-12","geometry_status":"not_embedded_boundary_available_by_url","boundary_source_url":"https://raw.githubusercontent.com/thanglequoc/vietnamese-provinces-database/master/json/geojson/40_nghe_an/wards/17479_an_chau.geojson","boundary_source_page":"https://github.com/thanglequoc/vietnamese-provinces-database/blob/master/json/geojson/40_nghe_an/wards/17479_an_chau.geojson","source_catalog":"https://github.com/thanglequoc/vietnamese-provinces-database"},"geometry":null},{"type":"Feature","id":"17488","properties":{"commune_code":"17488","commune_name":"Tân Châu","commune_name_en":"Tan Chau","commune_full_name":"Xã Tân Châu","commune_full_name_en":"Tan Chau Commune","commune_slug":"tan_chau","unit_type":"Xã","unit_type_en":"Commune","admin_level":2,"province_code":"40","province_name":"Nghệ An","province_full_name":"Tỉnh Nghệ An","province_slug":"nghe_an","join_key":"17488","status":"active","dataset_effective_date":"2026-04-30","catalog_version":"2026-07-12","geometry_status":"not_embedded_boundary_available_by_url","boundary_source_url":"https://raw.githubusercontent.com/thanglequoc/vietnamese-provinces-database/master/json/geojson/40_nghe_an/wards/17488_tan_chau.geojson","boundary_source_page":"https://github.com/thanglequoc/vietnamese-provinces-database/blob/master/json/geojson/40_nghe_an/wards/17488_tan_chau.geojson","source_catalog":"https://github.com/thanglequoc/vietnamese-provinces-database"},"geometry":null},{"type":"Feature","id":"17506","properties":{"commune_code":"17506","commune_name":"Yên Thành","commune_name_en":"Yen Thanh","commune_full_name":"Xã Yên Thành","commune_full_name_en":"Yen Thanh Commune","commune_slug":"yen_thanh","unit_type":"Xã","unit_type_en":"Commune","admin_level":2,"province_code":"40","province_name":"Nghệ An","province_full_name":"Tỉnh Nghệ An","province_slug":"nghe_an","join_key":"17506","status":"active","dataset_effective_date":"2026-04-30","catalog_version":"2026-07-12","geometry_status":"not_embedded_boundary_available_by_url","boundary_source_url":"https://raw.githubusercontent.com/thanglequoc/vietnamese-provinces-database/master/json/geojson/40_nghe_an/wards/17506_yen_thanh.geojson","boundary_source_page":"https://github.com/thanglequoc/vietnamese-provinces-database/blob/master/json/geojson/40_nghe_an/wards/17506_yen_thanh.geojson","source_catalog":"https://github.com/thanglequoc/vietnamese-provinces-database"},"geometry":null},{"type":"Feature","id":"17515","properties":{"commune_code":"17515","commune_name":"Bình Minh","commune_name_en":"Binh Minh","commune_full_name":"Xã Bình Minh","commune_full_name_en":"Binh Minh Commune","commune_slug":"binh_minh","unit_type":"Xã","unit_type_en":"Commune","admin_level":2,"province_code":"40","province_name":"Nghệ An","province_full_name":"Tỉnh Nghệ An","province_slug":"nghe_an","join_key":"17515","status":"active","dataset_effective_date":"2026-04-30","catalog_version":"2026-07-12","geometry_status":"not_embedded_boundary_available_by_url","boundary_source_url":"https://raw.githubusercontent.com/thanglequoc/vietnamese-provinces-database/master/json/geojson/40_nghe_an/wards/17515_binh_minh.geojson","boundary_source_page":"https://github.com/thanglequoc/vietnamese-provinces-database/blob/master/json/geojson/40_nghe_an/wards/17515_binh_minh.geojson","source_catalog":"https://github.com/thanglequoc/vietnamese-provinces-database"},"geometry":null},{"type":"Feature","id":"17521","properties":{"commune_code":"17521","commune_name":"Quang Đồng","commune_name_en":"Quang Dong","commune_full_name":"Xã Quang Đồng","commune_full_name_en":"Quang Dong Commune","commune_slug":"quang_dong","unit_type":"Xã","unit_type_en":"Commune","admin_level":2,"province_code":"40","province_name":"Nghệ An","province_full_name":"Tỉnh Nghệ An","province_slug":"nghe_an","join_key":"17521","status":"active","dataset_effective_date":"2026-04-30","catalog_version":"2026-07-12","geometry_status":"not_embedded_boundary_available_by_url","boundary_source_url":"https://raw.githubusercontent.com/thanglequoc/vietnamese-provinces-database/master/json/geojson/40_nghe_an/wards/17521_quang_dong.geojson","boundary_source_page":"https://github.com/thanglequoc/vietnamese-provinces-database/blob/master/json/geojson/40_nghe_an/wards/17521_quang_dong.geojson","source_catalog":"https://github.com/thanglequoc/vietnamese-provinces-database"},"geometry":null},{"type":"Feature","id":"17524","properties":{"commune_code":"17524","commune_name":"Giai Lạc","commune_name_en":"Giai Lac","commune_full_name":"Xã Giai Lạc","commune_full_name_en":"Giai Lac Commune","commune_slug":"giai_lac","unit_type":"Xã","unit_type_en":"Commune","admin_level":2,"province_code":"40","province_name":"Nghệ An","province_full_name":"Tỉnh Nghệ An","province_slug":"nghe_an","join_key":"17524","status":"active","dataset_effective_date":"2026-04-30","catalog_version":"2026-07-12","geometry_status":"not_embedded_boundary_available_by_url","boundary_source_url":"https://raw.githubusercontent.com/thanglequoc/vietnamese-provinces-database/master/json/geojson/40_nghe_an/wards/17524_giai_lac.geojson","boundary_source_page":"https://github.com/thanglequoc/vietnamese-provinces-database/blob/master/json/geojson/40_nghe_an/wards/17524_giai_lac.geojson","source_catalog":"https://github.com/thanglequoc/vietnamese-provinces-database"},"geometry":null},{"type":"Feature","id":"17530","properties":{"commune_code":"17530","commune_name":"Đông Thành","commune_name_en":"Dong Thanh","commune_full_name":"Xã Đông Thành","commune_full_name_en":"Dong Thanh Commune","commune_slug":"dong_thanh","unit_type":"Xã","unit_type_en":"Commune","admin_level":2,"province_code":"40","province_name":"Nghệ An","province_full_name":"Tỉnh Nghệ An","province_slug":"nghe_an","join_key":"17530","status":"active","dataset_effective_date":"2026-04-30","catalog_version":"2026-07-12","geometry_status":"not_embedded_boundary_available_by_url","boundary_source_url":"https://raw.githubusercontent.com/thanglequoc/vietnamese-provinces-database/master/json/geojson/40_nghe_an/wards/17530_dong_thanh.geojson","boundary_source_page":"https://github.com/thanglequoc/vietnamese-provinces-database/blob/master/json/geojson/40_nghe_an/wards/17530_dong_thanh.geojson","source_catalog":"https://github.com/thanglequoc/vietnamese-provinces-database"},"geometry":null},{"type":"Feature","id":"17560","properties":{"commune_code":"17560","commune_name":"Vân Du","commune_name_en":"Van Du","commune_full_name":"Xã Vân Du","commune_full_name_en":"Van Du Commune","commune_slug":"van_du","unit_type":"Xã","unit_type_en":"Commune","admin_level":2,"province_code":"40","province_name":"Nghệ An","province_full_name":"Tỉnh Nghệ An","province_slug":"nghe_an","join_key":"17560","status":"active","dataset_effective_date":"2026-04-30","catalog_version":"2026-07-12","geometry_status":"not_embedded_boundary_available_by_url","boundary_source_url":"https://raw.githubusercontent.com/thanglequoc/vietnamese-provinces-database/master/json/geojson/40_nghe_an/wards/17560_van_du.geojson","boundary_source_page":"https://github.com/thanglequoc/vietnamese-provinces-database/blob/master/json/geojson/40_nghe_an/wards/17560_van_du.geojson","source_catalog":"https://github.com/thanglequoc/vietnamese-provinces-database"},"geometry":null},{"type":"Feature","id":"17569","properties":{"commune_code":"17569","commune_name":"Quan Thành","commune_name_en":"Quan Thanh","commune_full_name":"Xã Quan Thành","commune_full_name_en":"Quan Thanh Commune","commune_slug":"quan_thanh","unit_type":"Xã","unit_type_en":"Commune","admin_level":2,"province_code":"40","province_name":"Nghệ An","province_full_name":"Tỉnh Nghệ An","province_slug":"nghe_an","join_key":"17569","status":"active","dataset_effective_date":"2026-04-30","catalog_version":"2026-07-12","geometry_status":"not_embedded_boundary_available_by_url","boundary_source_url":"https://raw.githubusercontent.com/thanglequoc/vietnamese-provinces-database/master/json/geojson/40_nghe_an/wards/17569_quan_thanh.geojson","boundary_source_page":"https://github.com/thanglequoc/vietnamese-provinces-database/blob/master/json/geojson/40_nghe_an/wards/17569_quan_thanh.geojson","source_catalog":"https://github.com/thanglequoc/vietnamese-provinces-database"},"geometry":null},{"type":"Feature","id":"17605","properties":{"commune_code":"17605","commune_name":"Hợp Minh","commune_name_en":"Hop Minh","commune_full_name":"Xã Hợp Minh","commune_full_name_en":"Hop Minh Commune","commune_slug":"hop_minh","unit_type":"Xã","unit_type_en":"Commune","admin_level":2,"province_code":"40","province_name":"Nghệ An","province_full_name":"Tỉnh Nghệ An","province_slug":"nghe_an","join_key":"17605","status":"active","dataset_effective_date":"2026-04-30","catalog_version":"2026-07-12","geometry_status":"not_embedded_boundary_available_by_url","boundary_source_url":"https://raw.githubusercontent.com/thanglequoc/vietnamese-provinces-database/master/json/geojson/40_nghe_an/wards/17605_hop_minh.geojson","boundary_source_page":"https://github.com/thanglequoc/vietnamese-provinces-database/blob/master/json/geojson/40_nghe_an/wards/17605_hop_minh.geojson","source_catalog":"https://github.com/thanglequoc/vietnamese-provinces-database"},"geometry":null},{"type":"Feature","id":"17611","properties":{"commune_code":"17611","commune_name":"Vân Tụ","commune_name_en":"Van Tu","commune_full_name":"Xã Vân Tụ","commune_full_name_en":"Van Tu Commune","commune_slug":"van_tu","unit_type":"Xã","unit_type_en":"Commune","admin_level":2,"province_code":"40","province_name":"Nghệ An","province_full_name":"Tỉnh Nghệ An","province_slug":"nghe_an","join_key":"17611","status":"active","dataset_effective_date":"2026-04-30","catalog_version":"2026-07-12","geometry_status":"not_embedded_boundary_available_by_url","boundary_source_url":"https://raw.githubusercontent.com/thanglequoc/vietnamese-provinces-database/master/json/geojson/40_nghe_an/wards/17611_van_tu.geojson","boundary_source_page":"https://github.com/thanglequoc/vietnamese-provinces-database/blob/master/json/geojson/40_nghe_an/wards/17611_van_tu.geojson","source_catalog":"https://github.com/thanglequoc/vietnamese-provinces-database"},"geometry":null},{"type":"Feature","id":"17623","properties":{"commune_code":"17623","commune_name":"Bạch Ngọc","commune_name_en":"Bach Ngoc","commune_full_name":"Xã Bạch Ngọc","commune_full_name_en":"Bach Ngoc Commune","commune_slug":"bach_ngoc","unit_type":"Xã","unit_type_en":"Commune","admin_level":2,"province_code":"40","province_name":"Nghệ An","province_full_name":"Tỉnh Nghệ An","province_slug":"nghe_an","join_key":"17623","status":"active","dataset_effective_date":"2026-04-30","catalog_version":"2026-07-12","geometry_status":"not_embedded_boundary_available_by_url","boundary_source_url":"https://raw.githubusercontent.com/thanglequoc/vietnamese-provinces-database/master/json/geojson/40_nghe_an/wards/17623_bach_ngoc.geojson","boundary_source_page":"https://github.com/thanglequoc/vietnamese-provinces-database/blob/master/json/geojson/40_nghe_an/wards/17623_bach_ngoc.geojson","source_catalog":"https://github.com/thanglequoc/vietnamese-provinces-database"},"geometry":null},{"type":"Feature","id":"17641","properties":{"commune_code":"17641","commune_name":"Lương Sơn","commune_name_en":"Luong Son","commune_full_name":"Xã Lương Sơn","commune_full_name_en":"Luong Son Commune","commune_slug":"luong_son","unit_type":"Xã","unit_type_en":"Commune","admin_level":2,"province_code":"40","province_name":"Nghệ An","province_full_name":"Tỉnh Nghệ An","province_slug":"nghe_an","join_key":"17641","status":"active","dataset_effective_date":"2026-04-30","catalog_version":"2026-07-12","geometry_status":"not_embedded_boundary_available_by_url","boundary_source_url":"https://raw.githubusercontent.com/thanglequoc/vietnamese-provinces-database/master/json/geojson/40_nghe_an/wards/17641_luong_son.geojson","boundary_source_page":"https://github.com/thanglequoc/vietnamese-provinces-database/blob/master/json/geojson/40_nghe_an/wards/17641_luong_son.geojson","source_catalog":"https://github.com/thanglequoc/vietnamese-provinces-database"},"geometry":null},{"type":"Feature","id":"17662","properties":{"commune_code":"17662","commune_name":"Đô Lương","commune_name_en":"Do Luong","commune_full_name":"Xã Đô Lương","commune_full_name_en":"Do Luong Commune","commune_slug":"do_luong","unit_type":"Xã","unit_type_en":"Commune","admin_level":2,"province_code":"40","province_name":"Nghệ An","province_full_name":"Tỉnh Nghệ An","province_slug":"nghe_an","join_key":"17662","status":"active","dataset_effective_date":"2026-04-30","catalog_version":"2026-07-12","geometry_status":"not_embedded_boundary_available_by_url","boundary_source_url":"https://raw.githubusercontent.com/thanglequoc/vietnamese-provinces-database/master/json/geojson/40_nghe_an/wards/17662_do_luong.geojson","boundary_source_page":"https://github.com/thanglequoc/vietnamese-provinces-database/blob/master/json/geojson/40_nghe_an/wards/17662_do_luong.geojson","source_catalog":"https://github.com/thanglequoc/vietnamese-provinces-database"},"geometry":null},{"type":"Feature","id":"17677","properties":{"commune_code":"17677","commune_name":"Văn Hiến","commune_name_en":"Van Hien","commune_full_name":"Xã Văn Hiến","commune_full_name_en":"Van Hien Commune","commune_slug":"van_hien","unit_type":"Xã","unit_type_en":"Commune","admin_level":2,"province_code":"40","province_name":"Nghệ An","province_full_name":"Tỉnh Nghệ An","province_slug":"nghe_an","join_key":"17677","status":"active","dataset_effective_date":"2026-04-30","catalog_version":"2026-07-12","geometry_status":"not_embedded_boundary_available_by_url","boundary_source_url":"https://raw.githubusercontent.com/thanglequoc/vietnamese-provinces-database/master/json/geojson/40_nghe_an/wards/17677_van_hien.geojson","boundary_source_page":"https://github.com/thanglequoc/vietnamese-provinces-database/blob/master/json/geojson/40_nghe_an/wards/17677_van_hien.geojson","source_catalog":"https://github.com/thanglequoc/vietnamese-provinces-database"},"geometry":null},{"type":"Feature","id":"17689","properties":{"commune_code":"17689","commune_name":"Thuần Trung","commune_name_en":"Thuan Trung","commune_full_name":"Xã Thuần Trung","commune_full_name_en":"Thuan Trung Commune","commune_slug":"thuan_trung","unit_type":"Xã","unit_type_en":"Commune","admin_level":2,"province_code":"40","province_name":"Nghệ An","province_full_name":"Tỉnh Nghệ An","province_slug":"nghe_an","join_key":"17689","status":"active","dataset_effective_date":"2026-04-30","catalog_version":"2026-07-12","geometry_status":"not_embedded_boundary_available_by_url","boundary_source_url":"https://raw.githubusercontent.com/thanglequoc/vietnamese-provinces-database/master/json/geojson/40_nghe_an/wards/17689_thuan_trung.geojson","boundary_source_page":"https://github.com/thanglequoc/vietnamese-provinces-database/blob/master/json/geojson/40_nghe_an/wards/17689_thuan_trung.geojson","source_catalog":"https://github.com/thanglequoc/vietnamese-provinces-database"},"geometry":null},{"type":"Feature","id":"17707","properties":{"commune_code":"17707","commune_name":"Bạch Hà","commune_name_en":"Bach Ha","commune_full_name":"Xã Bạch Hà","commune_full_name_en":"Bach Ha Commune","commune_slug":"bach_ha","unit_type":"Xã","unit_type_en":"Commune","admin_level":2,"province_code":"40","province_name":"Nghệ An","province_full_name":"Tỉnh Nghệ An","province_slug":"nghe_an","join_key":"17707","status":"active","dataset_effective_date":"2026-04-30","catalog_version":"2026-07-12","geometry_status":"not_embedded_boundary_available_by_url","boundary_source_url":"https://raw.githubusercontent.com/thanglequoc/vietnamese-provinces-database/master/json/geojson/40_nghe_an/wards/17707_bach_ha.geojson","boundary_source_page":"https://github.com/thanglequoc/vietnamese-provinces-database/blob/master/json/geojson/40_nghe_an/wards/17707_bach_ha.geojson","source_catalog":"https://github.com/thanglequoc/vietnamese-provinces-database"},"geometry":null},{"type":"Feature","id":"17713","properties":{"commune_code":"17713","commune_name":"Đại Đồng","commune_name_en":"Dai Dong","commune_full_name":"Xã Đại Đồng","commune_full_name_en":"Dai Dong Commune","commune_slug":"dai_dong","unit_type":"Xã","unit_type_en":"Commune","admin_level":2,"province_code":"40","province_name":"Nghệ An","province_full_name":"Tỉnh Nghệ An","province_slug":"nghe_an","join_key":"17713","status":"active","dataset_effective_date":"2026-04-30","catalog_version":"2026-07-12","geometry_status":"not_embedded_boundary_available_by_url","boundary_source_url":"https://raw.githubusercontent.com/thanglequoc/vietnamese-provinces-database/master/json/geojson/40_nghe_an/wards/17713_dai_dong.geojson","boundary_source_page":"https://github.com/thanglequoc/vietnamese-provinces-database/blob/master/json/geojson/40_nghe_an/wards/17713_dai_dong.geojson","source_catalog":"https://github.com/thanglequoc/vietnamese-provinces-database"},"geometry":null},{"type":"Feature","id":"17722","properties":{"commune_code":"17722","commune_name":"Hạnh Lâm","commune_name_en":"Hanh Lam","commune_full_name":"Xã Hạnh Lâm","commune_full_name_en":"Hanh Lam Commune","commune_slug":"hanh_lam","unit_type":"Xã","unit_type_en":"Commune","admin_level":2,"province_code":"40","province_name":"Nghệ An","province_full_name":"Tỉnh Nghệ An","province_slug":"nghe_an","join_key":"17722","status":"active","dataset_effective_date":"2026-04-30","catalog_version":"2026-07-12","geometry_status":"not_embedded_boundary_available_by_url","boundary_source_url":"https://raw.githubusercontent.com/thanglequoc/vietnamese-provinces-database/master/json/geojson/40_nghe_an/wards/17722_hanh_lam.geojson","boundary_source_page":"https://github.com/thanglequoc/vietnamese-provinces-database/blob/master/json/geojson/40_nghe_an/wards/17722_hanh_lam.geojson","source_catalog":"https://github.com/thanglequoc/vietnamese-provinces-database"},"geometry":null},{"type":"Feature","id":"17728","properties":{"commune_code":"17728","commune_name":"Cát Ngạn","commune_name_en":"Cat Ngan","commune_full_name":"Xã Cát Ngạn","commune_full_name_en":"Cat Ngan Commune","commune_slug":"cat_ngan","unit_type":"Xã","unit_type_en":"Commune","admin_level":2,"province_code":"40","province_name":"Nghệ An","province_full_name":"Tỉnh Nghệ An","province_slug":"nghe_an","join_key":"17728","status":"active","dataset_effective_date":"2026-04-30","catalog_version":"2026-07-12","geometry_status":"not_embedded_boundary_available_by_url","boundary_source_url":"https://raw.githubusercontent.com/thanglequoc/vietnamese-provinces-database/master/json/geojson/40_nghe_an/wards/17728_cat_ngan.geojson","boundary_source_page":"https://github.com/thanglequoc/vietnamese-provinces-database/blob/master/json/geojson/40_nghe_an/wards/17728_cat_ngan.geojson","source_catalog":"https://github.com/thanglequoc/vietnamese-provinces-database"},"geometry":null},{"type":"Feature","id":"17743","properties":{"commune_code":"17743","commune_name":"Tam Đồng","commune_name_en":"Tam Dong","commune_full_name":"Xã Tam Đồng","commune_full_name_en":"Tam Dong Commune","commune_slug":"tam_dong","unit_type":"Xã","unit_type_en":"Commune","admin_level":2,"province_code":"40","province_name":"Nghệ An","province_full_name":"Tỉnh Nghệ An","province_slug":"nghe_an","join_key":"17743","status":"active","dataset_effective_date":"2026-04-30","catalog_version":"2026-07-12","geometry_status":"not_embedded_boundary_available_by_url","boundary_source_url":"https://raw.githubusercontent.com/thanglequoc/vietnamese-provinces-database/master/json/geojson/40_nghe_an/wards/17743_tam_dong.geojson","boundary_source_page":"https://github.com/thanglequoc/vietnamese-provinces-database/blob/master/json/geojson/40_nghe_an/wards/17743_tam_dong.geojson","source_catalog":"https://github.com/thanglequoc/vietnamese-provinces-database"},"geometry":null},{"type":"Feature","id":"17759","properties":{"commune_code":"17759","commune_name":"Sơn Lâm","commune_name_en":"Son Lam","commune_full_name":"Xã Sơn Lâm","commune_full_name_en":"Son Lam Commune","commune_slug":"son_lam","unit_type":"Xã","unit_type_en":"Commune","admin_level":2,"province_code":"40","province_name":"Nghệ An","province_full_name":"Tỉnh Nghệ An","province_slug":"nghe_an","join_key":"17759","status":"active","dataset_effective_date":"2026-04-30","catalog_version":"2026-07-12","geometry_status":"not_embedded_boundary_available_by_url","boundary_source_url":"https://raw.githubusercontent.com/thanglequoc/vietnamese-provinces-database/master/json/geojson/40_nghe_an/wards/17759_son_lam.geojson","boundary_source_page":"https://github.com/thanglequoc/vietnamese-provinces-database/blob/master/json/geojson/40_nghe_an/wards/17759_son_lam.geojson","source_catalog":"https://github.com/thanglequoc/vietnamese-provinces-database"},"geometry":null},{"type":"Feature","id":"17770","properties":{"commune_code":"17770","commune_name":"Hoa Quân","commune_name_en":"Hoa Quan","commune_full_name":"Xã Hoa Quân","commune_full_name_en":"Hoa Quan Commune","commune_slug":"hoa_quan","unit_type":"Xã","unit_type_en":"Commune","admin_level":2,"province_code":"40","province_name":"Nghệ An","province_full_name":"Tỉnh Nghệ An","province_slug":"nghe_an","join_key":"17770","status":"active","dataset_effective_date":"2026-04-30","catalog_version":"2026-07-12","geometry_status":"not_embedded_boundary_available_by_url","boundary_source_url":"https://raw.githubusercontent.com/thanglequoc/vietnamese-provinces-database/master/json/geojson/40_nghe_an/wards/17770_hoa_quan.geojson","boundary_source_page":"https://github.com/thanglequoc/vietnamese-provinces-database/blob/master/json/geojson/40_nghe_an/wards/17770_hoa_quan.geojson","source_catalog":"https://github.com/thanglequoc/vietnamese-provinces-database"},"geometry":null},{"type":"Feature","id":"17779","properties":{"commune_code":"17779","commune_name":"Xuân Lâm","commune_name_en":"Xuan Lam","commune_full_name":"Xã Xuân Lâm","commune_full_name_en":"Xuan Lam Commune","commune_slug":"xuan_lam","unit_type":"Xã","unit_type_en":"Commune","admin_level":2,"province_code":"40","province_name":"Nghệ An","province_full_name":"Tỉnh Nghệ An","province_slug":"nghe_an","join_key":"17779","status":"active","dataset_effective_date":"2026-04-30","catalog_version":"2026-07-12","geometry_status":"not_embedded_boundary_available_by_url","boundary_source_url":"https://raw.githubusercontent.com/thanglequoc/vietnamese-provinces-database/master/json/geojson/40_nghe_an/wards/17779_xuan_lam.geojson","boundary_source_page":"https://github.com/thanglequoc/vietnamese-provinces-database/blob/master/json/geojson/40_nghe_an/wards/17779_xuan_lam.geojson","source_catalog":"https://github.com/thanglequoc/vietnamese-provinces-database"},"geometry":null},{"type":"Feature","id":"17791","properties":{"commune_code":"17791","commune_name":"Kim Bảng","commune_name_en":"Kim Bang","commune_full_name":"Xã Kim Bảng","commune_full_name_en":"Kim Bang Commune","commune_slug":"kim_bang","unit_type":"Xã","unit_type_en":"Commune","admin_level":2,"province_code":"40","province_name":"Nghệ An","province_full_name":"Tỉnh Nghệ An","province_slug":"nghe_an","join_key":"17791","status":"active","dataset_effective_date":"2026-04-30","catalog_version":"2026-07-12","geometry_status":"not_embedded_boundary_available_by_url","boundary_source_url":"https://raw.githubusercontent.com/thanglequoc/vietnamese-provinces-database/master/json/geojson/40_nghe_an/wards/17791_kim_bang.geojson","boundary_source_page":"https://github.com/thanglequoc/vietnamese-provinces-database/blob/master/json/geojson/40_nghe_an/wards/17791_kim_bang.geojson","source_catalog":"https://github.com/thanglequoc/vietnamese-provinces-database"},"geometry":null},{"type":"Feature","id":"17818","properties":{"commune_code":"17818","commune_name":"Bích Hào","commune_name_en":"Bich Hao","commune_full_name":"Xã Bích Hào","commune_full_name_en":"Bich Hao Commune","commune_slug":"bich_hao","unit_type":"Xã","unit_type_en":"Commune","admin_level":2,"province_code":"40","province_name":"Nghệ An","province_full_name":"Tỉnh Nghệ An","province_slug":"nghe_an","join_key":"17818","status":"active","dataset_effective_date":"2026-04-30","catalog_version":"2026-07-12","geometry_status":"not_embedded_boundary_available_by_url","boundary_source_url":"https://raw.githubusercontent.com/thanglequoc/vietnamese-provinces-database/master/json/geojson/40_nghe_an/wards/17818_bich_hao.geojson","boundary_source_page":"https://github.com/thanglequoc/vietnamese-provinces-database/blob/master/json/geojson/40_nghe_an/wards/17818_bich_hao.geojson","source_catalog":"https://github.com/thanglequoc/vietnamese-provinces-database"},"geometry":null},{"type":"Feature","id":"17827","properties":{"commune_code":"17827","commune_name":"Nghi Lộc","commune_name_en":"Nghi Loc","commune_full_name":"Xã Nghi Lộc","commune_full_name_en":"Nghi Loc Commune","commune_slug":"nghi_loc","unit_type":"Xã","unit_type_en":"Commune","admin_level":2,"province_code":"40","province_name":"Nghệ An","province_full_name":"Tỉnh Nghệ An","province_slug":"nghe_an","join_key":"17827","status":"active","dataset_effective_date":"2026-04-30","catalog_version":"2026-07-12","geometry_status":"not_embedded_boundary_available_by_url","boundary_source_url":"https://raw.githubusercontent.com/thanglequoc/vietnamese-provinces-database/master/json/geojson/40_nghe_an/wards/17827_nghi_loc.geojson","boundary_source_page":"https://github.com/thanglequoc/vietnamese-provinces-database/blob/master/json/geojson/40_nghe_an/wards/17827_nghi_loc.geojson","source_catalog":"https://github.com/thanglequoc/vietnamese-provinces-database"},"geometry":null},{"type":"Feature","id":"17833","properties":{"commune_code":"17833","commune_name":"Hải Lộc","commune_name_en":"Hai Loc","commune_full_name":"Xã Hải Lộc","commune_full_name_en":"Hai Loc Commune","commune_slug":"hai_loc","unit_type":"Xã","unit_type_en":"Commune","admin_level":2,"province_code":"40","province_name":"Nghệ An","province_full_name":"Tỉnh Nghệ An","province_slug":"nghe_an","join_key":"17833","status":"active","dataset_effective_date":"2026-04-30","catalog_version":"2026-07-12","geometry_status":"not_embedded_boundary_available_by_url","boundary_source_url":"https://raw.githubusercontent.com/thanglequoc/vietnamese-provinces-database/master/json/geojson/40_nghe_an/wards/17833_hai_loc.geojson","boundary_source_page":"https://github.com/thanglequoc/vietnamese-provinces-database/blob/master/json/geojson/40_nghe_an/wards/17833_hai_loc.geojson","source_catalog":"https://github.com/thanglequoc/vietnamese-provinces-database"},"geometry":null},{"type":"Feature","id":"17842","properties":{"commune_code":"17842","commune_name":"Thần Lĩnh","commune_name_en":"Than Linh","commune_full_name":"Xã Thần Lĩnh","commune_full_name_en":"Than Linh Commune","commune_slug":"than_linh","unit_type":"Xã","unit_type_en":"Commune","admin_level":2,"province_code":"40","province_name":"Nghệ An","province_full_name":"Tỉnh Nghệ An","province_slug":"nghe_an","join_key":"17842","status":"active","dataset_effective_date":"2026-04-30","catalog_version":"2026-07-12","geometry_status":"not_embedded_boundary_available_by_url","boundary_source_url":"https://raw.githubusercontent.com/thanglequoc/vietnamese-provinces-database/master/json/geojson/40_nghe_an/wards/17842_than_linh.geojson","boundary_source_page":"https://github.com/thanglequoc/vietnamese-provinces-database/blob/master/json/geojson/40_nghe_an/wards/17842_than_linh.geojson","source_catalog":"https://github.com/thanglequoc/vietnamese-provinces-database"},"geometry":null},{"type":"Feature","id":"17854","properties":{"commune_code":"17854","commune_name":"Văn Kiều","commune_name_en":"Van Kieu","commune_full_name":"Xã Văn Kiều","commune_full_name_en":"Van Kieu Commune","commune_slug":"van_kieu","unit_type":"Xã","unit_type_en":"Commune","admin_level":2,"province_code":"40","province_name":"Nghệ An","province_full_name":"Tỉnh Nghệ An","province_slug":"nghe_an","join_key":"17854","status":"active","dataset_effective_date":"2026-04-30","catalog_version":"2026-07-12","geometry_status":"not_embedded_boundary_available_by_url","boundary_source_url":"https://raw.githubusercontent.com/thanglequoc/vietnamese-provinces-database/master/json/geojson/40_nghe_an/wards/17854_van_kieu.geojson","boundary_source_page":"https://github.com/thanglequoc/vietnamese-provinces-database/blob/master/json/geojson/40_nghe_an/wards/17854_van_kieu.geojson","source_catalog":"https://github.com/thanglequoc/vietnamese-provinces-database"},"geometry":null},{"type":"Feature","id":"17857","properties":{"commune_code":"17857","commune_name":"Phúc Lộc","commune_name_en":"Phuc Loc","commune_full_name":"Xã Phúc Lộc","commune_full_name_en":"Phuc Loc Commune","commune_slug":"phuc_loc","unit_type":"Xã","unit_type_en":"Commune","admin_level":2,"province_code":"40","province_name":"Nghệ An","province_full_name":"Tỉnh Nghệ An","province_slug":"nghe_an","join_key":"17857","status":"active","dataset_effective_date":"2026-04-30","catalog_version":"2026-07-12","geometry_status":"not_embedded_boundary_available_by_url","boundary_source_url":"https://raw.githubusercontent.com/thanglequoc/vietnamese-provinces-database/master/json/geojson/40_nghe_an/wards/17857_phuc_loc.geojson","boundary_source_page":"https://github.com/thanglequoc/vietnamese-provinces-database/blob/master/json/geojson/40_nghe_an/wards/17857_phuc_loc.geojson","source_catalog":"https://github.com/thanglequoc/vietnamese-provinces-database"},"geometry":null},{"type":"Feature","id":"17866","properties":{"commune_code":"17866","commune_name":"Trung Lộc","commune_name_en":"Trung Loc","commune_full_name":"Xã Trung Lộc","commune_full_name_en":"Trung Loc Commune","commune_slug":"trung_loc","unit_type":"Xã","unit_type_en":"Commune","admin_level":2,"province_code":"40","province_name":"Nghệ An","province_full_name":"Tỉnh Nghệ An","province_slug":"nghe_an","join_key":"17866","status":"active","dataset_effective_date":"2026-04-30","catalog_version":"2026-07-12","geometry_status":"not_embedded_boundary_available_by_url","boundary_source_url":"https://raw.githubusercontent.com/thanglequoc/vietnamese-provinces-database/master/json/geojson/40_nghe_an/wards/17866_trung_loc.geojson","boundary_source_page":"https://github.com/thanglequoc/vietnamese-provinces-database/blob/master/json/geojson/40_nghe_an/wards/17866_trung_loc.geojson","source_catalog":"https://github.com/thanglequoc/vietnamese-provinces-database"},"geometry":null},{"type":"Feature","id":"17878","properties":{"commune_code":"17878","commune_name":"Đông Lộc","commune_name_en":"Dong Loc","commune_full_name":"Xã Đông Lộc","commune_full_name_en":"Dong Loc Commune","commune_slug":"dong_loc","unit_type":"Xã","unit_type_en":"Commune","admin_level":2,"province_code":"40","province_name":"Nghệ An","province_full_name":"Tỉnh Nghệ An","province_slug":"nghe_an","join_key":"17878","status":"active","dataset_effective_date":"2026-04-30","catalog_version":"2026-07-12","geometry_status":"not_embedded_boundary_available_by_url","boundary_source_url":"https://raw.githubusercontent.com/thanglequoc/vietnamese-provinces-database/master/json/geojson/40_nghe_an/wards/17878_dong_loc.geojson","boundary_source_page":"https://github.com/thanglequoc/vietnamese-provinces-database/blob/master/json/geojson/40_nghe_an/wards/17878_dong_loc.geojson","source_catalog":"https://github.com/thanglequoc/vietnamese-provinces-database"},"geometry":null},{"type":"Feature","id":"17920","properties":{"commune_code":"17920","commune_name":"Vinh Hưng","commune_name_en":"Vinh Hung","commune_full_name":"Phường Vinh Hưng","commune_full_name_en":"Vinh Hung Ward","commune_slug":"vinh_hung","unit_type":"Phường","unit_type_en":"Ward","admin_level":2,"province_code":"40","province_name":"Nghệ An","province_full_name":"Tỉnh Nghệ An","province_slug":"nghe_an","join_key":"17920","status":"active","dataset_effective_date":"2026-04-30","catalog_version":"2026-07-12","geometry_status":"not_embedded_boundary_available_by_url","boundary_source_url":"https://raw.githubusercontent.com/thanglequoc/vietnamese-provinces-database/master/json/geojson/40_nghe_an/wards/17920_vinh_hung.geojson","boundary_source_page":"https://github.com/thanglequoc/vietnamese-provinces-database/blob/master/json/geojson/40_nghe_an/wards/17920_vinh_hung.geojson","source_catalog":"https://github.com/thanglequoc/vietnamese-provinces-database"},"geometry":null},{"type":"Feature","id":"17935","properties":{"commune_code":"17935","commune_name":"Nam Đàn","commune_name_en":"Nam Dan","commune_full_name":"Xã Nam Đàn","commune_full_name_en":"Nam Dan Commune","commune_slug":"nam_dan","unit_type":"Xã","unit_type_en":"Commune","admin_level":2,"province_code":"40","province_name":"Nghệ An","province_full_name":"Tỉnh Nghệ An","province_slug":"nghe_an","join_key":"17935","status":"active","dataset_effective_date":"2026-04-30","catalog_version":"2026-07-12","geometry_status":"not_embedded_boundary_available_by_url","boundary_source_url":"https://raw.githubusercontent.com/thanglequoc/vietnamese-provinces-database/master/json/geojson/40_nghe_an/wards/17935_nam_dan.geojson","boundary_source_page":"https://github.com/thanglequoc/vietnamese-provinces-database/blob/master/json/geojson/40_nghe_an/wards/17935_nam_dan.geojson","source_catalog":"https://github.com/thanglequoc/vietnamese-provinces-database"},"geometry":null},{"type":"Feature","id":"17944","properties":{"commune_code":"17944","commune_name":"Đại Huệ","commune_name_en":"Dai Hue","commune_full_name":"Xã Đại Huệ","commune_full_name_en":"Dai Hue Commune","commune_slug":"dai_hue","unit_type":"Xã","unit_type_en":"Commune","admin_level":2,"province_code":"40","province_name":"Nghệ An","province_full_name":"Tỉnh Nghệ An","province_slug":"nghe_an","join_key":"17944","status":"active","dataset_effective_date":"2026-04-30","catalog_version":"2026-07-12","geometry_status":"not_embedded_boundary_available_by_url","boundary_source_url":"https://raw.githubusercontent.com/thanglequoc/vietnamese-provinces-database/master/json/geojson/40_nghe_an/wards/17944_dai_hue.geojson","boundary_source_page":"https://github.com/thanglequoc/vietnamese-provinces-database/blob/master/json/geojson/40_nghe_an/wards/17944_dai_hue.geojson","source_catalog":"https://github.com/thanglequoc/vietnamese-provinces-database"},"geometry":null},{"type":"Feature","id":"17950","properties":{"commune_code":"17950","commune_name":"Vạn An","commune_name_en":"Van An","commune_full_name":"Xã Vạn An","commune_full_name_en":"Van An Commune","commune_slug":"van_an","unit_type":"Xã","unit_type_en":"Commune","admin_level":2,"province_code":"40","province_name":"Nghệ An","province_full_name":"Tỉnh Nghệ An","province_slug":"nghe_an","join_key":"17950","status":"active","dataset_effective_date":"2026-04-30","catalog_version":"2026-07-12","geometry_status":"not_embedded_boundary_available_by_url","boundary_source_url":"https://raw.githubusercontent.com/thanglequoc/vietnamese-provinces-database/master/json/geojson/40_nghe_an/wards/17950_van_an.geojson","boundary_source_page":"https://github.com/thanglequoc/vietnamese-provinces-database/blob/master/json/geojson/40_nghe_an/wards/17950_van_an.geojson","source_catalog":"https://github.com/thanglequoc/vietnamese-provinces-database"},"geometry":null},{"type":"Feature","id":"17971","properties":{"commune_code":"17971","commune_name":"Kim Liên","commune_name_en":"Kim Lien","commune_full_name":"Xã Kim Liên","commune_full_name_en":"Kim Lien Commune","commune_slug":"kim_lien","unit_type":"Xã","unit_type_en":"Commune","admin_level":2,"province_code":"40","province_name":"Nghệ An","province_full_name":"Tỉnh Nghệ An","province_slug":"nghe_an","join_key":"17971","status":"active","dataset_effective_date":"2026-04-30","catalog_version":"2026-07-12","geometry_status":"not_embedded_boundary_available_by_url","boundary_source_url":"https://raw.githubusercontent.com/thanglequoc/vietnamese-provinces-database/master/json/geojson/40_nghe_an/wards/17971_kim_lien.geojson","boundary_source_page":"https://github.com/thanglequoc/vietnamese-provinces-database/blob/master/json/geojson/40_nghe_an/wards/17971_kim_lien.geojson","source_catalog":"https://github.com/thanglequoc/vietnamese-provinces-database"},"geometry":null},{"type":"Feature","id":"17989","properties":{"commune_code":"17989","commune_name":"Thiên Nhẫn","commune_name_en":"Thien Nhan","commune_full_name":"Xã Thiên Nhẫn","commune_full_name_en":"Thien Nhan Commune","commune_slug":"thien_nhan","unit_type":"Xã","unit_type_en":"Commune","admin_level":2,"province_code":"40","province_name":"Nghệ An","province_full_name":"Tỉnh Nghệ An","province_slug":"nghe_an","join_key":"17989","status":"active","dataset_effective_date":"2026-04-30","catalog_version":"2026-07-12","geometry_status":"not_embedded_boundary_available_by_url","boundary_source_url":"https://raw.githubusercontent.com/thanglequoc/vietnamese-provinces-database/master/json/geojson/40_nghe_an/wards/17989_thien_nhan.geojson","boundary_source_page":"https://github.com/thanglequoc/vietnamese-provinces-database/blob/master/json/geojson/40_nghe_an/wards/17989_thien_nhan.geojson","source_catalog":"https://github.com/thanglequoc/vietnamese-provinces-database"},"geometry":null},{"type":"Feature","id":"18001","properties":{"commune_code":"18001","commune_name":"Hưng Nguyên","commune_name_en":"Hung Nguyen","commune_full_name":"Xã Hưng Nguyên","commune_full_name_en":"Hung Nguyen Commune","commune_slug":"hung_nguyen","unit_type":"Xã","unit_type_en":"Commune","admin_level":2,"province_code":"40","province_name":"Nghệ An","province_full_name":"Tỉnh Nghệ An","province_slug":"nghe_an","join_key":"18001","status":"active","dataset_effective_date":"2026-04-30","catalog_version":"2026-07-12","geometry_status":"not_embedded_boundary_available_by_url","boundary_source_url":"https://raw.githubusercontent.com/thanglequoc/vietnamese-provinces-database/master/json/geojson/40_nghe_an/wards/18001_hung_nguyen.geojson","boundary_source_page":"https://github.com/thanglequoc/vietnamese-provinces-database/blob/master/json/geojson/40_nghe_an/wards/18001_hung_nguyen.geojson","source_catalog":"https://github.com/thanglequoc/vietnamese-provinces-database"},"geometry":null},{"type":"Feature","id":"18007","properties":{"commune_code":"18007","commune_name":"Yên Trung","commune_name_en":"Yen Trung","commune_full_name":"Xã Yên Trung","commune_full_name_en":"Yen Trung Commune","commune_slug":"yen_trung","unit_type":"Xã","unit_type_en":"Commune","admin_level":2,"province_code":"40","province_name":"Nghệ An","province_full_name":"Tỉnh Nghệ An","province_slug":"nghe_an","join_key":"18007","status":"active","dataset_effective_date":"2026-04-30","catalog_version":"2026-07-12","geometry_status":"not_embedded_boundary_available_by_url","boundary_source_url":"https://raw.githubusercontent.com/thanglequoc/vietnamese-provinces-database/master/json/geojson/40_nghe_an/wards/18007_yen_trung.geojson","boundary_source_page":"https://github.com/thanglequoc/vietnamese-provinces-database/blob/master/json/geojson/40_nghe_an/wards/18007_yen_trung.geojson","source_catalog":"https://github.com/thanglequoc/vietnamese-provinces-database"},"geometry":null},{"type":"Feature","id":"18028","properties":{"commune_code":"18028","commune_name":"Hưng Nguyên Nam","commune_name_en":"Hung Nguyen Nam","commune_full_name":"Xã Hưng Nguyên Nam","commune_full_name_en":"Hung Nguyen Nam Commune","commune_slug":"hung_nguyen_nam","unit_type":"Xã","unit_type_en":"Commune","admin_level":2,"province_code":"40","province_name":"Nghệ An","province_full_name":"Tỉnh Nghệ An","province_slug":"nghe_an","join_key":"18028","status":"active","dataset_effective_date":"2026-04-30","catalog_version":"2026-07-12","geometry_status":"not_embedded_boundary_available_by_url","boundary_source_url":"https://raw.githubusercontent.com/thanglequoc/vietnamese-provinces-database/master/json/geojson/40_nghe_an/wards/18028_hung_nguyen_nam.geojson","boundary_source_page":"https://github.com/thanglequoc/vietnamese-provinces-database/blob/master/json/geojson/40_nghe_an/wards/18028_hung_nguyen_nam.geojson","source_catalog":"https://github.com/thanglequoc/vietnamese-provinces-database"},"geometry":null},{"type":"Feature","id":"18040","properties":{"commune_code":"18040","commune_name":"Lam Thành","commune_name_en":"Lam Thanh","commune_full_name":"Xã Lam Thành","commune_full_name_en":"Lam Thanh Commune","commune_slug":"lam_thanh","unit_type":"Xã","unit_type_en":"Commune","admin_level":2,"province_code":"40","province_name":"Nghệ An","province_full_name":"Tỉnh Nghệ An","province_slug":"nghe_an","join_key":"18040","status":"active","dataset_effective_date":"2026-04-30","catalog_version":"2026-07-12","geometry_status":"not_embedded_boundary_available_by_url","boundary_source_url":"https://raw.githubusercontent.com/thanglequoc/vietnamese-provinces-database/master/json/geojson/40_nghe_an/wards/18040_lam_thanh.geojson","boundary_source_page":"https://github.com/thanglequoc/vietnamese-provinces-database/blob/master/json/geojson/40_nghe_an/wards/18040_lam_thanh.geojson","source_catalog":"https://github.com/thanglequoc/vietnamese-provinces-database"},"geometry":null}]}